<DATE>	<TIME>	<OPEN>	<HIGH>	<LOW>	<CLOSE>	<TICKVOL>	<VOL>	<SPREAD>
2026.07.01	09:00:00	5208.000	5224.000	5206.000	5223.500	14469	52026	1
2026.07.01	09:05:00	5224.000	5228.500	5222.500	5226.000	10924	44395	1
2026.07.01	09:10:00	5226.000	5228.500	5224.000	5225.000	6380	24098	1
2026.07.01	09:15:00	5225.000	5228.000	5223.500	5227.500	6325	25859	1
2026.07.01	09:20:00	5227.500	5233.000	5226.500	5231.000	10890	41883	1
2026.07.01	09:25:00	5231.000	5233.000	5228.000	5230.000	6637	29172	1
2026.07.01	09:30:00	5230.000	5231.500	5226.500	5229.500	8483	36255	1
2026.07.01	09:35:00	5229.000	5231.500	5226.500	5231.000	5651	20088	1
2026.07.01	09:40:00	5231.000	5235.000	5228.000	5233.000	9887	38667	1
2026.07.01	09:45:00	5233.000	5237.000	5230.500	5230.500	11142	66537	1
2026.07.01	09:50:00	5230.500	5231.500	5226.500	5228.000	9778	42211	1
2026.07.01	09:55:00	5228.000	5232.000	5226.500	5231.500	6176	21409	1
2026.07.01	10:00:00	5231.500	5232.500	5226.000	5231.500	10649	52102	1
2026.07.01	10:05:00	5231.000	5233.000	5230.500	5230.500	5296	19993	1
2026.07.01	10:10:00	5230.500	5238.000	5230.000	5235.000	10500	40384	1
2026.07.01	10:15:00	5235.000	5237.500	5230.000	5233.500	8394	26925	1
2026.07.01	10:20:00	5233.500	5237.000	5231.000	5234.000	7339	30556	1
2026.07.01	10:25:00	5234.000	5237.500	5229.500	5230.500	10961	46032	1
2026.07.01	10:30:00	5231.000	5237.000	5229.500	5231.000	11469	46758	1
2026.07.01	10:35:00	5231.000	5233.000	5228.500	5230.500	9317	41099	1
2026.07.01	10:40:00	5230.500	5231.500	5221.500	5221.500	12580	52543	1
2026.07.01	10:45:00	5222.000	5225.000	5215.500	5223.500	16113	68406	1
2026.07.01	10:50:00	5224.000	5226.000	5218.500	5219.500	8716	39633	1
2026.07.01	10:55:00	5219.000	5225.000	5218.500	5223.500	4996	22089	1
2026.07.01	11:00:00	5223.500	5226.500	5219.000	5225.000	6976	36582	1
2026.07.01	11:05:00	5225.000	5225.500	5220.000	5220.500	5038	19029	1
2026.07.01	11:10:00	5220.500	5221.000	5215.500	5217.000	7803	32908	1
2026.07.01	11:15:00	5217.000	5222.000	5215.500	5221.500	6641	29165	1
2026.07.01	11:20:00	5221.000	5228.500	5219.500	5225.500	8319	35901	1
2026.07.01	11:25:00	5225.500	5230.000	5225.000	5229.000	6266	27504	1
2026.07.01	11:30:00	5229.000	5235.500	5228.500	5231.500	9739	47227	1
2026.07.01	11:35:00	5231.500	5232.000	5226.500	5229.000	6183	27600	1
2026.07.01	11:40:00	5229.000	5234.000	5228.500	5233.000	4669	20325	1
2026.07.01	11:45:00	5232.500	5241.000	5231.500	5237.500	9650	41990	1
2026.07.01	11:50:00	5237.000	5243.000	5236.500	5242.500	7910	35289	1
2026.07.01	11:55:00	5242.500	5246.000	5241.500	5244.500	8693	40333	1
2026.07.01	12:00:00	5244.500	5247.000	5242.500	5245.000	7231	35630	1
2026.07.01	12:05:00	5245.000	5250.000	5243.500	5247.000	8735	47323	1
2026.07.01	12:10:00	5247.500	5250.000	5246.000	5248.000	7199	39853	1
2026.07.01	12:15:00	5248.000	5254.500	5247.500	5253.500	8497	44015	1
2026.07.01	12:20:00	5254.000	5256.500	5252.000	5254.000	6545	32461	1
2026.07.01	12:25:00	5253.500	5254.500	5246.000	5246.000	9589	46466	1
2026.07.01	12:30:00	5246.000	5247.500	5240.500	5240.500	6858	29395	1
2026.07.01	12:35:00	5240.500	5245.500	5240.500	5244.500	4283	18930	1
2026.07.01	12:40:00	5244.500	5245.500	5239.000	5240.000	4768	23107	1
2026.07.01	12:45:00	5240.000	5243.000	5238.000	5241.500	3741	15656	1
2026.07.01	12:50:00	5242.000	5242.000	5235.000	5238.000	6293	24030	1
2026.07.01	12:55:00	5238.000	5241.000	5236.000	5240.000	4223	16269	1
2026.07.01	13:00:00	5239.500	5240.000	5237.000	5237.500	3134	12153	1
2026.07.01	13:05:00	5237.500	5238.000	5234.500	5237.000	4128	15280	1
2026.07.01	13:10:00	5237.000	5237.500	5235.000	5236.500	1595	5552	1
2026.07.01	13:15:00	5236.500	5237.500	5236.000	5237.000	1702	7108	1
2026.07.01	13:20:00	5237.500	5238.000	5235.500	5236.500	1975	10627	1
2026.07.01	13:25:00	5237.000	5237.500	5233.000	5233.000	1951	9126	1
2026.07.01	13:30:00	5233.500	5235.000	5232.000	5234.000	3175	16608	1
2026.07.01	13:35:00	5234.500	5236.000	5233.000	5235.000	1632	8172	1
2026.07.01	13:40:00	5235.000	5236.000	5232.000	5233.000	1976	8150	1
2026.07.01	13:45:00	5233.000	5234.000	5231.500	5231.500	1678	6297	1
2026.07.01	13:50:00	5232.000	5237.500	5231.500	5237.000	3554	14443	1
2026.07.01	13:55:00	5236.500	5238.500	5235.000	5236.000	2840	12275	1
2026.07.01	14:00:00	5236.000	5236.000	5232.500	5233.500	2475	9275	1
2026.07.01	14:05:00	5233.000	5234.000	5232.500	5233.500	1689	6224	1
2026.07.01	14:10:00	5233.500	5234.500	5232.500	5234.000	1323	4558	1
2026.07.01	14:15:00	5234.000	5236.500	5233.500	5234.500	1986	7669	1
2026.07.01	14:20:00	5234.500	5235.000	5233.000	5233.500	1289	6973	1
2026.07.01	14:25:00	5233.500	5234.500	5233.000	5233.500	1058	4553	1
2026.07.01	14:30:00	5234.000	5237.500	5233.000	5236.500	2557	11359	1
2026.07.01	14:35:00	5236.500	5237.000	5234.000	5235.500	1389	5270	1
2026.07.01	14:40:00	5236.000	5236.500	5234.000	5235.000	1195	5430	1
2026.07.01	14:45:00	5235.500	5237.000	5234.500	5236.500	1600	6333	1
2026.07.01	14:50:00	5236.500	5239.000	5235.500	5238.000	2822	10858	1
2026.07.01	14:55:00	5238.000	5240.500	5237.000	5240.000	3473	15971	1
2026.07.01	15:00:00	5240.000	5240.000	5238.500	5239.500	1876	5840	1
2026.07.01	15:05:00	5239.500	5243.500	5239.000	5239.500	5042	24334	1
2026.07.01	15:10:00	5239.500	5243.000	5239.500	5241.500	2211	7771	1
2026.07.01	15:15:00	5241.500	5244.000	5240.500	5243.500	2228	9696	1
2026.07.01	15:20:00	5244.000	5244.000	5241.500	5242.500	2566	15262	1
2026.07.01	15:25:00	5242.500	5246.000	5241.500	5245.500	2807	11838	1
2026.07.01	15:30:00	5245.500	5246.000	5244.000	5245.000	1629	9390	1
2026.07.01	15:35:00	5245.000	5245.500	5244.000	5245.500	1304	4724	1
2026.07.01	15:40:00	5245.500	5246.000	5244.000	5244.000	1559	7810	1
2026.07.01	15:45:00	5244.500	5247.500	5244.000	5246.500	2949	14943	1
2026.07.01	15:50:00	5246.500	5249.000	5246.000	5247.000	4217	17831	1
2026.07.01	15:55:00	5246.500	5247.500	5246.000	5247.000	3056	14710	1
2026.07.01	16:00:00	5247.000	5247.500	5245.000	5247.500	3348	18903	1
2026.07.01	16:05:00	5247.000	5248.000	5242.500	5243.500	3430	17237	1
2026.07.01	16:10:00	5243.500	5248.000	5242.500	5248.000	3725	15961	1
2026.07.01	16:15:00	5247.500	5248.000	5245.000	5246.000	2241	10097	1
2026.07.01	16:20:00	5246.000	5248.000	5244.500	5246.500	2185	12769	1
2026.07.01	16:25:00	5246.500	5248.000	5246.500	5247.000	1310	3923	1
2026.07.01	16:30:00	5247.500	5250.000	5246.500	5249.000	3363	18996	1
2026.07.01	16:35:00	5248.500	5250.000	5248.500	5250.000	1304	5098	1
2026.07.01	16:40:00	5249.500	5252.000	5248.500	5248.500	3038	14302	1
2026.07.01	16:45:00	5248.500	5249.500	5247.500	5248.000	1856	7369	1
2026.07.01	16:50:00	5248.000	5251.500	5248.000	5249.500	2480	8790	1
2026.07.01	16:55:00	5250.000	5250.500	5247.500	5247.500	1759	7569	1
2026.07.01	17:00:00	5247.500	5249.500	5247.500	5248.000	1045	4776	1
2026.07.01	17:05:00	5248.000	5250.500	5247.500	5248.500	1435	6455	1
2026.07.01	17:10:00	5249.000	5249.000	5246.500	5247.500	1854	7733	1
2026.07.01	17:15:00	5247.500	5251.000	5246.500	5250.500	1408	6920	1
2026.07.01	17:20:00	5250.500	5251.000	5248.500	5249.000	823	3253	1
2026.07.01	17:25:00	5249.000	5250.500	5248.500	5250.000	799	5280	1
2026.07.01	17:30:00	5249.500	5250.000	5248.000	5248.500	655	2407	1
2026.07.01	17:35:00	5248.500	5250.500	5248.000	5248.000	793	4339	1
2026.07.01	17:40:00	5248.000	5248.000	5245.500	5246.500	1196	5950	1
2026.07.01	17:45:00	5246.500	5247.500	5245.000	5246.000	795	5034	1
2026.07.01	17:50:00	5245.500	5246.000	5244.500	5245.500	844	10081	1
2026.07.01	17:55:00	5245.500	5247.000	5245.000	5246.500	908	4156	1
2026.07.01	18:00:00	5246.000	5247.000	5245.500	5247.000	387	1178	1
2026.07.01	18:05:00	5246.500	5247.000	5245.500	5246.000	431	1554	1
2026.07.01	18:10:00	5246.500	5249.000	5246.000	5248.000	957	2945	1
2026.07.01	18:15:00	5248.000	5249.000	5244.000	5245.000	1357	6572	1
2026.07.01	18:20:00	5244.500	5246.000	5244.500	5245.500	640	3022	1
2026.07.01	18:25:00	5246.000	5246.500	5241.500	5241.500	1041	4257	1
2026.07.02	09:00:00	5234.500	5237.500	5231.000	5233.000	12631	47249	1
2026.07.02	09:05:00	5233.000	5240.500	5232.000	5239.500	9878	39102	1
2026.07.02	09:10:00	5239.500	5243.000	5238.000	5240.000	7021	29135	1
2026.07.02	09:15:00	5240.000	5243.500	5238.500	5243.500	4909	19680	1
2026.07.02	09:20:00	5243.000	5248.000	5242.500	5246.000	8694	33979	1
2026.07.02	09:25:00	5246.000	5250.000	5242.000	5245.000	8044	38472	1
2026.07.02	09:30:00	5245.000	5246.000	5206.500	5208.500	37734	161734	1
2026.07.02	09:35:00	5208.500	5209.500	5196.500	5200.000	25112	102334	1
2026.07.02	09:40:00	5199.500	5203.000	5196.500	5200.000	17963	68412	1
2026.07.02	09:45:00	5199.500	5211.000	5199.500	5208.500	16953	61977	1
2026.07.02	09:50:00	5208.000	5213.500	5208.000	5212.000	10404	39478	1
2026.07.02	09:55:00	5211.500	5223.000	5210.000	5218.500	16169	58587	1
2026.07.02	10:00:00	5218.000	5231.000	5217.000	5225.000	21782	93311	1
2026.07.02	10:05:00	5225.000	5229.000	5224.500	5226.500	9420	37464	1
2026.07.02	10:10:00	5226.000	5228.500	5219.500	5224.000	12223	46977	1
2026.07.02	10:15:00	5223.500	5226.500	5221.500	5222.000	5431	32853	1
2026.07.02	10:20:00	5222.500	5227.500	5222.000	5225.500	5814	19850	1
2026.07.02	10:25:00	5225.000	5237.000	5224.000	5235.500	13144	53346	1
2026.07.02	10:30:00	5235.500	5241.500	5233.000	5234.000	17232	69082	1
2026.07.02	10:35:00	5234.500	5235.000	5223.000	5224.500	14064	51305	1
2026.07.02	10:40:00	5224.500	5226.000	5216.000	5216.500	11803	41793	1
2026.07.02	10:45:00	5216.500	5221.500	5214.000	5219.500	12123	43403	1
2026.07.02	10:50:00	5219.500	5223.000	5217.000	5222.500	8679	37094	1
2026.07.02	10:55:00	5223.000	5229.500	5221.500	5222.000	10294	39773	1
2026.07.02	11:00:00	5222.000	5225.000	5221.000	5221.500	7726	34113	1
2026.07.02	11:05:00	5221.500	5223.000	5217.500	5221.500	7912	36869	1
2026.07.02	11:10:00	5222.000	5227.500	5220.000	5227.500	9262	38032	1
2026.07.02	11:15:00	5227.500	5228.000	5221.000	5224.000	6490	25880	1
2026.07.02	11:20:00	5223.500	5231.500	5222.500	5230.500	8778	29695	1
2026.07.02	11:25:00	5230.500	5234.000	5227.500	5231.500	7658	30876	1
2026.07.02	11:30:00	5231.500	5237.500	5228.500	5236.500	7581	25946	1
2026.07.02	11:35:00	5237.000	5239.000	5234.500	5237.500	6685	28161	1
2026.07.02	11:40:00	5237.000	5243.000	5236.000	5241.000	8643	36501	1
2026.07.02	11:45:00	5240.500	5242.000	5233.000	5234.500	6791	22857	1
2026.07.02	11:50:00	5235.000	5237.000	5234.000	5234.500	3420	11463	1
2026.07.02	11:55:00	5234.500	5237.000	5231.000	5233.000	7636	33187	1
2026.07.02	12:00:00	5233.000	5236.500	5232.500	5236.000	6384	25833	1
2026.07.02	12:05:00	5236.500	5241.500	5235.000	5238.500	9519	41344	1
2026.07.02	12:10:00	5239.000	5239.500	5233.500	5234.500	4539	16383	1
2026.07.02	12:15:00	5234.500	5236.500	5233.500	5235.500	3573	11411	1
2026.07.02	12:20:00	5235.000	5236.000	5232.000	5233.000	3947	13896	1
2026.07.02	12:25:00	5233.000	5235.000	5231.000	5234.500	3340	10909	1
2026.07.02	12:30:00	5234.000	5234.000	5229.500	5232.000	3890	15306	1
2026.07.02	12:35:00	5232.000	5233.000	5229.000	5231.500	2927	14161	1
2026.07.02	12:40:00	5232.000	5236.000	5231.500	5235.000	4151	19173	1
2026.07.02	12:45:00	5234.500	5240.000	5234.500	5238.500	3999	15700	1
2026.07.02	12:50:00	5238.500	5240.500	5236.500	5237.000	3732	18380	1
2026.07.02	12:55:00	5237.000	5240.000	5236.500	5239.000	1834	6377	1
2026.07.02	13:00:00	5239.000	5239.500	5236.500	5237.000	3550	16460	1
2026.07.02	13:05:00	5236.500	5246.500	5236.000	5245.000	8013	38692	1
2026.07.02	13:10:00	5245.000	5249.000	5243.000	5247.500	5991	23899	1
2026.07.02	13:15:00	5247.500	5254.000	5247.500	5251.500	7672	30214	1
2026.07.02	13:20:00	5251.000	5255.500	5249.500	5254.000	5725	21920	1
2026.07.02	13:25:00	5254.000	5258.000	5252.000	5255.500	6764	27216	1
2026.07.02	13:30:00	5255.000	5256.500	5253.000	5254.500	4687	18626	1
2026.07.02	13:35:00	5254.500	5255.500	5251.500	5252.500	5072	17840	1
2026.07.02	13:40:00	5252.500	5253.000	5250.000	5250.500	3746	13691	1
2026.07.02	13:45:00	5251.000	5252.000	5246.500	5247.000	4776	20740	1
2026.07.02	13:50:00	5247.000	5247.500	5243.500	5247.000	4510	20798	1
2026.07.02	13:55:00	5246.500	5253.500	5246.500	5251.500	5412	23352	1
2026.07.02	14:00:00	5252.000	5253.000	5246.500	5248.000	4149	16948	1
2026.07.02	14:05:00	5248.500	5249.000	5245.000	5248.500	3301	11584	1
2026.07.02	14:10:00	5248.500	5250.500	5247.500	5249.000	2588	9403	1
2026.07.02	14:15:00	5249.500	5250.500	5247.500	5248.000	1579	6123	1
2026.07.02	14:20:00	5248.500	5250.500	5248.000	5250.000	1361	5394	1
2026.07.02	14:25:00	5249.500	5252.000	5248.500	5249.000	3631	19653	1
2026.07.02	14:30:00	5249.000	5249.500	5247.000	5248.500	2117	9838	1
2026.07.02	14:35:00	5249.000	5255.000	5248.500	5252.000	4410	19153	1
2026.07.02	14:40:00	5252.500	5253.000	5249.000	5250.500	2268	9202	1
2026.07.02	14:45:00	5250.500	5253.500	5249.500	5253.000	2157	10346	1
2026.07.02	14:50:00	5252.500	5255.000	5252.000	5253.500	2135	8043	1
2026.07.02	14:55:00	5253.500	5254.500	5251.000	5253.000	3268	13776	1
2026.07.02	15:00:00	5252.500	5254.500	5251.500	5253.500	2931	10878	1
2026.07.02	15:05:00	5253.500	5253.500	5247.500	5248.000	3631	12796	1
2026.07.02	15:10:00	5247.500	5250.000	5247.000	5249.000	2468	10413	1
2026.07.02	15:15:00	5249.000	5249.500	5246.000	5248.000	3593	14396	1
2026.07.02	15:20:00	5247.500	5248.500	5246.000	5247.000	1014	3247	1
2026.07.02	15:25:00	5247.000	5247.500	5244.000	5244.500	3610	15257	1
2026.07.02	15:30:00	5244.500	5245.500	5239.500	5244.000	6545	26578	1
2026.07.02	15:35:00	5244.500	5245.000	5243.000	5243.000	2056	16184	1
2026.07.02	15:40:00	5243.000	5244.000	5239.500	5241.000	3112	13903	1
2026.07.02	15:45:00	5241.500	5242.000	5239.500	5240.000	2908	13725	1
2026.07.02	15:50:00	5240.500	5244.000	5240.000	5243.500	3059	12300	1
2026.07.02	15:55:00	5243.500	5244.500	5242.000	5242.500	3030	11225	1
2026.07.02	16:00:00	5242.500	5245.500	5241.000	5245.500	2836	9818	1
2026.07.02	16:05:00	5245.000	5246.000	5243.500	5245.000	2203	8194	1
2026.07.02	16:10:00	5244.500	5246.000	5243.500	5244.500	1435	5485	1
2026.07.02	16:15:00	5245.000	5247.000	5244.500	5245.500	1753	6402	1
2026.07.02	16:20:00	5245.500	5249.000	5245.500	5248.500	2057	7006	1
2026.07.02	16:25:00	5248.500	5250.500	5247.500	5248.000	2533	10877	1
2026.07.02	16:30:00	5248.500	5249.000	5247.000	5248.500	1302	5550	1
2026.07.02	16:35:00	5248.000	5248.500	5247.000	5248.000	1303	5043	1
2026.07.02	16:40:00	5247.500	5250.500	5247.500	5249.500	1837	8658	1
2026.07.02	16:45:00	5249.500	5251.500	5249.500	5251.000	1735	7669	1
2026.07.02	16:50:00	5250.500	5251.000	5247.500	5248.000	2076	8489	1
2026.07.02	16:55:00	5248.000	5248.500	5245.000	5245.500	3269	15674	1
2026.07.02	17:00:00	5246.000	5247.500	5243.500	5244.500	2605	13761	1
2026.07.02	17:05:00	5244.500	5245.000	5243.000	5244.500	1693	7586	1
2026.07.02	17:10:00	5245.000	5245.000	5241.500	5242.500	1651	6709	1
2026.07.02	17:15:00	5243.000	5245.000	5242.500	5244.000	1152	5253	1
2026.07.02	17:20:00	5244.000	5244.500	5242.500	5243.500	638	2513	1
2026.07.02	17:25:00	5243.500	5244.500	5240.500	5241.500	1397	8353	1
2026.07.02	17:30:00	5241.500	5241.500	5239.500	5239.500	912	4607	1
2026.07.02	17:35:00	5239.500	5240.000	5237.000	5237.500	1463	10226	1
2026.07.02	17:40:00	5237.500	5239.000	5237.000	5238.500	747	5249	1
2026.07.02	17:45:00	5238.000	5239.000	5237.500	5238.000	486	2397	1
2026.07.02	17:50:00	5238.000	5242.000	5237.500	5240.500	1822	9618	1
2026.07.02	17:55:00	5241.000	5241.500	5238.500	5241.500	915	4727	1
2026.07.02	18:00:00	5241.500	5242.000	5239.000	5240.000	618	3676	1
2026.07.02	18:05:00	5240.500	5240.500	5239.500	5240.500	246	840	1
2026.07.02	18:10:00	5240.000	5242.500	5240.000	5242.000	752	3571	1
2026.07.02	18:15:00	5242.000	5245.500	5241.500	5245.000	1107	6358	1
2026.07.02	18:20:00	5245.000	5246.000	5243.500	5243.500	397	2186	1
2026.07.02	18:25:00	5244.000	5245.500	5243.000	5245.000	468	1428	1
2026.07.03	09:00:00	5235.500	5237.500	5227.500	5233.000	10834	32199	1
2026.07.03	09:05:00	5233.000	5234.000	5229.500	5232.000	5730	19514	1
2026.07.03	09:10:00	5232.500	5235.000	5231.000	5233.500	4530	18758	1
2026.07.03	09:15:00	5233.500	5235.500	5230.000	5232.000	4878	20606	1
2026.07.03	09:20:00	5232.000	5232.500	5222.500	5223.500	10174	41097	1
2026.07.03	09:25:00	5224.000	5225.500	5219.000	5219.500	7397	28025	1
2026.07.03	09:30:00	5219.000	5219.500	5215.000	5217.500	9342	36948	1
2026.07.03	09:35:00	5217.500	5219.000	5209.000	5209.500	9783	38714	1
2026.07.03	09:40:00	5209.500	5218.000	5209.000	5217.500	9803	40613	1
2026.07.03	09:45:00	5217.500	5218.000	5214.500	5216.000	3724	13651	1
2026.07.03	09:50:00	5215.500	5216.000	5211.500	5215.000	5275	22476	1
2026.07.03	09:55:00	5214.500	5217.000	5212.500	5213.000	3763	15788	1
2026.07.03	10:00:00	5213.500	5213.500	5207.500	5210.500	8871	36668	1
2026.07.03	10:05:00	5210.000	5217.000	5210.000	5216.000	8180	35031	1
2026.07.03	10:10:00	5216.000	5218.000	5214.500	5216.500	4414	14722	1
2026.07.03	10:15:00	5216.000	5218.500	5214.500	5217.500	4680	16298	1
2026.07.03	10:20:00	5217.500	5223.000	5217.500	5221.000	7214	27474	1
2026.07.03	10:25:00	5221.500	5221.500	5217.500	5220.000	5404	21551	1
2026.07.03	10:30:00	5219.500	5222.500	5219.000	5220.000	3245	14350	1
2026.07.03	10:35:00	5220.000	5223.000	5219.000	5222.500	3683	16258	1
2026.07.03	10:40:00	5222.000	5223.500	5220.000	5221.500	3567	14525	1
2026.07.03	10:45:00	5221.500	5222.500	5220.000	5222.000	1915	7924	1
2026.07.03	10:50:00	5222.000	5222.000	5216.000	5218.500	6513	23480	1
2026.07.03	10:55:00	5218.000	5218.500	5212.500	5214.500	6016	22767	1
2026.07.03	11:00:00	5214.000	5215.000	5212.500	5213.500	3062	11682	1
2026.07.03	11:05:00	5213.500	5214.000	5211.000	5212.000	3542	13510	1
2026.07.03	11:10:00	5212.000	5215.500	5210.000	5213.000	6566	32155	1
2026.07.03	11:15:00	5213.500	5214.000	5210.000	5213.000	3405	11146	1
2026.07.03	11:20:00	5212.500	5213.000	5209.500	5211.000	2705	11505	1
2026.07.03	11:25:00	5211.000	5214.000	5210.500	5213.000	3431	14141	1
2026.07.03	11:30:00	5212.500	5214.000	5211.500	5212.500	2000	8264	1
2026.07.03	11:35:00	5212.500	5213.500	5210.500	5213.000	2448	9281	1
2026.07.03	11:40:00	5213.500	5214.000	5211.500	5212.500	1434	5208	1
2026.07.03	11:45:00	5212.500	5213.000	5209.500	5210.000	2099	10072	1
2026.07.03	11:50:00	5210.500	5211.000	5207.500	5207.500	4170	18328	1
2026.07.03	11:55:00	5207.500	5210.500	5207.500	5208.500	2478	9339	1
2026.07.03	12:00:00	5208.000	5208.500	5205.000	5206.500	5515	24045	1
2026.07.03	12:05:00	5206.000	5206.500	5203.500	5203.500	4364	22152	1
2026.07.03	12:10:00	5204.000	5206.000	5203.500	5205.000	1821	7278	1
2026.07.03	12:15:00	5205.000	5205.500	5201.000	5205.500	5928	30873	1
2026.07.03	12:20:00	5205.000	5205.500	5203.000	5204.500	2007	6970	1
2026.07.03	12:25:00	5204.500	5205.500	5204.000	5205.500	1428	8757	1
2026.07.03	12:30:00	5205.500	5207.500	5205.000	5206.000	2770	12577	1
2026.07.03	12:35:00	5206.000	5206.000	5203.000	5206.000	1766	6091	1
2026.07.03	12:40:00	5206.000	5206.500	5205.000	5205.500	771	2874	1
2026.07.03	12:45:00	5205.500	5207.000	5205.500	5206.500	868	3435	1
2026.07.03	12:50:00	5206.000	5206.500	5204.500	5205.500	1208	6838	1
2026.07.03	12:55:00	5206.000	5207.000	5204.000	5204.500	1245	5355	1
2026.07.03	13:00:00	5204.500	5204.500	5202.000	5202.500	2701	14532	1
2026.07.03	13:05:00	5202.500	5203.000	5201.500	5202.500	1629	9320	1
2026.07.03	13:10:00	5203.000	5203.500	5202.000	5203.500	758	4942	1
2026.07.03	13:15:00	5203.500	5204.500	5203.000	5203.500	1054	5110	1
2026.07.03	13:20:00	5204.000	5205.500	5203.500	5205.500	837	3037	1
2026.07.03	13:25:00	5205.500	5205.500	5203.500	5203.500	698	3762	1
2026.07.03	13:30:00	5204.000	5204.000	5202.000	5202.500	1163	4268	1
2026.07.03	13:35:00	5203.000	5205.000	5202.500	5203.500	1281	7788	1
2026.07.03	13:40:00	5203.500	5204.000	5201.500	5202.500	964	5543	1
2026.07.03	13:45:00	5202.500	5203.000	5201.500	5203.000	997	6490	1
2026.07.03	13:50:00	5203.000	5204.500	5203.000	5204.500	890	4804	1
2026.07.03	13:55:00	5204.000	5205.500	5203.500	5205.000	1389	6513	1
2026.07.03	14:00:00	5204.500	5205.500	5204.000	5205.000	880	5769	1
2026.07.03	14:05:00	5204.500	5207.000	5204.500	5206.500	2228	11696	1
2026.07.03	14:10:00	5206.000	5206.500	5205.500	5206.500	1001	5111	1
2026.07.03	14:15:00	5206.500	5206.500	5205.500	5206.500	756	2739	1
2026.07.03	14:20:00	5206.000	5206.500	5204.500	5205.000	1392	9045	1
2026.07.03	14:25:00	5205.000	5206.500	5203.500	5204.000	2259	16272	1
2026.07.03	14:30:00	5203.500	5204.500	5202.500	5204.500	1115	5214	1
2026.07.03	14:35:00	5204.500	5205.000	5203.000	5204.000	949	4059	1
2026.07.03	14:40:00	5204.000	5204.000	5202.000	5202.500	1222	6795	1
2026.07.03	14:45:00	5202.500	5203.500	5201.500	5203.500	1016	5596	1
2026.07.03	14:50:00	5203.000	5204.000	5203.000	5204.000	555	2068	1
2026.07.03	14:55:00	5204.000	5204.500	5203.500	5204.000	705	2403	1
2026.07.03	15:00:00	5204.000	5205.000	5203.500	5203.500	956	3932	1
2026.07.03	15:05:00	5204.000	5205.500	5203.500	5205.000	1283	5985	1
2026.07.03	15:10:00	5204.500	5205.500	5204.000	5204.500	852	4566	1
2026.07.03	15:15:00	5204.500	5206.500	5203.500	5205.000	1931	10162	1
2026.07.03	15:20:00	5204.500	5205.500	5203.500	5205.500	1277	9042	1
2026.07.03	15:25:00	5205.500	5206.500	5205.000	5206.500	669	2776	1
2026.07.03	15:30:00	5206.500	5206.500	5204.000	5204.500	1155	5568	1
2026.07.03	15:35:00	5204.000	5205.500	5203.500	5205.000	923	5853	1
2026.07.03	15:40:00	5205.500	5206.000	5204.500	5205.000	754	2780	1
2026.07.03	15:45:00	5205.500	5205.500	5204.500	5205.500	703	3157	1
2026.07.03	15:50:00	5205.500	5205.500	5204.000	5204.500	1200	7599	1
2026.07.03	15:55:00	5204.000	5205.000	5203.000	5203.500	1717	8185	1
2026.07.03	16:00:00	5203.000	5205.500	5202.500	5205.000	2104	11163	1
2026.07.03	16:05:00	5205.000	5206.000	5204.500	5205.500	941	5570	1
2026.07.03	16:10:00	5205.000	5206.000	5204.500	5205.500	659	7591	1
2026.07.03	16:15:00	5205.000	5205.500	5205.000	5205.000	545	3082	1
2026.07.03	16:20:00	5205.000	5205.500	5204.000	5204.500	815	6199	1
2026.07.03	16:25:00	5204.500	5206.500	5204.500	5205.000	1142	8657	1
2026.07.03	16:30:00	5205.000	5205.500	5204.000	5205.500	592	2375	1
2026.07.03	16:35:00	5205.500	5206.500	5205.000	5206.500	734	3854	1
2026.07.03	16:40:00	5206.000	5206.500	5205.000	5206.000	1065	5654	1
2026.07.03	16:45:00	5206.000	5206.000	5205.000	5205.000	527	1867	1
2026.07.03	16:50:00	5205.500	5205.500	5203.500	5205.000	1686	9429	1
2026.07.03	16:55:00	5205.000	5205.000	5204.000	5204.000	657	5327	1
2026.07.03	17:00:00	5204.000	5206.500	5204.000	5206.500	1453	9686	1
2026.07.03	17:05:00	5206.500	5207.000	5205.000	5206.000	1186	5695	1
2026.07.03	17:10:00	5205.500	5207.000	5205.500	5206.500	611	2490	1
2026.07.03	17:15:00	5207.000	5207.000	5206.000	5207.000	559	2005	1
2026.07.03	17:20:00	5206.500	5207.000	5206.000	5206.000	457	1988	1
2026.07.03	17:25:00	5206.000	5206.500	5205.500	5206.000	399	1510	1
2026.07.03	17:30:00	5205.500	5206.000	5204.500	5205.000	768	3293	1
2026.07.03	17:35:00	5205.000	5205.500	5204.000	5205.000	1141	4570	1
2026.07.03	17:40:00	5204.500	5206.000	5204.500	5205.000	503	1579	1
2026.07.03	17:45:00	5205.000	5206.000	5204.500	5205.500	522	1879	1
2026.07.03	17:50:00	5206.000	5206.500	5205.500	5206.000	500	2001	1
2026.07.03	17:55:00	5205.500	5206.500	5205.000	5205.500	574	3630	1
2026.07.03	18:00:00	5205.500	5205.500	5205.000	5205.000	369	1541	1
2026.07.03	18:05:00	5205.000	5206.500	5205.000	5206.000	472	1821	1
2026.07.03	18:10:00	5206.500	5207.500	5206.000	5206.500	855	3169	1
2026.07.03	18:15:00	5206.500	5207.500	5205.500	5206.500	1373	5814	1
2026.07.03	18:20:00	5207.000	5207.500	5205.500	5207.500	890	3073	1
2026.07.03	18:25:00	5207.000	5209.000	5206.000	5206.000	1293	6004	1
2026.07.06	09:00:00	5208.000	5218.500	5204.000	5216.000	14921	53658	1
2026.07.06	09:05:00	5216.500	5218.500	5214.000	5214.500	7920	31936	1
2026.07.06	09:10:00	5215.000	5216.000	5211.500	5212.000	6308	24085	1
2026.07.06	09:15:00	5212.500	5212.500	5204.500	5208.000	11491	43276	1
2026.07.06	09:20:00	5208.000	5211.000	5205.000	5206.000	7538	28917	1
2026.07.06	09:25:00	5206.500	5209.500	5205.500	5207.500	4077	13125	1
2026.07.06	09:30:00	5208.000	5208.500	5206.000	5208.500	3440	12485	1
2026.07.06	09:35:00	5208.000	5210.000	5206.500	5209.000	3188	13181	1
2026.07.06	09:40:00	5208.500	5211.000	5207.500	5209.500	4013	12134	1
2026.07.06	09:45:00	5209.500	5211.500	5207.000	5209.000	4904	18957	1
2026.07.06	09:50:00	5209.500	5209.500	5205.000	5209.000	6329	24006	1
2026.07.06	09:55:00	5209.000	5213.500	5208.500	5210.000	7842	41304	1
2026.07.06	10:00:00	5210.000	5213.000	5209.000	5210.000	5858	26460	1
2026.07.06	10:05:00	5210.500	5211.500	5207.500	5209.000	4884	21512	1
2026.07.06	10:10:00	5209.000	5209.500	5206.500	5209.000	4600	20227	1
2026.07.06	10:15:00	5209.000	5209.500	5204.000	5206.000	7243	31476	1
2026.07.06	10:20:00	5206.000	5208.000	5205.500	5206.500	2869	9629	1
2026.07.06	10:25:00	5206.500	5211.000	5206.000	5209.000	4981	17294	1
2026.07.06	10:30:00	5208.500	5210.000	5206.000	5209.000	4258	14545	1
2026.07.06	10:35:00	5209.000	5210.000	5205.000	5205.000	4925	16911	1
2026.07.06	10:40:00	5205.000	5207.500	5201.000	5201.500	8427	35919	1
2026.07.06	10:45:00	5202.000	5203.000	5198.000	5201.000	10271	39660	1
2026.07.06	10:50:00	5201.000	5205.000	5199.500	5203.000	7324	28931	1
2026.07.06	10:55:00	5202.500	5205.500	5200.500	5202.500	4860	18862	1
2026.07.06	11:00:00	5202.500	5205.000	5201.500	5203.500	3789	16352	1
2026.07.06	11:05:00	5203.000	5204.500	5201.000	5203.500	4987	21143	1
2026.07.06	11:10:00	5203.000	5203.500	5197.500	5198.000	8001	36767	1
2026.07.06	11:15:00	5198.500	5201.500	5198.000	5200.500	3927	18456	1
2026.07.06	11:20:00	5200.500	5202.500	5200.000	5202.500	2922	16900	1
2026.07.06	11:25:00	5202.500	5205.000	5199.000	5205.000	5762	22267	1
2026.07.06	11:30:00	5204.500	5207.500	5204.000	5205.000	5749	18625	1
2026.07.06	11:35:00	5205.000	5206.500	5203.500	5205.000	3923	14895	1
2026.07.06	11:40:00	5205.500	5209.500	5205.000	5208.000	4634	17692	1
2026.07.06	11:45:00	5208.000	5209.000	5206.500	5208.500	3479	15064	1
2026.07.06	11:50:00	5208.000	5209.000	5204.500	5206.000	4158	18158	1
2026.07.06	11:55:00	5205.500	5207.000	5202.000	5202.500	6146	27281	1
2026.07.06	12:00:00	5202.500	5203.000	5199.500	5201.500	7442	37375	1
2026.07.06	12:05:00	5201.500	5202.500	5198.500	5198.500	3607	16792	1
2026.07.06	12:10:00	5199.000	5200.500	5198.500	5199.000	3020	19045	1
2026.07.06	12:15:00	5199.500	5201.500	5199.000	5201.000	2468	11135	1
2026.07.06	12:20:00	5200.500	5201.000	5198.500	5201.000	3186	22712	1
2026.07.06	12:25:00	5201.000	5202.500	5195.000	5195.500	6334	29796	1
2026.07.06	12:30:00	5195.500	5196.500	5193.500	5194.500	5138	32640	1
2026.07.06	12:35:00	5194.500	5196.000	5187.000	5188.000	8798	47796	1
2026.07.06	12:40:00	5187.500	5188.500	5185.500	5186.500	5725	30974	1
2026.07.06	12:45:00	5186.500	5187.500	5184.000	5184.500	4529	20914	1
2026.07.06	12:50:00	5184.000	5185.500	5182.500	5184.500	3703	13344	1
2026.07.06	12:55:00	5184.500	5186.000	5181.500	5182.000	4612	19512	1
2026.07.06	13:00:00	5181.500	5185.500	5181.500	5184.000	2911	13166	1
2026.07.06	13:05:00	5184.000	5187.000	5183.000	5183.500	4399	28369	1
2026.07.06	13:10:00	5183.500	5185.000	5182.500	5184.000	2555	10020	1
2026.07.06	13:15:00	5183.500	5186.000	5183.000	5186.000	2902	12826	1
2026.07.06	13:20:00	5186.000	5186.500	5184.500	5185.000	1639	7749	1
2026.07.06	13:25:00	5185.500	5186.000	5184.500	5186.000	1406	8934	1
2026.07.06	13:30:00	5186.000	5186.000	5184.000	5184.500	1354	6389	1
2026.07.06	13:35:00	5184.000	5185.000	5183.000	5184.000	1667	5151	1
2026.07.06	13:40:00	5184.000	5185.000	5183.500	5184.500	1354	5284	1
2026.07.06	13:45:00	5184.000	5184.500	5183.000	5184.000	1018	3334	1
2026.07.06	13:50:00	5183.500	5184.500	5182.000	5184.500	1897	7054	1
2026.07.06	13:55:00	5184.500	5184.500	5182.000	5182.500	1376	6671	1
2026.07.06	14:00:00	5182.000	5183.500	5181.500	5183.000	1750	8212	1
2026.07.06	14:05:00	5182.500	5183.000	5179.000	5179.500	4449	23408	1
2026.07.06	14:10:00	5179.500	5182.500	5177.000	5179.000	4569	26655	1
2026.07.06	14:15:00	5179.000	5179.000	5173.500	5176.500	5738	36424	1
2026.07.06	14:20:00	5176.500	5176.500	5168.500	5170.000	6897	36662	1
2026.07.06	14:25:00	5170.000	5171.500	5168.000	5171.500	4755	22480	1
2026.07.06	14:30:00	5171.500	5172.500	5170.000	5170.500	3012	14584	1
2026.07.06	14:35:00	5170.500	5171.000	5169.000	5170.000	2360	10552	1
2026.07.06	14:40:00	5170.000	5170.500	5167.000	5168.000	3455	16152	1
2026.07.06	14:45:00	5168.000	5168.000	5164.500	5167.500	5280	23847	1
2026.07.06	14:50:00	5168.000	5170.000	5167.000	5167.500	2858	11609	1
2026.07.06	14:55:00	5167.500	5169.000	5167.000	5167.500	1792	10198	1
2026.07.06	15:00:00	5167.500	5168.500	5164.500	5165.500	3246	13505	1
2026.07.06	15:05:00	5165.500	5166.500	5163.500	5165.500	3833	22446	1
2026.07.06	15:10:00	5166.000	5167.500	5165.000	5167.000	2078	9477	1
2026.07.06	15:15:00	5167.000	5168.000	5166.000	5167.000	2413	10008	1
2026.07.06	15:20:00	5167.500	5168.000	5166.500	5168.000	1032	4485	1
2026.07.06	15:25:00	5168.000	5168.500	5167.500	5168.500	1830	9444	1
2026.07.06	15:30:00	5168.000	5169.500	5166.500	5167.500	2949	12675	1
2026.07.06	15:35:00	5167.500	5167.500	5164.500	5166.000	3174	18737	1
2026.07.06	15:40:00	5166.500	5166.500	5165.000	5165.000	1293	5661	1
2026.07.06	15:45:00	5165.500	5165.500	5163.000	5163.500	2745	12427	1
2026.07.06	15:50:00	5163.500	5164.500	5162.000	5162.500	3882	19843	1
2026.07.06	15:55:00	5163.000	5166.000	5162.000	5165.000	5437	26556	1
2026.07.06	16:00:00	5164.500	5166.500	5164.500	5165.000	2490	13580	1
2026.07.06	16:05:00	5165.000	5167.000	5164.500	5166.000	1719	7267	1
2026.07.06	16:10:00	5166.000	5167.000	5166.000	5166.000	1097	4439	1
2026.07.06	16:15:00	5166.000	5168.500	5165.000	5168.500	3077	13942	1
2026.07.06	16:20:00	5168.000	5171.000	5167.000	5169.000	5184	28650	1
2026.07.06	16:25:00	5169.000	5170.000	5168.000	5168.500	1580	7110	1
2026.07.06	16:30:00	5168.500	5169.500	5168.000	5169.500	1432	7033	1
2026.07.06	16:35:00	5169.000	5171.000	5169.000	5170.000	2080	11210	1
2026.07.06	16:40:00	5170.000	5170.000	5167.000	5168.000	2053	11590	1
2026.07.06	16:45:00	5168.000	5168.500	5166.000	5166.500	1617	7999	1
2026.07.06	16:50:00	5166.500	5167.000	5165.500	5166.500	1909	11288	1
2026.07.06	16:55:00	5166.500	5168.000	5166.000	5166.500	2039	11216	1
2026.07.06	17:00:00	5166.000	5167.500	5166.000	5167.500	1322	6167	1
2026.07.06	17:05:00	5167.500	5168.000	5166.000	5167.500	1128	6794	1
2026.07.06	17:10:00	5167.000	5169.000	5167.000	5168.000	1245	7557	1
2026.07.06	17:15:00	5168.000	5168.500	5166.500	5166.500	831	5062	1
2026.07.06	17:20:00	5166.500	5167.500	5165.000	5166.000	1392	8386	1
2026.07.06	17:25:00	5165.500	5166.000	5163.000	5164.500	2012	14334	1
2026.07.06	17:30:00	5164.000	5165.500	5163.500	5164.000	770	4541	1
2026.07.06	17:35:00	5164.000	5165.000	5164.000	5164.500	463	3149	1
2026.07.06	17:40:00	5164.500	5166.500	5164.000	5165.500	1364	6407	1
2026.07.06	17:45:00	5165.500	5166.500	5164.500	5165.500	933	4156	1
2026.07.06	17:50:00	5165.000	5165.500	5164.000	5164.000	794	4225	1
2026.07.06	17:55:00	5164.000	5165.000	5159.500	5161.500	2763	12926	1
2026.07.06	18:00:00	5162.000	5163.000	5158.000	5159.000	1859	7434	1
2026.07.06	18:05:00	5159.500	5160.500	5158.500	5160.000	881	3150	1
2026.07.06	18:10:00	5159.500	5160.000	5158.000	5158.500	880	3344	1
2026.07.06	18:15:00	5159.000	5160.500	5157.500	5160.000	1780	6634	1
2026.07.06	18:20:00	5160.000	5160.500	5158.500	5160.500	1070	2855	1
2026.07.06	18:25:00	5160.500	5161.000	5158.000	5158.000	1630	5840	1
2026.07.07	09:00:00	5165.000	5173.000	5162.500	5171.000	13166	44763	1
2026.07.07	09:05:00	5170.500	5175.000	5170.500	5173.500	7782	24721	1
2026.07.07	09:10:00	5173.500	5177.000	5172.000	5173.000	6756	22582	1
2026.07.07	09:15:00	5173.000	5176.000	5172.000	5175.000	6150	23063	1
2026.07.07	09:20:00	5175.500	5175.500	5165.500	5165.500	11780	44529	1
2026.07.07	09:25:00	5165.500	5167.000	5161.500	5162.500	8750	35907	1
2026.07.07	09:30:00	5162.500	5167.000	5161.500	5164.500	7728	31400	1
2026.07.07	09:35:00	5165.000	5169.500	5163.500	5168.000	6845	23201	1
2026.07.07	09:40:00	5167.500	5169.000	5165.000	5169.000	4536	15561	1
2026.07.07	09:45:00	5169.000	5175.500	5168.500	5174.500	9659	33210	1
2026.07.07	09:50:00	5174.500	5177.000	5174.000	5175.500	5440	25653	1
2026.07.07	09:55:00	5175.000	5177.000	5173.000	5174.500	5451	19686	1
2026.07.07	10:00:00	5174.500	5177.000	5172.500	5177.000	6400	27254	1
2026.07.07	10:05:00	5177.000	5178.000	5174.000	5174.500	7307	37474	1
2026.07.07	10:10:00	5174.500	5179.000	5172.000	5177.000	9921	40773	1
2026.07.07	10:15:00	5177.000	5178.500	5174.000	5174.500	5224	21008	1
2026.07.07	10:20:00	5174.500	5175.500	5172.500	5174.000	4294	19328	1
2026.07.07	10:25:00	5174.000	5178.000	5174.000	5177.000	4591	19432	1
2026.07.07	10:30:00	5177.000	5177.500	5168.500	5171.500	13700	56192	1
2026.07.07	10:35:00	5171.500	5173.500	5169.000	5171.500	6263	23552	1
2026.07.07	10:40:00	5171.500	5174.500	5169.000	5174.500	6057	25720	1
2026.07.07	10:45:00	5174.000	5176.500	5172.500	5176.000	5587	23634	1
2026.07.07	10:50:00	5175.500	5179.500	5175.000	5178.000	6653	25687	1
2026.07.07	10:55:00	5178.000	5178.500	5174.500	5175.000	6443	26636	1
2026.07.07	11:00:00	5175.000	5178.500	5171.000	5178.500	10275	61541	1
2026.07.07	11:05:00	5178.500	5179.000	5174.000	5177.500	6872	31122	1
2026.07.07	11:10:00	5177.000	5182.500	5176.500	5182.000	8223	36855	1
2026.07.07	11:15:00	5181.500	5182.000	5177.000	5178.000	6205	24764	1
2026.07.07	11:20:00	5178.500	5181.000	5177.000	5180.000	3897	14930	1
2026.07.07	11:25:00	5180.000	5181.500	5178.500	5178.500	3254	11017	1
2026.07.07	11:30:00	5179.000	5182.500	5178.000	5181.000	3833	16302	1
2026.07.07	11:35:00	5181.000	5183.500	5179.500	5180.000	4228	16104	1
2026.07.07	11:40:00	5180.500	5181.000	5178.000	5178.000	4173	16725	1
2026.07.07	11:45:00	5178.000	5178.500	5173.000	5173.500	7330	26536	1
2026.07.07	11:50:00	5174.000	5175.500	5172.500	5175.000	3152	12159	1
2026.07.07	11:55:00	5175.000	5177.000	5173.500	5174.500	4087	17780	1
2026.07.07	12:00:00	5174.500	5176.000	5173.000	5174.000	3413	18336	1
2026.07.07	12:05:00	5174.000	5176.500	5173.000	5173.500	3234	19921	1
2026.07.07	12:10:00	5174.000	5177.500	5173.500	5177.500	2798	15717	1
2026.07.07	12:15:00	5177.500	5180.500	5177.000	5179.500	3675	14155	1
2026.07.07	12:20:00	5180.000	5180.500	5178.000	5179.500	2550	14767	1
2026.07.07	12:25:00	5180.000	5180.500	5178.000	5178.500	2089	8407	1
2026.07.07	12:30:00	5179.000	5180.000	5177.500	5180.000	1929	7817	1
2026.07.07	12:35:00	5179.500	5181.500	5178.500	5181.500	2074	7144	1
2026.07.07	12:40:00	5181.000	5181.500	5179.000	5179.500	1581	5058	1
2026.07.07	12:45:00	5180.000	5180.500	5178.500	5180.000	1822	6229	1
2026.07.07	12:50:00	5180.000	5182.000	5179.000	5181.500	1658	9342	1
2026.07.07	12:55:00	5181.000	5186.500	5181.000	5184.000	6666	25816	1
2026.07.07	13:00:00	5184.000	5185.000	5181.500	5183.000	3971	16421	1
2026.07.07	13:05:00	5182.500	5185.500	5182.000	5185.000	2884	10610	1
2026.07.07	13:10:00	5185.000	5185.500	5182.500	5183.000	2484	11058	1
2026.07.07	13:15:00	5183.000	5183.500	5179.000	5179.000	3697	13497	1
2026.07.07	13:20:00	5179.000	5180.000	5177.500	5180.000	2547	9800	1
2026.07.07	13:25:00	5180.000	5181.000	5179.500	5180.500	1630	7568	1
2026.07.07	13:30:00	5180.500	5181.000	5179.500	5180.500	1189	4586	1
2026.07.07	13:35:00	5180.500	5182.000	5180.500	5182.000	1285	5522	1
2026.07.07	13:40:00	5181.500	5182.000	5179.500	5181.000	1848	7456	1
2026.07.07	13:45:00	5180.500	5181.500	5180.000	5180.000	766	3592	1
2026.07.07	13:50:00	5180.500	5181.000	5179.500	5180.500	1091	4166	1
2026.07.07	13:55:00	5180.500	5181.500	5180.000	5180.500	997	3218	1
2026.07.07	14:00:00	5180.500	5181.500	5179.500	5180.000	1787	7980	1
2026.07.07	14:05:00	5180.000	5180.000	5177.500	5180.000	2465	9637	1
2026.07.07	14:10:00	5180.000	5181.000	5179.000	5180.000	1888	8885	1
2026.07.07	14:15:00	5180.000	5181.500	5180.000	5180.500	1224	5742	1
2026.07.07	14:20:00	5180.500	5181.000	5179.000	5180.000	1116	5138	1
2026.07.07	14:25:00	5180.000	5180.500	5178.000	5178.500	1471	7469	1
2026.07.07	14:30:00	5178.000	5180.000	5177.500	5179.500	1736	8319	1
2026.07.07	14:35:00	5179.500	5181.500	5178.500	5181.000	2691	11946	1
2026.07.07	14:40:00	5181.000	5181.500	5179.500	5180.500	1741	9883	1
2026.07.07	14:45:00	5181.000	5183.000	5180.500	5182.500	1971	6085	1
2026.07.07	14:50:00	5182.500	5184.000	5180.500	5180.500	1787	6751	1
2026.07.07	14:55:00	5181.000	5181.500	5179.500	5181.500	1211	4878	1
2026.07.07	15:00:00	5181.000	5182.500	5180.000	5181.500	1467	5879	1
2026.07.07	15:05:00	5181.500	5183.500	5181.000	5181.500	1787	7635	1
2026.07.07	15:10:00	5181.000	5182.500	5181.000	5181.500	1154	5730	1
2026.07.07	15:15:00	5181.500	5182.500	5180.500	5181.000	1395	4174	1
2026.07.07	15:20:00	5181.000	5181.500	5180.000	5180.500	1689	13899	1
2026.07.07	15:25:00	5180.000	5181.500	5179.500	5180.500	1165	4887	1
2026.07.07	15:30:00	5180.500	5181.500	5179.000	5180.500	2240	9442	1
2026.07.07	15:35:00	5180.000	5180.000	5177.500	5179.000	2578	12632	1
2026.07.07	15:40:00	5179.000	5181.000	5178.500	5179.500	1726	7677	1
2026.07.07	15:45:00	5179.000	5186.000	5179.000	5183.000	4998	20050	1
2026.07.07	15:50:00	5182.500	5189.500	5182.500	5187.000	8758	44082	1
2026.07.07	15:55:00	5187.500	5188.500	5185.000	5186.500	3869	19447	1
2026.07.07	16:00:00	5186.500	5189.500	5186.000	5188.000	4525	18116	1
2026.07.07	16:05:00	5188.000	5191.000	5187.500	5190.000	5330	21030	1
2026.07.07	16:10:00	5190.500	5194.500	5190.000	5194.500	6225	29153	1
2026.07.07	16:15:00	5194.000	5195.500	5191.000	5191.500	6639	28394	1
2026.07.07	16:20:00	5192.000	5192.500	5187.000	5189.500	5483	26382	1
2026.07.07	16:25:00	5189.500	5191.000	5188.500	5191.000	2408	7265	1
2026.07.07	16:30:00	5190.500	5191.000	5187.500	5188.000	2892	9092	1
2026.07.07	16:35:00	5188.000	5189.000	5183.500	5185.000	4916	21676	1
2026.07.07	16:40:00	5184.500	5186.500	5184.500	5186.000	2296	9978	1
2026.07.07	16:45:00	5186.000	5186.500	5184.000	5184.000	1395	4980	1
2026.07.07	16:50:00	5184.000	5185.500	5183.500	5185.000	1626	5154	1
2026.07.07	16:55:00	5184.500	5186.000	5183.500	5185.000	1619	6326	1
2026.07.07	17:00:00	5185.000	5185.500	5183.500	5184.000	1844	7913	1
2026.07.07	17:05:00	5184.000	5185.500	5183.500	5184.500	1539	6398	1
2026.07.07	17:10:00	5184.500	5185.500	5184.000	5185.000	1239	7057	1
2026.07.07	17:15:00	5185.000	5186.500	5184.500	5186.500	1611	8161	1
2026.07.07	17:20:00	5186.500	5187.000	5186.000	5186.000	1026	4713	1
2026.07.07	17:25:00	5186.500	5186.500	5185.000	5185.500	1009	4379	1
2026.07.07	17:30:00	5185.500	5186.500	5185.000	5186.000	574	4188	1
2026.07.07	17:35:00	5186.000	5187.000	5185.500	5187.000	445	2633	1
2026.07.07	17:40:00	5186.500	5187.000	5184.000	5185.000	1066	6182	1
2026.07.07	17:45:00	5185.000	5185.000	5184.000	5184.500	406	1898	1
2026.07.07	17:50:00	5184.500	5190.500	5184.000	5187.000	2599	19431	1
2026.07.07	17:55:00	5187.500	5192.000	5187.000	5191.000	1987	13911	1
2026.07.07	18:00:00	5191.500	5192.000	5189.500	5191.500	781	2336	1
2026.07.07	18:05:00	5191.000	5192.500	5190.000	5191.500	729	3713	1
2026.07.07	18:10:00	5191.500	5193.000	5189.500	5192.000	1089	4246	1
2026.07.07	18:15:00	5192.000	5202.500	5192.000	5199.000	2463	13271	1
2026.07.07	18:20:00	5199.000	5200.000	5194.000	5194.000	743	3998	1
2026.07.07	18:25:00	5193.500	5194.500	5191.000	5192.000	842	3960	1
2026.07.08	09:00:00	5209.500	5215.500	5191.000	5192.000	27524	105426	1
2026.07.08	09:05:00	5192.000	5192.500	5184.000	5186.000	18343	79956	1
2026.07.08	09:10:00	5186.500	5188.500	5183.000	5188.000	9930	35415	1
2026.07.08	09:15:00	5188.000	5189.500	5178.500	5182.500	14923	61370	1
2026.07.08	09:20:00	5182.000	5186.500	5180.500	5186.500	7891	29167	1
2026.07.08	09:25:00	5186.500	5188.000	5184.000	5184.500	6082	22659	1
2026.07.08	09:30:00	5185.000	5185.000	5179.000	5182.000	8200	32623	1
2026.07.08	09:35:00	5182.000	5184.500	5180.000	5181.000	4291	15165	1
2026.07.08	09:40:00	5180.500	5182.000	5178.000	5178.500	4768	16971	1
2026.07.08	09:45:00	5178.500	5181.000	5174.000	5175.500	11303	46535	1
2026.07.08	09:50:00	5175.500	5176.500	5166.000	5169.000	15913	82092	1
2026.07.08	09:55:00	5169.000	5178.000	5168.000	5178.000	16510	76647	1
2026.07.08	10:00:00	5177.500	5178.500	5173.000	5173.000	9155	39618	1
2026.07.08	10:05:00	5173.500	5174.500	5167.500	5168.000	10412	45123	1
2026.07.08	10:10:00	5168.500	5173.000	5167.000	5172.000	9128	36144	1
2026.07.08	10:15:00	5172.000	5176.500	5171.000	5176.500	7641	29105	1
2026.07.08	10:20:00	5176.500	5180.000	5175.500	5177.000	9122	33239	1
2026.07.08	10:25:00	5177.500	5178.000	5170.500	5177.000	9832	38838	1
2026.07.08	10:30:00	5177.000	5177.000	5171.500	5173.000	8664	40285	1
2026.07.08	10:35:00	5173.000	5177.000	5172.500	5173.000	5887	21290	1
2026.07.08	10:40:00	5173.500	5178.500	5173.000	5176.500	5794	18529	1
2026.07.08	10:45:00	5177.000	5177.500	5173.000	5175.000	5224	20805	1
2026.07.08	10:50:00	5174.500	5184.000	5174.500	5183.000	9835	40382	1
2026.07.08	10:55:00	5183.000	5186.000	5179.500	5180.500	8868	37706	1
2026.07.08	11:00:00	5180.000	5182.500	5179.000	5179.500	5289	27271	1
2026.07.08	11:05:00	5180.000	5183.000	5179.500	5182.000	4909	24605	1
2026.07.08	11:10:00	5181.500	5183.500	5178.000	5183.000	6107	23936	1
2026.07.08	11:15:00	5183.000	5186.500	5182.500	5185.500	7545	34279	1
2026.07.08	11:20:00	5185.000	5186.500	5178.500	5180.000	6723	26239	1
2026.07.08	11:25:00	5179.500	5185.000	5177.500	5183.000	6887	26168	1
2026.07.08	11:30:00	5183.000	5187.500	5183.000	5186.500	6482	30031	1
2026.07.08	11:35:00	5186.500	5188.500	5184.500	5188.500	4742	16186	1
2026.07.08	11:40:00	5188.500	5188.500	5185.500	5186.500	4045	17315	1
2026.07.08	11:45:00	5186.500	5190.000	5186.500	5189.500	4455	17066	1
2026.07.08	11:50:00	5189.500	5190.500	5186.500	5189.500	4409	14420	1
2026.07.08	11:55:00	5189.000	5190.500	5185.000	5188.000	6903	33956	1
2026.07.08	12:00:00	5188.000	5191.000	5187.500	5190.000	4810	26471	1
2026.07.08	12:05:00	5190.000	5190.500	5184.500	5186.000	5665	25985	1
2026.07.08	12:10:00	5186.500	5191.500	5185.500	5191.500	4162	17922	1
2026.07.08	12:15:00	5191.000	5195.000	5189.500	5190.500	7006	30122	1
2026.07.08	12:20:00	5191.000	5194.000	5189.500	5193.000	2733	8549	1
2026.07.08	12:25:00	5193.000	5194.000	5190.500	5191.500	2474	9189	1
2026.07.08	12:30:00	5191.500	5195.000	5191.000	5193.000	3139	10831	1
2026.07.08	12:35:00	5193.500	5193.500	5189.000	5193.000	4694	21545	1
2026.07.08	12:40:00	5193.000	5194.000	5191.500	5192.500	2658	13780	1
2026.07.08	12:45:00	5193.000	5196.000	5192.500	5193.500	3391	14844	1
2026.07.08	12:50:00	5193.500	5194.500	5191.500	5192.500	2403	10000	1
2026.07.08	12:55:00	5192.500	5193.000	5191.500	5192.000	1828	9445	1
2026.07.08	13:00:00	5192.000	5193.500	5191.000	5191.500	4335	33562	1
2026.07.08	13:05:00	5192.000	5192.500	5190.000	5191.000	2459	11251	1
2026.07.08	13:10:00	5191.500	5191.500	5188.000	5188.500	4062	18854	1
2026.07.08	13:15:00	5188.000	5189.500	5187.500	5188.000	2314	10428	1
2026.07.08	13:20:00	5188.000	5189.500	5187.000	5189.000	2482	12745	1
2026.07.08	13:25:00	5189.500	5190.000	5185.500	5187.000	3114	12481	1
2026.07.08	13:30:00	5187.000	5188.000	5185.000	5187.500	2755	11115	1
2026.07.08	13:35:00	5187.500	5190.000	5185.000	5187.500	4770	24067	1
2026.07.08	13:40:00	5187.000	5188.500	5182.500	5184.500	6026	24151	1
2026.07.08	13:45:00	5184.000	5185.000	5182.000	5183.500	3912	21570	1
2026.07.08	13:50:00	5183.000	5184.500	5182.500	5184.000	2207	7779	1
2026.07.08	13:55:00	5183.500	5184.000	5181.000	5183.500	2848	13695	1
2026.07.08	14:00:00	5184.000	5185.000	5182.000	5183.000	2058	8851	1
2026.07.08	14:05:00	5182.500	5183.500	5180.000	5182.000	3146	15296	1
2026.07.08	14:10:00	5181.500	5184.000	5181.000	5183.000	3103	25504	1
2026.07.08	14:15:00	5183.500	5183.500	5180.500	5181.000	1534	8294	1
2026.07.08	14:20:00	5181.000	5181.000	5175.000	5178.000	6949	34256	1
2026.07.08	14:25:00	5178.000	5178.500	5177.000	5177.500	2117	12571	1
2026.07.08	14:30:00	5177.500	5178.500	5177.000	5177.500	2344	14704	1
2026.07.08	14:35:00	5177.500	5179.000	5177.000	5178.000	2471	11578	1
2026.07.08	14:40:00	5178.500	5181.000	5178.000	5179.500	2859	13364	1
2026.07.08	14:45:00	5179.500	5182.500	5178.500	5182.000	3080	15691	1
2026.07.08	14:50:00	5181.500	5182.000	5179.500	5180.500	1560	6247	1
2026.07.08	14:55:00	5180.000	5181.500	5179.000	5180.500	1349	9059	1
2026.07.08	15:00:00	5181.000	5183.000	5177.000	5179.000	3579	17354	1
2026.07.08	15:05:00	5179.500	5180.000	5175.000	5176.000	3194	16834	1
2026.07.08	15:10:00	5175.500	5176.500	5172.000	5173.500	3957	18946	1
2026.07.08	15:15:00	5174.000	5176.000	5173.500	5175.500	2647	9919	1
2026.07.08	15:20:00	5175.500	5178.000	5175.500	5176.500	2666	12157	1
2026.07.08	15:25:00	5176.500	5178.000	5176.000	5176.000	1539	6393	1
2026.07.08	15:30:00	5176.000	5178.000	5175.500	5177.000	1861	8232	1
2026.07.08	15:35:00	5177.500	5179.500	5176.000	5178.000	3169	16103	1
2026.07.08	15:40:00	5178.500	5180.500	5178.000	5178.000	2845	11191	1
2026.07.08	15:45:00	5178.000	5178.500	5175.500	5176.000	2649	9803	1
2026.07.08	15:50:00	5176.000	5177.000	5174.000	5175.500	4183	24208	1
2026.07.08	15:55:00	5175.500	5177.500	5175.500	5176.000	3438	12101	1
2026.07.08	16:00:00	5176.500	5176.500	5174.000	5176.000	2434	7773	1
2026.07.08	16:05:00	5176.000	5178.000	5175.500	5176.000	1984	9100	1
2026.07.08	16:10:00	5175.500	5178.000	5175.500	5177.500	1045	3286	1
2026.07.08	16:15:00	5177.000	5177.500	5176.000	5177.000	1504	4553	1
2026.07.08	16:20:00	5176.500	5177.000	5175.000	5176.000	1307	5452	1
2026.07.08	16:25:00	5175.500	5176.500	5175.000	5176.000	2060	7438	1
2026.07.08	16:30:00	5176.000	5177.500	5175.500	5177.500	1846	8851	1
2026.07.08	16:35:00	5177.000	5177.500	5176.500	5177.000	876	3336	1
2026.07.08	16:40:00	5177.000	5177.500	5175.500	5176.000	1478	6362	1
2026.07.08	16:45:00	5176.000	5179.500	5176.000	5176.500	3027	11071	1
2026.07.08	16:50:00	5176.500	5177.000	5174.500	5175.000	2147	8357	1
2026.07.08	16:55:00	5175.000	5178.000	5174.500	5177.500	1954	10290	1
2026.07.08	17:00:00	5177.500	5179.500	5177.000	5178.000	1791	8768	1
2026.07.08	17:05:00	5178.500	5178.500	5176.000	5178.000	1227	6538	1
2026.07.08	17:10:00	5178.000	5180.000	5177.000	5179.500	2076	10385	1
2026.07.08	17:15:00	5180.000	5182.000	5179.000	5180.500	2001	9318	1
2026.07.08	17:20:00	5180.500	5181.000	5179.500	5180.500	674	3574	1
2026.07.08	17:25:00	5180.500	5184.000	5180.500	5182.500	1811	10017	1
2026.07.08	17:30:00	5182.500	5184.000	5182.000	5184.000	1010	5686	1
2026.07.08	17:35:00	5184.000	5185.500	5183.500	5185.000	1528	8748	1
2026.07.08	17:40:00	5184.500	5185.500	5183.000	5184.500	1180	7002	1
2026.07.08	17:45:00	5185.000	5185.500	5184.000	5184.500	617	2608	1
2026.07.08	17:50:00	5184.500	5185.500	5183.000	5183.000	724	3834	1
2026.07.08	17:55:00	5183.500	5183.500	5179.500	5181.000	1876	9187	1
2026.07.08	18:00:00	5181.000	5181.000	5179.500	5180.000	478	2114	1
2026.07.08	18:05:00	5180.000	5181.500	5179.000	5180.500	477	1931	1
2026.07.08	18:10:00	5180.000	5180.500	5177.500	5178.500	782	2901	1
2026.07.08	18:15:00	5178.000	5181.000	5178.000	5179.500	1834	6499	1
2026.07.08	18:20:00	5179.500	5181.000	5178.000	5179.500	766	2940	1
2026.07.08	18:25:00	5179.500	5181.000	5178.000	5180.500	1033	3126	1
2026.07.09	09:00:00	5179.000	5182.000	5175.500	5178.500	9843	30188	1
2026.07.09	09:05:00	5178.500	5182.000	5173.500	5174.500	8373	33875	1
2026.07.09	09:10:00	5174.500	5177.000	5173.000	5176.000	5931	23354	1
2026.07.09	09:15:00	5176.500	5177.000	5169.500	5169.500	7317	25774	1
2026.07.09	09:20:00	5169.500	5172.000	5169.000	5169.000	5059	20847	1
2026.07.09	09:25:00	5169.500	5170.500	5166.500	5170.500	5818	21923	1
2026.07.09	09:30:00	5170.000	5176.500	5168.500	5173.500	7780	26568	1
2026.07.09	09:35:00	5173.500	5178.000	5173.000	5176.000	5282	21149	1
2026.07.09	09:40:00	5176.500	5180.000	5175.000	5176.500	4968	19153	1
2026.07.09	09:45:00	5176.500	5182.000	5176.500	5182.000	6112	28636	1
2026.07.09	09:50:00	5182.000	5183.000	5179.000	5179.000	5116	20533	1
2026.07.09	09:55:00	5179.500	5185.000	5177.500	5183.500	7300	28922	1
2026.07.09	10:00:00	5184.000	5184.000	5175.000	5175.500	8676	31350	1
2026.07.09	10:05:00	5175.000	5178.500	5174.500	5177.000	4828	22869	1
2026.07.09	10:10:00	5176.500	5177.500	5174.000	5175.000	4984	20868	1
2026.07.09	10:15:00	5175.500	5177.500	5174.000	5176.000	3747	14711	1
2026.07.09	10:20:00	5176.500	5177.000	5173.000	5174.500	4124	13555	1
2026.07.09	10:25:00	5174.500	5176.500	5173.000	5174.000	3480	16763	1
2026.07.09	10:30:00	5173.500	5177.000	5172.500	5175.000	5372	17228	1
2026.07.09	10:35:00	5175.000	5176.000	5172.500	5174.500	2596	6696	1
2026.07.09	10:40:00	5174.500	5175.000	5168.000	5171.000	8355	33844	1
2026.07.09	10:45:00	5171.000	5175.000	5171.000	5173.500	4768	20378	1
2026.07.09	10:50:00	5173.000	5176.000	5171.000	5174.000	4460	15864	1
2026.07.09	10:55:00	5173.500	5174.000	5169.000	5169.000	3452	14845	1
2026.07.09	11:00:00	5169.000	5170.500	5162.000	5162.500	9283	38653	1
2026.07.09	11:05:00	5162.500	5163.000	5159.500	5162.500	8695	33438	1
2026.07.09	11:10:00	5162.500	5165.000	5161.500	5165.000	5249	21275	1
2026.07.09	11:15:00	5165.000	5167.500	5161.500	5163.000	6870	24754	1
2026.07.09	11:20:00	5163.000	5165.000	5156.000	5156.500	7763	32831	1
2026.07.09	11:25:00	5156.500	5157.000	5154.000	5156.000	7112	29543	1
2026.07.09	11:30:00	5156.000	5158.500	5153.500	5154.000	5231	22874	1
2026.07.09	11:35:00	5153.500	5158.000	5153.500	5157.000	4244	15735	1
2026.07.09	11:40:00	5156.500	5158.000	5156.000	5156.000	2847	13504	1
2026.07.09	11:45:00	5156.000	5157.500	5153.500	5154.000	2385	8407	1
2026.07.09	11:50:00	5154.500	5155.500	5151.000	5151.500	4990	23353	1
2026.07.09	11:55:00	5151.500	5153.000	5150.000	5151.000	5397	27642	1
2026.07.09	12:00:00	5150.500	5154.500	5150.000	5154.000	4645	25883	1
2026.07.09	12:05:00	5154.000	5154.500	5148.500	5150.000	5335	31220	1
2026.07.09	12:10:00	5150.000	5152.500	5148.000	5152.000	4926	26071	1
2026.07.09	12:15:00	5152.500	5153.000	5150.000	5153.000	3633	17602	1
2026.07.09	12:20:00	5152.500	5153.000	5151.000	5153.000	2373	10469	1
2026.07.09	12:25:00	5153.000	5153.500	5151.500	5152.500	1954	7133	1
2026.07.09	12:30:00	5152.500	5153.500	5152.000	5153.000	1410	6283	1
2026.07.09	12:35:00	5152.500	5154.000	5152.500	5153.500	1587	6661	1
2026.07.09	12:40:00	5153.500	5154.500	5152.000	5153.000	2482	16026	1
2026.07.09	12:45:00	5153.000	5153.000	5149.500	5150.500	2801	14993	1
2026.07.09	12:50:00	5150.000	5151.000	5149.000	5150.000	1775	6371	1
2026.07.09	12:55:00	5150.000	5150.500	5149.000	5149.500	1195	3511	1
2026.07.09	13:00:00	5150.000	5150.500	5148.500	5149.500	1927	9519	1
2026.07.09	13:05:00	5150.000	5150.000	5147.000	5147.500	2953	11454	1
2026.07.09	13:10:00	5147.000	5147.500	5144.000	5144.500	4673	22237	1
2026.07.09	13:15:00	5145.000	5147.500	5144.500	5147.000	3012	15265	1
2026.07.09	13:20:00	5147.000	5149.500	5146.500	5148.500	2372	12756	1
2026.07.09	13:25:00	5149.000	5150.000	5148.000	5148.500	1615	6796	1
2026.07.09	13:30:00	5149.000	5149.500	5146.500	5148.500	2329	14604	1
2026.07.09	13:35:00	5149.000	5150.500	5148.500	5150.000	2101	12242	1
2026.07.09	13:40:00	5150.000	5150.500	5149.500	5149.500	868	3760	1
2026.07.09	13:45:00	5149.500	5152.000	5149.000	5151.000	2911	14123	1
2026.07.09	13:50:00	5151.000	5151.000	5147.500	5148.500	2091	9737	1
2026.07.09	13:55:00	5148.500	5149.000	5148.000	5148.500	1130	4408	1
2026.07.09	14:00:00	5148.500	5149.000	5147.500	5148.000	1066	5023	1
2026.07.09	14:05:00	5148.000	5150.000	5146.500	5149.500	2259	11970	1
2026.07.09	14:10:00	5149.000	5149.500	5148.500	5149.000	697	3282	1
2026.07.09	14:15:00	5149.000	5149.500	5148.500	5148.500	752	4755	1
2026.07.09	14:20:00	5148.500	5149.500	5146.500	5147.500	2083	12553	1
2026.07.09	14:25:00	5147.000	5148.000	5145.500	5146.500	2436	9892	1
2026.07.09	14:30:00	5146.500	5146.500	5143.500	5145.000	2922	14319	1
2026.07.09	14:35:00	5145.000	5145.500	5143.000	5144.000	2149	9815	1
2026.07.09	14:40:00	5144.000	5144.500	5142.500	5143.000	2372	12005	1
2026.07.09	14:45:00	5143.000	5145.000	5142.500	5144.500	1922	9078	1
2026.07.09	14:50:00	5144.500	5144.500	5142.500	5143.000	1985	8305	1
2026.07.09	14:55:00	5143.500	5144.000	5142.000	5143.000	1560	9651	1
2026.07.09	15:00:00	5143.000	5144.000	5141.500	5143.500	1895	10902	1
2026.07.09	15:05:00	5143.000	5145.000	5142.500	5145.000	1523	9884	1
2026.07.09	15:10:00	5145.000	5145.500	5143.000	5144.000	1923	9896	1
2026.07.09	15:15:00	5143.500	5145.000	5143.500	5145.000	949	3738	1
2026.07.09	15:20:00	5145.000	5148.000	5144.500	5147.500	3531	17827	1
2026.07.09	15:25:00	5147.000	5149.500	5146.500	5148.500	2149	9158	1
2026.07.09	15:30:00	5149.000	5150.000	5147.500	5148.000	2380	9460	1
2026.07.09	15:35:00	5148.000	5150.500	5147.500	5150.000	2050	11211	1
2026.07.09	15:40:00	5150.000	5150.500	5148.000	5149.500	1476	5711	1
2026.07.09	15:45:00	5149.000	5149.500	5147.000	5147.500	2083	9829	1
2026.07.09	15:50:00	5147.500	5148.000	5146.500	5147.000	2781	9441	1
2026.07.09	15:55:00	5147.500	5147.500	5144.500	5145.000	4014	11831	1
2026.07.09	16:00:00	5145.000	5146.500	5144.500	5145.500	1748	5580	1
2026.07.09	16:05:00	5146.000	5147.500	5145.500	5147.000	1531	5234	1
2026.07.09	16:10:00	5147.500	5147.500	5146.500	5147.000	1156	2581	1
2026.07.09	16:15:00	5146.500	5147.000	5146.000	5146.000	1036	4618	1
2026.07.09	16:20:00	5146.000	5146.500	5144.500	5145.500	1128	5084	1
2026.07.09	16:25:00	5145.000	5149.500	5145.000	5149.500	2923	16443	1
2026.07.09	16:30:00	5149.500	5152.000	5149.000	5151.500	2948	12662	1
2026.07.09	16:35:00	5151.500	5153.500	5150.500	5150.500	3134	13904	1
2026.07.09	16:40:00	5150.500	5151.500	5150.000	5151.500	920	3853	1
2026.07.09	16:45:00	5151.500	5151.500	5150.500	5150.500	830	2539	1
2026.07.09	16:50:00	5151.000	5151.500	5149.500	5151.000	1328	4576	1
2026.07.09	16:55:00	5150.500	5152.000	5150.000	5152.000	1415	6864	1
2026.07.09	17:00:00	5151.500	5152.000	5151.000	5152.000	595	2817	1
2026.07.09	17:05:00	5152.000	5152.500	5149.000	5150.000	1518	7522	1
2026.07.09	17:10:00	5149.500	5151.500	5149.500	5150.000	828	4102	1
2026.07.09	17:15:00	5149.500	5150.000	5146.000	5146.000	2005	10567	1
2026.07.09	17:20:00	5146.500	5148.000	5146.000	5147.000	774	5403	1
2026.07.09	17:25:00	5147.000	5148.500	5146.500	5148.000	695	3225	1
2026.07.09	17:30:00	5148.500	5149.000	5146.000	5146.000	1013	5173	1
2026.07.09	17:35:00	5146.000	5146.500	5145.000	5145.000	862	4475	1
2026.07.09	17:40:00	5145.500	5146.000	5144.500	5144.500	702	4534	1
2026.07.09	17:45:00	5145.000	5146.000	5144.500	5145.500	976	5452	1
2026.07.09	17:50:00	5145.000	5146.000	5143.500	5144.500	960	4994	1
2026.07.09	17:55:00	5144.000	5146.000	5143.500	5145.000	986	5574	1
2026.07.09	18:00:00	5144.500	5145.000	5140.000	5141.500	1605	5457	1
2026.07.09	18:05:00	5141.500	5142.000	5140.000	5140.500	614	1956	1
2026.07.09	18:10:00	5141.000	5142.000	5136.500	5138.000	1822	9561	1
2026.07.09	18:15:00	5138.500	5141.500	5137.500	5140.500	1200	4902	1
2026.07.09	18:20:00	5140.000	5142.500	5140.000	5142.000	659	2872	1
2026.07.09	18:25:00	5142.000	5144.500	5141.500	5142.000	949	4052	1
2026.07.10	09:00:00	5143.000	5146.000	5134.500	5144.500	5294	59228	0
2026.07.10	09:05:00	5144.500	5149.500	5144.000	5145.000	3288	39715	0
2026.07.10	09:10:00	5145.000	5146.000	5134.500	5138.500	4349	48481	0
2026.07.10	09:15:00	5138.500	5145.000	5138.000	5143.000	2709	34017	0
2026.07.10	09:20:00	5143.000	5145.500	5142.500	5144.000	1338	14416	0
2026.07.10	09:25:00	5144.000	5144.000	5141.000	5143.000	1758	17600	0
2026.07.10	09:30:00	5143.500	5148.500	5142.000	5148.000	2317	19881	0
2026.07.10	09:35:00	5148.000	5150.500	5146.000	5150.500	2237	33302	0
2026.07.10	09:40:00	5150.000	5151.500	5148.000	5150.000	1754	19023	0
2026.07.10	09:45:00	5149.500	5152.000	5147.000	5147.000	1656	19910	0
2026.07.10	09:50:00	5147.000	5147.500	5138.500	5139.000	3636	45617	0
2026.07.10	09:55:00	5139.000	5140.000	5131.000	5135.500	4145	56473	0
2026.07.10	10:00:00	5136.000	5140.500	5135.500	5138.000	2342	42260	0
2026.07.10	10:05:00	5138.000	5146.000	5138.000	5145.500	2635	34372	0
2026.07.10	10:10:00	5145.500	5149.500	5145.000	5148.500	2487	28130	0
2026.07.10	10:15:00	5148.500	5151.500	5147.000	5150.500	1910	26976	0
2026.07.10	10:20:00	5150.000	5151.500	5144.000	5146.500	2730	48262	0
2026.07.10	10:25:00	5146.500	5147.000	5142.500	5143.500	1867	15668	0
2026.07.10	10:30:00	5143.000	5144.000	5134.000	5136.000	3236	43416	0
2026.07.10	10:35:00	5136.000	5139.000	5135.000	5138.500	2235	21946	0
2026.07.10	10:40:00	5138.000	5141.000	5138.000	5139.500	1831	26682	0
2026.07.10	10:45:00	5140.000	5143.000	5138.500	5141.000	1573	22552	0
2026.07.10	10:50:00	5141.000	5141.500	5135.500	5138.500	1950	23188	0
2026.07.10	10:55:00	5138.500	5142.500	5136.500	5137.000	2117	27674	0
2026.07.10	11:00:00	5137.500	5138.500	5135.000	5135.000	1482	19837	0
2026.07.10	11:05:00	5135.000	5138.500	5134.000	5138.000	2012	51297	0
2026.07.10	11:10:00	5138.500	5140.000	5132.000	5133.000	2698	45433	0
2026.07.10	11:15:00	5133.500	5135.000	5131.500	5133.500	1632	27593	0
2026.07.10	11:20:00	5134.000	5136.500	5132.500	5135.500	1140	22822	0
2026.07.10	11:25:00	5135.500	5136.500	5131.000	5136.000	1723	30320	0
2026.07.10	11:30:00	5136.000	5154.000	5135.000	5140.500	6191	94616	0
2026.07.10	11:35:00	5140.500	5145.000	5138.000	5143.000	2981	45043	0
2026.07.10	11:40:00	5143.500	5144.000	5136.500	5138.000	2014	21589	0
2026.07.10	11:45:00	5138.500	5139.000	5132.000	5132.000	1839	34813	0
2026.07.10	11:50:00	5132.000	5136.500	5132.000	5135.500	1249	10193	0
2026.07.10	11:55:00	5135.500	5138.500	5134.500	5137.000	1213	24056	0
2026.07.10	12:00:00	5137.000	5138.000	5135.000	5135.500	1042	19658	0
2026.07.10	12:05:00	5135.500	5138.000	5133.500	5135.500	963	29756	0
2026.07.10	12:10:00	5135.500	5136.000	5134.500	5135.500	496	5076	0
2026.07.10	12:15:00	5135.500	5135.500	5127.500	5130.000	2476	43325	0
2026.07.10	12:20:00	5130.500	5131.000	5128.000	5129.500	1014	16369	0
2026.07.10	12:25:00	5130.000	5132.000	5129.000	5130.000	816	8315	0
2026.07.10	12:30:00	5130.000	5134.500	5129.500	5132.500	1080	24551	0
2026.07.10	12:35:00	5132.500	5135.000	5132.000	5133.500	709	9897	0
2026.07.10	12:40:00	5133.500	5134.500	5132.500	5133.000	532	9024	0
2026.07.10	12:45:00	5133.000	5134.000	5131.000	5132.500	773	15398	0
2026.07.10	12:50:00	5132.500	5133.000	5129.000	5130.500	796	10153	0
2026.07.10	12:55:00	5130.000	5131.500	5130.000	5131.000	508	8120	0
2026.07.10	13:00:00	5131.000	5131.000	5129.500	5131.000	665	25120	0
2026.07.10	13:05:00	5130.500	5131.500	5129.500	5130.000	470	5820	0
2026.07.10	13:10:00	5130.000	5131.000	5128.500	5128.500	614	16281	0
2026.07.10	13:15:00	5128.500	5129.000	5127.500	5128.500	861	14234	0
2026.07.10	13:20:00	5128.500	5129.500	5126.500	5127.000	884	11001	0
2026.07.10	13:25:00	5127.000	5127.500	5125.000	5126.500	1150	16680	0
2026.07.10	13:30:00	5127.000	5127.500	5125.000	5127.000	756	9559	0
2026.07.10	13:35:00	5127.000	5128.500	5126.500	5127.000	791	14383	0
2026.07.10	13:40:00	5127.000	5127.500	5125.000	5126.500	580	5026	0
2026.07.10	13:45:00	5126.500	5130.000	5126.500	5128.500	1116	19358	0
2026.07.10	13:50:00	5128.000	5130.000	5127.000	5129.000	544	5088	0
2026.07.10	13:55:00	5129.500	5132.000	5129.000	5132.000	951	13945	0
2026.07.10	14:00:00	5132.000	5133.000	5130.500	5133.000	780	10784	0
2026.07.10	14:05:00	5133.000	5133.500	5132.000	5133.500	614	6483	0
2026.07.10	14:10:00	5133.000	5134.000	5131.500	5131.500	650	8662	0
2026.07.10	14:15:00	5132.000	5133.000	5131.000	5133.000	604	8597	0
2026.07.10	14:20:00	5132.500	5133.000	5130.500	5130.500	418	4288	0
2026.07.10	14:25:00	5130.500	5131.500	5129.500	5130.500	488	6071	0
2026.07.10	14:30:00	5131.000	5131.500	5129.500	5130.500	340	4203	0
2026.07.10	14:35:00	5130.500	5132.000	5130.000	5132.000	447	5386	0
2026.07.10	14:40:00	5132.000	5133.000	5131.500	5132.000	370	5333	0
2026.07.10	14:45:00	5131.500	5132.000	5130.500	5131.500	336	6448	0
2026.07.10	14:50:00	5131.500	5135.000	5130.500	5134.500	687	12960	0
2026.07.10	14:55:00	5134.000	5135.000	5132.500	5132.500	612	12492	0
2026.07.10	15:00:00	5133.000	5134.000	5132.500	5133.000	488	12233	0
2026.07.10	15:05:00	5133.500	5134.000	5132.500	5132.500	420	4363	0
2026.07.10	15:10:00	5132.500	5133.500	5131.000	5133.000	492	6788	0
2026.07.10	15:15:00	5133.000	5134.000	5132.000	5133.500	358	4465	0
2026.07.10	15:20:00	5134.000	5135.000	5133.500	5135.000	546	8960	0
2026.07.10	15:25:00	5135.000	5136.000	5134.000	5135.500	693	10036	0
2026.07.10	15:30:00	5135.000	5136.000	5134.500	5134.500	479	5003	0
2026.07.10	15:35:00	5134.500	5135.000	5133.500	5134.500	466	6380	0
2026.07.10	15:40:00	5134.500	5135.000	5134.000	5134.000	339	4806	0
2026.07.10	15:45:00	5134.500	5135.000	5133.500	5134.000	364	4791	0
2026.07.10	15:50:00	5134.000	5135.000	5131.500	5134.000	1485	27700	0
2026.07.10	15:55:00	5133.500	5134.000	5131.500	5133.000	1323	11852	0
2026.07.10	16:00:00	5132.500	5137.000	5132.000	5136.000	843	17426	0
2026.07.10	16:05:00	5136.000	5136.000	5134.500	5134.500	390	5129	0
2026.07.10	16:10:00	5134.500	5138.500	5134.500	5138.000	961	17672	0
2026.07.10	16:15:00	5138.000	5138.500	5136.500	5137.000	482	7281	0
2026.07.10	16:20:00	5137.000	5137.500	5136.000	5137.000	341	2862	0
2026.07.10	16:25:00	5137.000	5138.000	5135.500	5138.000	426	6542	0
2026.07.10	16:30:00	5137.500	5138.500	5136.500	5138.000	399	6780	0
2026.07.10	16:35:00	5138.000	5138.000	5136.500	5137.000	253	3488	0
2026.07.10	16:40:00	5136.500	5137.500	5134.500	5135.500	455	11459	0
2026.07.10	16:45:00	5135.500	5137.000	5134.500	5135.000	375	8612	0
2026.07.10	16:50:00	5135.000	5136.000	5134.500	5135.000	273	2380	0
2026.07.10	16:55:00	5135.500	5135.500	5133.000	5134.500	674	9942	0
2026.07.10	17:00:00	5134.500	5135.500	5133.500	5133.500	400	7586	0
2026.07.10	17:05:00	5133.500	5136.000	5133.000	5135.000	378	7506	0
2026.07.10	17:10:00	5135.000	5135.500	5134.000	5135.000	261	4661	0
2026.07.10	17:15:00	5134.500	5135.500	5134.000	5134.500	209	8176	0
2026.07.10	17:20:00	5134.500	5135.000	5133.500	5134.000	157	3105	0
2026.07.10	17:25:00	5134.500	5135.500	5134.000	5135.000	164	3175	0
2026.07.10	17:30:00	5134.500	5135.500	5134.500	5135.000	168	1687	0
2026.07.10	17:35:00	5135.500	5137.500	5135.000	5137.000	353	6730	0
2026.07.10	17:40:00	5136.500	5137.000	5135.500	5136.000	234	5333	0
2026.07.10	17:45:00	5136.500	5136.500	5135.000	5135.500	219	4905	0
2026.07.10	17:50:00	5136.000	5136.500	5134.500	5134.500	214	4792	0
2026.07.10	17:55:00	5135.000	5136.500	5134.500	5136.000	232	2883	0
2026.07.10	18:00:00	5136.000	5138.000	5136.000	5136.500	265	3200	0
2026.07.10	18:05:00	5136.500	5136.500	5135.000	5135.500	167	4091	0
2026.07.10	18:10:00	5136.000	5136.000	5135.000	5135.500	227	3410	0
2026.07.10	18:15:00	5135.500	5138.000	5135.000	5138.000	363	4378	0
2026.07.10	18:20:00	5138.000	5139.000	5136.000	5137.500	267	3370	0
2026.07.10	18:25:00	5137.000	5139.000	5136.500	5137.500	823	3596	0
2026.07.13	09:00:00	5137.500	5144.500	5136.000	5144.000	4237	40431	0
2026.07.13	09:05:00	5143.500	5144.000	5136.000	5139.500	3588	39534	0
2026.07.13	09:10:00	5140.000	5146.500	5137.000	5144.500	3698	54299	0
2026.07.13	09:15:00	5144.500	5145.000	5140.000	5143.500	2013	24243	0
2026.07.13	09:20:00	5143.500	5148.500	5142.500	5142.500	3043	34486	0
2026.07.13	09:25:00	5142.500	5145.000	5141.000	5141.500	2033	19487	0
2026.07.13	09:30:00	5142.000	5144.000	5139.500	5141.000	1804	15108	0
2026.07.13	09:35:00	5140.500	5147.000	5140.500	5145.000	2918	25962	0
2026.07.13	09:40:00	5145.000	5145.500	5138.000	5140.000	2746	28067	0
2026.07.13	09:45:00	5140.000	5142.500	5138.500	5141.500	1380	16131	0
2026.07.13	09:50:00	5142.000	5148.000	5141.500	5146.000	2417	38703	0
2026.07.13	09:55:00	5146.000	5147.000	5135.000	5135.000	2574	50270	0
2026.07.13	10:00:00	5135.000	5139.500	5133.500	5138.500	4486	66595	0
2026.07.13	10:05:00	5138.500	5139.000	5135.000	5137.500	1581	19415	0
2026.07.13	10:10:00	5138.000	5143.000	5137.500	5142.000	2136	39170	0
2026.07.13	10:15:00	5142.000	5150.500	5141.500	5148.500	2645	41137	0
2026.07.13	10:20:00	5148.500	5151.000	5146.000	5150.000	2333	23717	0
2026.07.13	10:25:00	5149.500	5150.000	5146.500	5149.500	1424	21740	0
2026.07.13	10:30:00	5149.500	5150.000	5144.000	5144.000	1935	30838	0
2026.07.13	10:35:00	5144.000	5151.000	5143.500	5151.000	2540	26378	0
2026.07.13	10:40:00	5150.500	5152.000	5147.500	5148.500	2435	36049	0
2026.07.13	10:45:00	5148.500	5151.500	5147.000	5151.000	1277	18009	0
2026.07.13	10:50:00	5151.500	5154.000	5148.000	5149.500	2318	31964	0
2026.07.13	10:55:00	5149.500	5150.000	5146.000	5146.500	1413	17372	0
2026.07.13	11:00:00	5146.500	5147.500	5144.000	5146.500	2308	28198	0
2026.07.13	11:05:00	5146.500	5147.500	5142.500	5145.000	1752	29072	0
2026.07.13	11:10:00	5145.000	5149.000	5144.500	5148.000	1391	17624	0
2026.07.13	11:15:00	5148.000	5161.000	5146.000	5152.500	5104	83348	0
2026.07.13	11:20:00	5152.500	5155.500	5150.000	5151.500	1909	22499	0
2026.07.13	11:25:00	5151.500	5152.000	5148.500	5150.000	1296	15128	0
2026.07.13	11:30:00	5150.000	5151.500	5148.000	5149.500	908	11751	0
2026.07.13	11:35:00	5149.000	5156.500	5149.000	5155.000	1962	36013	0
2026.07.13	11:40:00	5155.500	5156.000	5153.500	5154.000	893	12689	0
2026.07.13	11:45:00	5154.000	5155.500	5149.500	5151.500	1368	23794	0
2026.07.13	11:50:00	5151.000	5154.500	5151.000	5154.000	839	10546	0
2026.07.13	11:55:00	5153.500	5154.000	5147.500	5147.500	1271	26349	0
2026.07.13	12:00:00	5147.500	5150.000	5146.500	5148.500	1810	45741	0
2026.07.13	12:05:00	5148.500	5149.500	5147.000	5148.500	877	13762	0
2026.07.13	12:10:00	5149.000	5151.000	5148.000	5150.000	816	14507	0
2026.07.13	12:15:00	5150.500	5152.000	5149.000	5150.500	837	12524	0
2026.07.13	12:20:00	5150.500	5151.500	5145.500	5146.500	1095	15430	0
2026.07.13	12:25:00	5146.500	5149.000	5146.500	5147.000	761	9644	0
2026.07.13	12:30:00	5147.500	5150.500	5143.000	5150.500	1941	32261	0
2026.07.13	12:35:00	5150.500	5150.500	5148.000	5150.000	648	8108	0
2026.07.13	12:40:00	5150.000	5150.500	5148.000	5148.000	416	5421	0
2026.07.13	12:45:00	5148.500	5149.500	5147.500	5148.500	484	7487	0
2026.07.13	12:50:00	5148.500	5150.500	5147.500	5147.500	428	9327	0
2026.07.13	12:55:00	5147.500	5148.000	5144.500	5145.500	934	14616	0
2026.07.13	13:00:00	5145.000	5146.500	5143.500	5145.000	851	19141	0
2026.07.13	13:05:00	5144.500	5146.000	5143.500	5144.000	468	11853	0
2026.07.13	13:10:00	5144.500	5145.000	5143.000	5144.500	590	10212	0
2026.07.13	13:15:00	5144.000	5146.000	5144.000	5145.000	530	8338	0
2026.07.13	13:20:00	5145.500	5147.500	5144.000	5146.000	792	15907	0
2026.07.13	13:25:00	5146.500	5150.500	5146.000	5148.500	889	12378	0
2026.07.13	13:30:00	5148.500	5160.000	5148.000	5159.500	2507	62861	0
2026.07.13	13:35:00	5160.000	5165.000	5159.000	5159.000	3350	74227	0
2026.07.13	13:40:00	5159.000	5160.000	5155.000	5155.000	1633	32613	0
2026.07.13	13:45:00	5155.000	5159.500	5154.000	5158.000	1478	32764	0
2026.07.13	13:50:00	5158.500	5163.000	5158.000	5160.500	1390	22265	0
2026.07.13	13:55:00	5160.500	5162.000	5158.500	5158.500	795	15425	0
2026.07.13	14:00:00	5159.000	5161.000	5158.500	5160.000	566	8612	0
2026.07.13	14:05:00	5160.000	5160.500	5157.500	5158.500	600	9862	0
2026.07.13	14:10:00	5158.000	5158.500	5156.000	5157.500	745	11922	0
2026.07.13	14:15:00	5157.500	5158.500	5155.500	5155.500	682	17819	0
2026.07.13	14:20:00	5156.000	5158.000	5156.000	5158.000	525	6827	0
2026.07.13	14:25:00	5157.500	5158.500	5156.000	5158.000	704	17379	0
2026.07.13	14:30:00	5157.500	5158.000	5155.500	5156.500	469	5996	0
2026.07.13	14:35:00	5156.000	5157.500	5155.500	5156.500	419	8304	0
2026.07.13	14:40:00	5156.500	5157.500	5154.500	5155.500	572	9964	0
2026.07.13	14:45:00	5155.500	5155.500	5152.500	5155.000	1034	16193	0
2026.07.13	14:50:00	5155.000	5157.500	5154.500	5155.500	1011	19145	0
2026.07.13	14:55:00	5155.000	5156.000	5154.500	5155.000	500	8543	0
2026.07.13	15:00:00	5154.500	5156.000	5153.500	5155.000	610	12518	0
2026.07.13	15:05:00	5155.500	5155.500	5152.500	5153.500	539	7266	0
2026.07.13	15:10:00	5154.000	5157.000	5153.500	5156.500	816	10510	0
2026.07.13	15:15:00	5156.500	5158.000	5154.000	5157.000	641	14209	0
2026.07.13	15:20:00	5157.500	5160.000	5157.000	5157.500	901	16848	0
2026.07.13	15:25:00	5158.000	5158.500	5156.000	5156.500	563	6190	0
2026.07.13	15:30:00	5157.000	5157.500	5155.000	5156.500	552	7917	0
2026.07.13	15:35:00	5156.500	5157.000	5155.000	5156.500	468	10741	0
2026.07.13	15:40:00	5156.500	5157.000	5155.000	5156.500	351	5112	0
2026.07.13	15:45:00	5156.500	5157.000	5155.000	5156.500	337	10368	0
2026.07.13	15:50:00	5157.000	5157.000	5154.000	5155.000	1217	11224	0
2026.07.13	15:55:00	5154.500	5156.500	5153.500	5154.000	1186	17388	0
2026.07.13	16:00:00	5154.000	5155.000	5152.000	5153.000	807	13677	0
2026.07.13	16:05:00	5152.500	5156.500	5152.500	5156.000	690	8481	0
2026.07.13	16:10:00	5156.500	5157.000	5155.000	5155.000	436	6830	0
2026.07.13	16:15:00	5155.500	5156.000	5155.000	5155.500	325	3669	0
2026.07.13	16:20:00	5155.500	5156.500	5155.000	5155.000	415	4508	0
2026.07.13	16:25:00	5155.000	5157.500	5154.500	5157.500	595	9208	0
2026.07.13	16:30:00	5157.500	5158.000	5156.000	5156.500	472	9305	0
2026.07.13	16:35:00	5156.500	5158.000	5156.500	5157.000	487	5727	0
2026.07.13	16:40:00	5157.000	5157.500	5155.500	5155.500	460	5674	0
2026.07.13	16:45:00	5156.000	5156.500	5154.000	5154.000	501	17385	0
2026.07.13	16:50:00	5154.000	5155.000	5154.000	5154.500	473	4833	0
2026.07.13	16:55:00	5154.500	5157.000	5154.000	5156.500	758	14411	0
2026.07.13	17:00:00	5156.500	5157.000	5154.000	5155.500	443	6947	0
2026.07.13	17:05:00	5155.000	5156.500	5154.500	5156.500	236	3170	0
2026.07.13	17:10:00	5156.500	5162.000	5156.000	5160.500	1090	22690	0
2026.07.13	17:15:00	5161.000	5162.500	5160.000	5161.500	617	11268	0
2026.07.13	17:20:00	5161.500	5162.500	5161.000	5161.000	341	6688	0
2026.07.13	17:25:00	5161.500	5161.500	5159.000	5160.000	413	6169	0
2026.07.13	17:30:00	5160.000	5161.500	5159.500	5161.000	334	2292	0
2026.07.13	17:35:00	5161.000	5162.500	5161.000	5161.500	338	4126	0
2026.07.13	17:40:00	5161.500	5162.500	5161.000	5161.500	321	3045	0
2026.07.13	17:45:00	5161.500	5162.000	5159.500	5160.500	325	7870	0
2026.07.13	17:50:00	5160.500	5165.500	5160.000	5161.500	859	17353	0
2026.07.13	17:55:00	5161.500	5162.500	5161.000	5161.500	313	3563	0
2026.07.13	18:00:00	5161.500	5162.000	5160.000	5160.500	375	3910	0
2026.07.13	18:05:00	5160.500	5161.500	5160.500	5161.000	217	3646	0
2026.07.13	18:10:00	5161.000	5162.000	5159.500	5159.500	315	4120	0
2026.07.13	18:15:00	5159.500	5161.000	5159.500	5160.500	426	4858	0
2026.07.13	18:20:00	5160.000	5161.500	5159.500	5160.000	300	1821	0
2026.07.13	18:25:00	5160.500	5161.000	5159.000	5160.000	664	2923	0
2026.07.14	09:00:00	5150.000	5150.000	5142.500	5147.500	3888	46779	0
2026.07.14	09:05:00	5147.500	5150.500	5145.500	5146.500	2720	37015	0
2026.07.14	09:10:00	5146.000	5146.500	5142.500	5143.500	2584	33571	0
2026.07.14	09:15:00	5143.500	5144.000	5137.000	5137.500	3396	38201	0
2026.07.14	09:20:00	5138.000	5138.000	5130.000	5134.000	3984	50957	0
2026.07.14	09:25:00	5134.000	5137.500	5130.000	5133.000	3096	44913	0
2026.07.14	09:30:00	5132.500	5132.500	5086.500	5097.500	12437	210936	0
2026.07.14	09:35:00	5097.000	5115.000	5097.000	5111.000	6032	92363	0
2026.07.14	09:40:00	5111.000	5111.500	5101.500	5102.500	4127	51307	0
2026.07.14	09:45:00	5102.500	5109.500	5101.500	5105.500	2813	35509	0
2026.07.14	09:50:00	5106.000	5109.000	5103.000	5106.500	2057	29383	0
2026.07.14	09:55:00	5106.500	5114.500	5104.000	5109.500	2726	36294	0
2026.07.14	10:00:00	5109.500	5112.000	5105.500	5108.000	2591	33276	0
2026.07.14	10:05:00	5108.500	5110.000	5098.500	5105.500	4285	56857	0
2026.07.14	10:10:00	5105.500	5108.000	5099.000	5104.000	3137	50445	0
2026.07.14	10:15:00	5104.500	5105.000	5097.500	5100.000	2510	33706	0
2026.07.14	10:20:00	5099.500	5101.000	5093.000	5095.000	3360	59950	0
2026.07.14	10:25:00	5094.500	5098.000	5093.500	5098.000	2178	38347	0
2026.07.14	10:30:00	5097.500	5098.000	5090.500	5095.000	3292	69647	0
2026.07.14	10:35:00	5095.000	5097.500	5091.000	5093.000	2164	36790	0
2026.07.14	10:40:00	5093.000	5099.500	5092.000	5095.500	2652	46756	0
2026.07.14	10:45:00	5096.000	5099.000	5094.500	5096.000	1529	27211	0
2026.07.14	10:50:00	5096.000	5099.000	5092.500	5093.500	1744	24247	0
2026.07.14	10:55:00	5093.500	5096.500	5092.000	5095.500	1323	15239	0
2026.07.14	11:00:00	5095.500	5098.500	5092.000	5098.500	1808	28924	0
2026.07.14	11:05:00	5098.500	5099.500	5096.000	5098.500	1287	15727	0
2026.07.14	11:10:00	5098.500	5100.500	5097.000	5099.000	1668	26216	0
2026.07.14	11:15:00	5099.000	5103.000	5096.500	5098.500	2276	39702	0
2026.07.14	11:20:00	5098.500	5099.000	5095.000	5098.500	1477	21484	0
2026.07.14	11:25:00	5098.500	5100.500	5097.000	5099.500	1556	20272	0
2026.07.14	11:30:00	5099.500	5100.000	5090.000	5094.500	3114	60213	0
2026.07.14	11:35:00	5094.500	5098.000	5092.000	5097.000	1982	38214	0
2026.07.14	11:40:00	5097.000	5100.000	5096.000	5097.000	1414	16235	0
2026.07.14	11:45:00	5097.500	5100.000	5094.000	5096.000	1758	24158	0
2026.07.14	11:50:00	5095.500	5099.000	5094.500	5097.000	824	13063	0
2026.07.14	11:55:00	5097.000	5097.500	5092.500	5093.500	1162	27622	0
2026.07.14	12:00:00	5093.500	5095.500	5090.000	5093.500	2089	48599	0
2026.07.14	12:05:00	5093.500	5095.000	5088.000	5092.000	2363	41506	0
2026.07.14	12:10:00	5092.000	5094.000	5091.000	5092.000	917	11602	0
2026.07.14	12:15:00	5092.500	5096.500	5091.000	5095.000	1065	24854	0
2026.07.14	12:20:00	5095.500	5096.500	5093.500	5093.500	631	9276	0
2026.07.14	12:25:00	5094.000	5094.000	5090.000	5090.500	911	13126	0
2026.07.14	12:30:00	5090.500	5096.000	5090.000	5095.000	994	15979	0
2026.07.14	12:35:00	5095.000	5097.000	5094.500	5097.000	894	9104	0
2026.07.14	12:40:00	5097.000	5101.000	5096.000	5097.000	1533	22761	0
2026.07.14	12:45:00	5096.500	5098.500	5095.500	5097.500	714	7714	0
2026.07.14	12:50:00	5097.500	5101.500	5097.000	5100.000	1149	12784	0
2026.07.14	12:55:00	5100.000	5101.500	5099.000	5100.000	638	11739	0
2026.07.14	13:00:00	5100.000	5103.500	5099.000	5101.000	1327	23303	0
2026.07.14	13:05:00	5101.000	5105.000	5100.000	5102.500	1237	15984	0
2026.07.14	13:10:00	5102.500	5103.000	5100.000	5102.000	977	13285	0
2026.07.14	13:15:00	5102.000	5104.000	5101.500	5102.500	595	5031	0
2026.07.14	13:20:00	5103.000	5103.500	5099.000	5100.000	782	11617	0
2026.07.14	13:25:00	5099.500	5100.500	5099.000	5100.000	525	5592	0
2026.07.14	13:30:00	5099.500	5100.000	5098.000	5099.000	613	8730	0
2026.07.14	13:35:00	5099.500	5100.000	5095.500	5096.500	831	8557	0
2026.07.14	13:40:00	5096.500	5097.500	5094.500	5094.500	634	6698	0
2026.07.14	13:45:00	5094.500	5098.500	5093.500	5096.500	1115	18474	0
2026.07.14	13:50:00	5096.500	5097.500	5095.000	5097.000	438	13847	0
2026.07.14	13:55:00	5097.000	5098.000	5096.000	5096.000	498	11590	0
2026.07.14	14:00:00	5096.000	5097.000	5093.000	5095.500	1070	16463	0
2026.07.14	14:05:00	5095.000	5099.000	5094.500	5095.500	867	20162	0
2026.07.14	14:10:00	5095.500	5098.500	5094.500	5097.500	480	9614	0
2026.07.14	14:15:00	5098.000	5099.500	5097.500	5099.000	553	5561	0
2026.07.14	14:20:00	5098.500	5099.000	5095.000	5095.000	568	9791	0
2026.07.14	14:25:00	5095.000	5096.500	5095.000	5096.000	362	8647	0
2026.07.14	14:30:00	5096.000	5097.000	5094.500	5097.000	481	8302	0
2026.07.14	14:35:00	5096.500	5098.500	5095.500	5096.500	479	12552	0
2026.07.14	14:40:00	5097.000	5097.500	5096.500	5097.500	197	4893	0
2026.07.14	14:45:00	5097.000	5098.500	5096.000	5097.000	551	7145	0
2026.07.14	14:50:00	5097.500	5098.500	5096.500	5098.500	374	5816	0
2026.07.14	14:55:00	5098.500	5100.000	5098.000	5099.000	560	7602	0
2026.07.14	15:00:00	5099.500	5100.000	5097.000	5098.000	581	10407	0
2026.07.14	15:05:00	5098.000	5098.500	5096.500	5097.500	373	9917	0
2026.07.14	15:10:00	5098.000	5099.500	5097.500	5098.000	387	11801	0
2026.07.14	15:15:00	5098.000	5098.500	5096.500	5097.500	407	12462	0
2026.07.14	15:20:00	5097.000	5099.000	5097.000	5098.000	277	3850	0
2026.07.14	15:25:00	5098.000	5099.000	5096.500	5097.000	351	4822	0
2026.07.14	15:30:00	5097.000	5098.000	5096.000	5096.500	343	6886	0
2026.07.14	15:35:00	5096.000	5099.000	5096.000	5097.500	330	6732	0
2026.07.14	15:40:00	5097.000	5100.000	5097.000	5098.500	716	13768	0
2026.07.14	15:45:00	5098.500	5099.000	5096.500	5097.000	590	8729	0
2026.07.14	15:50:00	5097.000	5097.500	5095.500	5096.500	1475	13865	0
2026.07.14	15:55:00	5096.500	5096.500	5094.500	5096.000	1550	28119	0
2026.07.14	16:00:00	5095.500	5096.500	5094.500	5096.000	470	8632	0
2026.07.14	16:05:00	5096.000	5097.000	5095.500	5096.500	264	2780	0
2026.07.14	16:10:00	5096.500	5098.000	5096.000	5097.500	378	6554	0
2026.07.14	16:15:00	5097.500	5097.500	5096.000	5097.000	292	4599	0
2026.07.14	16:20:00	5097.000	5097.500	5095.000	5096.500	364	6190	0
2026.07.14	16:25:00	5096.500	5098.500	5096.000	5097.000	327	7289	0
2026.07.14	16:30:00	5097.000	5100.000	5097.000	5099.500	683	11060	0
2026.07.14	16:35:00	5099.000	5100.000	5097.500	5098.500	423	6471	0
2026.07.14	16:40:00	5098.000	5098.500	5096.500	5096.500	339	5623	0
2026.07.14	16:45:00	5097.000	5098.000	5096.000	5098.000	318	5117	0
2026.07.14	16:50:00	5098.000	5098.500	5097.000	5097.500	326	7162	0
2026.07.14	16:55:00	5098.000	5099.500	5097.500	5099.000	413	5744	0
2026.07.14	17:00:00	5099.500	5102.000	5099.000	5100.500	810	11568	0
2026.07.14	17:05:00	5100.500	5100.500	5098.000	5098.000	349	7056	0
2026.07.14	17:10:00	5098.500	5099.000	5097.500	5099.000	255	5130	0
2026.07.14	17:15:00	5099.000	5099.000	5097.000	5098.000	226	3536	0
2026.07.14	17:20:00	5097.500	5099.500	5097.500	5099.500	152	3899	0
2026.07.14	17:25:00	5099.000	5101.000	5098.000	5099.500	247	10241	0
2026.07.14	17:30:00	5100.000	5101.000	5098.500	5098.500	302	8825	0
2026.07.14	17:35:00	5098.500	5099.000	5094.500	5096.500	715	14009	0
2026.07.14	17:40:00	5096.500	5099.000	5096.000	5098.000	401	8927	0
2026.07.14	17:45:00	5098.500	5099.000	5097.500	5098.500	233	1822	0
2026.07.14	17:50:00	5098.500	5099.000	5095.000	5095.000	359	8416	0
2026.07.14	17:55:00	5095.000	5095.500	5093.000	5095.000	498	9011	0
2026.07.14	18:00:00	5095.000	5095.000	5093.000	5093.500	241	2808	0
2026.07.14	18:05:00	5093.500	5093.500	5089.500	5093.000	544	7506	0
2026.07.14	18:10:00	5093.000	5094.500	5092.000	5093.500	421	5265	0
2026.07.14	18:15:00	5093.000	5095.000	5092.500	5095.000	600	4809	0
2026.07.14	18:20:00	5094.500	5095.500	5094.000	5095.500	567	5685	0
2026.07.14	18:25:00	5095.500	5096.000	5094.000	5096.000	1041	4362	0
2026.07.15	09:00:00	5097.000	5103.000	5092.500	5101.000	14365	59851	1
2026.07.15	09:05:00	5101.000	5105.000	5100.000	5102.000	9663	35787	1
2026.07.15	09:10:00	5102.000	5102.500	5097.000	5101.000	8522	32447	1
2026.07.15	09:15:00	5100.500	5103.500	5098.500	5102.500	5212	21960	1
2026.07.15	09:20:00	5102.500	5103.000	5099.500	5101.000	3949	12846	1
2026.07.15	09:25:00	5100.500	5102.500	5098.500	5099.500	3112	10656	1
2026.07.15	09:30:00	5100.000	5100.000	5090.000	5095.000	17993	82773	1
2026.07.15	09:35:00	5094.500	5098.000	5092.500	5095.000	8290	30495	1
2026.07.15	09:40:00	5094.500	5095.500	5091.000	5092.000	5651	20992	1
2026.07.15	09:45:00	5092.000	5094.000	5086.500	5088.000	8785	36457	1
2026.07.15	09:50:00	5088.000	5090.500	5085.500	5085.500	7711	34639	1
2026.07.15	09:55:00	5085.500	5085.500	5080.000	5083.500	12014	60145	1
2026.07.15	10:00:00	5084.000	5084.500	5078.500	5080.500	7860	41413	1
2026.07.15	10:05:00	5081.000	5083.000	5077.500	5081.500	8642	46883	1
2026.07.15	10:10:00	5082.000	5086.500	5081.500	5086.000	8800	40683	1
2026.07.15	10:15:00	5085.500	5087.500	5082.500	5085.500	6934	31724	1
2026.07.15	10:20:00	5085.000	5089.000	5084.500	5087.000	5556	21615	1
2026.07.15	10:25:00	5087.000	5094.000	5087.000	5092.000	10208	46584	1
2026.07.15	10:30:00	5092.500	5093.500	5090.000	5092.500	6110	28047	1
2026.07.15	10:35:00	5092.500	5094.500	5089.500	5094.000	7369	31923	1
2026.07.15	10:40:00	5094.000	5095.000	5092.000	5094.500	4177	22270	1
2026.07.15	10:45:00	5094.000	5095.000	5090.500	5092.500	4754	20913	1
2026.07.15	10:50:00	5092.500	5093.000	5088.000	5091.000	5848	26282	1
2026.07.15	10:55:00	5090.500	5092.000	5086.500	5089.000	7284	31847	1
2026.07.15	11:00:00	5089.500	5092.500	5088.000	5092.000	5306	30553	1
2026.07.15	11:05:00	5092.000	5094.000	5090.000	5093.500	4037	16612	1
2026.07.15	11:10:00	5093.000	5095.500	5089.500	5093.500	5450	24960	1
2026.07.15	11:15:00	5093.000	5093.500	5091.000	5091.500	2891	13969	1
2026.07.15	11:20:00	5092.000	5101.500	5091.500	5098.500	13084	69546	1
2026.07.15	11:25:00	5098.500	5099.000	5093.000	5094.500	7256	32971	1
2026.07.15	11:30:00	5094.000	5096.500	5092.000	5093.000	5604	27306	1
2026.07.15	11:35:00	5093.000	5098.000	5092.500	5096.500	4796	24550	1
2026.07.15	11:40:00	5096.500	5097.000	5094.500	5096.000	2140	9208	1
2026.07.15	11:45:00	5096.000	5100.000	5095.500	5096.000	4785	19306	1
2026.07.15	11:50:00	5096.500	5101.000	5095.500	5100.500	3849	17847	1
2026.07.15	11:55:00	5100.500	5101.000	5097.500	5099.000	3490	13475	1
2026.07.15	12:00:00	5099.500	5102.000	5097.500	5097.500	5352	22742	1
2026.07.15	12:05:00	5097.500	5098.000	5095.500	5098.000	3414	13407	1
2026.07.15	12:10:00	5098.000	5101.500	5097.000	5100.500	3231	14306	1
2026.07.15	12:15:00	5101.000	5101.500	5097.000	5097.500	2728	11328	1
2026.07.15	12:20:00	5097.500	5103.000	5097.500	5101.000	3987	14872	1
2026.07.15	12:25:00	5101.000	5101.500	5097.000	5098.500	3577	20338	1
2026.07.15	12:30:00	5098.500	5102.500	5098.500	5101.500	2757	11683	1
2026.07.15	12:35:00	5102.000	5103.500	5100.500	5102.000	3440	18714	1
2026.07.15	12:40:00	5101.500	5102.000	5099.000	5099.500	1749	6756	1
2026.07.15	12:45:00	5100.000	5100.000	5098.500	5100.000	1600	10069	1
2026.07.15	12:50:00	5100.000	5102.000	5099.500	5100.000	2342	11856	1
2026.07.15	12:55:00	5100.000	5102.000	5099.500	5101.000	1706	7863	1
2026.07.15	13:00:00	5100.500	5101.500	5100.000	5100.000	1232	7451	1
2026.07.15	13:05:00	5100.000	5103.000	5099.500	5101.500	2363	15725	1
2026.07.15	13:10:00	5101.000	5102.000	5100.000	5101.500	1338	8030	1
2026.07.15	13:15:00	5101.500	5102.500	5100.000	5101.500	1474	6648	1
2026.07.15	13:20:00	5101.500	5102.500	5100.000	5102.000	2025	9953	1
2026.07.15	13:25:00	5101.500	5102.500	5100.000	5101.500	1381	5767	1
2026.07.15	13:30:00	5101.000	5102.500	5100.000	5101.500	1772	7282	1
2026.07.15	13:35:00	5101.000	5103.500	5101.000	5103.000	2300	10725	1
2026.07.15	13:40:00	5103.000	5104.500	5102.000	5103.500	2531	12597	1
2026.07.15	13:45:00	5103.000	5104.000	5098.000	5102.500	5913	23521	1
2026.07.15	13:50:00	5102.000	5104.500	5100.500	5104.000	3028	19074	1
2026.07.15	13:55:00	5104.000	5108.500	5103.500	5106.000	7088	33816	1
2026.07.15	14:00:00	5106.000	5106.000	5102.000	5102.500	2834	12401	1
2026.07.15	14:05:00	5103.000	5104.000	5098.500	5100.500	5815	35549	1
2026.07.15	14:10:00	5101.000	5104.000	5099.000	5103.500	3198	17300	1
2026.07.15	14:15:00	5103.500	5104.500	5098.500	5099.500	4480	31617	1
2026.07.15	14:20:00	5099.500	5100.000	5098.500	5099.500	1658	7790	1
2026.07.15	14:25:00	5099.500	5100.500	5098.500	5098.500	2376	13918	1
2026.07.15	14:30:00	5098.500	5099.000	5095.000	5096.500	5637	27121	1
2026.07.15	14:35:00	5096.000	5099.000	5093.000	5096.000	6192	36315	1
2026.07.15	14:40:00	5096.500	5097.500	5094.000	5096.500	4046	31406	1
2026.07.15	14:45:00	5096.500	5098.000	5094.500	5097.000	2018	9472	1
2026.07.15	14:50:00	5097.000	5098.000	5096.000	5097.500	2498	11207	1
2026.07.15	14:55:00	5097.000	5097.500	5096.000	5097.000	956	3795	1
2026.07.15	15:00:00	5097.000	5097.500	5095.000	5096.000	2220	16444	1
2026.07.15	15:05:00	5096.000	5097.500	5095.500	5097.000	1604	5398	1
2026.07.15	15:10:00	5097.000	5097.500	5096.000	5097.000	1297	6678	1
2026.07.15	15:15:00	5097.000	5098.500	5095.500	5097.500	2204	10601	1
2026.07.15	15:20:00	5097.500	5098.000	5096.000	5097.000	1468	6814	1
2026.07.15	15:25:00	5097.000	5098.500	5096.500	5097.000	1920	9974	1
2026.07.15	15:30:00	5097.500	5098.000	5095.000	5095.500	2034	10353	1
2026.07.15	15:35:00	5095.500	5097.500	5095.000	5095.500	1716	9307	1
2026.07.15	15:40:00	5095.500	5097.500	5095.000	5097.000	1880	8888	1
2026.07.15	15:45:00	5096.500	5098.500	5096.500	5097.500	2128	9354	1
2026.07.15	15:50:00	5097.500	5098.500	5095.500	5095.500	6627	14638	1
2026.07.15	15:55:00	5096.000	5097.000	5094.500	5097.000	7099	16367	1
2026.07.15	16:00:00	5097.000	5099.500	5096.000	5097.500	3255	16708	1
2026.07.15	16:05:00	5097.500	5099.500	5097.000	5098.000	2660	22633	1
2026.07.15	16:10:00	5098.000	5098.500	5096.000	5097.500	2042	13025	1
2026.07.15	16:15:00	5097.500	5098.500	5096.500	5098.000	923	5218	1
2026.07.15	16:20:00	5098.000	5098.500	5097.000	5098.000	773	3857	1
2026.07.15	16:25:00	5098.000	5098.500	5096.500	5097.000	894	4511	1
2026.07.15	16:30:00	5097.000	5101.500	5096.500	5100.500	4098	22152	1
2026.07.15	16:35:00	5100.500	5101.000	5098.000	5098.500	1405	6045	1
2026.07.15	16:40:00	5098.500	5100.000	5098.000	5100.000	1079	4439	1
2026.07.15	16:45:00	5099.500	5101.000	5099.500	5100.500	959	3664	1
2026.07.15	16:50:00	5100.000	5101.000	5098.000	5099.000	2216	11090	1
2026.07.15	16:55:00	5099.000	5099.000	5097.500	5098.500	1337	8322	1
2026.07.15	17:00:00	5098.000	5099.500	5098.000	5098.500	594	3489	1
2026.07.15	17:05:00	5098.000	5098.500	5096.000	5097.500	1878	16347	1
2026.07.15	17:10:00	5098.000	5099.000	5096.500	5098.000	970	8286	1
2026.07.15	17:15:00	5097.500	5098.500	5097.500	5098.000	394	1992	1
2026.07.15	17:20:00	5098.000	5098.500	5097.000	5098.000	500	4574	1
2026.07.15	17:25:00	5098.000	5099.000	5097.500	5099.000	337	2481	1
2026.07.15	17:30:00	5099.000	5099.000	5097.000	5097.500	644	6336	1
2026.07.15	17:35:00	5097.000	5097.500	5096.000	5096.000	592	4482	1
2026.07.15	17:40:00	5096.000	5097.000	5095.500	5096.500	467	3330	1
2026.07.15	17:45:00	5096.500	5098.000	5096.500	5098.000	335	1682	1
2026.07.15	17:50:00	5098.000	5100.000	5097.000	5099.500	1098	7145	1
2026.07.15	17:55:00	5099.500	5100.000	5098.000	5099.000	945	6173	1
2026.07.15	18:00:00	5099.000	5099.500	5097.500	5099.000	352	1759	1
2026.07.15	18:05:00	5099.000	5099.000	5097.000	5097.000	440	2490	1
2026.07.15	18:10:00	5097.500	5098.000	5096.000	5096.500	682	3133	1
2026.07.15	18:15:00	5096.500	5098.500	5096.000	5097.500	819	4499	1
2026.07.15	18:20:00	5097.500	5097.500	5096.000	5096.500	472	2368	1
2026.07.15	18:25:00	5097.000	5098.500	5095.000	5098.000	819	3779	1
2026.07.16	09:00:00	5115.000	5115.000	5099.500	5104.000	15166	60545	1
2026.07.16	09:05:00	5104.000	5107.500	5103.500	5105.000	5870	24405	1
2026.07.16	09:10:00	5105.000	5110.500	5105.000	5109.000	6495	26464	1
2026.07.16	09:15:00	5109.000	5111.500	5107.500	5108.000	6101	28112	1
2026.07.16	09:20:00	5108.500	5110.500	5105.500	5108.000	6826	27164	1
2026.07.16	09:25:00	5108.500	5110.000	5105.500	5105.500	3175	11395	1
2026.07.16	09:30:00	5106.000	5114.000	5105.000	5113.000	8183	32417	1
2026.07.16	09:35:00	5113.500	5117.500	5110.000	5115.000	10688	40336	1
2026.07.16	09:40:00	5115.500	5120.000	5114.000	5118.000	9070	41378	1
2026.07.16	09:45:00	5118.500	5119.000	5112.000	5114.000	7928	30714	1
2026.07.16	09:50:00	5113.500	5116.000	5111.500	5116.000	4667	17780	1
2026.07.16	09:55:00	5115.500	5120.000	5115.000	5117.500	5231	17766	1
2026.07.16	10:00:00	5118.000	5120.000	5116.000	5117.000	6341	28433	1
2026.07.16	10:05:00	5117.000	5119.500	5115.000	5116.000	4441	17150	1
2026.07.16	10:10:00	5116.000	5118.000	5115.000	5117.500	3001	11505	1
2026.07.16	10:15:00	5117.500	5119.500	5116.000	5117.000	4011	18007	1
2026.07.16	10:20:00	5117.000	5118.000	5115.000	5118.000	3921	19908	1
2026.07.16	10:25:00	5118.000	5119.000	5116.000	5117.000	3859	13363	1
2026.07.16	10:30:00	5116.500	5122.000	5115.500	5121.500	8824	41765	1
2026.07.16	10:35:00	5121.500	5123.000	5118.000	5121.500	7400	34980	1
2026.07.16	10:40:00	5121.500	5122.000	5117.500	5122.000	5743	24821	1
2026.07.16	10:45:00	5121.500	5122.500	5119.500	5120.500	4055	16829	1
2026.07.16	10:50:00	5121.000	5121.000	5116.500	5118.000	4751	19393	1
2026.07.16	10:55:00	5118.000	5120.500	5118.000	5119.000	2954	12669	1
2026.07.16	11:00:00	5119.000	5119.500	5114.500	5117.500	7456	28558	1
2026.07.16	11:05:00	5117.500	5118.500	5115.000	5115.500	3170	13808	1
2026.07.16	11:10:00	5115.500	5118.000	5114.500	5117.000	3206	14177	1
2026.07.16	11:15:00	5116.500	5117.500	5113.000	5114.000	5190	19728	1
2026.07.16	11:20:00	5113.500	5118.500	5113.500	5118.000	3581	13202	1
2026.07.16	11:25:00	5118.000	5118.500	5116.000	5118.000	2631	11048	1
2026.07.16	11:30:00	5118.500	5120.500	5117.000	5120.000	4004	16224	1
2026.07.16	11:35:00	5120.000	5124.500	5119.500	5123.500	6947	31862	1
2026.07.16	11:40:00	5123.500	5124.000	5121.500	5121.500	2863	11039	1
2026.07.16	11:45:00	5122.000	5123.000	5120.500	5121.500	3274	13660	1
2026.07.16	11:50:00	5121.500	5123.000	5121.000	5121.500	1562	5037	1
2026.07.16	11:55:00	5122.000	5123.500	5118.000	5120.000	4958	24248	1
2026.07.16	12:00:00	5120.500	5121.500	5118.500	5119.000	2806	14524	1
2026.07.16	12:05:00	5119.000	5121.000	5118.500	5119.500	1885	8078	1
2026.07.16	12:10:00	5119.500	5121.000	5118.500	5118.500	1914	7130	1
2026.07.16	12:15:00	5118.500	5119.000	5114.500	5115.500	4572	17518	1
2026.07.16	12:20:00	5116.000	5116.000	5110.500	5113.500	6514	26964	1
2026.07.16	12:25:00	5113.500	5114.500	5111.000	5112.500	3065	16528	1
2026.07.16	12:30:00	5112.500	5115.000	5112.000	5114.500	2906	14225	1
2026.07.16	12:35:00	5114.500	5116.000	5113.000	5113.000	2862	12308	1
2026.07.16	12:40:00	5113.000	5114.000	5112.000	5113.500	1633	7109	1
2026.07.16	12:45:00	5113.500	5114.000	5112.000	5112.500	884	4556	1
2026.07.16	12:50:00	5112.500	5113.500	5112.000	5113.000	1260	3888	1
2026.07.16	12:55:00	5113.000	5114.000	5112.500	5113.000	1400	5877	1
2026.07.16	13:00:00	5112.500	5116.000	5112.000	5115.500	2280	11842	1
2026.07.16	13:05:00	5116.000	5117.000	5114.000	5115.000	2512	9605	1
2026.07.16	13:10:00	5115.000	5118.500	5115.000	5118.000	2569	11829	1
2026.07.16	13:15:00	5117.500	5120.000	5117.500	5119.500	3084	19346	1
2026.07.16	13:20:00	5119.500	5123.500	5119.000	5122.500	3872	16025	1
2026.07.16	13:25:00	5122.000	5123.000	5119.000	5120.000	2672	10432	1
2026.07.16	13:30:00	5120.500	5121.000	5118.000	5118.500	2197	9255	1
2026.07.16	13:35:00	5118.500	5119.500	5117.500	5118.000	1529	6795	1
2026.07.16	13:40:00	5118.500	5120.000	5118.000	5119.000	1152	6024	1
2026.07.16	13:45:00	5119.000	5120.000	5118.000	5119.000	1169	5681	1
2026.07.16	13:50:00	5119.500	5119.500	5117.000	5117.500	1075	4462	1
2026.07.16	13:55:00	5117.500	5118.000	5116.500	5116.500	1467	8198	1
2026.07.16	14:00:00	5117.000	5119.000	5116.500	5118.000	1552	6366	1
2026.07.16	14:05:00	5118.500	5129.500	5118.000	5127.500	11748	63155	1
2026.07.16	14:10:00	5127.000	5134.000	5124.000	5132.500	10897	71278	1
2026.07.16	14:15:00	5132.500	5133.000	5127.500	5127.500	3653	15411	1
2026.07.16	14:20:00	5127.500	5129.000	5126.000	5129.000	2332	8914	1
2026.07.16	14:25:00	5129.000	5129.500	5126.000	5126.000	1813	7448	1
2026.07.16	14:30:00	5126.000	5127.000	5125.000	5126.000	1787	8370	1
2026.07.16	14:35:00	5126.000	5129.500	5125.500	5129.500	1864	8601	1
2026.07.16	14:40:00	5129.500	5129.500	5127.500	5128.500	2019	7692	1
2026.07.16	14:45:00	5128.500	5129.500	5125.500	5126.000	1878	7284	1
2026.07.16	14:50:00	5126.000	5126.000	5124.500	5125.500	1552	5791	1
2026.07.16	14:55:00	5125.500	5127.500	5125.500	5126.500	1674	5510	1
2026.07.16	15:00:00	5126.000	5127.500	5126.000	5127.500	1255	18202	1
2026.07.16	15:05:00	5127.500	5128.000	5123.000	5125.000	3608	15569	1
2026.07.16	15:10:00	5125.000	5125.000	5122.000	5122.500	2818	10502	1
2026.07.16	15:15:00	5122.500	5124.000	5121.500	5122.000	1786	7081	1
2026.07.16	15:20:00	5122.000	5123.000	5120.000	5120.500	3552	19270	1
2026.07.16	15:25:00	5120.500	5121.000	5119.000	5120.000	3050	25107	1
2026.07.16	15:30:00	5120.000	5122.000	5119.500	5121.500	2283	10195	1
2026.07.16	15:35:00	5121.500	5122.000	5119.000	5119.500	1774	7750	1
2026.07.16	15:40:00	5119.500	5120.500	5119.000	5119.500	1132	6595	1
2026.07.16	15:45:00	5119.500	5121.000	5119.000	5120.000	1120	7495	1
2026.07.16	15:50:00	5120.000	5122.500	5119.000	5121.500	3030	13973	1
2026.07.16	15:55:00	5121.000	5122.000	5119.000	5119.500	3307	11839	1
2026.07.16	16:00:00	5119.500	5120.500	5118.500	5119.500	1679	8680	1
2026.07.16	16:05:00	5119.500	5122.500	5119.500	5122.500	1507	5756	1
2026.07.16	16:10:00	5122.500	5122.500	5121.000	5121.000	1016	4284	1
2026.07.16	16:15:00	5121.500	5121.500	5119.000	5119.500	1370	6853	1
2026.07.16	16:20:00	5119.500	5121.500	5118.500	5121.500	1474	6859	1
2026.07.16	16:25:00	5121.000	5122.000	5121.000	5121.000	749	2814	1
2026.07.16	16:30:00	5121.500	5122.000	5120.500	5121.500	1071	3957	1
2026.07.16	16:35:00	5122.000	5123.000	5121.000	5121.500	1780	8524	1
2026.07.16	16:40:00	5121.500	5122.000	5120.500	5122.000	1306	4994	1
2026.07.16	16:45:00	5122.000	5122.500	5121.500	5122.000	825	4700	1
2026.07.16	16:50:00	5122.000	5122.000	5119.500	5119.500	1636	6564	1
2026.07.16	16:55:00	5119.500	5120.000	5117.500	5117.500	2828	12298	1
2026.07.16	17:00:00	5118.000	5118.500	5115.000	5116.000	2711	11588	1
2026.07.16	17:05:00	5116.000	5117.000	5115.500	5116.000	1134	7332	1
2026.07.16	17:10:00	5116.000	5117.500	5115.000	5116.500	1393	7416	1
2026.07.16	17:15:00	5117.000	5117.500	5116.000	5117.000	863	4598	1
2026.07.16	17:20:00	5117.000	5119.000	5116.000	5119.000	1211	7744	1
2026.07.16	17:25:00	5118.500	5119.000	5117.500	5117.500	368	1242	1
2026.07.16	17:30:00	5118.000	5119.000	5117.000	5118.000	732	4259	1
2026.07.16	17:35:00	5118.000	5118.500	5116.500	5117.000	666	4582	1
2026.07.16	17:40:00	5116.500	5118.000	5116.500	5118.000	655	5699	1
2026.07.16	17:45:00	5118.000	5118.500	5117.000	5118.000	516	2898	1
2026.07.16	17:50:00	5117.500	5124.000	5117.500	5121.000	2723	13770	1
2026.07.16	17:55:00	5120.500	5121.500	5120.000	5121.000	640	4083	1
2026.07.16	18:00:00	5121.000	5121.000	5119.000	5120.000	445	1762	1
2026.07.16	18:05:00	5120.000	5120.000	5118.000	5119.500	413	2221	1
2026.07.16	18:10:00	5119.000	5120.000	5119.000	5119.000	423	2336	1
2026.07.16	18:15:00	5119.500	5119.500	5118.000	5119.000	734	3354	1
2026.07.16	18:20:00	5118.500	5120.000	5118.000	5119.500	430	1830	1
2026.07.16	18:25:00	5119.500	5122.500	5118.000	5121.500	740	2473	1
2026.07.17	09:00:00	5133.000	5134.000	5125.000	5129.000	14952	58346	1
2026.07.17	09:05:00	5128.500	5136.000	5126.000	5133.500	10440	40800	1
2026.07.17	09:10:00	5133.500	5135.500	5131.000	5133.500	6534	26324	1
2026.07.17	09:15:00	5133.000	5136.000	5131.000	5135.500	5262	21658	1
2026.07.17	09:20:00	5136.000	5137.500	5132.500	5133.000	7635	27128	1
2026.07.17	09:25:00	5133.000	5135.000	5132.000	5134.500	3202	13002	1
2026.07.17	09:30:00	5134.500	5140.000	5134.000	5139.000	8595	34789	1
2026.07.17	09:35:00	5139.000	5141.000	5137.000	5138.000	6600	29860	1
2026.07.17	09:40:00	5138.000	5139.000	5132.500	5135.500	8114	28884	1
2026.07.17	09:45:00	5136.000	5137.000	5132.000	5132.000	4727	18857	1
2026.07.17	09:50:00	5131.500	5137.500	5130.000	5137.000	8987	40064	1
2026.07.17	09:55:00	5137.000	5139.500	5135.500	5138.000	6053	27776	1
2026.07.17	10:00:00	5137.500	5145.500	5136.500	5142.500	15085	66041	1
2026.07.17	10:05:00	5142.500	5144.500	5141.000	5143.500	6305	50754	1
2026.07.17	10:10:00	5143.500	5144.500	5137.500	5142.000	7880	34952	1
2026.07.17	10:15:00	5142.000	5144.500	5140.000	5143.000	4836	17908	1
2026.07.17	10:20:00	5143.500	5150.500	5142.000	5148.000	10487	38735	1
2026.07.17	10:25:00	5148.000	5148.500	5143.000	5147.500	8808	37747	1
2026.07.17	10:30:00	5147.000	5150.500	5144.000	5150.000	8017	31080	1
2026.07.17	10:35:00	5150.500	5151.000	5146.500	5149.000	6648	26658	1
2026.07.17	10:40:00	5149.500	5150.500	5146.000	5147.500	6724	27969	1
2026.07.17	10:45:00	5147.500	5149.500	5146.000	5147.500	5265	18701	1
2026.07.17	10:50:00	5147.500	5148.000	5142.000	5144.500	7555	26661	1
2026.07.17	10:55:00	5144.500	5144.500	5138.000	5140.000	7371	25848	1
2026.07.17	11:00:00	5139.500	5140.500	5137.500	5138.500	5726	25504	1
2026.07.17	11:05:00	5138.500	5142.000	5138.000	5140.000	5998	46908	1
2026.07.17	11:10:00	5140.000	5141.000	5138.500	5140.000	3333	11902	1
2026.07.17	11:15:00	5139.500	5140.000	5133.500	5135.500	8102	29788	1
2026.07.17	11:20:00	5135.000	5136.000	5131.000	5134.000	6680	25291	1
2026.07.17	11:25:00	5133.500	5135.000	5131.500	5134.000	4226	16726	1
2026.07.17	11:30:00	5133.500	5134.500	5131.500	5133.000	3895	17446	1
2026.07.17	11:35:00	5133.000	5133.500	5130.000	5131.500	4489	16384	1
2026.07.17	11:40:00	5132.000	5133.500	5131.000	5131.500	2739	10579	1
2026.07.17	11:45:00	5131.500	5132.500	5129.500	5129.500	4227	14718	1
2026.07.17	11:50:00	5130.000	5130.000	5126.000	5128.500	6200	23030	1
2026.07.17	11:55:00	5128.000	5134.000	5128.000	5131.000	7549	33844	1
2026.07.17	12:00:00	5131.000	5134.000	5128.500	5130.000	6078	46297	1
2026.07.17	12:05:00	5130.000	5131.000	5128.000	5129.500	2860	8669	1
2026.07.17	12:10:00	5129.000	5133.000	5128.500	5131.500	3539	13577	1
2026.07.17	12:15:00	5131.000	5132.000	5127.500	5128.000	2965	10705	1
2026.07.17	12:20:00	5128.500	5129.500	5127.000	5128.500	2805	10036	1
2026.07.17	12:25:00	5129.000	5131.500	5128.000	5128.500	2809	12998	1
2026.07.17	12:30:00	5128.500	5132.000	5127.500	5131.000	4048	18358	1
2026.07.17	12:35:00	5131.000	5132.000	5128.000	5129.000	1917	6930	1
2026.07.17	12:40:00	5128.500	5130.000	5128.500	5129.000	1777	7138	1
2026.07.17	12:45:00	5129.000	5131.000	5128.000	5130.000	1889	7937	1
2026.07.17	12:50:00	5129.500	5130.000	5126.500	5127.500	2185	7921	1
2026.07.17	12:55:00	5127.500	5128.500	5125.500	5126.000	2831	11490	1
2026.07.17	13:00:00	5126.000	5131.500	5126.000	5129.000	5641	25318	1
2026.07.17	13:05:00	5128.500	5130.000	5125.500	5126.500	4082	45313	1
2026.07.17	13:10:00	5126.500	5127.000	5124.500	5126.500	3381	14436	1
2026.07.17	13:15:00	5126.500	5128.000	5126.000	5127.000	1975	7180	1
2026.07.17	13:20:00	5127.500	5129.000	5127.000	5128.500	1852	6595	1
2026.07.17	13:25:00	5128.500	5129.500	5127.000	5127.500	1658	6061	1
2026.07.17	13:30:00	5128.000	5128.500	5126.000	5127.500	2094	7130	1
2026.07.17	13:35:00	5127.000	5130.500	5127.000	5130.000	2933	12350	1
2026.07.17	13:40:00	5130.000	5130.500	5128.500	5129.000	1731	8397	1
2026.07.17	13:45:00	5129.000	5130.500	5128.500	5129.000	1487	6071	1
2026.07.17	13:50:00	5129.000	5131.000	5129.000	5130.000	1804	7970	1
2026.07.17	13:55:00	5130.000	5131.500	5129.500	5131.000	1676	7301	1
2026.07.17	14:00:00	5131.000	5131.000	5128.000	5128.500	2152	10843	1
2026.07.17	14:05:00	5129.000	5129.000	5127.500	5128.000	1670	7930	1
2026.07.17	14:10:00	5128.000	5129.500	5128.000	5129.000	1526	6417	1
2026.07.17	14:15:00	5129.500	5129.500	5127.500	5128.500	1401	6534	1
2026.07.17	14:20:00	5128.500	5129.500	5127.500	5128.500	815	2330	1
2026.07.17	14:25:00	5128.500	5129.000	5127.500	5128.000	785	3407	1
2026.07.17	14:30:00	5128.000	5129.500	5128.000	5128.500	1316	4614	1
2026.07.17	14:35:00	5128.500	5130.500	5128.500	5130.500	1641	5931	1
2026.07.17	14:40:00	5130.500	5131.000	5128.500	5129.000	1544	7006	1
2026.07.17	14:45:00	5128.500	5129.000	5122.500	5123.000	6061	28918	1
2026.07.17	14:50:00	5123.000	5126.000	5122.500	5125.000	2251	12342	1
2026.07.17	14:55:00	5125.500	5126.500	5124.500	5126.500	2247	10413	1
2026.07.17	15:00:00	5126.000	5129.000	5124.500	5126.000	4700	25576	1
2026.07.17	15:05:00	5126.000	5129.500	5123.500	5128.500	4311	20446	1
2026.07.17	15:10:00	5128.500	5129.000	5127.500	5128.000	2206	7839	1
2026.07.17	15:15:00	5128.000	5128.500	5125.000	5126.000	2617	14893	1
2026.07.17	15:20:00	5126.000	5126.500	5124.000	5126.000	1561	7646	1
2026.07.17	15:25:00	5126.000	5127.000	5125.500	5126.000	919	2770	1
2026.07.17	15:30:00	5125.500	5127.500	5125.000	5126.500	1815	6241	1
2026.07.17	15:35:00	5127.000	5127.000	5124.500	5126.000	1423	8441	1
2026.07.17	15:40:00	5125.500	5128.500	5125.000	5127.000	2500	14261	1
2026.07.17	15:45:00	5126.500	5128.500	5126.500	5128.000	1804	12842	1
2026.07.17	15:50:00	5128.000	5128.500	5127.000	5128.000	1997	9604	1
2026.07.17	15:55:00	5127.500	5129.000	5127.500	5129.000	2463	9765	1
2026.07.17	16:00:00	5129.000	5129.500	5127.500	5129.000	1483	6744	1
2026.07.17	16:05:00	5129.000	5129.000	5128.000	5128.500	1409	6192	1
2026.07.17	16:10:00	5128.000	5129.000	5127.500	5128.000	1551	7609	1
2026.07.17	16:15:00	5127.500	5129.500	5127.500	5129.000	1573	7810	1
2026.07.17	16:20:00	5129.000	5129.000	5126.000	5127.000	2181	12440	1
2026.07.17	16:25:00	5127.500	5128.500	5126.000	5127.000	1908	11650	1
2026.07.17	16:30:00	5127.500	5128.000	5126.000	5127.000	1340	5897	1
2026.07.17	16:35:00	5127.500	5128.000	5126.000	5128.000	1389	6040	1
2026.07.17	16:40:00	5127.500	5128.500	5126.000	5126.000	1427	5863	1
2026.07.17	16:45:00	5126.500	5127.000	5125.000	5126.500	1548	10836	1
2026.07.17	16:50:00	5126.500	5127.500	5126.000	5127.500	1434	9170	1
2026.07.17	16:55:00	5127.000	5128.000	5127.000	5127.500	1674	9232	1
2026.07.17	17:00:00	5128.000	5129.500	5126.500	5127.000	1674	7855	1
2026.07.17	17:05:00	5127.000	5127.000	5125.500	5126.000	1255	8181	1
2026.07.17	17:10:00	5126.000	5129.500	5126.000	5127.500	1255	7552	1
2026.07.17	17:15:00	5127.500	5129.000	5127.500	5129.000	899	6129	1
2026.07.17	17:20:00	5129.500	5130.000	5128.500	5128.500	896	4101	1
2026.07.17	17:25:00	5128.500	5129.000	5128.000	5129.000	430	4556	1
2026.07.17	17:30:00	5129.000	5130.500	5128.500	5129.500	1347	9035	1
2026.07.17	17:35:00	5129.000	5130.000	5128.000	5128.000	714	4427	1
2026.07.17	17:40:00	5128.000	5131.500	5128.000	5130.000	1113	6207	1
2026.07.17	17:45:00	5130.500	5130.500	5129.500	5129.500	486	2695	1
2026.07.17	17:50:00	5130.000	5132.500	5129.000	5130.000	1528	10518	1
2026.07.17	17:55:00	5129.500	5131.000	5129.000	5130.000	686	9966	1
2026.07.17	18:00:00	5130.000	5131.500	5128.000	5128.500	574	2492	1
2026.07.17	18:05:00	5128.500	5129.500	5126.500	5127.000	708	2872	1
2026.07.17	18:10:00	5127.000	5127.500	5125.000	5126.000	911	3067	1
2026.07.17	18:15:00	5126.500	5127.500	5125.000	5127.500	867	4133	1
2026.07.17	18:20:00	5127.000	5128.000	5126.000	5128.000	512	1878	1
2026.07.17	18:25:00	5127.500	5130.500	5126.500	5128.000	912	2966	1
2026.07.20	09:00:00	5122.000	5131.000	5119.500	5125.500	17067	54494	1
2026.07.20	09:05:00	5125.500	5126.500	5119.500	5120.000	8294	28160	1
2026.07.20	09:10:00	5119.500	5124.500	5119.500	5121.500	6045	23947	1
2026.07.20	09:15:00	5121.500	5124.000	5121.000	5123.000	4594	18967	1
2026.07.20	09:20:00	5123.500	5126.500	5121.000	5122.500	7376	30582	1
2026.07.20	09:25:00	5122.000	5122.500	5116.000	5117.000	11487	66089	1
2026.07.20	09:30:00	5116.500	5120.000	5114.000	5117.000	9264	44154	1
2026.07.20	09:35:00	5117.000	5117.500	5115.000	5117.500	3561	18228	1
2026.07.20	09:40:00	5117.500	5119.000	5115.000	5119.000	2967	14333	1
2026.07.20	09:45:00	5119.000	5119.000	5113.000	5114.500	6136	27322	1
2026.07.20	09:50:00	5114.500	5115.000	5108.500	5111.000	7760	34399	1
2026.07.20	09:55:00	5110.500	5112.500	5108.000	5111.000	6442	31936	1
2026.07.20	10:00:00	5111.500	5111.500	5106.000	5107.500	7876	37339	1
2026.07.20	10:05:00	5107.500	5108.500	5105.500	5107.000	3972	19924	1
2026.07.20	10:10:00	5107.000	5108.500	5105.000	5107.000	5305	21477	1
2026.07.20	10:15:00	5107.000	5108.500	5105.500	5107.500	3231	16355	1
2026.07.20	10:20:00	5108.000	5108.000	5100.000	5102.000	10963	48274	1
2026.07.20	10:25:00	5102.000	5103.000	5100.000	5102.500	4516	23436	1
2026.07.20	10:30:00	5102.000	5103.500	5100.000	5103.000	4476	17899	1
2026.07.20	10:35:00	5103.000	5103.500	5100.000	5100.000	5538	29015	1
2026.07.20	10:40:00	5100.500	5101.500	5097.500	5100.500	8878	47592	1
2026.07.20	10:45:00	5100.500	5102.500	5100.000	5100.500	4500	19535	1
2026.07.20	10:50:00	5100.500	5101.500	5098.500	5101.500	3845	17421	1
2026.07.20	10:55:00	5101.500	5103.000	5100.000	5102.000	3269	16286	1
2026.07.20	11:00:00	5102.000	5103.500	5100.500	5102.500	3603	19052	1
2026.07.20	11:05:00	5102.000	5104.500	5101.000	5104.500	3124	15491	1
2026.07.20	11:10:00	5104.500	5105.500	5099.000	5104.000	9843	48341	1
2026.07.20	11:15:00	5103.500	5105.000	5101.000	5101.000	4794	25125	1
2026.07.20	11:20:00	5101.000	5103.500	5100.500	5101.500	3353	15744	1
2026.07.20	11:25:00	5101.500	5102.000	5099.000	5101.000	3378	18448	1
2026.07.20	11:30:00	5101.000	5102.500	5099.500	5100.000	2663	14135	1
2026.07.20	11:35:00	5100.000	5102.500	5100.000	5101.500	2279	10086	1
2026.07.20	11:40:00	5101.000	5106.000	5101.000	5104.000	5536	26088	1
2026.07.20	11:45:00	5104.000	5104.500	5100.500	5102.500	3649	15047	1
2026.07.20	11:50:00	5102.500	5102.500	5100.000	5101.500	2241	12435	1
2026.07.20	11:55:00	5102.000	5105.000	5101.500	5104.500	3674	18448	1
2026.07.20	12:00:00	5104.500	5107.000	5104.000	5106.000	5083	25201	1
2026.07.20	12:05:00	5106.000	5107.000	5102.000	5103.500	4572	19678	1
2026.07.20	12:10:00	5103.500	5111.000	5103.500	5110.000	5842	27395	1
2026.07.20	12:15:00	5110.500	5110.500	5105.000	5105.500	5905	29809	1
2026.07.20	12:20:00	5105.000	5106.500	5104.000	5105.000	2275	9485	1
2026.07.20	12:25:00	5105.000	5105.500	5103.000	5103.000	2060	8516	1
2026.07.20	12:30:00	5103.000	5104.000	5101.500	5103.500	3044	11005	1
2026.07.20	12:35:00	5103.500	5104.500	5103.000	5104.000	1635	10623	1
2026.07.20	12:40:00	5104.000	5106.000	5104.000	5105.000	1425	4944	1
2026.07.20	12:45:00	5105.000	5106.000	5104.500	5105.000	1500	8429	1
2026.07.20	12:50:00	5105.000	5105.500	5100.000	5101.500	4250	24478	1
2026.07.20	12:55:00	5101.500	5102.000	5098.000	5101.000	4181	22037	1
2026.07.20	13:00:00	5101.000	5102.500	5100.000	5101.000	2254	14041	1
2026.07.20	13:05:00	5101.000	5101.500	5100.500	5101.000	1308	5699	1
2026.07.20	13:10:00	5101.000	5101.000	5099.000	5099.000	1317	5241	1
2026.07.20	13:15:00	5099.500	5099.500	5097.000	5098.500	3087	16356	1
2026.07.20	13:20:00	5098.500	5100.500	5098.500	5100.000	1712	7469	1
2026.07.20	13:25:00	5100.000	5101.000	5098.500	5099.000	2025	9233	1
2026.07.20	13:30:00	5099.000	5100.500	5098.500	5100.000	1084	4391	1
2026.07.20	13:35:00	5100.000	5101.500	5099.500	5101.500	1536	7214	1
2026.07.20	13:40:00	5101.000	5107.000	5100.500	5101.500	6657	32209	1
2026.07.20	13:45:00	5101.500	5105.000	5101.000	5103.500	2750	18552	1
2026.07.20	13:50:00	5103.500	5107.500	5103.500	5106.500	2681	12952	1
2026.07.20	13:55:00	5106.500	5111.000	5106.000	5109.000	5932	34562	1
2026.07.20	14:00:00	5109.000	5111.500	5107.500	5111.500	3206	22951	1
2026.07.20	14:05:00	5111.000	5111.500	5108.000	5108.500	2197	10923	1
2026.07.20	14:10:00	5108.500	5110.500	5108.000	5109.500	1373	7395	1
2026.07.20	14:15:00	5110.000	5110.500	5108.500	5109.000	1313	6441	1
2026.07.20	14:20:00	5108.500	5109.000	5106.500	5108.000	2307	12225	1
2026.07.20	14:25:00	5108.500	5109.500	5107.500	5108.500	1581	10021	1
2026.07.20	14:30:00	5108.500	5109.000	5106.000	5107.500	1891	9082	1
2026.07.20	14:35:00	5107.500	5110.000	5107.000	5108.500	2019	10858	1
2026.07.20	14:40:00	5108.500	5109.000	5107.000	5107.500	1374	8451	1
2026.07.20	14:45:00	5107.500	5109.000	5107.500	5109.000	980	3926	1
2026.07.20	14:50:00	5108.500	5109.000	5105.500	5105.500	2243	11540	1
2026.07.20	14:55:00	5106.000	5107.000	5105.500	5106.000	2058	11101	1
2026.07.20	15:00:00	5106.000	5106.500	5105.000	5106.000	1369	4449	1
2026.07.20	15:05:00	5105.500	5107.000	5105.500	5106.000	1111	5307	1
2026.07.20	15:10:00	5106.500	5107.000	5105.500	5107.000	1176	4577	1
2026.07.20	15:15:00	5106.500	5107.000	5105.000	5106.000	1228	6227	1
2026.07.20	15:20:00	5106.000	5107.500	5105.500	5107.500	1931	11089	1
2026.07.20	15:25:00	5107.500	5107.500	5105.000	5106.500	1432	7439	1
2026.07.20	15:30:00	5106.500	5109.500	5106.500	5109.000	2209	10847	1
2026.07.20	15:35:00	5108.500	5109.000	5107.500	5108.000	1629	10087	1
2026.07.20	15:40:00	5107.500	5108.000	5105.500	5107.000	2166	13247	1
2026.07.20	15:45:00	5107.000	5107.500	5105.500	5105.500	1718	7703	1
2026.07.20	15:50:00	5106.000	5107.000	5104.500	5105.500	3075	14566	1
2026.07.20	15:55:00	5105.500	5107.500	5105.000	5105.500	4197	22263	1
2026.07.20	16:00:00	5105.500	5106.000	5102.500	5103.000	3869	17701	1
2026.07.20	16:05:00	5103.500	5106.000	5102.000	5104.500	3331	17581	1
2026.07.20	16:10:00	5104.500	5107.000	5104.000	5106.000	1666	7753	1
2026.07.20	16:15:00	5106.500	5109.000	5105.500	5108.500	2845	14933	1
2026.07.20	16:20:00	5109.000	5109.000	5106.000	5106.000	2597	11036	1
2026.07.20	16:25:00	5106.500	5107.500	5104.000	5104.500	3306	16125	1
2026.07.20	16:30:00	5104.500	5106.000	5103.500	5105.000	2058	10466	1
2026.07.20	16:35:00	5105.000	5108.000	5104.500	5107.000	2413	14309	1
2026.07.20	16:40:00	5107.000	5107.000	5105.000	5105.500	916	4477	1
2026.07.20	16:45:00	5105.000	5106.000	5104.000	5104.500	1193	7082	1
2026.07.20	16:50:00	5105.000	5105.500	5104.000	5104.500	1488	4814	1
2026.07.20	16:55:00	5105.000	5106.000	5104.000	5104.500	1382	6617	1
2026.07.20	17:00:00	5104.500	5105.500	5104.000	5105.000	1001	4149	1
2026.07.20	17:05:00	5105.500	5108.500	5105.000	5107.500	1816	9628	1
2026.07.20	17:10:00	5107.500	5108.500	5105.500	5106.500	1445	9104	1
2026.07.20	17:15:00	5106.500	5107.500	5105.000	5107.000	874	5289	1
2026.07.20	17:20:00	5107.500	5108.000	5106.000	5106.500	705	4291	1
2026.07.20	17:25:00	5106.500	5107.500	5105.500	5107.000	651	4301	1
2026.07.20	17:30:00	5106.500	5107.000	5105.000	5105.000	761	4908	1
2026.07.20	17:35:00	5105.500	5108.000	5105.000	5107.000	843	7124	1
2026.07.20	17:40:00	5107.000	5107.500	5106.500	5107.500	398	1717	1
2026.07.20	17:45:00	5107.500	5108.000	5106.500	5107.000	531	2505	1
2026.07.20	17:50:00	5107.000	5107.500	5106.500	5107.500	399	1819	1
2026.07.20	17:55:00	5107.500	5107.500	5105.500	5105.500	579	2400	1
2026.07.20	18:00:00	5106.000	5107.500	5105.000	5107.000	505	2287	1
2026.07.20	18:05:00	5107.000	5107.000	5106.000	5106.500	477	2214	1
2026.07.20	18:10:00	5106.500	5106.500	5105.000	5106.000	512	2995	1
2026.07.20	18:15:00	5106.000	5107.000	5105.500	5106.500	1006	5334	1
2026.07.20	18:20:00	5106.500	5107.000	5105.000	5106.000	522	4097	1
2026.07.20	18:25:00	5106.000	5107.000	5105.500	5106.500	899	4159	1
2026.07.21	09:00:00	5095.000	5099.000	5091.000	5095.000	11542	55339	1
2026.07.21	09:05:00	5095.500	5096.500	5091.500	5092.500	6492	28226	1
2026.07.21	09:10:00	5093.000	5093.000	5087.000	5088.500	8756	33403	1
2026.07.21	09:15:00	5088.000	5093.500	5088.000	5091.500	8024	31763	1
2026.07.21	09:20:00	5091.500	5092.000	5087.500	5088.500	4971	19502	1
2026.07.21	09:25:00	5088.500	5091.000	5087.500	5090.500	4427	18829	1
2026.07.21	09:30:00	5090.000	5090.500	5086.000	5086.500	5804	23417	1
2026.07.21	09:35:00	5086.500	5089.000	5084.500	5085.500	5376	21613	1
2026.07.21	09:40:00	5085.500	5090.000	5085.500	5086.500	5951	24376	1
2026.07.21	09:45:00	5086.000	5086.500	5082.500	5084.000	7655	34742	1
2026.07.21	09:50:00	5084.000	5088.000	5083.500	5087.000	6583	29786	1
2026.07.21	09:55:00	5087.000	5089.000	5085.500	5087.500	4610	21035	1
2026.07.21	10:00:00	5087.000	5092.000	5086.500	5090.500	7944	33029	1
2026.07.21	10:05:00	5091.000	5091.000	5088.000	5090.500	4101	20107	1
2026.07.21	10:10:00	5090.500	5090.500	5088.000	5089.000	2208	10591	1
2026.07.21	10:15:00	5089.000	5090.000	5086.500	5087.000	3577	15830	1
2026.07.21	10:20:00	5087.500	5091.500	5086.000	5090.000	6756	29735	1
2026.07.21	10:25:00	5090.500	5092.000	5089.000	5091.500	4590	20412	1
2026.07.21	10:30:00	5091.500	5092.500	5089.000	5091.000	5359	21995	1
2026.07.21	10:35:00	5091.500	5096.500	5090.000	5096.000	8506	31615	1
2026.07.21	10:40:00	5095.500	5100.000	5094.000	5094.000	11646	51077	1
2026.07.21	10:45:00	5094.000	5095.500	5087.500	5088.000	9382	36553	1
2026.07.21	10:50:00	5088.500	5094.000	5088.000	5092.500	5993	22064	1
2026.07.21	10:55:00	5092.500	5097.000	5092.000	5096.000	5053	26570	1
2026.07.21	11:00:00	5096.000	5096.500	5092.500	5092.500	5085	28374	1
2026.07.21	11:05:00	5093.000	5093.500	5091.000	5093.000	3995	16996	1
2026.07.21	11:10:00	5093.000	5093.000	5088.000	5090.000	5209	22548	1
2026.07.21	11:15:00	5090.000	5091.500	5088.500	5090.000	3317	17517	1
2026.07.21	11:20:00	5090.000	5094.500	5089.500	5093.000	5100	22341	1
2026.07.21	11:25:00	5092.500	5094.000	5091.000	5091.500	3010	17868	1
2026.07.21	11:30:00	5091.000	5092.000	5087.500	5090.500	7428	40285	1
2026.07.21	11:35:00	5091.000	5093.500	5090.500	5093.000	2867	14333	1
2026.07.21	11:40:00	5093.000	5093.000	5090.000	5091.000	2616	11215	1
2026.07.21	11:45:00	5090.500	5091.500	5087.500	5089.500	4603	19713	1
2026.07.21	11:50:00	5089.500	5093.500	5089.500	5092.500	3335	15144	1
2026.07.21	11:55:00	5092.500	5095.500	5091.000	5093.000	5435	24771	1
2026.07.21	12:00:00	5093.500	5095.000	5092.500	5093.000	3557	17408	1
2026.07.21	12:05:00	5093.000	5095.000	5092.500	5095.000	2826	11644	1
2026.07.21	12:10:00	5094.500	5095.000	5091.500	5091.500	2499	12437	1
2026.07.21	12:15:00	5091.500	5092.500	5090.000	5091.000	2582	11461	1
2026.07.21	12:20:00	5090.500	5091.500	5089.500	5090.500	2641	10923	1
2026.07.21	12:25:00	5090.500	5091.000	5089.500	5091.000	1142	5019	1
2026.07.21	12:30:00	5091.000	5092.500	5089.500	5089.500	2165	8720	1
2026.07.21	12:35:00	5090.000	5091.500	5089.500	5091.000	1205	5651	1
2026.07.21	12:40:00	5091.500	5091.500	5090.000	5091.000	1314	4755	1
2026.07.21	12:45:00	5091.000	5091.500	5088.500	5089.000	2080	8488	1
2026.07.21	12:50:00	5089.500	5090.000	5088.500	5089.500	1430	7516	1
2026.07.21	12:55:00	5089.500	5090.000	5088.000	5090.000	1595	6911	1
2026.07.21	13:00:00	5090.000	5090.500	5089.000	5089.000	1485	8531	1
2026.07.21	13:05:00	5089.000	5090.000	5088.000	5089.000	1252	6603	1
2026.07.21	13:10:00	5089.500	5090.000	5088.500	5089.500	847	5226	1
2026.07.21	13:15:00	5090.000	5091.000	5089.000	5089.500	1216	5285	1
2026.07.21	13:20:00	5089.500	5091.000	5088.000	5088.000	1370	8636	1
2026.07.21	13:25:00	5088.000	5090.000	5088.000	5089.000	1346	5550	1
2026.07.21	13:30:00	5089.500	5090.500	5087.500	5088.000	1512	8117	1
2026.07.21	13:35:00	5088.000	5089.500	5088.000	5089.000	835	6802	1
2026.07.21	13:40:00	5089.000	5089.500	5088.500	5089.000	928	3849	1
2026.07.21	13:45:00	5089.500	5089.500	5088.000	5088.500	1025	2942	1
2026.07.21	13:50:00	5088.000	5088.500	5087.500	5088.000	1041	3083	1
2026.07.21	13:55:00	5088.000	5088.500	5086.500	5087.000	2143	10153	1
2026.07.21	14:00:00	5087.000	5088.000	5084.000	5085.500	6662	34767	1
2026.07.21	14:05:00	5085.000	5086.000	5081.000	5083.000	5143	29586	1
2026.07.21	14:10:00	5083.000	5083.500	5080.500	5083.000	3190	16476	1
2026.07.21	14:15:00	5083.000	5085.500	5082.500	5085.500	2505	12703	1
2026.07.21	14:20:00	5085.000	5086.500	5084.000	5084.000	3574	26980	1
2026.07.21	14:25:00	5084.500	5085.000	5081.000	5083.500	3984	22853	1
2026.07.21	14:30:00	5083.500	5084.500	5082.000	5082.500	2142	12573	1
2026.07.21	14:35:00	5082.000	5084.500	5082.000	5083.500	1249	6189	1
2026.07.21	14:40:00	5084.000	5084.500	5083.000	5083.500	829	3813	1
2026.07.21	14:45:00	5083.500	5085.000	5083.000	5084.000	1160	5314	1
2026.07.21	14:50:00	5083.500	5084.000	5081.500	5082.500	1559	7657	1
2026.07.21	14:55:00	5082.500	5083.000	5081.000	5082.000	1494	7996	1
2026.07.21	15:00:00	5081.500	5083.500	5081.500	5083.000	1224	5718	1
2026.07.21	15:05:00	5083.500	5084.500	5083.000	5083.500	1816	10604	1
2026.07.21	15:10:00	5083.500	5083.500	5081.000	5081.500	1594	10308	1
2026.07.21	15:15:00	5082.000	5082.500	5081.500	5082.000	748	3626	1
2026.07.21	15:20:00	5082.500	5083.500	5081.500	5083.000	1478	7087	1
2026.07.21	15:25:00	5082.500	5083.000	5081.500	5082.000	1051	6330	1
2026.07.21	15:30:00	5081.500	5087.000	5080.000	5084.500	7442	45119	1
2026.07.21	15:35:00	5084.500	5085.500	5084.500	5085.000	1943	10759	1
2026.07.21	15:40:00	5085.000	5085.500	5084.500	5085.000	939	5145	1
2026.07.21	15:45:00	5084.500	5085.500	5083.000	5084.000	1957	11778	1
2026.07.21	15:50:00	5084.000	5085.000	5082.500	5084.500	3136	22031	1
2026.07.21	15:55:00	5084.500	5085.000	5083.500	5084.000	2045	6689	1
2026.07.21	16:00:00	5083.500	5084.000	5082.500	5082.500	1564	10545	1
2026.07.21	16:05:00	5083.000	5084.000	5082.500	5084.000	1714	12986	1
2026.07.21	16:10:00	5084.000	5084.500	5083.500	5084.000	901	4403	1
2026.07.21	16:15:00	5083.500	5084.500	5083.500	5083.500	1225	7100	1
2026.07.21	16:20:00	5084.000	5084.500	5083.500	5084.000	611	2834	1
2026.07.21	16:25:00	5084.000	5084.500	5083.500	5084.000	865	3394	1
2026.07.21	16:30:00	5084.500	5085.000	5083.500	5083.500	906	4139	1
2026.07.21	16:35:00	5083.500	5085.000	5083.500	5084.500	818	4985	1
2026.07.21	16:40:00	5084.500	5085.500	5084.500	5085.000	1516	9228	1
2026.07.21	16:45:00	5085.000	5085.000	5084.000	5084.000	598	4523	1
2026.07.21	16:50:00	5084.500	5086.000	5084.000	5085.500	1631	11191	1
2026.07.21	16:55:00	5085.000	5088.000	5085.000	5086.500	3400	22231	1
2026.07.21	17:00:00	5086.500	5087.000	5086.000	5086.500	685	4392	1
2026.07.21	17:05:00	5086.500	5087.000	5085.500	5085.500	839	8246	1
2026.07.21	17:10:00	5085.500	5086.500	5085.000	5085.500	1011	8329	1
2026.07.21	17:15:00	5086.000	5086.000	5083.500	5084.500	1335	11306	1
2026.07.21	17:20:00	5085.000	5085.500	5084.500	5084.500	608	3221	1
2026.07.21	17:25:00	5085.000	5086.500	5085.000	5085.000	685	7727	1
2026.07.21	17:30:00	5085.000	5086.000	5085.000	5086.000	542	2607	1
2026.07.21	17:35:00	5085.500	5087.000	5085.500	5086.500	464	3093	1
2026.07.21	17:40:00	5087.000	5088.000	5086.000	5088.000	772	8859	1
2026.07.21	17:45:00	5087.500	5088.000	5086.000	5086.000	978	8680	1
2026.07.21	17:50:00	5086.500	5087.000	5086.000	5086.500	590	5910	1
2026.07.21	17:55:00	5086.500	5087.000	5086.000	5086.500	481	4320	1
2026.07.21	18:00:00	5086.500	5087.500	5086.500	5087.500	338	1933	1
2026.07.21	18:05:00	5087.500	5089.500	5087.000	5088.500	1154	7865	1
2026.07.21	18:10:00	5089.000	5089.000	5087.500	5087.500	564	4564	1
2026.07.21	18:15:00	5088.000	5088.500	5087.500	5088.000	524	1804	1
2026.07.21	18:20:00	5088.500	5089.000	5087.500	5088.000	501	3577	1
2026.07.21	18:25:00	5088.000	5088.500	5086.500	5086.500	601	3283	1
2026.07.22	09:00:00	5090.000	5094.000	5087.500	5092.000	12098	45431	1
2026.07.22	09:05:00	5092.000	5093.500	5089.000	5091.000	5796	25680	1
2026.07.22	09:10:00	5091.000	5091.000	5085.000	5088.000	8062	39864	1
2026.07.22	09:15:00	5087.500	5090.500	5087.000	5089.000	5227	24776	1
2026.07.22	09:20:00	5089.000	5093.500	5088.500	5092.500	6961	31820	1
2026.07.22	09:25:00	5093.000	5095.500	5092.500	5095.000	6823	31377	1
2026.07.22	09:30:00	5095.000	5095.000	5089.000	5091.500	6511	28636	1
2026.07.22	09:35:00	5091.000	5091.500	5088.000	5090.000	5195	25997	1
2026.07.22	09:40:00	5090.000	5091.500	5087.500	5090.000	4496	20454	1
2026.07.22	09:45:00	5090.500	5093.000	5090.000	5091.500	3124	13190	1
2026.07.22	09:50:00	5091.500	5092.500	5087.000	5088.000	5086	24885	1
2026.07.22	09:55:00	5088.500	5096.000	5088.000	5091.000	10541	48492	1
2026.07.22	10:00:00	5091.000	5091.000	5088.000	5089.500	4401	22558	1
2026.07.22	10:05:00	5089.500	5090.500	5087.000	5087.500	3032	13985	1
2026.07.22	10:10:00	5087.500	5087.500	5082.000	5083.000	9638	43599	1
2026.07.22	10:15:00	5083.000	5085.000	5080.000	5080.000	4722	21036	1
2026.07.22	10:20:00	5080.500	5081.000	5074.500	5075.500	10926	46864	1
2026.07.22	10:25:00	5076.000	5080.000	5075.500	5079.000	5752	26823	1
2026.07.22	10:30:00	5079.000	5079.500	5073.500	5075.500	9699	39116	1
2026.07.22	10:35:00	5076.000	5077.500	5074.500	5075.000	4293	14936	1
2026.07.22	10:40:00	5075.500	5076.000	5066.000	5068.500	12799	60547	1
2026.07.22	10:45:00	5068.000	5069.000	5065.000	5069.000	8200	43765	1
2026.07.22	10:50:00	5069.000	5070.000	5066.500	5069.500	5298	22989	1
2026.07.22	10:55:00	5069.500	5070.500	5067.000	5069.000	4173	18561	1
2026.07.22	11:00:00	5068.500	5069.000	5061.000	5064.500	10496	56948	1
2026.07.22	11:05:00	5064.500	5070.500	5064.000	5069.500	8197	45001	1
2026.07.22	11:10:00	5069.500	5071.000	5068.500	5070.500	4321	24023	1
2026.07.22	11:15:00	5070.000	5070.500	5067.500	5068.000	3557	19462	1
2026.07.22	11:20:00	5068.500	5072.000	5066.500	5071.500	5657	32363	1
2026.07.22	11:25:00	5071.000	5071.500	5069.000	5069.500	4020	18956	1
2026.07.22	11:30:00	5069.500	5070.500	5067.500	5068.000	3424	15285	1
2026.07.22	11:35:00	5068.500	5071.000	5068.000	5068.000	2884	12260	1
2026.07.22	11:40:00	5068.500	5069.500	5067.500	5069.000	2467	13330	1
2026.07.22	11:45:00	5069.000	5072.500	5068.500	5072.500	3589	16449	1
2026.07.22	11:50:00	5072.500	5074.500	5071.500	5072.000	4934	21026	1
2026.07.22	11:55:00	5072.000	5074.000	5071.000	5072.000	2576	10910	1
2026.07.22	12:00:00	5072.500	5076.000	5072.000	5074.000	5234	26867	1
2026.07.22	12:05:00	5074.000	5074.500	5072.500	5073.500	2762	11767	1
2026.07.22	12:10:00	5073.500	5076.500	5073.500	5075.500	3390	13178	1
2026.07.22	12:15:00	5076.000	5076.000	5074.500	5075.500	1684	8992	1
2026.07.22	12:20:00	5075.500	5076.000	5072.500	5073.000	3146	16617	1
2026.07.22	12:25:00	5073.000	5076.000	5071.500	5072.500	3610	25467	1
2026.07.22	12:30:00	5072.500	5074.000	5072.000	5073.000	2513	13096	1
2026.07.22	12:35:00	5073.000	5073.500	5069.000	5071.500	4031	22491	1
2026.07.22	12:40:00	5071.500	5071.500	5069.000	5071.000	2048	9891	1
2026.07.22	12:45:00	5070.500	5071.500	5069.000	5069.500	1999	8967	1
2026.07.22	12:50:00	5069.500	5070.500	5068.500	5070.000	1681	8533	1
2026.07.22	12:55:00	5070.500	5071.000	5069.000	5070.000	1395	6576	1
2026.07.22	13:00:00	5070.500	5071.000	5068.500	5071.000	2176	16204	1
2026.07.22	13:05:00	5071.000	5074.000	5069.500	5072.000	4529	21836	1
2026.07.22	13:10:00	5072.500	5073.000	5070.000	5070.500	2337	11646	1
2026.07.22	13:15:00	5070.500	5072.000	5070.000	5070.000	1242	5478	1
2026.07.22	13:20:00	5070.000	5071.500	5070.000	5071.000	1443	7717	1
2026.07.22	13:25:00	5071.000	5071.500	5070.000	5071.000	588	1808	1
2026.07.22	13:30:00	5071.000	5071.000	5069.000	5071.000	1395	7644	1
2026.07.22	13:35:00	5070.500	5071.000	5068.500	5069.000	2213	14129	1
2026.07.22	13:40:00	5069.500	5069.500	5068.000	5069.500	1243	6702	1
2026.07.22	13:45:00	5069.000	5070.000	5067.500	5068.500	1910	8859	1
2026.07.22	13:50:00	5068.000	5070.000	5068.000	5069.500	1401	8196	1
2026.07.22	13:55:00	5069.000	5069.500	5068.500	5069.500	1002	3621	1
2026.07.22	14:00:00	5069.500	5071.000	5068.500	5069.500	2502	14802	1
2026.07.22	14:05:00	5069.000	5070.000	5065.500	5066.000	4503	25536	1
2026.07.22	14:10:00	5066.000	5068.000	5065.500	5067.500	1727	10498	1
2026.07.22	14:15:00	5067.500	5068.500	5066.500	5068.000	1565	10460	1
2026.07.22	14:20:00	5068.000	5068.000	5066.500	5067.500	934	4204	1
2026.07.22	14:25:00	5068.000	5068.000	5066.500	5067.000	720	2660	1
2026.07.22	14:30:00	5067.000	5067.500	5065.500	5067.000	1800	11930	1
2026.07.22	14:35:00	5067.000	5070.500	5067.000	5070.500	2983	15372	1
2026.07.22	14:40:00	5070.500	5071.500	5068.500	5070.000	2748	17359	1
2026.07.22	14:45:00	5069.500	5071.000	5069.000	5070.000	1147	6119	1
2026.07.22	14:50:00	5070.000	5071.000	5069.000	5071.000	1001	5157	1
2026.07.22	14:55:00	5071.000	5071.000	5070.000	5070.500	766	3419	1
2026.07.22	15:00:00	5070.500	5071.500	5069.500	5070.000	1373	7197	1
2026.07.22	15:05:00	5070.000	5072.500	5069.500	5072.500	1830	8069	1
2026.07.22	15:10:00	5072.500	5073.000	5070.500	5070.500	1390	5408	1
2026.07.22	15:15:00	5071.000	5072.000	5069.500	5070.000	1170	5013	1
2026.07.22	15:20:00	5070.500	5071.000	5069.000	5069.500	1469	6435	1
2026.07.22	15:25:00	5069.500	5070.000	5067.500	5068.500	1309	5067	1
2026.07.22	15:30:00	5068.000	5070.000	5068.000	5069.500	1520	8848	1
2026.07.22	15:35:00	5069.500	5070.000	5067.500	5069.000	1594	8795	1
2026.07.22	15:40:00	5069.000	5069.500	5068.000	5068.500	1260	7222	1
2026.07.22	15:45:00	5068.500	5069.000	5068.000	5068.500	1165	3477	1
2026.07.22	15:50:00	5068.500	5069.500	5067.500	5069.000	3499	16921	1
2026.07.22	15:55:00	5069.000	5069.000	5066.500	5068.500	3295	11322	1
2026.07.22	16:00:00	5068.500	5069.000	5067.000	5068.000	2021	12087	1
2026.07.22	16:05:00	5068.500	5068.500	5065.000	5066.500	2751	18875	1
2026.07.22	16:10:00	5066.500	5067.000	5065.500	5066.000	1100	7016	1
2026.07.22	16:15:00	5066.000	5067.500	5065.000	5066.000	1419	7692	1
2026.07.22	16:20:00	5066.000	5066.500	5065.500	5066.000	1393	8951	1
2026.07.22	16:25:00	5065.500	5066.000	5063.500	5065.000	2073	14311	1
2026.07.22	16:30:00	5065.000	5067.000	5064.500	5066.500	1312	7074	1
2026.07.22	16:35:00	5066.500	5068.500	5066.500	5068.000	1966	8952	1
2026.07.22	16:40:00	5068.500	5069.000	5067.000	5067.000	1624	7329	1
2026.07.22	16:45:00	5067.000	5067.500	5066.000	5066.000	924	4392	1
2026.07.22	16:50:00	5066.000	5067.500	5065.500	5066.000	1236	6904	1
2026.07.22	16:55:00	5066.500	5066.500	5063.000	5063.500	3301	17386	1
2026.07.22	17:00:00	5063.000	5064.000	5060.000	5064.000	3955	22792	1
2026.07.22	17:05:00	5064.000	5065.500	5062.000	5063.000	1743	10320	1
2026.07.22	17:10:00	5063.000	5063.500	5060.000	5061.000	1621	10892	1
2026.07.22	17:15:00	5061.500	5062.500	5059.500	5061.500	1314	8028	1
2026.07.22	17:20:00	5062.000	5063.000	5061.000	5062.500	789	4535	1
2026.07.22	17:25:00	5062.500	5064.000	5062.000	5062.500	1076	8249	1
2026.07.22	17:30:00	5063.000	5064.000	5062.000	5063.500	631	4166	1
2026.07.22	17:35:00	5064.000	5065.000	5063.000	5065.000	977	6304	1
2026.07.22	17:40:00	5064.500	5066.500	5064.000	5065.500	1635	10969	1
2026.07.22	17:45:00	5066.000	5066.500	5065.500	5066.000	650	6005	1
2026.07.22	17:50:00	5066.000	5067.500	5065.500	5066.000	1184	8542	1
2026.07.22	17:55:00	5066.000	5067.000	5064.500	5065.500	910	7901	1
2026.07.22	18:00:00	5065.000	5066.500	5065.000	5066.500	462	2142	1
2026.07.22	18:05:00	5066.500	5066.500	5065.000	5066.000	353	1830	1
2026.07.22	18:10:00	5065.500	5067.000	5064.500	5065.000	748	4683	1
2026.07.22	18:15:00	5065.000	5067.500	5064.500	5066.500	1149	7163	1
2026.07.22	18:20:00	5067.000	5070.000	5066.500	5070.000	1241	6426	1
2026.07.22	18:25:00	5069.500	5071.000	5068.000	5070.000	1087	4973	1
2026.07.23	09:00:00	5087.000	5088.500	5079.500	5082.500	15359	62459	1
2026.07.23	09:05:00	5082.500	5086.500	5080.500	5082.000	9044	43637	1
2026.07.23	09:10:00	5082.500	5084.000	5081.000	5083.000	3008	15313	1
2026.07.23	09:15:00	5083.000	5091.500	5082.000	5087.500	8644	43357	1
2026.07.23	09:20:00	5087.000	5090.500	5085.500	5088.500	6626	32277	1
2026.07.23	09:25:00	5088.500	5089.000	5084.000	5085.500	5612	26202	1
2026.07.23	09:30:00	5086.000	5090.500	5084.000	5085.000	7247	35171	1
2026.07.23	09:35:00	5085.000	5089.000	5084.500	5087.000	4577	19233	1
2026.07.23	09:40:00	5087.500	5095.500	5087.000	5093.500	10793	42969	1
2026.07.23	09:45:00	5093.500	5096.500	5092.000	5094.000	7163	36998	1
2026.07.23	09:50:00	5094.000	5096.500	5089.000	5092.500	9018	32735	1
2026.07.23	09:55:00	5093.000	5093.000	5088.000	5089.000	6286	26193	1
2026.07.23	10:00:00	5089.000	5091.000	5086.000	5087.000	7083	25959	1
2026.07.23	10:05:00	5086.500	5096.500	5086.500	5096.000	10541	45988	1
2026.07.23	10:10:00	5096.000	5101.500	5095.500	5100.000	11503	58117	1
2026.07.23	10:15:00	5100.500	5101.500	5097.500	5099.500	6300	27102	1
2026.07.23	10:20:00	5100.000	5102.000	5097.500	5101.500	5197	23659	1
2026.07.23	10:25:00	5102.000	5102.500	5097.500	5097.500	6462	27623	1
2026.07.23	10:30:00	5098.000	5098.000	5090.000	5090.500	12432	55891	1
2026.07.23	10:35:00	5090.000	5093.000	5088.500	5091.500	8003	36132	1
2026.07.23	10:40:00	5092.000	5093.000	5088.000	5090.500	6234	23091	1
2026.07.23	10:45:00	5090.000	5092.000	5088.500	5088.500	4535	17926	1
2026.07.23	10:50:00	5089.000	5092.000	5088.000	5090.000	4456	17182	1
2026.07.23	10:55:00	5090.500	5098.500	5089.500	5098.500	8710	36894	1
2026.07.23	11:00:00	5098.500	5098.500	5095.500	5097.000	6954	31685	1
2026.07.23	11:05:00	5096.500	5097.500	5094.000	5094.000	5363	26900	1
2026.07.23	11:10:00	5094.500	5094.500	5086.500	5087.500	10396	45743	1
