<DATE>	<TIME>	<OPEN>	<HIGH>	<LOW>	<CLOSE>	<TICKVOL>	<VOL>	<SPREAD>
2026.07.01	09:00:00	5208.000	5211.500	5206.000	5206.500	1963	6855	1
2026.07.01	09:01:00	5206.500	5213.500	5206.000	5213.000	3434	12097	1
2026.07.01	09:02:00	5213.500	5219.000	5212.500	5217.500	3668	13574	1
2026.07.01	09:03:00	5218.000	5223.500	5217.500	5222.000	2993	11080	1
2026.07.01	09:04:00	5222.500	5224.000	5221.000	5223.500	2411	8420	1
2026.07.01	09:05:00	5224.000	5228.500	5223.000	5223.500	5186	18463	1
2026.07.01	09:06:00	5223.500	5225.500	5222.500	5225.500	2032	7439	1
2026.07.01	09:07:00	5225.500	5226.500	5223.500	5225.000	1329	5772	1
2026.07.01	09:08:00	5225.000	5226.000	5223.500	5224.000	1123	5044	1
2026.07.01	09:09:00	5224.000	5227.000	5223.500	5226.000	1254	7677	1
2026.07.01	09:10:00	5226.000	5228.500	5226.000	5228.500	1892	6833	1
2026.07.01	09:11:00	5228.000	5228.500	5225.500	5226.000	1350	4610	1
2026.07.01	09:12:00	5226.000	5227.500	5224.500	5226.500	1240	4559	1
2026.07.01	09:13:00	5226.500	5227.500	5224.500	5224.500	807	3687	1
2026.07.01	09:14:00	5224.500	5226.000	5224.000	5225.000	1091	4409	1
2026.07.01	09:15:00	5225.000	5225.500	5223.500	5225.500	1838	7668	1
2026.07.01	09:16:00	5225.500	5227.000	5225.000	5226.000	1471	5314	1
2026.07.01	09:17:00	5225.500	5226.500	5224.000	5226.000	910	3975	1
2026.07.01	09:18:00	5226.000	5227.000	5224.500	5225.000	632	2791	1
2026.07.01	09:19:00	5225.500	5228.000	5225.000	5227.500	1474	6111	1
2026.07.01	09:20:00	5227.500	5230.000	5227.000	5228.000	2677	7360	1
2026.07.01	09:21:00	5228.500	5228.500	5226.500	5227.500	1599	6482	1
2026.07.01	09:22:00	5227.500	5232.000	5227.000	5230.500	2685	9975	1
2026.07.01	09:23:00	5230.500	5232.000	5230.000	5231.000	1220	4488	1
2026.07.01	09:24:00	5231.000	5233.000	5230.000	5231.000	2709	13578	1
2026.07.01	09:25:00	5231.000	5232.000	5230.000	5230.500	1328	9387	1
2026.07.01	09:26:00	5231.000	5231.000	5228.000	5228.500	1797	5807	1
2026.07.01	09:27:00	5228.500	5230.500	5228.000	5229.500	916	3941	1
2026.07.01	09:28:00	5230.000	5233.000	5229.500	5232.500	1635	5648	1
2026.07.01	09:29:00	5232.500	5232.500	5230.000	5230.000	961	4389	1
2026.07.01	09:30:00	5230.000	5231.500	5229.000	5231.000	1395	6222	1
2026.07.01	09:31:00	5231.000	5231.500	5228.000	5228.000	1088	4230	1
2026.07.01	09:32:00	5228.000	5229.000	5226.500	5227.000	2419	7456	1
2026.07.01	09:33:00	5227.500	5229.500	5226.500	5228.000	1276	5123	1
2026.07.01	09:34:00	5227.500	5231.000	5227.500	5229.500	2305	13224	1
2026.07.01	09:35:00	5229.000	5230.000	5226.500	5228.500	2013	9823	1
2026.07.01	09:36:00	5228.500	5231.000	5228.500	5229.500	1109	2817	1
2026.07.01	09:37:00	5229.500	5231.500	5229.000	5231.500	1011	2690	1
2026.07.01	09:38:00	5231.000	5231.500	5230.000	5230.000	769	2356	1
2026.07.01	09:39:00	5230.000	5231.500	5230.000	5231.000	749	2402	1
2026.07.01	09:40:00	5231.000	5232.500	5230.500	5232.000	1348	5180	1
2026.07.01	09:41:00	5231.500	5232.500	5228.000	5228.500	2119	10251	1
2026.07.01	09:42:00	5228.500	5235.000	5228.500	5235.000	3370	11598	1
2026.07.01	09:43:00	5234.500	5235.000	5233.500	5234.000	1577	6302	1
2026.07.01	09:44:00	5234.000	5235.000	5232.500	5233.000	1473	5336	1
2026.07.01	09:45:00	5233.000	5234.500	5232.000	5232.000	1390	6805	1
2026.07.01	09:46:00	5232.500	5234.500	5232.000	5234.500	1197	20823	1
2026.07.01	09:47:00	5234.000	5237.000	5234.000	5236.000	3055	12199	1
2026.07.01	09:48:00	5236.000	5237.000	5234.000	5234.000	1829	7150	1
2026.07.01	09:49:00	5234.000	5235.500	5230.500	5230.500	3671	19560	1
2026.07.01	09:50:00	5230.500	5231.500	5229.000	5230.000	3087	12319	1
2026.07.01	09:51:00	5229.500	5231.000	5228.500	5229.500	1937	9285	1
2026.07.01	09:52:00	5229.000	5230.500	5228.000	5228.500	1308	5545	1
2026.07.01	09:53:00	5228.500	5229.500	5228.500	5228.500	794	4417	1
2026.07.01	09:54:00	5228.500	5229.500	5226.500	5228.000	2652	10645	1
2026.07.01	09:55:00	5228.000	5230.000	5228.000	5228.500	1292	4688	1
2026.07.01	09:56:00	5229.000	5230.000	5228.000	5229.000	773	2390	1
2026.07.01	09:57:00	5228.500	5229.500	5226.500	5227.000	1007	4089	1
2026.07.01	09:58:00	5226.500	5228.000	5226.500	5227.000	525	1807	1
2026.07.01	09:59:00	5227.000	5232.000	5227.000	5231.500	2579	8435	1
2026.07.01	10:00:00	5231.500	5232.500	5226.000	5228.000	4133	20078	1
2026.07.01	10:01:00	5227.500	5228.500	5227.500	5228.000	965	4443	1
2026.07.01	10:02:00	5228.500	5231.000	5228.000	5230.500	1580	8473	1
2026.07.01	10:03:00	5230.000	5232.500	5229.500	5232.000	2734	13456	1
2026.07.01	10:04:00	5231.500	5232.500	5230.000	5231.500	1237	5652	1
2026.07.01	10:05:00	5231.000	5233.000	5231.000	5231.500	1407	5582	1
2026.07.01	10:06:00	5232.000	5233.000	5230.500	5231.500	1089	5189	1
2026.07.01	10:07:00	5232.000	5233.000	5231.500	5232.000	1050	2912	1
2026.07.01	10:08:00	5231.500	5233.000	5231.000	5231.500	847	3134	1
2026.07.01	10:09:00	5232.000	5232.500	5230.500	5230.500	903	3176	1
2026.07.01	10:10:00	5230.500	5234.500	5230.000	5234.000	2247	8236	1
2026.07.01	10:11:00	5234.000	5234.500	5232.500	5233.500	1508	5209	1
2026.07.01	10:12:00	5233.000	5234.500	5232.500	5234.500	705	1986	1
2026.07.01	10:13:00	5234.500	5238.000	5234.000	5234.500	4767	18993	1
2026.07.01	10:14:00	5235.000	5236.500	5234.000	5235.000	1273	5960	1
2026.07.01	10:15:00	5235.000	5236.500	5234.000	5235.000	1008	3640	1
2026.07.01	10:16:00	5235.500	5237.500	5234.500	5236.500	832	2950	1
2026.07.01	10:17:00	5236.500	5237.000	5230.000	5231.000	3998	12471	1
2026.07.01	10:18:00	5231.000	5233.500	5230.500	5233.000	1430	4472	1
2026.07.01	10:19:00	5232.500	5235.000	5232.500	5233.500	1126	3392	1
2026.07.01	10:20:00	5233.500	5234.000	5231.000	5232.500	1156	3210	1
2026.07.01	10:21:00	5233.000	5237.000	5232.500	5235.500	2306	10054	1
2026.07.01	10:22:00	5236.000	5236.000	5233.000	5234.000	1469	5563	1
2026.07.01	10:23:00	5234.000	5234.500	5232.000	5233.500	1390	6622	1
2026.07.01	10:24:00	5233.500	5234.500	5232.000	5234.000	1018	5107	1
2026.07.01	10:25:00	5234.000	5237.500	5233.500	5236.000	1943	6590	1
2026.07.01	10:26:00	5236.000	5236.000	5233.000	5233.500	1226	4523	1
2026.07.01	10:27:00	5234.000	5235.000	5230.500	5232.000	1831	8071	1
2026.07.01	10:28:00	5232.000	5232.500	5230.000	5230.500	2040	10182	1
2026.07.01	10:29:00	5231.000	5235.000	5229.500	5230.500	3921	16666	1
2026.07.01	10:30:00	5231.000	5237.000	5229.500	5233.000	4840	19022	1
2026.07.01	10:31:00	5233.000	5234.500	5231.500	5233.500	1908	7440	1
2026.07.01	10:32:00	5233.500	5235.000	5231.000	5231.000	2094	9326	1
2026.07.01	10:33:00	5231.000	5233.500	5230.500	5232.000	1678	7187	1
2026.07.01	10:34:00	5232.500	5233.500	5230.500	5231.000	949	3783	1
2026.07.01	10:35:00	5231.000	5233.000	5230.500	5232.000	1188	5685	1
2026.07.01	10:36:00	5232.000	5233.000	5230.000	5230.000	1905	9788	1
2026.07.01	10:37:00	5230.000	5232.000	5229.000	5231.500	2488	9269	1
2026.07.01	10:38:00	5231.500	5232.500	5228.500	5228.500	2014	8880	1
2026.07.01	10:39:00	5228.500	5231.000	5228.500	5230.500	1722	7477	1
2026.07.01	10:40:00	5230.500	5231.500	5228.500	5229.000	1139	3116	1
2026.07.01	10:41:00	5229.000	5230.000	5228.000	5229.500	1789	6485	1
2026.07.01	10:42:00	5229.500	5229.500	5226.000	5228.000	3021	13692	1
2026.07.01	10:43:00	5228.000	5229.000	5224.500	5225.000	3157	14697	1
2026.07.01	10:44:00	5224.500	5225.500	5221.500	5221.500	3474	14553	1
2026.07.01	10:45:00	5222.000	5222.500	5216.000	5216.500	5895	22937	1
2026.07.01	10:46:00	5216.500	5220.000	5215.500	5218.500	3324	16153	1
2026.07.01	10:47:00	5219.000	5222.500	5217.500	5222.000	2986	12112	1
2026.07.01	10:48:00	5221.500	5223.500	5221.000	5223.000	1982	7705	1
2026.07.01	10:49:00	5223.000	5225.000	5222.500	5223.500	1926	9499	1
2026.07.01	10:50:00	5224.000	5226.000	5223.500	5224.000	2057	9342	1
2026.07.01	10:51:00	5224.500	5225.500	5223.500	5223.500	1234	7880	1
2026.07.01	10:52:00	5223.500	5224.000	5219.500	5220.000	2668	11820	1
2026.07.01	10:53:00	5220.000	5221.000	5219.000	5221.000	1714	7378	1
2026.07.01	10:54:00	5221.000	5221.000	5218.500	5219.500	1043	3213	1
2026.07.01	10:55:00	5219.000	5220.500	5219.000	5220.500	659	1791	1
2026.07.01	10:56:00	5220.500	5221.000	5220.000	5220.500	694	2264	1
2026.07.01	10:57:00	5220.500	5221.000	5218.500	5219.000	803	3321	1
2026.07.01	10:58:00	5219.000	5222.500	5219.000	5222.000	1434	7747	1
2026.07.01	10:59:00	5222.000	5225.000	5221.500	5223.500	1406	6966	1
2026.07.01	11:00:00	5223.500	5224.000	5219.000	5220.500	1702	8863	1
2026.07.01	11:01:00	5220.500	5224.000	5220.000	5223.000	1307	6051	1
2026.07.01	11:02:00	5223.000	5223.500	5222.000	5223.500	809	4663	1
2026.07.01	11:03:00	5223.500	5226.500	5223.000	5225.500	2064	11533	1
2026.07.01	11:04:00	5225.500	5226.000	5224.000	5225.000	1094	5472	1
2026.07.01	11:05:00	5225.000	5225.500	5223.000	5223.000	973	4941	1
2026.07.01	11:06:00	5223.000	5224.000	5222.000	5222.500	894	3444	1
2026.07.01	11:07:00	5222.500	5223.000	5220.500	5221.000	1227	4166	1
2026.07.01	11:08:00	5221.500	5223.000	5221.000	5222.000	881	2421	1
2026.07.01	11:09:00	5222.500	5223.000	5220.000	5220.500	1063	4057	1
2026.07.01	11:10:00	5220.500	5221.000	5217.000	5217.500	2375	10648	1
2026.07.01	11:11:00	5218.000	5219.500	5217.500	5219.000	1657	7744	1
2026.07.01	11:12:00	5219.500	5219.500	5216.000	5217.500	1824	7544	1
2026.07.01	11:13:00	5217.000	5218.000	5216.500	5216.500	827	3156	1
2026.07.01	11:14:00	5216.500	5217.500	5215.500	5217.000	1120	3816	1
2026.07.01	11:15:00	5217.000	5218.000	5216.000	5216.000	1121	4274	1
2026.07.01	11:16:00	5216.500	5219.000	5215.500	5219.000	1745	7445	1
2026.07.01	11:17:00	5219.000	5220.000	5218.000	5218.000	1209	4325	1
2026.07.01	11:18:00	5218.500	5220.000	5217.500	5220.000	952	5431	1
2026.07.01	11:19:00	5220.000	5222.000	5219.500	5221.500	1614	7690	1
2026.07.01	11:20:00	5221.000	5221.500	5220.000	5220.500	1412	5216	1
2026.07.01	11:21:00	5220.500	5221.000	5219.500	5221.000	670	2566	1
2026.07.01	11:22:00	5221.000	5223.500	5221.000	5223.500	1289	6090	1
2026.07.01	11:23:00	5223.500	5228.500	5223.000	5228.000	3687	18080	1
2026.07.01	11:24:00	5228.000	5228.000	5225.000	5225.500	1261	3949	1
2026.07.01	11:25:00	5225.500	5227.000	5225.000	5227.000	986	4527	1
2026.07.01	11:26:00	5227.000	5230.000	5226.500	5229.000	2169	9699	1
2026.07.01	11:27:00	5228.500	5230.000	5227.500	5228.000	811	3944	1
2026.07.01	11:28:00	5228.000	5229.000	5227.000	5227.000	818	2435	1
2026.07.01	11:29:00	5227.000	5229.500	5226.000	5229.000	1482	6899	1
2026.07.01	11:30:00	5229.000	5230.500	5228.500	5230.000	1567	7990	1
2026.07.01	11:31:00	5230.000	5231.500	5229.000	5230.500	1610	6264	1
2026.07.01	11:32:00	5230.500	5235.500	5230.500	5234.000	3402	16475	1
2026.07.01	11:33:00	5234.500	5235.000	5232.500	5233.500	1582	8102	1
2026.07.01	11:34:00	5233.500	5234.500	5231.000	5231.500	1578	8396	1
2026.07.01	11:35:00	5231.500	5232.000	5229.500	5229.500	1415	5047	1
2026.07.01	11:36:00	5229.500	5231.000	5228.500	5229.000	1337	7461	1
2026.07.01	11:37:00	5229.500	5229.500	5226.500	5228.000	1892	9014	1
2026.07.01	11:38:00	5228.000	5229.000	5227.500	5228.500	883	4215	1
2026.07.01	11:39:00	5228.500	5230.000	5227.500	5229.000	656	1863	1
2026.07.01	11:40:00	5229.000	5230.000	5228.500	5228.500	633	3188	1
2026.07.01	11:41:00	5228.500	5232.000	5228.500	5232.000	982	3685	1
2026.07.01	11:42:00	5232.000	5233.000	5230.500	5233.000	1211	4948	1
2026.07.01	11:43:00	5233.000	5233.000	5231.000	5231.500	594	2052	1
2026.07.01	11:44:00	5231.500	5234.000	5231.000	5233.000	1249	6452	1
2026.07.01	11:45:00	5232.500	5234.500	5231.500	5234.500	1187	4647	1
2026.07.01	11:46:00	5234.000	5234.500	5232.500	5232.500	607	2303	1
2026.07.01	11:47:00	5233.000	5235.000	5232.500	5235.000	798	2408	1
2026.07.01	11:48:00	5235.000	5241.000	5235.000	5239.500	5028	20751	1
2026.07.01	11:49:00	5239.500	5240.000	5237.000	5237.500	2030	11881	1
2026.07.01	11:50:00	5237.000	5239.500	5236.500	5238.500	1428	6102	1
2026.07.01	11:51:00	5239.000	5239.500	5236.500	5237.500	1580	7866	1
2026.07.01	11:52:00	5237.500	5239.500	5237.500	5239.500	1000	4219	1
2026.07.01	11:53:00	5239.500	5239.500	5238.000	5238.000	727	3317	1
2026.07.01	11:54:00	5238.000	5243.000	5238.000	5242.500	3175	13785	1
2026.07.01	11:55:00	5242.500	5245.000	5242.500	5244.000	2984	12868	1
2026.07.01	11:56:00	5244.000	5244.500	5241.500	5244.500	1690	8796	1
2026.07.01	11:57:00	5244.500	5246.000	5242.500	5243.500	1920	8874	1
2026.07.01	11:58:00	5243.000	5245.000	5243.000	5243.500	863	4064	1
2026.07.01	11:59:00	5244.000	5245.500	5243.000	5244.500	1236	5731	1
2026.07.01	12:00:00	5244.500	5245.500	5242.500	5244.000	1639	8911	1
2026.07.01	12:01:00	5243.500	5244.500	5242.500	5244.000	1430	7568	1
2026.07.01	12:02:00	5243.500	5245.000	5243.500	5244.000	935	3611	1
2026.07.01	12:03:00	5244.000	5247.000	5244.000	5246.500	2150	10596	1
2026.07.01	12:04:00	5246.500	5247.000	5244.000	5245.000	1077	4944	1
2026.07.01	12:05:00	5245.000	5246.000	5245.000	5245.000	791	4187	1
2026.07.01	12:06:00	5245.000	5246.000	5243.500	5244.500	1155	6129	1
2026.07.01	12:07:00	5244.500	5248.000	5244.000	5247.500	1681	9102	1
2026.07.01	12:08:00	5247.000	5249.500	5247.000	5248.500	2108	8782	1
2026.07.01	12:09:00	5249.000	5250.000	5246.000	5247.000	3000	19123	1
2026.07.01	12:10:00	5247.500	5249.000	5246.000	5246.000	1903	9040	1
2026.07.01	12:11:00	5246.000	5250.000	5246.000	5249.500	2222	14303	1
2026.07.01	12:12:00	5249.500	5250.000	5246.000	5248.500	1776	9105	1
2026.07.01	12:13:00	5248.000	5249.000	5246.500	5248.000	775	4114	1
2026.07.01	12:14:00	5248.000	5248.500	5247.500	5248.000	523	3291	1
2026.07.01	12:15:00	5248.000	5250.000	5247.500	5249.500	1138	6218	1
2026.07.01	12:16:00	5249.500	5251.000	5249.000	5249.500	2008	12450	1
2026.07.01	12:17:00	5249.500	5253.500	5249.500	5252.000	2829	14118	1
2026.07.01	12:18:00	5252.000	5254.500	5251.500	5251.500	1669	7643	1
2026.07.01	12:19:00	5251.500	5254.000	5251.500	5253.500	853	3586	1
2026.07.01	12:20:00	5254.000	5256.000	5252.000	5255.500	2147	10614	1
2026.07.01	12:21:00	5255.500	5256.500	5253.000	5254.500	1730	8873	1
2026.07.01	12:22:00	5254.500	5255.500	5253.500	5255.500	890	5070	1
2026.07.01	12:23:00	5255.500	5256.000	5254.000	5254.500	913	4152	1
2026.07.01	12:24:00	5254.500	5255.000	5253.000	5254.000	865	3752	1
2026.07.01	12:25:00	5253.500	5254.500	5251.000	5251.000	2204	10512	1
2026.07.01	12:26:00	5251.000	5251.500	5248.000	5248.500	2668	12526	1
2026.07.01	12:27:00	5248.000	5250.000	5248.000	5249.000	1136	4587	1
2026.07.01	12:28:00	5249.000	5249.500	5246.500	5248.500	2220	12104	1
2026.07.01	12:29:00	5249.000	5249.000	5246.000	5246.000	1361	6737	1
2026.07.01	12:30:00	5246.000	5247.500	5245.500	5245.500	983	3192	1
2026.07.01	12:31:00	5246.000	5246.500	5244.000	5244.000	1245	4653	1
2026.07.01	12:32:00	5244.000	5245.000	5243.000	5243.500	1108	5114	1
2026.07.01	12:33:00	5243.500	5244.000	5241.000	5242.000	2177	9786	1
2026.07.01	12:34:00	5242.500	5242.500	5240.500	5240.500	1345	6650	1
2026.07.01	12:35:00	5240.500	5243.000	5240.500	5242.500	1062	4594	1
2026.07.01	12:36:00	5242.500	5244.000	5242.000	5243.000	1231	5242	1
2026.07.01	12:37:00	5243.000	5245.500	5243.000	5244.000	1171	6125	1
2026.07.01	12:38:00	5244.000	5245.500	5243.500	5245.000	554	2251	1
2026.07.01	12:39:00	5245.500	5245.500	5244.500	5244.500	265	718	1
2026.07.01	12:40:00	5244.500	5245.500	5243.000	5243.500	585	2833	1
2026.07.01	12:41:00	5243.500	5244.500	5242.500	5242.500	579	2780	1
2026.07.01	12:42:00	5242.500	5243.000	5239.500	5239.500	1523	5798	1
2026.07.01	12:43:00	5239.500	5241.500	5239.000	5240.000	1284	6998	1
2026.07.01	12:44:00	5239.500	5242.000	5239.500	5240.000	797	4698	1
2026.07.01	12:45:00	5240.000	5241.000	5238.000	5240.000	1211	5234	1
2026.07.01	12:46:00	5240.000	5241.500	5240.000	5241.500	662	2389	1
2026.07.01	12:47:00	5241.500	5241.500	5240.500	5240.500	387	1346	1
2026.07.01	12:48:00	5241.000	5242.500	5240.500	5242.500	587	1828	1
2026.07.01	12:49:00	5242.500	5243.000	5240.500	5241.500	894	4859	1
2026.07.01	12:50:00	5242.000	5242.000	5238.500	5240.500	946	3699	1
2026.07.01	12:51:00	5240.000	5240.500	5236.000	5237.000	1959	8279	1
2026.07.01	12:52:00	5237.000	5238.000	5236.000	5236.000	965	3671	1
2026.07.01	12:53:00	5236.000	5237.000	5235.000	5237.000	1003	4160	1
2026.07.01	12:54:00	5237.000	5238.000	5235.500	5238.000	1420	4221	1
2026.07.01	12:55:00	5238.000	5238.500	5237.000	5237.500	564	1934	1
2026.07.01	12:56:00	5238.000	5239.000	5236.000	5236.500	946	3243	1
2026.07.01	12:57:00	5236.500	5238.500	5236.500	5238.000	531	2173	1
2026.07.01	12:58:00	5238.500	5239.500	5237.500	5239.000	797	2914	1
2026.07.01	12:59:00	5239.000	5241.000	5238.000	5240.000	1385	6005	1
2026.07.01	13:00:00	5239.500	5240.000	5238.000	5238.000	780	3245	1
2026.07.01	13:01:00	5238.000	5239.000	5237.000	5237.500	636	2048	1
2026.07.01	13:02:00	5237.500	5238.500	5237.000	5238.000	594	3106	1
2026.07.01	13:03:00	5237.500	5238.000	5237.000	5237.500	679	2595	1
2026.07.01	13:04:00	5237.500	5238.000	5237.000	5237.500	445	1159	1
2026.07.01	13:05:00	5237.500	5238.000	5235.500	5236.500	1024	3651	1
2026.07.01	13:06:00	5236.500	5236.500	5234.500	5235.500	1115	4097	1
2026.07.01	13:07:00	5235.000	5236.500	5235.000	5236.000	639	1746	1
2026.07.01	13:08:00	5236.000	5236.500	5235.000	5235.500	435	1378	1
2026.07.01	13:09:00	5235.500	5237.500	5235.000	5237.000	915	4408	1
2026.07.01	13:10:00	5237.000	5237.500	5236.500	5237.500	337	1527	1
2026.07.01	13:11:00	5237.000	5237.500	5236.000	5236.500	190	561	1
2026.07.01	13:12:00	5236.000	5236.000	5235.000	5235.000	480	1283	1
2026.07.01	13:13:00	5235.500	5237.000	5235.000	5237.000	366	1161	1
2026.07.01	13:14:00	5236.500	5237.000	5236.000	5236.500	222	1020	1
2026.07.01	13:15:00	5236.500	5237.000	5236.000	5236.000	246	731	1
2026.07.01	13:16:00	5236.500	5237.000	5236.000	5237.000	242	631	1
2026.07.01	13:17:00	5236.500	5237.500	5236.000	5236.000	320	806	1
2026.07.01	13:18:00	5236.500	5237.500	5236.000	5237.000	617	3719	1
2026.07.01	13:19:00	5237.000	5237.500	5236.500	5237.000	277	1221	1
2026.07.01	13:20:00	5237.500	5237.500	5236.500	5237.000	172	389	1
2026.07.01	13:21:00	5237.500	5238.000	5236.000	5236.000	637	4552	1
2026.07.01	13:22:00	5236.000	5236.500	5236.000	5236.500	310	1488	1
2026.07.01	13:23:00	5236.500	5238.000	5235.500	5238.000	514	2574	1
2026.07.01	13:24:00	5237.500	5238.000	5236.500	5236.500	342	1624	1
2026.07.01	13:25:00	5237.000	5237.500	5236.500	5237.000	253	1579	1
2026.07.01	13:26:00	5237.000	5237.000	5236.000	5236.000	156	983	1
2026.07.01	13:27:00	5236.500	5236.500	5235.500	5235.500	319	1216	1
2026.07.01	13:28:00	5236.000	5236.500	5235.500	5236.000	177	736	1
2026.07.01	13:29:00	5235.500	5236.000	5233.000	5233.000	1046	4612	1
2026.07.01	13:30:00	5233.500	5234.000	5232.000	5232.500	1424	7097	1
2026.07.01	13:31:00	5232.500	5234.000	5232.000	5233.500	556	3421	1
2026.07.01	13:32:00	5233.000	5235.000	5233.000	5233.500	603	3308	1
2026.07.01	13:33:00	5234.000	5234.000	5232.500	5233.000	302	1626	1
2026.07.01	13:34:00	5233.000	5234.500	5233.000	5234.000	290	1156	1
2026.07.01	13:35:00	5234.500	5236.000	5234.000	5235.000	486	1668	1
2026.07.01	13:36:00	5235.500	5235.500	5233.500	5234.000	299	2422	1
2026.07.01	13:37:00	5234.000	5234.500	5233.000	5233.000	420	2555	1
2026.07.01	13:38:00	5233.000	5234.500	5233.000	5234.500	253	1041	1
2026.07.01	13:39:00	5234.500	5235.000	5234.000	5235.000	174	486	1
2026.07.01	13:40:00	5235.000	5236.000	5234.500	5235.500	509	1958	1
2026.07.01	13:41:00	5235.500	5235.500	5235.000	5235.500	85	214	1
2026.07.01	13:42:00	5235.000	5235.500	5232.000	5232.500	949	4853	1
2026.07.01	13:43:00	5232.500	5233.500	5232.000	5233.000	369	944	1
2026.07.01	13:44:00	5233.500	5233.500	5233.000	5233.000	64	181	1
2026.07.01	13:45:00	5233.000	5234.000	5233.000	5234.000	249	893	1
2026.07.01	13:46:00	5233.500	5233.500	5232.500	5232.500	159	558	1
2026.07.01	13:47:00	5232.500	5233.000	5231.500	5231.500	696	2155	1
2026.07.01	13:48:00	5232.000	5232.500	5231.500	5232.500	324	1693	1
2026.07.01	13:49:00	5232.000	5232.500	5231.500	5231.500	250	998	1
2026.07.01	13:50:00	5232.000	5232.500	5231.500	5231.500	235	690	1
2026.07.01	13:51:00	5232.000	5233.000	5231.500	5233.000	258	1031	1
2026.07.01	13:52:00	5232.500	5234.500	5232.500	5234.500	633	1787	1
2026.07.01	13:53:00	5234.500	5236.000	5233.500	5236.000	909	4292	1
2026.07.01	13:54:00	5236.000	5237.500	5235.000	5237.000	1519	6643	1
2026.07.01	13:55:00	5236.500	5238.500	5235.500	5238.500	1061	5181	1
2026.07.01	13:56:00	5238.000	5238.500	5236.000	5236.000	516	2063	1
2026.07.01	13:57:00	5236.500	5237.000	5235.500	5236.000	401	1637	1
2026.07.01	13:58:00	5236.500	5237.000	5235.000	5236.500	611	2576	1
2026.07.01	13:59:00	5237.000	5237.000	5236.000	5236.000	251	818	1
2026.07.01	14:00:00	5236.000	5236.000	5235.000	5236.000	375	841	1
2026.07.01	14:01:00	5235.500	5236.000	5234.500	5235.000	360	1143	1
2026.07.01	14:02:00	5234.500	5235.000	5232.500	5233.500	970	4292	1
2026.07.01	14:03:00	5233.500	5234.500	5233.000	5234.000	400	2059	1
2026.07.01	14:04:00	5234.000	5234.500	5233.000	5233.500	370	940	1
2026.07.01	14:05:00	5233.000	5234.000	5232.500	5232.500	400	1135	1
2026.07.01	14:06:00	5232.500	5234.000	5232.500	5233.500	378	1289	1
2026.07.01	14:07:00	5233.500	5233.500	5232.500	5233.000	385	1784	1
2026.07.01	14:08:00	5233.000	5233.500	5232.500	5233.500	290	1212	1
2026.07.01	14:09:00	5233.500	5233.500	5232.500	5233.500	236	804	1
2026.07.01	14:10:00	5233.500	5234.000	5232.500	5233.500	395	1413	1
2026.07.01	14:11:00	5234.000	5234.500	5233.500	5234.000	333	1077	1
2026.07.01	14:12:00	5234.000	5234.500	5233.000	5234.000	174	611	1
2026.07.01	14:13:00	5233.500	5234.500	5233.500	5234.500	163	607	1
2026.07.01	14:14:00	5234.000	5234.500	5233.500	5234.000	258	850	1
2026.07.01	14:15:00	5234.000	5235.000	5233.500	5235.000	348	1062	1
2026.07.01	14:16:00	5234.500	5235.000	5234.000	5234.000	254	857	1
2026.07.01	14:17:00	5234.500	5236.500	5234.000	5235.000	895	4087	1
2026.07.01	14:18:00	5235.000	5236.000	5235.000	5235.000	231	818	1
2026.07.01	14:19:00	5235.500	5236.000	5234.500	5234.500	258	845	1
2026.07.01	14:20:00	5234.500	5235.000	5234.500	5235.000	101	611	1
2026.07.01	14:21:00	5235.000	5235.000	5234.500	5235.000	209	589	1
2026.07.01	14:22:00	5235.000	5235.000	5233.000	5234.000	581	4525	1
2026.07.01	14:23:00	5233.500	5234.000	5233.500	5233.500	113	319	1
2026.07.01	14:24:00	5234.000	5234.000	5233.000	5233.500	285	929	1
2026.07.01	14:25:00	5233.500	5234.000	5233.000	5233.000	128	437	1
2026.07.01	14:26:00	5233.500	5234.000	5233.000	5233.500	129	646	1
2026.07.01	14:27:00	5233.500	5234.000	5233.000	5233.500	148	831	1
2026.07.01	14:28:00	5234.000	5234.500	5233.000	5234.000	418	1835	1
2026.07.01	14:29:00	5233.500	5234.000	5233.000	5233.500	235	804	1
2026.07.01	14:30:00	5234.000	5234.000	5233.000	5234.000	261	1378	1
2026.07.01	14:31:00	5233.500	5234.500	5233.500	5234.500	118	634	1
2026.07.01	14:32:00	5234.500	5237.500	5234.500	5236.500	1300	5377	1
2026.07.01	14:33:00	5236.500	5237.000	5236.000	5236.500	390	1916	1
2026.07.01	14:34:00	5236.000	5237.500	5236.000	5236.500	488	2054	1
2026.07.01	14:35:00	5236.500	5237.000	5236.000	5236.000	206	512	1
2026.07.01	14:36:00	5236.500	5236.500	5234.500	5235.500	340	1298	1
2026.07.01	14:37:00	5235.000	5235.500	5234.000	5234.500	399	2141	1
2026.07.01	14:38:00	5234.500	5235.000	5234.500	5235.000	134	485	1
2026.07.01	14:39:00	5234.500	5236.000	5234.500	5235.500	310	834	1
2026.07.01	14:40:00	5236.000	5236.500	5235.000	5236.000	307	1624	1
2026.07.01	14:41:00	5235.500	5236.000	5234.000	5235.500	353	1803	1
2026.07.01	14:42:00	5235.500	5235.500	5234.500	5235.000	152	602	1
2026.07.01	14:43:00	5235.000	5236.000	5234.500	5236.000	226	725	1
2026.07.01	14:44:00	5235.500	5236.000	5235.000	5235.000	157	676	1
2026.07.01	14:45:00	5235.500	5236.000	5235.000	5235.000	183	986	1
2026.07.01	14:46:00	5235.500	5236.000	5234.500	5235.000	191	427	1
2026.07.01	14:47:00	5235.000	5236.500	5234.500	5236.500	465	2058	1
2026.07.01	14:48:00	5236.500	5236.500	5235.000	5235.000	343	961	1
2026.07.01	14:49:00	5235.000	5237.000	5235.000	5236.500	418	1901	1
2026.07.01	14:50:00	5236.500	5237.000	5236.000	5237.000	222	835	1
2026.07.01	14:51:00	5237.000	5237.000	5235.500	5236.500	289	732	1
2026.07.01	14:52:00	5237.000	5238.000	5236.500	5237.000	1153	4339	1
2026.07.01	14:53:00	5237.000	5237.500	5236.500	5236.500	257	1088	1
2026.07.01	14:54:00	5236.500	5239.000	5236.500	5238.000	901	3864	1
2026.07.01	14:55:00	5238.000	5239.500	5237.000	5237.500	1029	4515	1
2026.07.01	14:56:00	5237.500	5238.000	5237.000	5237.500	395	2442	1
2026.07.01	14:57:00	5237.000	5239.000	5237.000	5239.000	427	1875	1
2026.07.01	14:58:00	5239.000	5240.500	5238.000	5239.500	1063	5001	1
2026.07.01	14:59:00	5239.000	5240.000	5238.500	5240.000	559	2138	1
2026.07.01	15:00:00	5240.000	5240.000	5238.500	5238.500	426	1064	1
2026.07.01	15:01:00	5238.500	5240.000	5238.500	5240.000	400	1267	1
2026.07.01	15:02:00	5240.000	5240.000	5238.500	5240.000	446	1344	1
2026.07.01	15:03:00	5240.000	5240.000	5238.500	5239.000	408	1152	1
2026.07.01	15:04:00	5239.500	5239.500	5238.500	5239.500	196	1013	1
2026.07.01	15:05:00	5239.500	5241.500	5239.000	5241.000	1118	4699	1
2026.07.01	15:06:00	5241.500	5243.000	5241.000	5242.500	1275	5615	1
2026.07.01	15:07:00	5243.000	5243.500	5241.500	5241.500	1010	5590	1
2026.07.01	15:08:00	5242.000	5242.000	5239.500	5240.000	1073	6353	1
2026.07.01	15:09:00	5240.500	5240.500	5239.000	5239.500	566	2077	1
2026.07.01	15:10:00	5239.500	5240.500	5239.500	5240.500	269	573	1
2026.07.01	15:11:00	5240.500	5242.500	5240.000	5242.500	590	2120	1
2026.07.01	15:12:00	5242.500	5243.000	5242.000	5242.500	460	1534	1
2026.07.01	15:13:00	5242.500	5243.000	5241.000	5242.000	562	2113	1
2026.07.01	15:14:00	5242.000	5242.000	5240.500	5241.500	330	1431	1
2026.07.01	15:15:00	5241.500	5243.000	5240.500	5242.000	442	1658	1
2026.07.01	15:16:00	5242.500	5243.000	5241.500	5242.500	313	1087	1
2026.07.01	15:17:00	5242.000	5243.500	5242.000	5243.500	505	1559	1
2026.07.01	15:18:00	5243.000	5243.500	5242.000	5243.000	504	2795	1
2026.07.01	15:19:00	5243.500	5244.000	5242.500	5243.500	464	2597	1
2026.07.01	15:20:00	5244.000	5244.000	5243.000	5243.500	500	1718	1
2026.07.01	15:21:00	5243.500	5243.500	5241.500	5242.000	696	3795	1
2026.07.01	15:22:00	5242.000	5242.500	5241.500	5242.000	372	2149	1
2026.07.01	15:23:00	5242.000	5243.000	5241.500	5242.500	410	5120	1
2026.07.01	15:24:00	5242.500	5243.500	5242.000	5242.500	588	2480	1
2026.07.01	15:25:00	5242.500	5243.000	5241.500	5242.500	840	4278	1
2026.07.01	15:26:00	5242.000	5243.500	5242.000	5243.000	288	1265	1
2026.07.01	15:27:00	5243.000	5245.000	5243.000	5244.500	754	2739	1
2026.07.01	15:28:00	5244.500	5246.000	5244.000	5244.500	721	2736	1
2026.07.01	15:29:00	5244.500	5245.500	5244.000	5245.500	204	820	1
2026.07.01	15:30:00	5245.500	5246.000	5244.500	5245.000	516	2571	1
2026.07.01	15:31:00	5244.500	5245.000	5244.000	5244.000	169	522	1
2026.07.01	15:32:00	5244.000	5245.000	5244.000	5245.000	245	841	1
2026.07.01	15:33:00	5245.000	5245.000	5244.000	5244.500	163	551	1
2026.07.01	15:34:00	5244.000	5245.500	5244.000	5245.000	536	4905	1
2026.07.01	15:35:00	5245.000	5245.500	5244.500	5245.000	230	1147	1
2026.07.01	15:36:00	5245.000	5245.500	5244.500	5245.000	273	639	1
2026.07.01	15:37:00	5245.500	5245.500	5244.000	5244.500	424	1844	1
2026.07.01	15:38:00	5244.000	5245.000	5244.000	5244.500	197	647	1
2026.07.01	15:39:00	5245.000	5245.500	5244.500	5245.500	180	447	1
2026.07.01	15:40:00	5245.500	5245.500	5244.500	5245.000	281	1347	1
2026.07.01	15:41:00	5245.000	5245.000	5244.500	5245.000	162	437	1
2026.07.01	15:42:00	5245.000	5246.000	5244.500	5245.000	397	1576	1
2026.07.01	15:43:00	5245.000	5245.500	5244.500	5245.000	308	1816	1
2026.07.01	15:44:00	5244.500	5245.500	5244.000	5244.000	411	2634	1
2026.07.01	15:45:00	5244.500	5245.500	5244.000	5245.000	293	1386	1
2026.07.01	15:46:00	5244.500	5245.500	5244.000	5244.500	442	2169	1
2026.07.01	15:47:00	5245.000	5246.500	5245.000	5246.500	745	2822	1
2026.07.01	15:48:00	5246.000	5247.000	5245.500	5246.500	861	4417	1
2026.07.01	15:49:00	5246.000	5247.500	5246.000	5246.500	608	4149	1
2026.07.01	15:50:00	5246.500	5248.000	5246.000	5248.000	591	2302	1
2026.07.01	15:51:00	5248.000	5248.500	5247.000	5248.500	854	3392	1
2026.07.01	15:52:00	5248.500	5248.500	5247.500	5248.500	710	2658	1
2026.07.01	15:53:00	5248.500	5249.000	5248.000	5249.000	912	4161	1
2026.07.01	15:54:00	5248.500	5249.000	5246.000	5247.000	1150	5318	1
2026.07.01	15:55:00	5246.500	5247.000	5246.000	5247.000	679	4004	1
2026.07.01	15:56:00	5247.000	5247.000	5246.000	5246.500	556	2108	1
2026.07.01	15:57:00	5247.000	5247.000	5246.000	5247.000	529	2789	1
2026.07.01	15:58:00	5247.000	5247.500	5246.000	5247.000	475	2774	1
2026.07.01	15:59:00	5247.000	5247.500	5246.500	5247.000	817	3035	1
2026.07.01	16:00:00	5247.000	5247.000	5245.000	5245.500	1147	3876	1
2026.07.01	16:01:00	5245.500	5246.000	5245.000	5245.000	670	4871	1
2026.07.01	16:02:00	5245.000	5246.500	5245.000	5246.500	615	4787	1
2026.07.01	16:03:00	5246.000	5247.500	5246.000	5247.000	472	3520	1
2026.07.01	16:04:00	5247.500	5247.500	5246.500	5247.500	444	1849	1
2026.07.01	16:05:00	5247.000	5248.000	5247.000	5247.000	543	2876	1
2026.07.01	16:06:00	5247.000	5247.500	5246.000	5246.000	367	2405	1
2026.07.01	16:07:00	5246.500	5246.500	5246.000	5246.500	158	665	1
2026.07.01	16:08:00	5246.000	5246.500	5242.500	5243.500	1901	9598	1
2026.07.01	16:09:00	5243.000	5244.000	5243.000	5243.500	461	1693	1
2026.07.01	16:10:00	5243.500	5244.500	5242.500	5244.000	911	4532	1
2026.07.01	16:11:00	5244.000	5246.000	5244.000	5245.500	1069	5208	1
2026.07.01	16:12:00	5245.000	5248.000	5245.000	5247.500	969	3770	1
2026.07.01	16:13:00	5247.500	5248.000	5247.000	5247.500	473	1628	1
2026.07.01	16:14:00	5247.000	5248.000	5246.500	5248.000	303	823	1
2026.07.01	16:15:00	5247.500	5248.000	5246.000	5246.500	596	2492	1
2026.07.01	16:16:00	5246.500	5247.000	5245.000	5246.000	738	3719	1
2026.07.01	16:17:00	5245.500	5247.000	5245.500	5246.000	384	1898	1
2026.07.01	16:18:00	5246.000	5246.500	5245.500	5245.500	290	1043	1
2026.07.01	16:19:00	5245.500	5247.000	5245.500	5246.000	233	945	1
2026.07.01	16:20:00	5246.000	5246.500	5244.500	5245.000	567	3495	1
2026.07.01	16:21:00	5244.500	5246.000	5244.500	5245.500	341	3634	1
2026.07.01	16:22:00	5245.500	5248.000	5245.500	5247.500	621	3077	1
2026.07.01	16:23:00	5247.500	5248.000	5247.000	5247.500	317	857	1
2026.07.01	16:24:00	5247.500	5248.000	5246.500	5246.500	339	1706	1
2026.07.01	16:25:00	5246.500	5247.500	5246.500	5247.500	132	416	1
2026.07.01	16:26:00	5247.500	5248.000	5247.000	5248.000	349	819	1
2026.07.01	16:27:00	5247.500	5248.000	5247.000	5247.500	288	1127	1
2026.07.01	16:28:00	5247.500	5247.500	5247.000	5247.500	142	414	1
2026.07.01	16:29:00	5247.000	5247.500	5246.500	5247.000	399	1147	1
2026.07.01	16:30:00	5247.500	5248.000	5246.500	5247.000	507	1436	1
2026.07.01	16:31:00	5247.000	5248.500	5247.000	5247.500	577	2516	1
2026.07.01	16:32:00	5248.000	5250.000	5247.500	5248.500	1666	13128	1
2026.07.01	16:33:00	5248.000	5249.000	5248.000	5248.000	468	1569	1
2026.07.01	16:34:00	5248.000	5249.000	5248.000	5249.000	145	347	1
2026.07.01	16:35:00	5248.500	5249.500	5248.500	5249.000	265	863	1
2026.07.01	16:36:00	5249.000	5250.000	5248.500	5249.500	405	2015	1
2026.07.01	16:37:00	5250.000	5250.000	5249.000	5249.500	245	845	1
2026.07.01	16:38:00	5249.500	5250.000	5249.000	5249.500	305	1210	1
2026.07.01	16:39:00	5250.000	5250.000	5249.500	5250.000	84	165	1
2026.07.01	16:40:00	5249.500	5251.000	5249.500	5250.500	699	2507	1
2026.07.01	16:41:00	5250.500	5252.000	5249.500	5251.000	1027	6177	1
2026.07.01	16:42:00	5250.500	5251.000	5249.500	5249.500	520	2583	1
2026.07.01	16:43:00	5249.500	5250.000	5249.000	5249.000	414	1449	1
2026.07.01	16:44:00	5249.000	5249.500	5248.500	5248.500	378	1586	1
2026.07.01	16:45:00	5248.500	5249.500	5248.500	5248.500	223	898	1
2026.07.01	16:46:00	5249.000	5249.000	5248.000	5248.500	561	1821	1
2026.07.01	16:47:00	5249.000	5249.000	5248.000	5248.500	260	1264	1
2026.07.01	16:48:00	5248.500	5248.500	5247.500	5248.000	417	1789	1
2026.07.01	16:49:00	5248.000	5248.500	5247.500	5248.000	395	1597	1
2026.07.01	16:50:00	5248.000	5249.500	5248.000	5249.000	397	1001	1
2026.07.01	16:51:00	5248.500	5250.500	5248.500	5250.000	466	2047	1
2026.07.01	16:52:00	5250.000	5251.500	5250.000	5251.000	727	2687	1
2026.07.01	16:53:00	5251.000	5251.500	5250.000	5250.000	488	1646	1
2026.07.01	16:54:00	5250.500	5250.500	5249.000	5249.500	402	1409	1
2026.07.01	16:55:00	5250.000	5250.000	5249.500	5249.500	186	575	1
2026.07.01	16:56:00	5249.500	5250.500	5249.500	5250.500	178	628	1
2026.07.01	16:57:00	5250.000	5250.500	5249.500	5249.500	344	1184	1
2026.07.01	16:58:00	5249.500	5250.500	5249.000	5249.000	260	1520	1
2026.07.01	16:59:00	5249.500	5249.500	5247.500	5247.500	791	3662	1
2026.07.01	17:00:00	5247.500	5249.500	5247.500	5248.500	339	1333	1
2026.07.01	17:01:00	5249.000	5249.000	5248.000	5248.500	126	433	1
2026.07.01	17:02:00	5248.000	5249.000	5248.000	5249.000	122	610	1
2026.07.01	17:03:00	5248.500	5249.000	5247.500	5248.000	291	1500	1
2026.07.01	17:04:00	5248.000	5248.500	5247.500	5248.000	167	900	1
2026.07.01	17:05:00	5248.000	5249.000	5247.500	5248.500	262	1104	1
2026.07.01	17:06:00	5249.000	5249.000	5248.500	5249.000	141	518	1
2026.07.01	17:07:00	5249.000	5250.500	5248.500	5250.000	447	1697	1
2026.07.01	17:08:00	5249.500	5250.500	5249.500	5249.500	233	1254	1
2026.07.01	17:09:00	5249.500	5249.500	5248.000	5248.500	352	1882	1
2026.07.01	17:10:00	5249.000	5249.000	5247.500	5247.500	355	1307	1
2026.07.01	17:11:00	5247.000	5249.000	5247.000	5247.000	589	2504	1
2026.07.01	17:12:00	5247.000	5247.500	5246.500	5247.500	358	1555	1
2026.07.01	17:13:00	5247.000	5248.000	5247.000	5247.000	174	545	1
2026.07.01	17:14:00	5247.000	5247.500	5246.500	5247.500	378	1822	1
2026.07.01	17:15:00	5247.500	5247.500	5246.500	5247.000	197	862	1
2026.07.01	17:16:00	5246.500	5250.000	5246.500	5249.500	508	2718	1
2026.07.01	17:17:00	5249.500	5251.000	5249.500	5250.500	337	1466	1
2026.07.01	17:18:00	5251.000	5251.000	5250.500	5250.500	154	509	1
2026.07.01	17:19:00	5251.000	5251.000	5250.000	5250.500	212	1365	1
2026.07.01	17:20:00	5250.500	5251.000	5249.000	5250.000	309	1661	1
2026.07.01	17:21:00	5249.500	5250.000	5249.500	5250.000	54	164	1
2026.07.01	17:22:00	5249.500	5250.500	5249.500	5250.000	171	587	1
2026.07.01	17:23:00	5249.500	5250.000	5248.500	5248.500	167	547	1
2026.07.01	17:24:00	5248.500	5249.500	5248.500	5249.000	122	294	1
2026.07.01	17:25:00	5249.000	5249.500	5249.000	5249.000	39	166	1
2026.07.01	17:26:00	5249.500	5250.000	5249.000	5249.500	122	606	1
2026.07.01	17:27:00	5249.500	5250.000	5249.000	5249.500	131	542	1
2026.07.01	17:28:00	5249.500	5249.500	5248.500	5248.500	187	967	1
2026.07.01	17:29:00	5248.500	5250.500	5248.500	5250.000	320	2999	1
2026.07.01	17:30:00	5249.500	5250.000	5248.500	5248.500	200	791	1
2026.07.01	17:31:00	5248.500	5249.000	5248.000	5248.500	207	685	1
2026.07.01	17:32:00	5248.000	5249.000	5248.000	5248.500	103	362	1
2026.07.01	17:33:00	5248.500	5249.000	5248.000	5248.000	102	449	1
2026.07.01	17:34:00	5248.500	5248.500	5248.000	5248.500	43	120	1
2026.07.01	17:35:00	5248.500	5250.500	5248.000	5249.500	300	2420	1
2026.07.01	17:36:00	5249.000	5249.500	5248.500	5249.000	105	426	1
2026.07.01	17:37:00	5249.500	5250.000	5248.500	5248.500	164	864	1
2026.07.01	17:38:00	5248.500	5249.000	5248.500	5249.000	39	145	1
2026.07.01	17:39:00	5248.500	5249.000	5248.000	5248.000	185	484	1
2026.07.01	17:40:00	5248.000	5248.000	5247.000	5247.500	285	1199	1
2026.07.01	17:41:00	5247.000	5247.500	5246.000	5246.500	398	1935	1
2026.07.01	17:42:00	5246.500	5246.500	5245.500	5246.500	221	1223	1
2026.07.01	17:43:00	5246.000	5247.000	5246.000	5246.500	237	1460	1
2026.07.01	17:44:00	5247.000	5247.000	5246.500	5246.500	55	133	1
2026.07.01	17:45:00	5246.500	5247.000	5246.000	5246.000	93	362	1
2026.07.01	17:46:00	5246.000	5247.000	5246.000	5247.000	91	474	1
2026.07.01	17:47:00	5247.000	5247.000	5246.000	5246.500	72	613	1
2026.07.01	17:48:00	5246.000	5247.500	5246.000	5246.500	237	1744	1
2026.07.01	17:49:00	5246.000	5246.500	5245.000	5246.000	302	1841	1
2026.07.01	17:50:00	5245.500	5246.000	5245.000	5245.500	94	325	1
2026.07.01	17:51:00	5245.500	5246.000	5245.000	5245.500	217	6240	1
2026.07.01	17:52:00	5245.000	5245.500	5245.000	5245.500	227	1945	1
2026.07.01	17:53:00	5245.500	5245.500	5244.500	5245.500	200	1074	1
2026.07.01	17:54:00	5245.500	5245.500	5244.500	5245.500	106	497	1
2026.07.01	17:55:00	5245.500	5246.000	5245.000	5246.000	198	892	1
2026.07.01	17:56:00	5245.500	5246.000	5245.000	5245.000	102	670	1
2026.07.01	17:57:00	5245.000	5246.000	5245.000	5246.000	77	415	1
2026.07.01	17:58:00	5245.500	5246.000	5245.000	5245.500	110	310	1
2026.07.01	17:59:00	5245.000	5247.000	5245.000	5246.500	421	1869	1
2026.07.01	18:00:00	5246.000	5246.500	5245.500	5246.000	135	609	1
2026.07.01	18:01:00	5246.000	5246.500	5246.000	5246.000	61	115	1
2026.07.01	18:02:00	5246.000	5247.000	5245.500	5246.500	74	197	1
2026.07.01	18:03:00	5246.500	5246.500	5246.000	5246.500	49	127	1
2026.07.01	18:04:00	5246.500	5247.000	5246.000	5247.000	68	130	1
2026.07.01	18:05:00	5246.500	5247.000	5246.500	5246.500	53	135	1
2026.07.01	18:06:00	5247.000	5247.000	5246.000	5246.000	87	330	1
2026.07.01	18:07:00	5246.500	5246.500	5246.000	5246.000	116	493	1
2026.07.01	18:08:00	5246.000	5246.500	5245.500	5246.000	78	221	1
2026.07.01	18:09:00	5246.500	5247.000	5246.000	5246.000	97	375	1
2026.07.01	18:10:00	5246.500	5247.000	5246.000	5247.000	118	391	1
2026.07.01	18:11:00	5247.000	5248.000	5246.500	5247.500	278	801	1
2026.07.01	18:12:00	5248.000	5249.000	5247.500	5248.500	258	928	1
2026.07.01	18:13:00	5248.500	5248.500	5247.500	5248.000	102	221	1
2026.07.01	18:14:00	5247.500	5248.500	5247.000	5248.000	201	604	1
2026.07.01	18:15:00	5248.000	5249.000	5247.500	5248.000	391	1675	1
2026.07.01	18:16:00	5248.500	5248.500	5248.000	5248.000	125	461	1
2026.07.01	18:17:00	5248.000	5248.500	5247.500	5247.500	116	1018	1
2026.07.01	18:18:00	5247.000	5247.500	5244.500	5244.500	428	2092	1
2026.07.01	18:19:00	5245.000	5245.500	5244.000	5245.000	297	1326	1
2026.07.01	18:20:00	5244.500	5246.000	5244.500	5245.500	221	874	1
2026.07.01	18:21:00	5245.500	5245.500	5245.000	5245.000	130	476	1
2026.07.01	18:22:00	5245.000	5246.000	5245.000	5245.000	134	663	1
2026.07.01	18:23:00	5245.500	5246.000	5245.000	5246.000	112	615	1
2026.07.01	18:24:00	5245.500	5246.000	5245.500	5245.500	43	394	1
2026.07.01	18:25:00	5246.000	5246.500	5244.500	5245.000	571	1684	1
2026.07.01	18:26:00	5244.500	5244.500	5242.500	5243.000	165	954	1
2026.07.01	18:27:00	5242.500	5243.000	5242.000	5242.500	74	465	1
2026.07.01	18:28:00	5243.000	5243.000	5242.000	5242.000	103	517	1
2026.07.01	18:29:00	5242.500	5243.000	5241.500	5241.500	128	637	1
2026.07.02	09:00:00	5234.500	5234.500	5231.000	5233.000	2223	8392	1
2026.07.02	09:01:00	5233.500	5236.500	5232.500	5236.500	3168	11667	1
2026.07.02	09:02:00	5236.500	5237.500	5235.000	5236.500	1929	6595	1
2026.07.02	09:03:00	5236.500	5236.500	5231.500	5233.000	3410	13681	1
2026.07.02	09:04:00	5233.000	5234.500	5231.500	5233.000	1901	6914	1
2026.07.02	09:05:00	5233.000	5236.500	5232.000	5235.000	2462	9064	1
2026.07.02	09:06:00	5235.500	5237.000	5235.000	5235.500	1517	5567	1
2026.07.02	09:07:00	5235.500	5240.500	5234.500	5239.000	3208	10790	1
2026.07.02	09:08:00	5239.000	5239.500	5236.500	5237.500	1568	7394	1
2026.07.02	09:09:00	5237.500	5239.500	5237.500	5239.500	1123	6287	1
2026.07.02	09:10:00	5239.500	5241.000	5238.000	5239.500	1262	5541	1
2026.07.02	09:11:00	5239.500	5242.000	5239.500	5242.000	1235	6011	1
2026.07.02	09:12:00	5242.000	5243.000	5240.500	5241.000	2037	8050	1
2026.07.02	09:13:00	5241.000	5241.500	5238.000	5239.500	2083	8172	1
2026.07.02	09:14:00	5239.000	5240.000	5239.000	5240.000	404	1361	1
2026.07.02	09:15:00	5240.000	5240.500	5238.500	5240.000	876	3093	1
2026.07.02	09:16:00	5240.500	5241.000	5239.000	5239.500	758	3088	1
2026.07.02	09:17:00	5239.500	5241.000	5239.000	5240.000	671	3533	1
2026.07.02	09:18:00	5240.000	5241.500	5239.500	5241.500	903	3839	1
2026.07.02	09:19:00	5241.000	5243.500	5241.000	5243.500	1701	6127	1
2026.07.02	09:20:00	5243.000	5246.000	5242.500	5245.000	2552	9598	1
2026.07.02	09:21:00	5245.000	5247.500	5243.000	5246.000	2217	7830	1
2026.07.02	09:22:00	5246.000	5246.500	5244.000	5245.500	1002	3440	1
2026.07.02	09:23:00	5245.000	5247.500	5244.500	5245.000	1697	7398	1
2026.07.02	09:24:00	5245.000	5248.000	5245.000	5246.000	1226	5713	1
2026.07.02	09:25:00	5246.000	5247.000	5244.000	5245.500	1615	7644	1
2026.07.02	09:26:00	5245.000	5245.000	5242.000	5244.000	1960	7770	1
2026.07.02	09:27:00	5244.000	5246.000	5242.500	5246.000	860	3183	1
2026.07.02	09:28:00	5246.000	5250.000	5245.000	5246.000	2732	12899	1
2026.07.02	09:29:00	5245.500	5247.000	5244.500	5245.000	877	6976	1
2026.07.02	09:30:00	5245.000	5246.000	5218.000	5218.500	13341	60482	1
2026.07.02	09:31:00	5218.500	5223.500	5217.500	5218.500	5827	24346	1
2026.07.02	09:32:00	5218.500	5220.000	5210.500	5212.000	7481	29344	1
2026.07.02	09:33:00	5212.000	5216.000	5208.000	5210.000	7024	34155	1
2026.07.02	09:34:00	5210.000	5211.000	5206.500	5208.500	4061	13407	1
2026.07.02	09:35:00	5208.500	5209.500	5206.500	5206.500	3325	11756	1
2026.07.02	09:36:00	5207.000	5207.500	5203.000	5205.000	5316	20756	1
2026.07.02	09:37:00	5205.500	5206.000	5197.500	5198.500	7879	35935	1
2026.07.02	09:38:00	5198.500	5202.500	5197.500	5199.500	4950	20660	1
2026.07.02	09:39:00	5199.000	5200.000	5196.500	5200.000	3642	13227	1
2026.07.02	09:40:00	5199.500	5203.000	5198.000	5200.000	4812	18173	1
2026.07.02	09:41:00	5200.000	5201.500	5196.500	5200.500	5350	20115	1
2026.07.02	09:42:00	5201.000	5201.000	5197.000	5199.000	3717	15202	1
2026.07.02	09:43:00	5199.000	5201.500	5198.000	5200.000	2313	9227	1
2026.07.02	09:44:00	5200.000	5202.000	5199.500	5200.000	1771	5695	1
2026.07.02	09:45:00	5199.500	5204.500	5199.500	5202.000	3900	13586	1
2026.07.02	09:46:00	5202.500	5204.500	5202.000	5203.000	2682	9159	1
2026.07.02	09:47:00	5203.000	5209.500	5202.500	5209.500	4319	16072	1
2026.07.02	09:48:00	5209.500	5210.000	5206.500	5207.000	3561	14229	1
2026.07.02	09:49:00	5207.500	5211.000	5207.000	5208.500	2491	8931	1
2026.07.02	09:50:00	5208.000	5211.000	5208.000	5208.500	1669	5718	1
2026.07.02	09:51:00	5209.000	5211.500	5208.000	5211.500	2019	7496	1
2026.07.02	09:52:00	5211.500	5212.000	5209.500	5211.500	1969	7453	1
2026.07.02	09:53:00	5211.500	5213.500	5209.000	5210.000	3437	13941	1
2026.07.02	09:54:00	5210.000	5212.500	5209.000	5212.000	1310	4870	1
2026.07.02	09:55:00	5211.500	5213.000	5210.000	5213.000	1706	5780	1
2026.07.02	09:56:00	5213.000	5216.000	5212.500	5214.500	3589	14958	1
2026.07.02	09:57:00	5215.000	5219.500	5214.000	5218.500	3315	11321	1
2026.07.02	09:58:00	5218.500	5223.000	5218.500	5223.000	3426	13521	1
2026.07.02	09:59:00	5222.500	5223.000	5217.000	5218.500	4133	13007	1
2026.07.02	10:00:00	5218.000	5223.500	5217.000	5223.000	4098	13696	1
2026.07.02	10:01:00	5223.000	5230.500	5223.000	5229.500	6276	31523	1
2026.07.02	10:02:00	5230.000	5231.000	5225.500	5229.500	5133	21771	1
2026.07.02	10:03:00	5229.500	5231.000	5226.500	5229.500	3035	11315	1
2026.07.02	10:04:00	5229.000	5230.000	5225.000	5225.000	3240	15006	1
2026.07.02	10:05:00	5225.000	5228.000	5224.500	5226.500	2785	11830	1
2026.07.02	10:06:00	5226.500	5228.000	5225.000	5226.500	1517	6126	1
2026.07.02	10:07:00	5226.500	5229.000	5225.500	5228.000	2116	8814	1
2026.07.02	10:08:00	5228.000	5228.500	5224.500	5224.500	1662	5648	1
2026.07.02	10:09:00	5224.500	5227.000	5224.500	5226.500	1340	5046	1
2026.07.02	10:10:00	5226.000	5228.500	5225.000	5228.000	1368	3979	1
2026.07.02	10:11:00	5228.000	5228.500	5223.500	5223.500	2098	7303	1
2026.07.02	10:12:00	5224.000	5224.500	5219.500	5220.000	4989	19125	1
2026.07.02	10:13:00	5220.000	5223.500	5220.000	5223.000	2128	10020	1
2026.07.02	10:14:00	5223.000	5225.000	5221.000	5224.000	1640	6550	1
2026.07.02	10:15:00	5223.500	5224.500	5221.500	5224.500	1164	3527	1
2026.07.02	10:16:00	5224.500	5225.000	5223.000	5223.000	683	17223	1
2026.07.02	10:17:00	5223.500	5226.500	5222.500	5224.500	1690	5339	1
2026.07.02	10:18:00	5225.000	5226.500	5223.000	5223.000	842	2752	1
2026.07.02	10:19:00	5223.000	5224.000	5221.500	5222.000	1052	4012	1
2026.07.02	10:20:00	5222.500	5226.500	5222.000	5226.000	1124	3906	1
2026.07.02	10:21:00	5226.000	5226.000	5223.000	5223.500	949	2871	1
2026.07.02	10:22:00	5223.500	5227.000	5223.500	5225.500	1119	3580	1
2026.07.02	10:23:00	5226.000	5227.500	5225.500	5227.000	1386	4055	1
2026.07.02	10:24:00	5226.500	5227.500	5224.500	5225.500	1236	5438	1
2026.07.02	10:25:00	5225.000	5230.500	5224.000	5228.500	2912	11540	1
2026.07.02	10:26:00	5229.000	5231.000	5228.500	5230.500	1594	5922	1
2026.07.02	10:27:00	5230.500	5232.500	5230.000	5231.500	2188	8208	1
2026.07.02	10:28:00	5232.000	5234.500	5231.000	5234.000	3095	12640	1
2026.07.02	10:29:00	5233.500	5237.000	5233.000	5235.500	3355	15036	1
2026.07.02	10:30:00	5235.500	5238.500	5233.000	5238.000	4158	16783	1
2026.07.02	10:31:00	5238.000	5241.500	5236.500	5239.500	4839	19867	1
2026.07.02	10:32:00	5240.000	5240.500	5234.500	5235.500	3529	13110	1
2026.07.02	10:33:00	5236.000	5236.000	5233.000	5235.000	2400	9200	1
2026.07.02	10:34:00	5235.500	5237.000	5233.000	5234.000	2306	10122	1
2026.07.02	10:35:00	5234.500	5235.000	5227.000	5228.000	4633	16097	1
2026.07.02	10:36:00	5227.500	5230.500	5227.500	5228.500	2209	8774	1
2026.07.02	10:37:00	5228.000	5228.500	5225.000	5225.500	1974	7673	1
2026.07.02	10:38:00	5225.000	5226.500	5223.000	5226.500	3372	11700	1
2026.07.02	10:39:00	5226.500	5227.000	5224.000	5224.500	1876	7061	1
2026.07.02	10:40:00	5224.500	5226.000	5223.500	5224.500	1550	5285	1
2026.07.02	10:41:00	5225.000	5226.000	5223.500	5225.500	1456	4358	1
2026.07.02	10:42:00	5225.000	5226.000	5221.000	5221.000	2222	7111	1
2026.07.02	10:43:00	5221.500	5223.000	5219.000	5219.500	3657	13769	1
2026.07.02	10:44:00	5219.500	5220.500	5216.000	5216.500	2918	11270	1
2026.07.02	10:45:00	5216.500	5219.000	5215.500	5217.000	2556	9915	1
2026.07.02	10:46:00	5217.000	5221.500	5217.000	5218.000	2919	10871	1
2026.07.02	10:47:00	5218.500	5220.000	5218.000	5218.000	1050	4365	1
2026.07.02	10:48:00	5218.000	5218.500	5215.500	5216.000	1694	5670	1
2026.07.02	10:49:00	5215.500	5219.500	5214.000	5219.500	3904	12582	1
2026.07.02	10:50:00	5219.500	5219.500	5217.000	5217.500	1703	6420	1
2026.07.02	10:51:00	5217.500	5220.000	5217.500	5219.500	1519	6912	1
2026.07.02	10:52:00	5219.000	5221.000	5218.000	5220.500	1759	7931	1
2026.07.02	10:53:00	5220.500	5221.000	5219.000	5220.500	1071	4178	1
2026.07.02	10:54:00	5220.000	5223.000	5220.000	5222.500	2627	11653	1
2026.07.02	10:55:00	5223.000	5226.000	5222.500	5225.500	3088	10626	1
2026.07.02	10:56:00	5225.500	5226.500	5224.500	5226.000	1518	6325	1
2026.07.02	10:57:00	5225.500	5229.500	5224.500	5228.500	2150	7117	1
2026.07.02	10:58:00	5228.500	5229.000	5227.500	5228.000	1018	4458	1
2026.07.02	10:59:00	5228.000	5228.500	5221.500	5222.000	2520	11247	1
2026.07.02	11:00:00	5222.000	5223.500	5221.500	5222.500	1326	6473	1
2026.07.02	11:01:00	5222.500	5225.000	5222.000	5224.000	1317	5623	1
2026.07.02	11:02:00	5224.000	5225.000	5222.000	5223.000	1574	5875	1
2026.07.02	11:03:00	5223.000	5223.500	5221.500	5222.500	2441	11296	1
2026.07.02	11:04:00	5222.500	5223.000	5221.000	5221.500	1068	4846	1
2026.07.02	11:05:00	5221.500	5223.000	5220.500	5222.000	1109	3885	1
2026.07.02	11:06:00	5222.500	5223.000	5220.500	5221.000	1090	4080	1
2026.07.02	11:07:00	5221.000	5223.000	5220.500	5220.500	1641	10288	1
2026.07.02	11:08:00	5220.500	5221.000	5217.500	5218.500	2420	10321	1
2026.07.02	11:09:00	5218.500	5222.000	5218.000	5221.500	1652	8295	1
2026.07.02	11:10:00	5222.000	5223.500	5220.000	5222.000	2176	9132	1
2026.07.02	11:11:00	5222.000	5223.000	5220.500	5222.500	1320	5254	1
2026.07.02	11:12:00	5222.500	5225.000	5222.000	5224.500	2019	8323	1
2026.07.02	11:13:00	5224.500	5224.500	5221.500	5222.000	1389	5896	1
2026.07.02	11:14:00	5222.000	5227.500	5222.000	5227.500	2358	9427	1
2026.07.02	11:15:00	5227.500	5228.000	5224.000	5226.500	2205	11797	1
2026.07.02	11:16:00	5226.500	5227.000	5222.500	5222.500	1382	5014	1
2026.07.02	11:17:00	5222.500	5224.000	5221.000	5223.500	1388	5121	1
2026.07.02	11:18:00	5224.000	5225.500	5223.000	5223.500	720	1703	1
2026.07.02	11:19:00	5224.000	5226.000	5223.000	5224.000	795	2245	1
2026.07.02	11:20:00	5223.500	5227.500	5222.500	5227.000	1347	3803	1
2026.07.02	11:21:00	5227.500	5231.000	5227.000	5229.000	3077	10765	1
2026.07.02	11:22:00	5229.000	5230.500	5227.000	5227.000	1648	4695	1
2026.07.02	11:23:00	5227.000	5231.500	5226.000	5229.500	1647	5768	1
2026.07.02	11:24:00	5230.000	5231.000	5228.000	5230.500	1059	4664	1
2026.07.02	11:25:00	5230.500	5234.000	5230.500	5233.000	2467	8991	1
2026.07.02	11:26:00	5232.500	5233.000	5227.500	5229.500	2355	12283	1
2026.07.02	11:27:00	5229.000	5231.500	5228.500	5230.500	1470	5708	1
2026.07.02	11:28:00	5231.000	5231.500	5230.000	5231.000	621	1952	1
2026.07.02	11:29:00	5231.000	5232.000	5230.500	5231.500	745	1942	1
2026.07.02	11:30:00	5231.500	5233.000	5230.000	5231.000	1336	4333	1
2026.07.02	11:31:00	5231.500	5233.000	5228.500	5232.500	1368	4343	1
2026.07.02	11:32:00	5232.500	5233.000	5231.000	5232.000	816	2988	1
2026.07.02	11:33:00	5232.500	5236.000	5232.000	5235.000	2433	8191	1
2026.07.02	11:34:00	5235.000	5237.500	5234.500	5236.500	1628	6091	1
2026.07.02	11:35:00	5237.000	5239.000	5235.000	5238.500	1914	8138	1
2026.07.02	11:36:00	5238.000	5238.500	5235.500	5237.000	1479	7394	1
2026.07.02	11:37:00	5237.000	5237.500	5236.000	5236.000	1121	4947	1
2026.07.02	11:38:00	5236.000	5238.000	5236.000	5236.000	799	2483	1
2026.07.02	11:39:00	5236.000	5237.500	5234.500	5237.500	1372	5199	1
2026.07.02	11:40:00	5237.000	5240.000	5236.000	5238.000	2107	9314	1
2026.07.02	11:41:00	5238.000	5242.000	5237.500	5241.500	2408	11536	1
2026.07.02	11:42:00	5242.000	5243.000	5239.500	5240.000	1870	7298	1
2026.07.02	11:43:00	5240.000	5242.000	5239.000	5241.000	1255	5298	1
2026.07.02	11:44:00	5241.000	5241.500	5239.000	5241.000	1003	3055	1
2026.07.02	11:45:00	5240.500	5242.000	5239.500	5242.000	1041	2595	1
2026.07.02	11:46:00	5241.500	5242.000	5240.000	5240.500	732	2885	1
2026.07.02	11:47:00	5240.000	5240.000	5235.000	5236.500	2539	10137	1
2026.07.02	11:48:00	5237.000	5238.500	5236.000	5236.500	800	2564	1
2026.07.02	11:49:00	5236.000	5236.500	5233.000	5234.500	1679	4676	1
2026.07.02	11:50:00	5235.000	5236.000	5234.500	5236.000	872	2659	1
2026.07.02	11:51:00	5236.000	5236.000	5234.500	5234.500	667	2193	1
2026.07.02	11:52:00	5234.500	5236.000	5234.000	5235.500	642	2206	1
2026.07.02	11:53:00	5236.000	5237.000	5235.000	5235.500	695	2385	1
2026.07.02	11:54:00	5235.500	5236.000	5234.000	5234.500	544	2020	1
2026.07.02	11:55:00	5234.500	5234.500	5233.000	5233.500	960	2525	1
2026.07.02	11:56:00	5233.000	5234.000	5232.500	5234.000	647	1630	1
2026.07.02	11:57:00	5234.000	5236.500	5233.500	5235.500	1271	4884	1
2026.07.02	11:58:00	5235.500	5237.000	5233.000	5233.000	1962	11987	1
2026.07.02	11:59:00	5233.500	5234.000	5231.000	5233.000	2796	12161	1
2026.07.02	12:00:00	5233.000	5235.000	5232.500	5233.000	1651	6604	1
2026.07.02	12:01:00	5233.000	5234.000	5232.500	5233.000	1120	5227	1
2026.07.02	12:02:00	5233.000	5234.000	5232.500	5233.000	1101	4179	1
2026.07.02	12:03:00	5233.000	5236.000	5233.000	5235.000	958	2683	1
2026.07.02	12:04:00	5235.500	5236.500	5234.000	5236.000	1554	7140	1
2026.07.02	12:05:00	5236.500	5238.000	5235.500	5236.500	2142	8241	1
2026.07.02	12:06:00	5237.000	5238.500	5235.000	5235.500	2353	12706	1
2026.07.02	12:07:00	5236.000	5241.500	5236.000	5241.000	2460	11360	1
2026.07.02	12:08:00	5240.500	5241.500	5238.500	5240.000	1349	5449	1
2026.07.02	12:09:00	5240.000	5240.500	5237.500	5238.500	1215	3588	1
2026.07.02	12:10:00	5239.000	5239.500	5238.000	5238.500	741	4069	1
2026.07.02	12:11:00	5239.000	5239.000	5234.000	5235.000	1562	5204	1
2026.07.02	12:12:00	5234.500	5236.000	5234.500	5235.500	724	2121	1
2026.07.02	12:13:00	5235.000	5236.000	5234.000	5235.000	776	2514	1
2026.07.02	12:14:00	5234.500	5235.500	5233.500	5234.500	736	2475	1
2026.07.02	12:15:00	5234.500	5235.000	5233.500	5233.500	644	2359	1
2026.07.02	12:16:00	5233.500	5235.500	5233.500	5235.000	751	2324	1
2026.07.02	12:17:00	5235.000	5236.500	5233.500	5236.000	1076	3947	1
2026.07.02	12:18:00	5236.000	5236.000	5234.000	5235.500	758	1855	1
2026.07.02	12:19:00	5235.500	5236.000	5235.000	5235.500	344	926	1
2026.07.02	12:20:00	5235.000	5236.000	5235.000	5235.500	596	1708	1
2026.07.02	12:21:00	5235.500	5236.000	5233.500	5235.500	1032	3804	1
2026.07.02	12:22:00	5236.000	5236.000	5234.500	5234.500	374	828	1
2026.07.02	12:23:00	5234.500	5236.000	5234.000	5235.500	444	1754	1
2026.07.02	12:24:00	5235.000	5235.000	5232.000	5233.000	1501	5802	1
2026.07.02	12:25:00	5233.000	5235.000	5233.000	5234.000	674	2411	1
2026.07.02	12:26:00	5234.000	5234.500	5231.000	5232.000	1127	3542	1
2026.07.02	12:27:00	5232.500	5233.500	5232.000	5233.000	481	1556	1
2026.07.02	12:28:00	5233.500	5234.500	5232.500	5232.500	599	1876	1
2026.07.02	12:29:00	5232.500	5235.000	5232.500	5234.500	459	1524	1
2026.07.02	12:30:00	5234.000	5234.000	5231.000	5231.000	889	4627	1
2026.07.02	12:31:00	5231.500	5232.000	5230.000	5230.500	1016	3196	1
2026.07.02	12:32:00	5230.000	5231.500	5229.500	5230.000	826	2662	1
2026.07.02	12:33:00	5230.500	5231.000	5229.500	5231.000	573	2251	1
2026.07.02	12:34:00	5231.000	5232.000	5230.500	5232.000	586	2570	1
2026.07.02	12:35:00	5232.000	5232.000	5230.000	5231.500	668	3558	1
2026.07.02	12:36:00	5231.500	5232.000	5229.000	5230.500	909	4348	1
2026.07.02	12:37:00	5230.500	5233.000	5229.500	5230.500	869	4532	1
2026.07.02	12:38:00	5230.500	5232.000	5230.500	5231.500	341	1346	1
2026.07.02	12:39:00	5231.500	5232.000	5231.000	5231.500	140	377	1
2026.07.02	12:40:00	5232.000	5234.000	5231.500	5232.500	936	5330	1
2026.07.02	12:41:00	5232.500	5233.000	5231.500	5232.500	331	1120	1
2026.07.02	12:42:00	5232.500	5236.000	5232.500	5235.500	1711	6563	1
2026.07.02	12:43:00	5235.500	5235.500	5233.500	5234.500	641	4699	1
2026.07.02	12:44:00	5234.500	5235.500	5233.500	5235.000	532	1461	1
2026.07.02	12:45:00	5234.500	5236.500	5234.500	5235.500	650	1995	1
2026.07.02	12:46:00	5235.500	5236.000	5235.000	5235.500	200	382	1
2026.07.02	12:47:00	5235.000	5237.000	5235.000	5235.500	666	2394	1
2026.07.02	12:48:00	5235.500	5238.000	5235.000	5237.000	948	5138	1
2026.07.02	12:49:00	5237.500	5240.000	5237.000	5238.500	1535	5791	1
2026.07.02	12:50:00	5238.500	5240.500	5236.500	5237.500	1334	5569	1
2026.07.02	12:51:00	5237.000	5238.000	5236.500	5237.500	552	1829	1
2026.07.02	12:52:00	5238.000	5238.500	5236.500	5237.500	510	3056	1
2026.07.02	12:53:00	5237.500	5239.500	5236.500	5237.000	937	6181	1
2026.07.02	12:54:00	5237.000	5238.000	5236.500	5237.000	399	1745	1
2026.07.02	12:55:00	5237.000	5239.000	5236.500	5238.500	408	1909	1
2026.07.02	12:56:00	5238.500	5239.500	5238.500	5238.500	271	662	1
2026.07.02	12:57:00	5239.000	5240.000	5238.500	5239.000	411	1246	1
2026.07.02	12:58:00	5239.500	5240.000	5239.000	5239.000	427	1476	1
2026.07.02	12:59:00	5239.000	5239.500	5238.000	5239.000	317	1084	1
2026.07.02	13:00:00	5239.000	5239.500	5237.000	5237.000	878	4763	1
2026.07.02	13:01:00	5237.000	5238.000	5236.500	5237.000	811	3969	1
2026.07.02	13:02:00	5237.500	5239.000	5237.000	5238.000	889	3769	1
2026.07.02	13:03:00	5238.000	5238.500	5236.500	5237.000	469	1474	1
2026.07.02	13:04:00	5237.500	5237.500	5236.500	5237.000	503	2485	1
2026.07.02	13:05:00	5236.500	5237.500	5236.000	5237.500	599	2287	1
2026.07.02	13:06:00	5237.500	5238.000	5236.500	5237.000	280	1072	1
2026.07.02	13:07:00	5237.000	5239.500	5236.500	5239.000	600	2558	1
2026.07.02	13:08:00	5239.000	5244.000	5238.000	5243.500	4293	23029	1
2026.07.02	13:09:00	5243.500	5246.500	5243.000	5245.000	2241	9746	1
2026.07.02	13:10:00	5245.000	5246.500	5243.000	5243.000	1127	4448	1
2026.07.02	13:11:00	5243.500	5244.500	5243.000	5243.500	814	3191	1
2026.07.02	13:12:00	5244.000	5245.000	5243.500	5244.000	555	1575	1
2026.07.02	13:13:00	5244.000	5246.500	5243.000	5246.500	837	2779	1
2026.07.02	13:14:00	5246.500	5249.000	5245.500	5247.500	2658	11906	1
2026.07.02	13:15:00	5247.500	5251.000	5247.500	5249.500	1927	7388	1
2026.07.02	13:16:00	5249.500	5250.500	5248.500	5248.500	811	2599	1
2026.07.02	13:17:00	5249.000	5250.000	5248.500	5249.500	935	2797	1
2026.07.02	13:18:00	5249.500	5254.000	5249.000	5252.000	2655	12096	1
2026.07.02	13:19:00	5252.000	5252.500	5249.500	5251.500	1344	5334	1
2026.07.02	13:20:00	5251.000	5252.000	5249.500	5250.000	1237	4922	1
2026.07.02	13:21:00	5250.000	5252.000	5250.000	5251.000	518	1825	1
2026.07.02	13:22:00	5251.500	5254.000	5251.500	5253.500	996	3830	1
2026.07.02	13:23:00	5254.000	5255.500	5253.000	5255.500	1774	5802	1
2026.07.02	13:24:00	5255.500	5255.500	5253.000	5254.000	1200	5541	1
2026.07.02	13:25:00	5254.000	5254.500	5252.500	5252.500	1042	4359	1
2026.07.02	13:26:00	5252.500	5254.000	5252.500	5253.500	901	3053	1
2026.07.02	13:27:00	5253.000	5254.000	5252.500	5253.500	750	2746	1
2026.07.02	13:28:00	5253.500	5253.500	5252.000	5253.500	821	3417	1
2026.07.02	13:29:00	5253.500	5258.000	5253.000	5255.500	3250	13641	1
2026.07.02	13:30:00	5255.000	5256.500	5254.000	5254.500	1173	5625	1
2026.07.02	13:31:00	5254.500	5255.500	5253.500	5254.500	986	3569	1
2026.07.02	13:32:00	5255.000	5255.000	5253.000	5253.500	770	3463	1
2026.07.02	13:33:00	5253.500	5255.500	5253.000	5255.000	1120	3442	1
2026.07.02	13:34:00	5255.500	5256.000	5254.500	5254.500	638	2527	1
2026.07.02	13:35:00	5254.500	5255.000	5252.000	5252.000	924	2654	1
2026.07.02	13:36:00	5252.500	5253.500	5251.500	5252.000	1433	6320	1
2026.07.02	13:37:00	5251.500	5253.000	5251.500	5252.000	896	2382	1
2026.07.02	13:38:00	5252.000	5254.500	5252.000	5254.500	905	3302	1
2026.07.02	13:39:00	5254.500	5255.500	5252.500	5252.500	914	3182	1
2026.07.02	13:40:00	5252.500	5253.000	5251.000	5251.000	962	3919	1
2026.07.02	13:41:00	5251.500	5252.000	5250.500	5251.000	843	2330	1
2026.07.02	13:42:00	5251.500	5252.500	5250.500	5251.500	648	1991	1
2026.07.02	13:43:00	5251.000	5252.500	5250.500	5252.500	694	2873	1
2026.07.02	13:44:00	5252.500	5252.500	5250.000	5250.500	599	2578	1
2026.07.02	13:45:00	5251.000	5252.000	5250.500	5251.000	421	1414	1
2026.07.02	13:46:00	5251.000	5252.000	5251.000	5251.500	485	1636	1
2026.07.02	13:47:00	5251.000	5251.500	5248.500	5249.500	1299	4979	1
2026.07.02	13:48:00	5249.000	5250.000	5248.500	5249.000	667	2378	1
2026.07.02	13:49:00	5249.000	5249.500	5246.500	5247.000	1904	10333	1
2026.07.02	13:50:00	5247.000	5247.500	5246.000	5246.500	987	4653	1
2026.07.02	13:51:00	5246.500	5246.500	5245.500	5245.500	808	3045	1
2026.07.02	13:52:00	5246.000	5246.000	5243.500	5245.000	1349	7050	1
2026.07.02	13:53:00	5245.000	5247.000	5244.500	5246.500	1000	4613	1
2026.07.02	13:54:00	5247.000	5247.000	5246.000	5247.000	366	1437	1
2026.07.02	13:55:00	5246.500	5249.000	5246.500	5248.500	1157	5166	1
2026.07.02	13:56:00	5248.500	5250.000	5248.000	5249.000	1211	5235	1
2026.07.02	13:57:00	5249.000	5251.500	5248.500	5251.500	966	2824	1
2026.07.02	13:58:00	5251.500	5252.500	5250.500	5252.500	1228	7007	1
2026.07.02	13:59:00	5252.500	5253.500	5251.500	5251.500	850	3120	1
2026.07.02	14:00:00	5252.000	5253.000	5251.500	5252.000	953	3771	1
2026.07.02	14:01:00	5251.500	5252.000	5248.500	5249.000	1222	4057	1
2026.07.02	14:02:00	5249.500	5249.500	5247.000	5248.000	1129	5410	1
2026.07.02	14:03:00	5248.000	5248.000	5246.500	5247.500	530	2493	1
2026.07.02	14:04:00	5247.500	5248.500	5247.000	5248.000	315	1217	1
2026.07.02	14:05:00	5248.500	5249.000	5247.000	5247.000	462	1399	1
2026.07.02	14:06:00	5247.000	5247.500	5245.000	5246.000	842	2821	1
2026.07.02	14:07:00	5246.000	5247.000	5245.000	5246.000	608	1775	1
2026.07.02	14:08:00	5246.500	5247.500	5246.000	5246.500	462	1408	1
2026.07.02	14:09:00	5247.000	5249.000	5246.000	5248.500	927	4181	1
2026.07.02	14:10:00	5248.500	5249.000	5247.500	5248.000	323	1072	1
2026.07.02	14:11:00	5248.500	5250.000	5248.000	5248.500	797	3281	1
2026.07.02	14:12:00	5249.000	5249.000	5247.500	5248.500	566	2200	1
2026.07.02	14:13:00	5248.000	5250.500	5248.000	5249.000	699	2351	1
2026.07.02	14:14:00	5249.000	5249.500	5248.500	5249.000	203	499	1
2026.07.02	14:15:00	5249.500	5250.000	5248.500	5248.500	201	549	1
2026.07.02	14:16:00	5249.000	5249.000	5248.500	5248.500	132	848	1
2026.07.02	14:17:00	5249.000	5250.000	5248.500	5250.000	454	1834	1
2026.07.02	14:18:00	5250.000	5250.500	5248.500	5248.500	337	759	1
2026.07.02	14:19:00	5249.000	5250.000	5247.500	5248.000	455	2133	1
2026.07.02	14:20:00	5248.500	5249.500	5248.000	5249.500	194	570	1
2026.07.02	14:21:00	5249.500	5250.000	5248.000	5249.000	326	1067	1
2026.07.02	14:22:00	5248.500	5249.500	5248.000	5248.500	224	1264	1
2026.07.02	14:23:00	5248.500	5249.500	5248.500	5249.000	237	800	1
2026.07.02	14:24:00	5249.500	5250.500	5249.000	5250.000	380	1693	1
2026.07.02	14:25:00	5249.500	5251.500	5248.500	5249.000	1208	6501	1
2026.07.02	14:26:00	5249.000	5252.000	5248.500	5251.500	1120	4897	1
2026.07.02	14:27:00	5251.500	5251.500	5248.500	5249.500	803	5023	1
2026.07.02	14:28:00	5249.500	5249.500	5248.500	5249.000	189	901	1
2026.07.02	14:29:00	5248.500	5249.500	5248.500	5249.000	311	2331	1
2026.07.02	14:30:00	5249.000	5249.500	5247.500	5249.000	642	4024	1
2026.07.02	14:31:00	5249.000	5249.000	5248.000	5248.500	251	884	1
2026.07.02	14:32:00	5248.500	5249.000	5247.500	5247.500	367	1339	1
2026.07.02	14:33:00	5247.500	5248.000	5247.000	5247.500	405	1474	1
2026.07.02	14:34:00	5247.500	5249.500	5247.500	5248.500	452	2117	1
2026.07.02	14:35:00	5249.000	5250.000	5248.500	5250.000	364	1161	1
2026.07.02	14:36:00	5250.000	5255.000	5250.000	5253.500	2472	11268	1
2026.07.02	14:37:00	5253.000	5255.000	5252.500	5253.000	743	3460	1
2026.07.02	14:38:00	5253.000	5253.500	5252.000	5252.500	585	2461	1
2026.07.02	14:39:00	5253.000	5253.000	5251.500	5252.000	246	803	1
2026.07.02	14:40:00	5252.500	5253.000	5251.500	5251.500	479	2665	1
2026.07.02	14:41:00	5252.000	5252.000	5250.500	5250.500	469	1524	1
2026.07.02	14:42:00	5250.500	5251.000	5250.000	5250.000	391	1032	1
2026.07.02	14:43:00	5250.500	5252.000	5250.000	5251.000	341	921	1
2026.07.02	14:44:00	5251.000	5251.000	5249.000	5250.500	588	3060	1
2026.07.02	14:45:00	5250.500	5250.500	5249.500	5250.500	380	2735	1
2026.07.02	14:46:00	5250.500	5252.000	5250.000	5251.500	519	2587	1
2026.07.02	14:47:00	5251.500	5252.500	5251.000	5252.500	326	1256	1
2026.07.02	14:48:00	5252.500	5253.000	5252.000	5252.500	534	2109	1
2026.07.02	14:49:00	5252.000	5253.500	5252.000	5253.000	398	1659	1
2026.07.02	14:50:00	5252.500	5254.000	5252.000	5254.000	538	2017	1
2026.07.02	14:51:00	5254.000	5254.000	5253.500	5254.000	302	978	1
2026.07.02	14:52:00	5254.000	5255.000	5253.500	5254.500	616	2408	1
2026.07.02	14:53:00	5254.000	5254.500	5253.000	5254.000	284	1094	1
2026.07.02	14:54:00	5253.500	5254.000	5253.000	5253.500	395	1546	1
2026.07.02	14:55:00	5253.500	5254.500	5252.500	5254.000	949	4415	1
2026.07.02	14:56:00	5253.500	5254.000	5251.500	5252.000	488	1782	1
2026.07.02	14:57:00	5251.500	5253.000	5251.000	5252.000	899	4093	1
2026.07.02	14:58:00	5252.500	5253.000	5251.500	5252.000	562	2334	1
2026.07.02	14:59:00	5252.500	5253.000	5252.000	5253.000	370	1152	1
2026.07.02	15:00:00	5252.500	5254.000	5252.500	5253.000	457	1515	1
2026.07.02	15:01:00	5253.000	5253.000	5251.500	5253.000	531	1840	1
2026.07.02	15:02:00	5253.000	5253.000	5252.000	5252.500	512	1309	1
2026.07.02	15:03:00	5252.500	5254.000	5251.500	5254.000	746	2946	1
2026.07.02	15:04:00	5254.000	5254.500	5252.500	5253.500	685	3268	1
2026.07.02	15:05:00	5253.500	5253.500	5252.000	5252.000	374	1229	1
2026.07.02	15:06:00	5252.000	5252.500	5249.500	5249.500	1409	5498	1
2026.07.02	15:07:00	5249.500	5251.000	5248.500	5249.500	777	2269	1
2026.07.02	15:08:00	5249.000	5249.500	5248.500	5249.500	365	1067	1
2026.07.02	15:09:00	5249.500	5250.000	5247.500	5248.000	706	2733	1
2026.07.02	15:10:00	5247.500	5250.000	5247.000	5249.500	1018	4242	1
2026.07.02	15:11:00	5249.000	5249.500	5248.500	5248.500	422	1446	1
2026.07.02	15:12:00	5249.000	5249.500	5248.500	5249.500	141	346	1
2026.07.02	15:13:00	5249.000	5250.000	5248.500	5249.000	336	1223	1
2026.07.02	15:14:00	5249.000	5250.000	5248.500	5249.000	551	3156	1
2026.07.02	15:15:00	5249.000	5249.500	5247.000	5247.500	858	2569	1
2026.07.02	15:16:00	5247.500	5248.000	5246.500	5247.500	794	3336	1
2026.07.02	15:17:00	5248.000	5249.000	5247.500	5248.000	516	2238	1
2026.07.02	15:18:00	5248.000	5248.500	5246.000	5247.500	1123	5317	1
2026.07.02	15:19:00	5247.500	5248.500	5247.500	5248.000	302	936	1
2026.07.02	15:20:00	5247.500	5248.500	5246.500	5247.500	295	911	1
2026.07.02	15:21:00	5247.000	5247.500	5246.500	5247.000	207	672	1
2026.07.02	15:22:00	5247.000	5247.500	5246.000	5246.500	214	598	1
2026.07.02	15:23:00	5246.500	5247.500	5246.500	5247.500	129	282	1
2026.07.02	15:24:00	5247.500	5247.500	5246.500	5247.000	169	784	1
2026.07.02	15:25:00	5247.000	5247.500	5245.000	5246.000	832	3073	1
2026.07.02	15:26:00	5246.000	5246.500	5245.000	5245.500	818	3520	1
2026.07.02	15:27:00	5245.500	5247.500	5245.000	5246.500	754	4011	1
2026.07.02	15:28:00	5247.000	5247.000	5246.000	5246.000	200	546	1
2026.07.02	15:29:00	5246.500	5246.500	5244.000	5244.500	1006	4107	1
2026.07.02	15:30:00	5244.500	5245.000	5243.000	5244.500	962	4258	1
2026.07.02	15:31:00	5244.000	5245.000	5239.500	5241.000	2800	11703	1
2026.07.02	15:32:00	5240.500	5242.500	5240.500	5241.000	843	3202	1
2026.07.02	15:33:00	5241.500	5242.500	5240.500	5241.500	530	1629	1
2026.07.02	15:34:00	5242.000	5245.500	5241.500	5244.000	1410	5786	1
2026.07.02	15:35:00	5244.500	5244.500	5243.000	5244.000	632	11513	1
2026.07.02	15:36:00	5243.500	5244.500	5243.500	5243.500	354	1569	1
2026.07.02	15:37:00	5244.000	5244.500	5243.000	5244.000	460	1256	1
2026.07.02	15:38:00	5244.000	5244.500	5243.500	5244.500	154	215	1
2026.07.02	15:39:00	5244.500	5245.000	5243.000	5243.000	456	1631	1
2026.07.02	15:40:00	5243.000	5244.000	5241.500	5241.500	781	3603	1
2026.07.02	15:41:00	5241.500	5243.000	5241.500	5242.000	228	876	1
2026.07.02	15:42:00	5242.500	5242.500	5241.000	5241.500	464	2418	1
2026.07.02	15:43:00	5242.000	5242.000	5240.000	5240.000	1003	4654	1
2026.07.02	15:44:00	5240.500	5241.500	5239.500	5241.000	636	2352	1
2026.07.02	15:45:00	5241.500	5242.000	5240.000	5242.000	500	2166	1
2026.07.02	15:46:00	5242.000	5242.000	5240.500	5241.000	449	1823	1
2026.07.02	15:47:00	5241.500	5241.500	5239.500	5240.500	819	4138	1
2026.07.02	15:48:00	5240.500	5241.000	5239.500	5239.500	571	1973	1
2026.07.02	15:49:00	5239.500	5241.000	5239.500	5240.000	569	3625	1
2026.07.02	15:50:00	5240.500	5241.000	5240.000	5240.500	320	1175	1
2026.07.02	15:51:00	5240.500	5241.500	5240.500	5241.000	362	1265	1
2026.07.02	15:52:00	5241.500	5241.500	5240.500	5241.000	368	1243	1
2026.07.02	15:53:00	5241.000	5244.000	5241.000	5243.500	1510	6264	1
2026.07.02	15:54:00	5243.500	5244.000	5243.000	5243.500	499	2353	1
2026.07.02	15:55:00	5243.500	5243.500	5243.000	5243.500	321	559	1
2026.07.02	15:56:00	5243.000	5244.500	5242.000	5243.000	888	4745	1
2026.07.02	15:57:00	5243.000	5243.500	5242.000	5242.500	751	2682	1
2026.07.02	15:58:00	5242.000	5243.500	5242.000	5242.500	598	1665	1
2026.07.02	15:59:00	5242.500	5243.500	5242.500	5242.500	472	1574	1
2026.07.02	16:00:00	5242.500	5243.000	5241.000	5241.500	773	2824	1
2026.07.02	16:01:00	5241.500	5242.500	5241.500	5241.500	324	1026	1
2026.07.02	16:02:00	5242.000	5243.000	5241.500	5243.000	276	756	1
2026.07.02	16:03:00	5242.500	5244.000	5242.000	5243.500	451	1762	1
2026.07.02	16:04:00	5244.000	5245.500	5243.500	5245.500	1012	3450	1
2026.07.02	16:05:00	5245.000	5246.000	5244.000	5245.500	631	2490	1
2026.07.02	16:06:00	5245.000	5245.500	5243.500	5243.500	628	1726	1
2026.07.02	16:07:00	5243.500	5245.000	5243.500	5245.000	319	772	1
2026.07.02	16:08:00	5244.500	5245.000	5244.000	5244.500	228	623	1
2026.07.02	16:09:00	5244.500	5245.000	5244.000	5245.000	397	2583	1
2026.07.02	16:10:00	5244.500	5246.000	5244.000	5244.500	306	776	1
2026.07.02	16:11:00	5244.500	5245.000	5244.000	5244.500	158	421	1
2026.07.02	16:12:00	5244.000	5244.500	5243.500	5244.500	356	1357	1
2026.07.02	16:13:00	5244.500	5245.500	5244.000	5245.500	405	2070	1
2026.07.02	16:14:00	5245.000	5245.000	5244.500	5244.500	210	861	1
2026.07.02	16:15:00	5245.000	5245.500	5244.500	5245.500	132	239	1
2026.07.02	16:16:00	5245.500	5247.000	5245.000	5247.000	939	2461	1
2026.07.02	16:17:00	5247.000	5247.000	5245.500	5246.500	428	2838	1
2026.07.02	16:18:00	5246.500	5246.500	5245.500	5245.500	209	707	1
2026.07.02	16:19:00	5246.000	5246.000	5245.500	5245.500	45	157	1
2026.07.02	16:20:00	5245.500	5247.000	5245.500	5247.000	355	1080	1
2026.07.02	16:21:00	5246.500	5247.500	5246.000	5247.000	511	2006	1
2026.07.02	16:22:00	5247.000	5248.000	5247.000	5247.000	386	1132	1
2026.07.02	16:23:00	5247.500	5248.500	5247.000	5248.500	324	1342	1
2026.07.02	16:24:00	5248.000	5249.000	5248.000	5248.500	481	1446	1
2026.07.02	16:25:00	5248.500	5250.000	5248.000	5249.500	837	3406	1
2026.07.02	16:26:00	5249.000	5250.500	5249.000	5250.000	661	3541	1
2026.07.02	16:27:00	5250.000	5250.000	5248.500	5249.000	358	1324	1
2026.07.02	16:28:00	5249.500	5249.500	5248.000	5248.500	274	1033	1
2026.07.02	16:29:00	5248.000	5248.500	5247.500	5248.000	403	1573	1
2026.07.02	16:30:00	5248.500	5249.000	5247.500	5247.500	347	1408	1
2026.07.02	16:31:00	5247.500	5248.000	5247.000	5247.500	345	2050	1
2026.07.02	16:32:00	5248.000	5248.000	5247.500	5247.500	168	629	1
2026.07.02	16:33:00	5247.500	5248.500	5247.500	5248.500	250	1067	1
2026.07.02	16:34:00	5248.000	5248.500	5247.500	5248.500	192	396	1
2026.07.02	16:35:00	5248.000	5248.500	5247.000	5247.000	277	1511	1
2026.07.02	16:36:00	5247.000	5248.000	5247.000	5248.000	269	1005	1
2026.07.02	16:37:00	5248.000	5248.500	5247.500	5247.500	290	829	1
2026.07.02	16:38:00	5247.500	5248.500	5247.500	5248.000	274	1158	1
2026.07.02	16:39:00	5247.500	5248.000	5247.000	5248.000	193	540	1
2026.07.02	16:40:00	5247.500	5249.000	5247.500	5249.000	292	1034	1
2026.07.02	16:41:00	5249.000	5249.000	5248.000	5248.500	173	783	1
2026.07.02	16:42:00	5248.500	5250.500	5248.000	5249.500	751	3632	1
2026.07.02	16:43:00	5249.500	5250.500	5249.500	5249.500	392	2156	1
2026.07.02	16:44:00	5249.500	5250.000	5249.000	5249.500	229	1053	1
2026.07.02	16:45:00	5249.500	5250.500	5249.500	5249.500	311	1005	1
2026.07.02	16:46:00	5249.500	5251.000	5249.500	5250.500	389	1401	1
2026.07.02	16:47:00	5251.000	5251.500	5250.000	5250.500	742	3636	1
2026.07.02	16:48:00	5251.000	5251.000	5250.000	5250.000	158	760	1
2026.07.02	16:49:00	5250.000	5251.000	5250.000	5251.000	135	867	1
2026.07.02	16:50:00	5250.500	5251.000	5249.500	5250.000	686	2907	1
2026.07.02	16:51:00	5249.500	5250.000	5249.000	5249.000	475	2865	1
2026.07.02	16:52:00	5248.500	5249.500	5248.500	5249.000	227	401	1
2026.07.02	16:53:00	5249.500	5249.500	5248.500	5249.000	245	979	1
2026.07.02	16:54:00	5249.000	5249.500	5247.500	5248.000	443	1337	1
2026.07.02	16:55:00	5248.000	5248.500	5247.000	5247.000	383	1511	1
2026.07.02	16:56:00	5247.000	5247.500	5246.500	5247.000	458	1963	1
2026.07.02	16:57:00	5247.000	5248.000	5246.500	5247.000	632	3842	1
2026.07.02	16:58:00	5247.000	5248.500	5247.000	5248.000	611	2696	1
2026.07.02	16:59:00	5248.000	5248.000	5245.000	5245.500	1185	5662	1
2026.07.02	17:00:00	5246.000	5247.500	5245.500	5246.500	808	5789	1
2026.07.02	17:01:00	5246.000	5246.500	5245.000	5246.000	461	1480	1
2026.07.02	17:02:00	5245.500	5246.500	5245.500	5246.000	181	864	1
2026.07.02	17:03:00	5246.000	5246.500	5243.500	5244.000	692	3489	1
2026.07.02	17:04:00	5243.500	5244.500	5243.500	5244.500	463	2139	1
2026.07.02	17:05:00	5244.500	5244.500	5243.500	5244.000	259	945	1
2026.07.02	17:06:00	5244.000	5244.000	5243.000	5243.500	700	2743	1
2026.07.02	17:07:00	5243.500	5244.500	5243.000	5244.000	266	1156	1
2026.07.02	17:08:00	5244.000	5244.000	5243.000	5244.000	228	1516	1
2026.07.02	17:09:00	5243.500	5245.000	5243.500	5244.500	240	1226	1
2026.07.02	17:10:00	5245.000	5245.000	5244.000	5244.000	202	488	1
2026.07.02	17:11:00	5244.000	5244.500	5242.500	5242.500	391	1529	1
2026.07.02	17:12:00	5243.000	5244.000	5242.500	5243.000	409	1897	1
2026.07.02	17:13:00	5243.500	5243.500	5242.000	5242.500	341	1546	1
2026.07.02	17:14:00	5242.000	5242.500	5241.500	5242.500	308	1249	1
2026.07.02	17:15:00	5243.000	5244.000	5242.500	5244.000	260	1052	1
2026.07.02	17:16:00	5244.000	5244.500	5243.000	5243.000	199	989	1
2026.07.02	17:17:00	5243.500	5244.500	5243.000	5244.500	104	406	1
2026.07.02	17:18:00	5244.500	5245.000	5243.500	5243.500	391	1744	1
2026.07.02	17:19:00	5244.000	5245.000	5244.000	5244.000	198	1062	1
2026.07.02	17:20:00	5244.000	5244.500	5243.500	5244.000	118	261	1
2026.07.02	17:21:00	5243.500	5244.000	5242.500	5244.000	307	1569	1
2026.07.02	17:22:00	5244.000	5244.000	5243.000	5243.000	104	304	1
2026.07.02	17:23:00	5243.500	5243.500	5243.000	5243.000	37	71	1
2026.07.02	17:24:00	5243.000	5244.000	5243.000	5243.500	72	308	1
2026.07.02	17:25:00	5243.500	5244.500	5243.000	5243.000	216	1518	1
2026.07.02	17:26:00	5242.500	5243.500	5242.500	5243.500	90	737	1
2026.07.02	17:27:00	5243.500	5244.000	5240.500	5241.500	701	3957	1
2026.07.02	17:28:00	5241.500	5241.500	5240.500	5241.500	242	1547	1
2026.07.02	17:29:00	5241.000	5242.000	5241.000	5241.500	148	594	1
2026.07.02	17:30:00	5241.500	5241.500	5240.000	5240.000	273	1524	1
2026.07.02	17:31:00	5240.500	5240.500	5239.500	5240.000	239	1140	1
2026.07.02	17:32:00	5240.500	5241.000	5240.000	5241.000	107	537	1
2026.07.02	17:33:00	5241.000	5241.000	5240.500	5240.500	125	602	1
2026.07.02	17:34:00	5240.500	5241.000	5239.500	5239.500	168	804	1
2026.07.02	17:35:00	5239.500	5240.000	5238.500	5239.000	511	4265	1
2026.07.02	17:36:00	5239.000	5239.000	5237.000	5237.500	569	4004	1
2026.07.02	17:37:00	5237.500	5238.500	5237.500	5238.000	234	1368	1
2026.07.02	17:38:00	5238.000	5238.000	5237.000	5237.500	103	426	1
2026.07.02	17:39:00	5237.500	5238.000	5237.500	5237.500	46	163	1
2026.07.02	17:40:00	5237.500	5239.000	5237.500	5239.000	262	1556	1
2026.07.02	17:41:00	5239.000	5239.000	5237.000	5238.000	230	1888	1
2026.07.02	17:42:00	5238.000	5238.500	5238.000	5238.000	54	362	1
2026.07.02	17:43:00	5238.000	5238.500	5237.500	5238.500	123	1035	1
2026.07.02	17:44:00	5238.500	5238.500	5238.000	5238.500	78	408	1
2026.07.02	17:45:00	5238.000	5238.500	5238.000	5238.000	82	368	1
2026.07.02	17:46:00	5238.000	5238.500	5238.000	5238.500	32	125	1
2026.07.02	17:47:00	5238.000	5239.000	5237.500	5239.000	183	1340	1
2026.07.02	17:48:00	5239.000	5239.000	5238.000	5238.500	136	448	1
2026.07.02	17:49:00	5238.000	5238.500	5238.000	5238.000	53	116	1
2026.07.02	17:50:00	5238.000	5242.000	5237.500	5241.000	975	4947	1
2026.07.02	17:51:00	5240.500	5242.000	5240.000	5241.000	455	2612	1
2026.07.02	17:52:00	5240.500	5241.000	5240.000	5240.500	147	521	1
2026.07.02	17:53:00	5240.500	5240.500	5239.500	5239.500	180	1292	1
2026.07.02	17:54:00	5239.500	5240.500	5239.500	5240.500	65	246	1
2026.07.02	17:55:00	5241.000	5241.000	5239.000	5240.500	255	1821	1
2026.07.02	17:56:00	5240.000	5240.000	5239.500	5240.000	19	40	1
2026.07.02	17:57:00	5240.000	5240.000	5238.500	5239.000	151	699	1
2026.07.02	17:58:00	5238.500	5240.000	5238.500	5239.500	74	221	1
2026.07.02	17:59:00	5239.500	5241.500	5238.500	5241.500	416	1946	1
2026.07.02	18:00:00	5241.500	5242.000	5239.500	5239.500	208	708	1
2026.07.02	18:01:00	5240.000	5240.000	5239.000	5240.000	196	1291	1
2026.07.02	18:02:00	5239.500	5241.000	5239.500	5240.500	119	985	1
2026.07.02	18:03:00	5241.000	5241.000	5240.000	5240.000	66	536	1
2026.07.02	18:04:00	5240.000	5240.500	5240.000	5240.000	29	156	1
2026.07.02	18:05:00	5240.500	5240.500	5239.500	5239.500	37	68	1
2026.07.02	18:06:00	5239.500	5240.500	5239.500	5240.000	41	246	1
2026.07.02	18:07:00	5240.500	5240.500	5239.500	5240.500	56	215	1
2026.07.02	18:08:00	5240.500	5240.500	5240.000	5240.500	55	99	1
2026.07.02	18:09:00	5240.500	5240.500	5240.000	5240.500	57	212	1
2026.07.02	18:10:00	5240.000	5242.000	5240.000	5241.000	188	828	1
2026.07.02	18:11:00	5241.500	5241.500	5240.500	5241.000	84	300	1
2026.07.02	18:12:00	5241.000	5241.500	5240.500	5241.500	103	489	1
2026.07.02	18:13:00	5241.500	5241.500	5241.000	5241.500	97	438	1
2026.07.02	18:14:00	5241.000	5242.500	5241.000	5242.000	280	1516	1
2026.07.02	18:15:00	5242.000	5243.000	5241.500	5242.500	342	1959	1
2026.07.02	18:16:00	5242.500	5244.500	5241.500	5243.000	340	1658	1
2026.07.02	18:17:00	5243.000	5244.500	5243.000	5244.000	80	504	1
2026.07.02	18:18:00	5244.000	5244.500	5243.500	5243.500	96	381	1
2026.07.02	18:19:00	5243.500	5245.500	5243.500	5245.000	249	1856	1
2026.07.02	18:20:00	5245.000	5246.000	5244.500	5246.000	139	1019	1
2026.07.02	18:21:00	5246.000	5246.000	5245.000	5245.500	97	530	1
2026.07.02	18:22:00	5245.500	5246.000	5244.500	5244.500	98	469	1
2026.07.02	18:23:00	5244.500	5244.500	5243.500	5243.500	47	131	1
2026.07.02	18:24:00	5244.000	5244.000	5243.500	5243.500	16	37	1
2026.07.02	18:25:00	5244.000	5245.500	5243.000	5245.000	336	756	1
2026.07.02	18:26:00	5244.500	5245.500	5244.500	5244.500	35	168	1
2026.07.02	18:27:00	5245.000	5245.500	5244.000	5244.000	28	162	1
2026.07.02	18:28:00	5244.000	5244.500	5244.000	5244.500	14	45	1
2026.07.02	18:29:00	5245.000	5245.500	5244.000	5245.000	55	297	1
2026.07.03	09:00:00	5235.500	5237.500	5233.500	5234.000	1864	6171	1
2026.07.03	09:01:00	5234.000	5235.000	5227.500	5230.500	4271	13457	1
2026.07.03	09:02:00	5230.000	5232.000	5229.000	5230.500	1653	4727	1
2026.07.03	09:03:00	5230.500	5233.000	5229.500	5231.500	1279	3360	1
2026.07.03	09:04:00	5231.500	5234.500	5231.000	5233.000	1767	4484	1
2026.07.03	09:05:00	5233.000	5234.000	5231.500	5232.500	1412	4175	1
2026.07.03	09:06:00	5232.000	5232.500	5229.500	5230.500	1718	5476	1
2026.07.03	09:07:00	5230.500	5232.000	5229.500	5231.000	941	3301	1
2026.07.03	09:08:00	5231.000	5232.000	5229.500	5231.000	885	2645	1
2026.07.03	09:09:00	5231.000	5233.000	5230.500	5232.000	774	3917	1
2026.07.03	09:10:00	5232.500	5233.000	5231.000	5232.500	620	2322	1
2026.07.03	09:11:00	5232.500	5233.500	5231.000	5233.000	909	4753	1
2026.07.03	09:12:00	5233.000	5234.500	5232.500	5234.500	842	2334	1
2026.07.03	09:13:00	5234.000	5235.000	5232.500	5232.500	1621	7693	1
2026.07.03	09:14:00	5233.000	5234.000	5232.500	5233.500	538	1656	1
2026.07.03	09:15:00	5233.500	5234.000	5232.500	5233.500	436	1656	1
2026.07.03	09:16:00	5233.500	5235.000	5233.000	5234.000	653	2699	1
2026.07.03	09:17:00	5233.500	5235.000	5233.500	5234.500	450	1428	1
2026.07.03	09:18:00	5234.500	5235.500	5231.000	5231.000	1716	6376	1
2026.07.03	09:19:00	5231.500	5232.500	5230.000	5232.000	1623	8447	1
2026.07.03	09:20:00	5232.000	5232.500	5228.000	5229.000	2106	8183	1
2026.07.03	09:21:00	5228.500	5229.500	5228.000	5229.000	759	2115	1
2026.07.03	09:22:00	5228.500	5229.000	5224.000	5224.500	3520	13554	1
2026.07.03	09:23:00	5224.500	5226.000	5222.500	5225.000	2831	13572	1
2026.07.03	09:24:00	5225.000	5225.000	5223.000	5223.500	958	3673	1
2026.07.03	09:25:00	5224.000	5225.500	5223.000	5223.500	1369	5392	1
2026.07.03	09:26:00	5223.500	5224.000	5221.500	5221.500	1430	4807	1
2026.07.03	09:27:00	5221.500	5222.000	5220.000	5221.500	1848	8075	1
2026.07.03	09:28:00	5221.500	5222.500	5220.500	5222.500	1085	3436	1
2026.07.03	09:29:00	5222.000	5222.500	5219.000	5219.500	1665	6315	1
2026.07.03	09:30:00	5219.000	5219.500	5216.500	5217.000	3345	14760	1
2026.07.03	09:31:00	5217.000	5217.000	5215.000	5215.500	2133	7516	1
2026.07.03	09:32:00	5215.500	5218.000	5215.000	5217.000	1472	5302	1
2026.07.03	09:33:00	5217.000	5218.000	5215.500	5217.500	1097	4649	1
2026.07.03	09:34:00	5217.500	5219.000	5216.500	5217.500	1295	4721	1
2026.07.03	09:35:00	5217.500	5219.000	5216.500	5218.000	1202	4545	1
2026.07.03	09:36:00	5218.000	5218.000	5216.500	5216.500	720	2978	1
2026.07.03	09:37:00	5216.500	5218.000	5214.500	5215.000	1832	7545	1
2026.07.03	09:38:00	5214.500	5215.500	5209.000	5209.500	4558	18006	1
2026.07.03	09:39:00	5209.000	5210.000	5209.000	5209.500	1471	5640	1
2026.07.03	09:40:00	5209.500	5211.000	5209.000	5209.500	1545	5378	1
2026.07.03	09:41:00	5209.000	5215.000	5209.000	5213.500	3711	16824	1
2026.07.03	09:42:00	5213.500	5215.500	5213.000	5215.000	1762	6169	1
2026.07.03	09:43:00	5215.000	5217.000	5214.000	5216.000	1672	8375	1
2026.07.03	09:44:00	5216.000	5218.000	5215.000	5217.500	1113	3867	1
2026.07.03	09:45:00	5217.500	5218.000	5215.000	5215.500	1405	5724	1
2026.07.03	09:46:00	5215.500	5216.000	5215.500	5215.500	278	703	1
2026.07.03	09:47:00	5215.500	5216.500	5214.500	5216.000	853	2730	1
2026.07.03	09:48:00	5216.000	5216.500	5215.500	5216.000	349	962	1
2026.07.03	09:49:00	5215.500	5216.500	5214.500	5216.000	839	3532	1
2026.07.03	09:50:00	5215.500	5216.000	5214.000	5214.500	699	2649	1
2026.07.03	09:51:00	5215.000	5215.500	5213.500	5214.000	1050	5374	1
2026.07.03	09:52:00	5214.500	5214.500	5211.500	5213.000	1817	9272	1
2026.07.03	09:53:00	5212.500	5215.000	5211.500	5215.000	1294	3992	1
2026.07.03	09:54:00	5215.000	5215.000	5214.000	5215.000	415	1189	1
2026.07.03	09:55:00	5214.500	5215.000	5213.500	5214.500	533	2038	1
2026.07.03	09:56:00	5215.000	5217.000	5214.500	5215.500	1112	4622	1
2026.07.03	09:57:00	5215.500	5217.000	5213.500	5214.000	768	2946	1
2026.07.03	09:58:00	5214.500	5215.500	5214.000	5215.500	417	1885	1
2026.07.03	09:59:00	5215.500	5216.000	5212.500	5213.000	933	4297	1
2026.07.03	10:00:00	5213.500	5213.500	5209.500	5210.500	2842	11981	1
2026.07.03	10:01:00	5210.500	5211.000	5209.500	5210.500	1346	7388	1
2026.07.03	10:02:00	5210.000	5210.500	5208.000	5208.500	1973	6461	1
2026.07.03	10:03:00	5208.500	5210.500	5207.500	5209.500	1600	5020	1
2026.07.03	10:04:00	5209.500	5211.000	5209.000	5210.500	1110	5818	1
2026.07.03	10:05:00	5210.000	5212.000	5210.000	5211.000	1696	8110	1
2026.07.03	10:06:00	5211.000	5214.000	5210.500	5213.500	2658	13297	1
2026.07.03	10:07:00	5213.500	5215.000	5213.000	5214.500	1392	4723	1
2026.07.03	10:08:00	5214.500	5215.500	5213.500	5215.500	1097	5014	1
2026.07.03	10:09:00	5215.500	5217.000	5215.500	5216.000	1337	3887	1
2026.07.03	10:10:00	5216.000	5217.000	5215.500	5217.000	1004	3528	1
2026.07.03	10:11:00	5217.000	5218.000	5215.000	5215.500	1475	4529	1
2026.07.03	10:12:00	5215.500	5216.000	5214.500	5215.000	720	2304	1
2026.07.03	10:13:00	5215.500	5216.000	5214.500	5215.000	534	1812	1
2026.07.03	10:14:00	5215.500	5217.000	5214.500	5216.500	681	2549	1
2026.07.03	10:15:00	5216.000	5217.500	5215.500	5216.500	1136	3638	1
2026.07.03	10:16:00	5216.500	5217.000	5214.500	5214.500	855	2737	1
2026.07.03	10:17:00	5214.500	5217.500	5214.500	5216.500	948	2633	1
2026.07.03	10:18:00	5217.000	5218.500	5216.000	5218.000	1182	5313	1
2026.07.03	10:19:00	5217.500	5218.000	5217.000	5217.500	559	1977	1
2026.07.03	10:20:00	5217.500	5220.000	5217.500	5219.500	2020	7221	1
2026.07.03	10:21:00	5219.000	5223.000	5219.000	5221.000	3202	13359	1
2026.07.03	10:22:00	5221.000	5221.500	5220.000	5221.000	700	1993	1
2026.07.03	10:23:00	5221.000	5221.500	5220.000	5221.000	505	1674	1
2026.07.03	10:24:00	5221.000	5222.500	5220.500	5221.000	787	3227	1
2026.07.03	10:25:00	5221.500	5221.500	5219.500	5220.000	973	3573	1
2026.07.03	10:26:00	5220.500	5221.000	5218.500	5219.000	1353	4853	1
2026.07.03	10:27:00	5219.000	5220.000	5217.500	5219.500	1528	6423	1
2026.07.03	10:28:00	5219.500	5221.000	5218.500	5219.500	1234	5926	1
2026.07.03	10:29:00	5219.500	5220.500	5219.500	5220.000	316	776	1
2026.07.03	10:30:00	5219.500	5222.500	5219.500	5221.000	1309	5185	1
2026.07.03	10:31:00	5221.000	5221.000	5219.000	5219.500	736	2529	1
2026.07.03	10:32:00	5219.500	5221.000	5219.000	5220.000	577	4145	1
2026.07.03	10:33:00	5220.500	5221.000	5220.000	5220.000	277	1350	1
2026.07.03	10:34:00	5220.000	5220.500	5219.500	5220.000	346	1141	1
2026.07.03	10:35:00	5220.000	5221.500	5219.500	5220.000	734	3997	1
2026.07.03	10:36:00	5220.500	5220.500	5219.000	5219.500	629	2707	1
2026.07.03	10:37:00	5219.500	5221.500	5219.500	5221.000	611	1960	1
2026.07.03	10:38:00	5221.500	5223.000	5220.000	5223.000	1262	6556	1
2026.07.03	10:39:00	5223.000	5223.000	5221.500	5222.500	447	1038	1
2026.07.03	10:40:00	5222.000	5223.500	5221.500	5223.000	835	3092	1
2026.07.03	10:41:00	5223.000	5223.000	5221.000	5221.000	1052	5506	1
2026.07.03	10:42:00	5221.000	5222.000	5221.000	5221.000	388	1132	1
2026.07.03	10:43:00	5221.500	5223.000	5220.000	5220.500	751	2548	1
2026.07.03	10:44:00	5220.000	5221.500	5220.000	5221.500	541	2247	1
2026.07.03	10:45:00	5221.500	5222.000	5221.000	5221.500	415	1787	1
2026.07.03	10:46:00	5221.500	5221.500	5221.000	5221.000	133	427	1
2026.07.03	10:47:00	5221.500	5221.500	5220.000	5221.000	620	2736	1
2026.07.03	10:48:00	5221.000	5222.500	5220.500	5222.000	492	1958	1
2026.07.03	10:49:00	5222.000	5222.500	5221.500	5222.000	255	1016	1
2026.07.03	10:50:00	5222.000	5222.000	5219.500	5219.500	952	3647	1
2026.07.03	10:51:00	5219.500	5220.000	5216.000	5220.000	3613	13496	1
2026.07.03	10:52:00	5220.000	5220.500	5219.000	5220.000	786	2370	1
2026.07.03	10:53:00	5220.000	5220.000	5218.000	5218.500	553	2062	1
2026.07.03	10:54:00	5218.500	5218.500	5217.500	5218.500	609	1905	1
2026.07.03	10:55:00	5218.000	5218.500	5214.000	5215.000	2793	10938	1
2026.07.03	10:56:00	5214.500	5215.000	5213.000	5214.000	1066	3983	1
2026.07.03	10:57:00	5214.000	5214.500	5212.500	5214.000	1056	4809	1
2026.07.03	10:58:00	5214.500	5214.500	5213.500	5214.000	588	1857	1
2026.07.03	10:59:00	5214.000	5215.000	5213.500	5214.500	513	1180	1
2026.07.03	11:00:00	5214.000	5214.000	5212.500	5212.500	1001	3897	1
2026.07.03	11:01:00	5212.500	5215.000	5212.500	5213.500	851	3507	1
2026.07.03	11:02:00	5213.500	5214.000	5213.000	5214.000	336	1117	1
2026.07.03	11:03:00	5213.500	5214.500	5213.500	5214.500	392	1047	1
2026.07.03	11:04:00	5214.500	5214.500	5213.000	5213.500	482	2114	1
2026.07.03	11:05:00	5213.500	5214.000	5211.500	5212.000	1429	5324	1
2026.07.03	11:06:00	5212.000	5213.500	5212.000	5212.500	486	2092	1
2026.07.03	11:07:00	5213.000	5213.000	5212.000	5212.000	337	1477	1
2026.07.03	11:08:00	5212.500	5212.500	5211.000	5212.500	933	3614	1
2026.07.03	11:09:00	5212.500	5213.000	5211.500	5212.000	357	1003	1
2026.07.03	11:10:00	5212.000	5212.000	5210.000	5210.500	1151	5951	1
2026.07.03	11:11:00	5210.500	5213.500	5210.500	5213.000	1456	5307	1
2026.07.03	11:12:00	5212.500	5214.500	5212.000	5213.000	1746	10950	1
2026.07.03	11:13:00	5213.000	5215.000	5213.000	5214.500	894	4891	1
2026.07.03	11:14:00	5214.500	5215.500	5213.000	5213.000	1319	5056	1
2026.07.03	11:15:00	5213.500	5214.000	5212.000	5212.500	453	1102	1
2026.07.03	11:16:00	5212.000	5212.500	5211.000	5211.500	650	1914	1
2026.07.03	11:17:00	5211.000	5212.000	5210.000	5211.000	981	3870	1
2026.07.03	11:18:00	5211.000	5213.000	5210.000	5213.000	861	3206	1
2026.07.03	11:19:00	5212.500	5213.500	5212.500	5213.000	460	1054	1
2026.07.03	11:20:00	5212.500	5213.000	5209.500	5210.000	1411	6872	1
2026.07.03	11:21:00	5210.500	5211.000	5210.000	5211.000	406	1260	1
2026.07.03	11:22:00	5210.500	5211.000	5210.000	5211.000	316	1145	1
2026.07.03	11:23:00	5211.000	5211.000	5210.000	5210.500	205	372	1
2026.07.03	11:24:00	5211.000	5211.500	5210.000	5211.000	367	1856	1
2026.07.03	11:25:00	5211.000	5212.500	5210.500	5211.000	803	4062	1
2026.07.03	11:26:00	5211.000	5212.500	5210.500	5211.500	596	2002	1
2026.07.03	11:27:00	5211.500	5212.500	5211.000	5212.500	715	3136	1
2026.07.03	11:28:00	5213.000	5214.000	5212.000	5213.000	1018	3981	1
2026.07.03	11:29:00	5213.000	5213.000	5212.000	5213.000	299	960	1
2026.07.03	11:30:00	5212.500	5213.000	5212.000	5212.500	283	1336	1
2026.07.03	11:31:00	5212.000	5212.500	5211.500	5212.000	365	1711	1
2026.07.03	11:32:00	5211.500	5213.000	5211.500	5212.500	259	684	1
2026.07.03	11:33:00	5212.500	5214.000	5212.500	5213.000	816	3410	1
2026.07.03	11:34:00	5213.500	5214.000	5212.500	5212.500	277	1123	1
2026.07.03	11:35:00	5212.500	5213.000	5212.000	5213.000	257	724	1
2026.07.03	11:36:00	5213.000	5213.500	5212.500	5213.000	288	1162	1
2026.07.03	11:37:00	5213.500	5213.500	5211.000	5211.000	584	2074	1
2026.07.03	11:38:00	5211.000	5212.000	5210.500	5211.000	625	2467	1
2026.07.03	11:39:00	5211.000	5213.500	5210.500	5213.000	694	2854	1
2026.07.03	11:40:00	5213.500	5214.000	5212.500	5212.500	496	1924	1
2026.07.03	11:41:00	5213.000	5213.000	5211.500	5212.000	262	802	1
2026.07.03	11:42:00	5211.500	5213.000	5211.500	5213.000	396	1531	1
2026.07.03	11:43:00	5212.500	5213.000	5212.000	5212.000	154	571	1
2026.07.03	11:44:00	5212.000	5213.000	5212.000	5212.500	126	380	1
2026.07.03	11:45:00	5212.500	5213.000	5212.000	5212.500	197	678	1
2026.07.03	11:46:00	5212.500	5213.000	5212.000	5213.000	181	1072	1
2026.07.03	11:47:00	5213.000	5213.000	5210.500	5210.500	511	2272	1
2026.07.03	11:48:00	5211.000	5211.500	5209.500	5211.000	862	3804	1
2026.07.03	11:49:00	5210.500	5211.500	5210.000	5210.000	348	2246	1
2026.07.03	11:50:00	5210.500	5211.000	5208.500	5209.000	1512	4667	1
2026.07.03	11:51:00	5209.000	5211.000	5208.500	5210.000	873	3542	1
2026.07.03	11:52:00	5210.500	5211.000	5210.000	5210.500	314	1775	1
2026.07.03	11:53:00	5211.000	5211.000	5210.000	5210.500	349	1397	1
2026.07.03	11:54:00	5210.000	5210.500	5207.500	5207.500	1122	6947	1
2026.07.03	11:55:00	5207.500	5210.500	5207.500	5210.000	784	3208	1
2026.07.03	11:56:00	5209.500	5210.000	5209.000	5210.000	261	794	1
2026.07.03	11:57:00	5209.500	5210.000	5208.500	5208.500	282	1123	1
2026.07.03	11:58:00	5208.500	5209.000	5207.500	5208.500	566	2212	1
2026.07.03	11:59:00	5208.500	5209.500	5207.500	5208.500	585	2002	1
2026.07.03	12:00:00	5208.000	5208.500	5206.000	5206.000	2094	8617	1
2026.07.03	12:01:00	5206.000	5207.500	5205.500	5206.500	1364	6297	1
2026.07.03	12:02:00	5206.000	5207.000	5205.000	5206.500	1002	3809	1
2026.07.03	12:03:00	5206.000	5207.000	5205.500	5206.000	534	2743	1
2026.07.03	12:04:00	5206.000	5206.500	5205.000	5206.500	521	2579	1
2026.07.03	12:05:00	5206.000	5206.500	5205.500	5206.000	414	2105	1
2026.07.03	12:06:00	5205.500	5206.500	5205.000	5205.500	861	3870	1
2026.07.03	12:07:00	5205.500	5206.000	5203.500	5204.000	1472	7164	1
2026.07.03	12:08:00	5203.500	5205.500	5203.500	5205.000	881	4723	1
2026.07.03	12:09:00	5205.500	5205.500	5203.500	5203.500	736	4290	1
2026.07.03	12:10:00	5204.000	5204.500	5203.500	5204.500	426	1806	1
2026.07.03	12:11:00	5204.500	5206.000	5204.000	5205.500	608	2790	1
2026.07.03	12:12:00	5205.500	5206.000	5205.000	5205.000	286	740	1
2026.07.03	12:13:00	5205.500	5205.500	5204.000	5205.000	332	1373	1
2026.07.03	12:14:00	5205.000	5205.500	5204.500	5205.000	169	569	1
2026.07.03	12:15:00	5205.000	5205.500	5201.000	5202.500	3097	15339	1
2026.07.03	12:16:00	5202.500	5203.000	5201.500	5203.000	487	1974	1
2026.07.03	12:17:00	5203.000	5203.500	5202.000	5203.500	679	2682	1
2026.07.03	12:18:00	5203.000	5205.000	5202.500	5205.000	746	4042	1
2026.07.03	12:19:00	5205.000	5205.500	5204.500	5205.500	919	6836	1
2026.07.03	12:20:00	5205.000	5205.500	5205.000	5205.500	524	2858	1
2026.07.03	12:21:00	5205.500	5205.500	5204.000	5204.500	532	1141	1
2026.07.03	12:22:00	5204.000	5204.500	5203.000	5204.000	396	1316	1
2026.07.03	12:23:00	5204.000	5204.500	5203.500	5204.000	306	939	1
2026.07.03	12:24:00	5204.000	5205.000	5203.500	5204.500	249	716	1
2026.07.03	12:25:00	5204.500	5205.500	5204.000	5205.500	237	794	1
2026.07.03	12:26:00	5205.000	5205.500	5204.500	5205.000	473	3948	1
2026.07.03	12:27:00	5204.500	5205.500	5204.500	5205.500	246	1604	1
2026.07.03	12:28:00	5205.500	5205.500	5205.000	5205.500	199	722	1
2026.07.03	12:29:00	5205.500	5205.500	5205.000	5205.500	273	1689	1
2026.07.03	12:30:00	5205.500	5207.500	5205.500	5206.500	1497	6173	1
2026.07.03	12:31:00	5206.500	5207.000	5205.500	5206.000	418	1874	1
2026.07.03	12:32:00	5206.000	5206.000	5205.000	5205.500	260	1051	1
2026.07.03	12:33:00	5205.000	5206.500	5205.000	5206.500	393	2592	1
2026.07.03	12:34:00	5206.500	5206.500	5205.000	5206.000	202	887	1
2026.07.03	12:35:00	5206.000	5206.000	5205.000	5205.000	191	542	1
2026.07.03	12:36:00	5205.000	5205.000	5203.000	5203.500	725	2260	1
2026.07.03	12:37:00	5203.500	5205.000	5203.000	5204.500	418	1651	1
2026.07.03	12:38:00	5205.000	5205.500	5204.500	5205.000	268	887	1
2026.07.03	12:39:00	5204.500	5206.000	5204.500	5206.000	164	751	1
2026.07.03	12:40:00	5206.000	5206.500	5205.500	5205.500	256	1071	1
2026.07.03	12:41:00	5206.000	5206.000	5205.500	5206.000	126	417	1
2026.07.03	12:42:00	5205.500	5206.000	5205.500	5205.500	133	594	1
2026.07.03	12:43:00	5205.500	5206.000	5205.500	5206.000	45	76	1
2026.07.03	12:44:00	5205.500	5206.000	5205.000	5205.500	211	716	1
2026.07.03	12:45:00	5205.500	5206.000	5205.500	5205.500	67	146	1
2026.07.03	12:46:00	5205.500	5206.500	5205.500	5206.000	147	428	1
2026.07.03	12:47:00	5206.500	5207.000	5206.000	5206.000	350	1196	1
2026.07.03	12:48:00	5206.000	5206.500	5205.500	5206.000	245	1446	1
2026.07.03	12:49:00	5206.000	5206.500	5205.500	5206.500	59	219	1
2026.07.03	12:50:00	5206.000	5206.500	5205.500	5206.000	86	264	1
2026.07.03	12:51:00	5206.500	5206.500	5205.500	5205.500	156	712	1
2026.07.03	12:52:00	5205.500	5206.000	5204.500	5205.000	420	2475	1
2026.07.03	12:53:00	5204.500	5206.000	5204.500	5204.500	333	1999	1
2026.07.03	12:54:00	5204.500	5206.500	5204.500	5205.500	213	1388	1
2026.07.03	12:55:00	5206.000	5206.000	5205.000	5206.000	103	320	1
2026.07.03	12:56:00	5206.000	5207.000	5205.500	5206.000	307	1170	1
2026.07.03	12:57:00	5205.500	5206.500	5205.500	5206.000	329	785	1
2026.07.03	12:58:00	5206.000	5206.500	5205.500	5206.500	162	891	1
2026.07.03	12:59:00	5206.000	5206.000	5204.000	5204.500	344	2189	1
2026.07.03	13:00:00	5204.500	5204.500	5202.500	5202.500	1078	7048	1
2026.07.03	13:01:00	5202.500	5203.000	5202.000	5203.000	643	3500	1
2026.07.03	13:02:00	5203.000	5203.500	5202.500	5203.500	322	960	1
2026.07.03	13:03:00	5203.500	5203.500	5202.500	5203.000	386	1707	1
2026.07.03	13:04:00	5202.500	5203.000	5202.000	5202.500	272	1317	1
2026.07.03	13:05:00	5202.500	5203.000	5202.000	5202.500	208	831	1
2026.07.03	13:06:00	5202.000	5203.000	5201.500	5202.500	838	4137	1
2026.07.03	13:07:00	5202.000	5203.000	5201.500	5203.000	163	1013	1
2026.07.03	13:08:00	5202.500	5203.000	5202.000	5202.500	205	950	1
2026.07.03	13:09:00	5202.500	5203.000	5202.000	5202.500	215	2389	1
2026.07.03	13:10:00	5203.000	5203.000	5202.500	5202.500	42	157	1
2026.07.03	13:11:00	5203.000	5203.000	5202.500	5203.000	47	213	1
2026.07.03	13:12:00	5202.500	5203.000	5202.000	5202.000	145	1058	1
2026.07.03	13:13:00	5202.500	5203.000	5202.000	5203.000	131	337	1
2026.07.03	13:14:00	5203.000	5203.500	5202.500	5203.500	393	3177	1
2026.07.03	13:15:00	5203.500	5204.500	5203.000	5204.000	409	2332	1
2026.07.03	13:16:00	5204.500	5204.500	5204.000	5204.500	204	783	1
2026.07.03	13:17:00	5204.000	5204.500	5203.500	5204.500	167	1015	1
2026.07.03	13:18:00	5204.000	5204.500	5203.500	5203.500	125	413	1
2026.07.03	13:19:00	5203.500	5204.000	5203.500	5203.500	149	567	1
2026.07.03	13:20:00	5204.000	5204.500	5203.500	5204.500	135	486	1
2026.07.03	13:21:00	5204.500	5204.500	5203.500	5204.000	145	383	1
2026.07.03	13:22:00	5204.000	5204.500	5204.000	5204.000	59	218	1
2026.07.03	13:23:00	5204.000	5204.500	5204.000	5204.000	67	223	1
2026.07.03	13:24:00	5204.500	5205.500	5204.000	5205.500	431	1727	1
2026.07.03	13:25:00	5205.500	5205.500	5204.000	5204.500	218	1336	1
2026.07.03	13:26:00	5204.500	5204.500	5203.500	5203.500	228	1043	1
2026.07.03	13:27:00	5204.000	5204.500	5204.000	5204.500	97	369	1
2026.07.03	13:28:00	5204.500	5204.500	5203.500	5203.500	111	902	1
2026.07.03	13:29:00	5204.000	5204.000	5203.500	5203.500	44	112	1
2026.07.03	13:30:00	5204.000	5204.000	5203.500	5204.000	71	272	1
2026.07.03	13:31:00	5203.500	5204.000	5203.000	5203.000	262	954	1
2026.07.03	13:32:00	5203.500	5203.500	5202.500	5202.500	302	818	1
2026.07.03	13:33:00	5203.000	5203.000	5202.000	5203.000	333	1567	1
2026.07.03	13:34:00	5203.000	5203.500	5202.500	5202.500	195	657	1
2026.07.03	13:35:00	5203.000	5203.500	5202.500	5203.500	100	294	1
2026.07.03	13:36:00	5203.500	5203.500	5203.000	5203.000	51	150	1
2026.07.03	13:37:00	5203.500	5205.000	5203.000	5204.500	763	5747	1
2026.07.03	13:38:00	5204.500	5204.500	5203.000	5203.500	148	647	1
2026.07.03	13:39:00	5203.500	5203.500	5202.500	5203.500	219	950	1
2026.07.03	13:40:00	5203.500	5203.500	5201.500	5203.500	579	4280	1
2026.07.03	13:41:00	5203.500	5204.000	5203.000	5203.500	190	588	1
2026.07.03	13:42:00	5203.500	5203.500	5202.500	5203.000	95	397	1
2026.07.03	13:43:00	5203.000	5203.000	5202.500	5203.000	60	131	1
2026.07.03	13:44:00	5203.000	5203.000	5202.500	5202.500	40	147	1
2026.07.03	13:45:00	5202.500	5203.000	5201.500	5202.000	370	2999	1
2026.07.03	13:46:00	5201.500	5202.500	5201.500	5202.000	274	1606	1
2026.07.03	13:47:00	5202.000	5202.500	5202.000	5202.000	85	343	1
2026.07.03	13:48:00	5202.500	5203.000	5202.000	5203.000	128	794	1
2026.07.03	13:49:00	5202.500	5203.000	5202.500	5203.000	140	748	1
2026.07.03	13:50:00	5203.000	5204.000	5203.000	5204.000	221	1337	1
2026.07.03	13:51:00	5203.500	5204.000	5203.500	5204.000	143	604	1
2026.07.03	13:52:00	5204.000	5204.500	5203.500	5204.000	294	1613	1
2026.07.03	13:53:00	5203.500	5204.500	5203.500	5204.500	168	1088	1
2026.07.03	13:54:00	5204.000	5204.500	5204.000	5204.500	64	162	1
2026.07.03	13:55:00	5204.000	5205.000	5203.500	5204.500	444	2444	1
2026.07.03	13:56:00	5205.000	5205.000	5204.000	5204.500	132	663	1
2026.07.03	13:57:00	5204.000	5205.500	5204.000	5205.000	473	1640	1
2026.07.03	13:58:00	5205.000	5205.500	5204.500	5204.500	174	1134	1
2026.07.03	13:59:00	5204.500	5205.000	5204.500	5205.000	166	632	1
2026.07.03	14:00:00	5204.500	5205.000	5204.500	5205.000	120	402	1
2026.07.03	14:01:00	5205.000	5205.000	5204.500	5205.000	167	1343	1
2026.07.03	14:02:00	5205.000	5205.500	5204.500	5205.000	242	1984	1
2026.07.03	14:03:00	5205.000	5205.000	5204.500	5205.000	128	515	1
2026.07.03	14:04:00	5205.000	5205.500	5204.000	5205.000	223	1525	1
2026.07.03	14:05:00	5204.500	5205.000	5204.500	5204.500	178	703	1
2026.07.03	14:06:00	5204.500	5206.000	5204.500	5206.000	489	3300	1
2026.07.03	14:07:00	5206.000	5206.000	5205.000	5206.000	445	2219	1
2026.07.03	14:08:00	5206.000	5206.500	5205.500	5206.000	344	1332	1
2026.07.03	14:09:00	5206.000	5207.000	5205.500	5206.500	772	4142	1
2026.07.03	14:10:00	5206.000	5206.500	5206.000	5206.500	188	790	1
2026.07.03	14:11:00	5206.500	5206.500	5206.000	5206.000	205	1393	1
2026.07.03	14:12:00	5206.000	5206.000	5205.500	5206.000	167	773	1
2026.07.03	14:13:00	5206.000	5206.500	5205.500	5206.500	314	1553	1
2026.07.03	14:14:00	5206.500	5206.500	5206.000	5206.500	127	602	1
2026.07.03	14:15:00	5206.500	5206.500	5206.000	5206.000	84	281	1
2026.07.03	14:16:00	5206.500	5206.500	5205.500	5206.000	202	655	1
2026.07.03	14:17:00	5205.500	5206.500	5205.500	5206.000	205	828	1
2026.07.03	14:18:00	5206.000	5206.500	5205.500	5206.500	173	627	1
2026.07.03	14:19:00	5206.500	5206.500	5206.000	5206.500	92	348	1
2026.07.03	14:20:00	5206.000	5206.500	5205.500	5206.000	195	974	1
2026.07.03	14:21:00	5206.000	5206.500	5205.500	5206.000	238	855	1
2026.07.03	14:22:00	5206.000	5206.000	5205.500	5206.000	46	81	1
2026.07.03	14:23:00	5206.000	5206.500	5205.500	5206.000	299	2792	1
2026.07.03	14:24:00	5206.000	5206.000	5204.500	5205.000	614	4343	1
2026.07.03	14:25:00	5205.000	5206.000	5205.000	5205.500	311	1746	1
2026.07.03	14:26:00	5205.500	5206.500	5205.000	5205.000	385	2941	1
2026.07.03	14:27:00	5205.500	5205.500	5203.500	5204.500	1021	8597	1
2026.07.03	14:28:00	5204.500	5204.500	5203.500	5204.500	321	2319	1
2026.07.03	14:29:00	5204.500	5204.500	5203.500	5204.000	221	669	1
2026.07.03	14:30:00	5203.500	5204.000	5202.500	5203.000	575	2569	1
2026.07.03	14:31:00	5203.500	5204.500	5203.000	5204.500	250	1379	1
2026.07.03	14:32:00	5204.500	5204.500	5204.000	5204.000	84	304	1
2026.07.03	14:33:00	5204.000	5204.500	5203.500	5204.000	153	765	1
2026.07.03	14:34:00	5204.500	5204.500	5204.000	5204.500	53	197	1
2026.07.03	14:35:00	5204.500	5205.000	5204.000	5204.500	378	2075	1
2026.07.03	14:36:00	5204.000	5204.500	5203.500	5204.500	110	454	1
2026.07.03	14:37:00	5204.000	5204.000	5203.000	5203.000	270	866	1
2026.07.03	14:38:00	5203.500	5204.000	5203.000	5204.000	129	392	1
2026.07.03	14:39:00	5204.000	5204.000	5203.500	5204.000	62	272	1
2026.07.03	14:40:00	5204.000	5204.000	5203.000	5203.500	188	674	1
2026.07.03	14:41:00	5203.500	5203.500	5202.500	5203.000	219	990	1
2026.07.03	14:42:00	5203.000	5203.000	5202.000	5203.000	546	4050	1
2026.07.03	14:43:00	5203.000	5203.000	5202.500	5203.000	54	117	1
2026.07.03	14:44:00	5203.000	5203.000	5202.000	5202.500	215	964	1
2026.07.03	14:45:00	5202.500	5203.000	5202.000	5202.500	230	1130	1
2026.07.03	14:46:00	5202.500	5203.000	5202.000	5203.000	112	548	1
2026.07.03	14:47:00	5203.000	5203.000	5202.500	5203.000	56	340	1
2026.07.03	14:48:00	5203.000	5203.000	5201.500	5203.000	440	2826	1
2026.07.03	14:49:00	5203.000	5203.500	5202.500	5203.500	178	752	1
2026.07.03	14:50:00	5203.000	5203.500	5203.000	5203.500	116	508	1
2026.07.03	14:51:00	5203.500	5203.500	5203.000	5203.500	64	168	1
2026.07.03	14:52:00	5203.500	5204.000	5203.000	5204.000	200	609	1
2026.07.03	14:53:00	5203.500	5204.000	5203.500	5204.000	104	552	1
2026.07.03	14:54:00	5204.000	5204.000	5203.500	5204.000	71	231	1
2026.07.03	14:55:00	5204.000	5204.500	5203.500	5204.000	257	935	1
2026.07.03	14:56:00	5204.500	5204.500	5203.500	5204.000	157	651	1
2026.07.03	14:57:00	5204.000	5204.500	5204.000	5204.500	146	370	1
2026.07.03	14:58:00	5204.000	5204.500	5204.000	5204.500	85	184	1
2026.07.03	14:59:00	5204.500	5204.500	5204.000	5204.000	60	263	1
2026.07.03	15:00:00	5204.000	5205.000	5204.000	5205.000	284	760	1
2026.07.03	15:01:00	5204.500	5205.000	5204.000	5205.000	212	1023	1
2026.07.03	15:02:00	5204.500	5205.000	5204.500	5204.500	262	1486	1
2026.07.03	15:03:00	5204.500	5204.500	5204.000	5204.500	35	73	1
2026.07.03	15:04:00	5204.500	5204.500	5203.500	5203.500	163	590	1
2026.07.03	15:05:00	5204.000	5204.500	5203.500	5204.000	194	703	1
2026.07.03	15:06:00	5204.000	5205.500	5203.500	5205.000	522	2941	1
2026.07.03	15:07:00	5205.000	5205.000	5204.500	5204.500	97	455	1
2026.07.03	15:08:00	5204.500	5205.500	5204.500	5205.500	154	561	1
2026.07.03	15:09:00	5205.000	5205.500	5205.000	5205.000	316	1325	1
2026.07.03	15:10:00	5204.500	5205.500	5204.500	5205.500	101	435	1
2026.07.03	15:11:00	5205.000	5205.500	5204.500	5204.500	194	625	1
2026.07.03	15:12:00	5204.500	5205.500	5204.500	5204.500	133	801	1
2026.07.03	15:13:00	5205.000	5205.500	5204.500	5205.000	183	854	1
2026.07.03	15:14:00	5205.000	5205.000	5204.000	5204.500	241	1851	1
2026.07.03	15:15:00	5204.500	5206.000	5204.500	5205.500	418	2803	1
2026.07.03	15:16:00	5206.000	5206.000	5205.500	5206.000	225	1164	1
2026.07.03	15:17:00	5205.500	5206.000	5205.500	5206.000	302	1091	1
2026.07.03	15:18:00	5206.000	5206.500	5205.500	5206.000	281	737	1
2026.07.03	15:19:00	5206.000	5206.500	5203.500	5205.000	705	4367	1
2026.07.03	15:20:00	5204.500	5205.500	5204.000	5204.500	415	4005	1
2026.07.03	15:21:00	5204.000	5204.500	5203.500	5204.000	394	3144	1
2026.07.03	15:22:00	5204.500	5205.000	5204.000	5204.500	155	497	1
2026.07.03	15:23:00	5205.000	5205.000	5204.000	5205.000	102	410	1
2026.07.03	15:24:00	5205.000	5205.500	5204.500	5205.500	211	986	1
2026.07.03	15:25:00	5205.500	5205.500	5205.000	5205.500	91	310	1
2026.07.03	15:26:00	5205.000	5206.000	5205.000	5205.500	115	652	1
2026.07.03	15:27:00	5205.500	5206.000	5205.500	5206.000	133	683	1
2026.07.03	15:28:00	5206.000	5206.000	5205.500	5205.500	69	111	1
2026.07.03	15:29:00	5205.500	5206.500	5205.500	5206.500	261	1020	1
2026.07.03	15:30:00	5206.500	5206.500	5206.000	5206.500	174	788	1
2026.07.03	15:31:00	5206.000	5206.500	5205.000	5205.500	316	1749	1
2026.07.03	15:32:00	5205.500	5206.000	5205.000	5205.500	170	456	1
2026.07.03	15:33:00	5205.000	5205.500	5204.500	5205.000	270	1603	1
2026.07.03	15:34:00	5205.000	5205.000	5204.000	5204.500	225	972	1
2026.07.03	15:35:00	5204.000	5204.500	5204.000	5204.500	100	224	1
2026.07.03	15:36:00	5204.000	5204.500	5203.500	5204.000	266	2910	1
2026.07.03	15:37:00	5204.000	5205.000	5203.500	5205.000	227	1310	1
2026.07.03	15:38:00	5204.500	5205.500	5204.500	5205.000	140	274	1
2026.07.03	15:39:00	5205.500	5205.500	5204.500	5205.000	190	1135	1
2026.07.03	15:40:00	5205.500	5205.500	5204.500	5204.500	124	360	1
2026.07.03	15:41:00	5205.000	5205.500	5204.500	5205.000	67	157	1
2026.07.03	15:42:00	5205.000	5206.000	5204.500	5205.500	324	1412	1
2026.07.03	15:43:00	5205.500	5206.000	5205.000	5205.000	102	402	1
2026.07.03	15:44:00	5205.500	5205.500	5204.500	5205.000	137	449	1
2026.07.03	15:45:00	5205.500	5205.500	5205.000	5205.500	126	652	1
2026.07.03	15:46:00	5205.500	5205.500	5204.500	5205.000	79	413	1
2026.07.03	15:47:00	5205.000	5205.000	5204.500	5204.500	136	500	1
2026.07.03	15:48:00	5204.500	5205.500	5204.500	5205.000	123	535	1
2026.07.03	15:49:00	5205.500	5205.500	5204.500	5205.500	239	1057	1
2026.07.03	15:50:00	5205.500	5205.500	5204.000	5205.000	268	686	1
2026.07.03	15:51:00	5204.500	5205.000	5204.500	5204.500	233	1561	1
2026.07.03	15:52:00	5204.500	5205.500	5204.000	5205.000	353	4117	1
2026.07.03	15:53:00	5205.000	5205.000	5204.000	5204.500	131	331	1
2026.07.03	15:54:00	5204.000	5205.000	5204.000	5204.500	215	904	1
2026.07.03	15:55:00	5204.000	5205.000	5204.000	5204.500	268	1482	1
2026.07.03	15:56:00	5204.500	5204.500	5203.500	5204.000	320	1114	1
2026.07.03	15:57:00	5204.000	5204.000	5203.000	5203.500	377	1879	1
2026.07.03	15:58:00	5203.500	5204.000	5203.000	5204.000	381	2244	1
2026.07.03	15:59:00	5203.500	5204.000	5203.000	5203.500	371	1466	1
2026.07.03	16:00:00	5203.000	5204.000	5202.500	5203.500	476	3551	1
2026.07.03	16:01:00	5204.000	5204.500	5203.500	5204.500	353	1656	1
2026.07.03	16:02:00	5204.500	5204.500	5203.500	5204.000	544	2471	1
2026.07.03	16:03:00	5204.000	5205.500	5204.000	5205.500	585	2892	1
2026.07.03	16:04:00	5205.500	5205.500	5204.500	5205.000	146	593	1
2026.07.03	16:05:00	5205.000	5205.500	5204.500	5205.000	219	867	1
2026.07.03	16:06:00	5205.000	5205.500	5204.500	5205.000	199	2008	1
2026.07.03	16:07:00	5205.000	5205.000	5204.500	5205.000	58	290	1
2026.07.03	16:08:00	5204.500	5206.000	5204.500	5205.500	424	2286	1
2026.07.03	16:09:00	5205.500	5205.500	5205.000	5205.500	41	119	1
2026.07.03	16:10:00	5205.000	5206.000	5205.000	5205.500	186	404	1
2026.07.03	16:11:00	5205.500	5206.000	5205.000	5205.500	166	984	1
2026.07.03	16:12:00	5205.000	5205.500	5204.500	5205.500	199	5158	1
2026.07.03	16:13:00	5205.000	5205.500	5205.000	5205.000	70	930	1
2026.07.03	16:14:00	5205.500	5205.500	5205.000	5205.500	38	115	1
2026.07.03	16:15:00	5205.000	5205.500	5205.000	5205.500	50	147	1
2026.07.03	16:16:00	5205.000	5205.500	5205.000	5205.500	59	384	1
2026.07.03	16:17:00	5205.000	5205.500	5205.000	5205.000	105	358	1
2026.07.03	16:18:00	5205.500	5205.500	5205.000	5205.500	197	530	1
2026.07.03	16:19:00	5205.500	5205.500	5205.000	5205.000	134	1663	1
2026.07.03	16:20:00	5205.000	5205.500	5204.500	5205.000	145	430	1
2026.07.03	16:21:00	5205.500	5205.500	5204.500	5204.500	319	3644	1
2026.07.03	16:22:00	5205.000	5205.500	5204.500	5204.500	180	1078	1
2026.07.03	16:23:00	5204.500	5205.000	5204.500	5205.000	26	61	1
2026.07.03	16:24:00	5204.500	5205.000	5204.000	5204.500	145	986	1
2026.07.03	16:25:00	5204.500	5205.500	5204.500	5205.000	199	1743	1
2026.07.03	16:26:00	5205.000	5205.500	5205.000	5205.500	84	843	1
2026.07.03	16:27:00	5205.500	5206.000	5205.000	5206.000	259	2628	1
2026.07.03	16:28:00	5206.000	5206.000	5205.500	5206.000	137	411	1
2026.07.03	16:29:00	5206.000	5206.500	5204.500	5205.000	463	3032	1
2026.07.03	16:30:00	5205.000	5205.000	5204.000	5205.000	210	604	1
2026.07.03	16:31:00	5204.500	5205.500	5204.500	5205.000	180	1045	1
2026.07.03	16:32:00	5205.000	5205.000	5204.500	5205.000	58	157	1
2026.07.03	16:33:00	5205.000	5205.500	5204.500	5205.500	107	500	1
2026.07.03	16:34:00	5205.000	5205.500	5205.000	5205.500	37	69	1
2026.07.03	16:35:00	5205.500	5205.500	5205.000	5205.500	34	86	1
2026.07.03	16:36:00	5205.500	5206.000	5205.000	5206.000	160	657	1
2026.07.03	16:37:00	5206.000	5206.000	5205.000	5205.000	267	1528	1
2026.07.03	16:38:00	5205.000	5206.000	5205.000	5206.000	103	400	1
2026.07.03	16:39:00	5205.500	5206.500	5205.500	5206.500	170	1183	1
2026.07.03	16:40:00	5206.000	5206.500	5205.500	5206.000	147	385	1
2026.07.03	16:41:00	5205.500	5206.500	5205.000	5206.500	360	1982	1
2026.07.03	16:42:00	5206.000	5206.500	5206.000	5206.500	86	251	1
2026.07.03	16:43:00	5206.000	5206.500	5205.000	5205.500	327	2155	1
2026.07.03	16:44:00	5205.000	5206.000	5205.000	5206.000	145	881	1
2026.07.03	16:45:00	5206.000	5206.000	5205.500	5205.500	71	320	1
2026.07.03	16:46:00	5206.000	5206.000	5205.000	5205.000	151	296	1
2026.07.03	16:47:00	5205.000	5205.500	5205.000	5205.000	85	172	1
2026.07.03	16:48:00	5205.500	5205.500	5205.000	5205.000	141	588	1
2026.07.03	16:49:00	5205.500	5205.500	5205.000	5205.000	79	491	1
2026.07.03	16:50:00	5205.500	5205.500	5204.500	5204.500	190	720	1
2026.07.03	16:51:00	5205.000	5205.500	5204.000	5204.500	577	4009	1
2026.07.03	16:52:00	5204.500	5204.500	5203.500	5204.000	492	2625	1
2026.07.03	16:53:00	5204.000	5205.000	5203.500	5204.500	202	1116	1
2026.07.03	16:54:00	5204.500	5205.000	5204.000	5205.000	225	959	1
2026.07.03	16:55:00	5205.000	5205.000	5204.500	5204.500	44	149	1
2026.07.03	16:56:00	5204.500	5205.000	5204.000	5204.000	189	1696	1
2026.07.03	16:57:00	5204.000	5205.000	5204.000	5204.500	139	954	1
2026.07.03	16:58:00	5204.500	5205.000	5204.000	5204.500	167	1720	1
2026.07.03	16:59:00	5204.500	5205.000	5204.000	5204.000	118	808	1
2026.07.03	17:00:00	5204.000	5205.000	5204.000	5204.500	268	2991	1
2026.07.03	17:01:00	5204.000	5205.000	5204.000	5204.500	88	424	1
2026.07.03	17:02:00	5204.000	5205.000	5204.000	5204.500	127	583	1
2026.07.03	17:03:00	5205.000	5205.500	5204.500	5205.000	358	1835	1
2026.07.03	17:04:00	5205.500	5206.500	5205.000	5206.500	612	3853	1
2026.07.03	17:05:00	5206.500	5207.000	5206.000	5207.000	366	1981	1
2026.07.03	17:06:00	5207.000	5207.000	5205.000	5205.000	312	1393	1
2026.07.03	17:07:00	5205.500	5206.000	5205.000	5206.000	161	646	1
2026.07.03	17:08:00	5206.000	5206.500	5205.500	5205.500	230	1169	1
2026.07.03	17:09:00	5205.500	5206.500	5205.500	5206.000	117	506	1
2026.07.03	17:10:00	5205.500	5206.500	5205.500	5206.000	125	382	1
2026.07.03	17:11:00	5206.500	5206.500	5206.000	5206.000	85	354	1
2026.07.03	17:12:00	5206.000	5206.500	5206.000	5206.500	130	553	1
2026.07.03	17:13:00	5206.000	5207.000	5206.000	5206.500	174	873	1
2026.07.03	17:14:00	5206.500	5207.000	5206.000	5206.500	97	328	1
2026.07.03	17:15:00	5207.000	5207.000	5206.000	5206.500	110	469	1
2026.07.03	17:16:00	5207.000	5207.000	5206.000	5206.500	123	496	1
2026.07.03	17:17:00	5207.000	5207.000	5206.500	5206.500	115	295	1
2026.07.03	17:18:00	5206.500	5207.000	5206.000	5206.500	115	514	1
2026.07.03	17:19:00	5206.500	5207.000	5206.500	5207.000	96	231	1
2026.07.03	17:20:00	5206.500	5207.000	5206.000	5206.000	187	860	1
2026.07.03	17:21:00	5206.500	5206.500	5206.000	5206.000	83	425	1
2026.07.03	17:22:00	5206.000	5206.500	5206.000	5206.000	56	216	1
2026.07.03	17:23:00	5206.000	5206.500	5206.000	5206.000	30	204	1
2026.07.03	17:24:00	5206.000	5206.500	5206.000	5206.000	101	283	1
2026.07.03	17:25:00	5206.000	5206.500	5206.000	5206.500	95	251	1
2026.07.03	17:26:00	5206.000	5206.500	5205.500	5205.500	72	186	1
2026.07.03	17:27:00	5206.000	5206.500	5205.500	5206.000	96	436	1
2026.07.03	17:28:00	5205.500	5206.000	5205.500	5205.500	62	337	1
2026.07.03	17:29:00	5205.500	5206.000	5205.500	5206.000	74	300	1
2026.07.03	17:30:00	5205.500	5206.000	5205.000	5205.500	351	1756	1
2026.07.03	17:31:00	5205.000	5205.500	5205.000	5205.000	98	347	1
2026.07.03	17:32:00	5205.000	5206.000	5205.000	5205.000	103	384	1
2026.07.03	17:33:00	5205.500	5205.500	5204.500	5204.500	119	488	1
2026.07.03	17:34:00	5204.500	5205.500	5204.500	5205.000	97	318	1
2026.07.03	17:35:00	5205.000	5205.500	5204.000	5204.000	554	2008	1
2026.07.03	17:36:00	5204.000	5205.000	5204.000	5205.000	173	809	1
2026.07.03	17:37:00	5205.000	5205.000	5204.500	5205.000	226	1243	1
2026.07.03	17:38:00	5204.500	5205.000	5204.500	5205.000	76	229	1
2026.07.03	17:39:00	5205.000	5205.500	5204.500	5205.000	112	281	1
2026.07.03	17:40:00	5204.500	5205.500	5204.500	5205.000	71	245	1
2026.07.03	17:41:00	5205.500	5205.500	5205.000	5205.500	64	133	1
2026.07.03	17:42:00	5205.500	5205.500	5205.000	5205.000	16	29	1
2026.07.03	17:43:00	5205.000	5205.500	5204.500	5205.500	192	689	1
2026.07.03	17:44:00	5205.500	5206.000	5204.500	5205.000	160	483	1
2026.07.03	17:45:00	5205.000	5206.000	5204.500	5206.000	203	822	1
2026.07.03	17:46:00	5206.000	5206.000	5205.500	5206.000	79	284	1
2026.07.03	17:47:00	5206.000	5206.000	5205.500	5206.000	60	210	1
2026.07.03	17:48:00	5206.000	5206.000	5205.500	5205.500	67	206	1
2026.07.03	17:49:00	5206.000	5206.000	5205.500	5205.500	113	357	1
2026.07.03	17:50:00	5206.000	5206.500	5205.500	5206.000	158	428	1
2026.07.03	17:51:00	5206.000	5206.500	5206.000	5206.000	30	171	1
2026.07.03	17:52:00	5206.000	5206.500	5206.000	5206.000	162	875	1
2026.07.03	17:53:00	5206.500	5206.500	5206.000	5206.500	65	351	1
2026.07.03	17:54:00	5206.000	5206.500	5205.500	5206.000	85	176	1
2026.07.03	17:55:00	5205.500	5206.500	5205.500	5206.500	168	706	1
2026.07.03	17:56:00	5206.500	5206.500	5205.500	5206.000	83	240	1
2026.07.03	17:57:00	5206.000	5206.000	5205.500	5206.000	75	156	1
2026.07.03	17:58:00	5206.000	5206.000	5205.000	5205.500	122	633	1
2026.07.03	17:59:00	5205.500	5205.500	5205.000	5205.500	126	1895	1
2026.07.03	18:00:00	5205.500	5205.500	5205.000	5205.500	93	371	1
2026.07.03	18:01:00	5205.500	5205.500	5205.000	5205.000	82	427	1
2026.07.03	18:02:00	5205.500	5205.500	5205.000	5205.500	58	348	1
2026.07.03	18:03:00	5205.500	5205.500	5205.000	5205.000	68	165	1
2026.07.03	18:04:00	5205.500	5205.500	5205.000	5205.000	68	230	1
2026.07.03	18:05:00	5205.000	5205.500	5205.000	5205.500	68	381	1
2026.07.03	18:06:00	5205.000	5206.500	5205.000	5205.500	150	537	1
2026.07.03	18:07:00	5206.000	5206.500	5205.500	5206.000	111	342	1
2026.07.03	18:08:00	5206.500	5206.500	5205.500	5206.000	96	399	1
2026.07.03	18:09:00	5206.000	5206.000	5205.500	5206.000	47	162	1
2026.07.03	18:10:00	5206.500	5207.500	5206.000	5207.000	535	2294	1
2026.07.03	18:11:00	5207.000	5207.000	5206.500	5206.500	48	178	1
2026.07.03	18:12:00	5207.000	5207.000	5206.500	5206.500	67	221	1
2026.07.03	18:13:00	5206.500	5207.000	5206.500	5206.500	54	95	1
2026.07.03	18:14:00	5207.000	5207.000	5206.500	5206.500	151	381	1
2026.07.03	18:15:00	5206.500	5207.000	5205.500	5207.000	464	1609	1
2026.07.03	18:16:00	5207.000	5207.000	5206.500	5207.000	210	485	1
2026.07.03	18:17:00	5207.000	5207.500	5206.500	5207.500	268	1005	1
2026.07.03	18:18:00	5207.500	5207.500	5207.000	5207.500	154	1148	1
2026.07.03	18:19:00	5207.000	5207.500	5206.500	5206.500	277	1567	1
2026.07.03	18:20:00	5207.000	5207.500	5205.500	5206.500	388	1198	1
2026.07.03	18:21:00	5207.000	5207.000	5206.000	5207.000	170	522	1
2026.07.03	18:22:00	5207.000	5207.500	5206.500	5207.000	151	588	1
2026.07.03	18:23:00	5207.500	5207.500	5207.000	5207.500	99	349	1
2026.07.03	18:24:00	5207.500	5207.500	5207.000	5207.500	82	416	1
2026.07.03	18:25:00	5207.000	5208.500	5206.000	5208.000	872	3133	1
2026.07.03	18:26:00	5208.000	5208.500	5207.500	5208.500	88	779	1
2026.07.03	18:27:00	5208.000	5209.000	5208.000	5209.000	103	566	1
2026.07.03	18:28:00	5208.500	5209.000	5208.500	5209.000	101	506	1
2026.07.03	18:29:00	5209.000	5209.000	5206.000	5206.000	129	1020	1
2026.07.06	09:00:00	5208.000	5208.500	5204.000	5206.500	1846	7776	1
2026.07.06	09:01:00	5206.500	5216.000	5205.500	5215.500	5091	16154	1
2026.07.06	09:02:00	5215.000	5218.500	5213.000	5218.000	4036	15905	1
2026.07.06	09:03:00	5218.000	5218.500	5216.000	5216.500	2495	7734	1
2026.07.06	09:04:00	5216.500	5218.000	5215.500	5216.000	1453	6089	1
2026.07.06	09:05:00	5216.500	5216.500	5214.000	5216.500	2401	8835	1
2026.07.06	09:06:00	5216.000	5218.500	5215.000	5217.000	1930	8386	1
2026.07.06	09:07:00	5216.500	5217.000	5214.500	5215.500	1707	7371	1
2026.07.06	09:08:00	5215.500	5216.500	5214.500	5216.000	802	2383	1
2026.07.06	09:09:00	5215.500	5217.000	5214.000	5214.500	1080	4961	1
2026.07.06	09:10:00	5215.000	5216.000	5213.000	5215.000	1776	6342	1
2026.07.06	09:11:00	5215.000	5216.000	5214.000	5214.000	988	3752	1
2026.07.06	09:12:00	5214.000	5215.000	5212.500	5213.500	1373	4181	1
2026.07.06	09:13:00	5214.000	5214.500	5212.500	5214.500	1148	5152	1
2026.07.06	09:14:00	5214.500	5214.500	5211.500	5212.000	1023	4658	1
2026.07.06	09:15:00	5212.500	5212.500	5206.000	5207.000	4477	16827	1
2026.07.06	09:16:00	5207.000	5209.500	5206.500	5207.000	2095	7275	1
2026.07.06	09:17:00	5207.000	5207.000	5205.000	5207.000	2117	8914	1
2026.07.06	09:18:00	5207.000	5207.500	5204.500	5207.000	1537	6133	1
2026.07.06	09:19:00	5206.500	5208.000	5206.000	5208.000	1265	4127	1
2026.07.06	09:20:00	5208.000	5210.500	5207.500	5209.500	2050	6771	1
2026.07.06	09:21:00	5209.000	5211.000	5208.500	5210.500	1320	4174	1
2026.07.06	09:22:00	5210.500	5210.500	5206.500	5208.500	1718	6936	1
2026.07.06	09:23:00	5208.500	5209.000	5206.000	5206.500	1323	6873	1
2026.07.06	09:24:00	5206.500	5207.500	5205.000	5206.000	1127	4163	1
2026.07.06	09:25:00	5206.500	5209.000	5206.000	5208.000	1009	3446	1
2026.07.06	09:26:00	5207.500	5208.000	5205.500	5206.500	894	3426	1
2026.07.06	09:27:00	5206.500	5207.000	5206.000	5207.000	366	842	1
2026.07.06	09:28:00	5206.500	5208.000	5206.000	5207.500	499	1093	1
2026.07.06	09:29:00	5207.500	5209.500	5207.000	5207.500	1309	4318	1
2026.07.06	09:30:00	5208.000	5208.500	5206.000	5207.500	1208	5050	1
2026.07.06	09:31:00	5208.000	5208.500	5206.500	5207.000	790	2687	1
2026.07.06	09:32:00	5207.000	5208.000	5206.000	5207.500	598	2285	1
2026.07.06	09:33:00	5207.500	5208.500	5207.000	5207.000	388	980	1
2026.07.06	09:34:00	5207.500	5208.500	5206.500	5208.500	456	1483	1
2026.07.06	09:35:00	5208.000	5209.000	5207.500	5208.000	381	1021	1
2026.07.06	09:36:00	5208.000	5209.000	5207.000	5209.000	370	1326	1
2026.07.06	09:37:00	5209.000	5209.000	5206.500	5207.500	965	4236	1
2026.07.06	09:38:00	5207.500	5209.000	5207.500	5207.500	639	4075	1
2026.07.06	09:39:00	5207.500	5210.000	5207.500	5209.000	833	2523	1
2026.07.06	09:40:00	5208.500	5209.500	5208.500	5209.500	299	908	1
2026.07.06	09:41:00	5209.000	5210.000	5207.500	5210.000	722	2245	1
2026.07.06	09:42:00	5209.500	5211.000	5208.500	5209.500	1814	5401	1
2026.07.06	09:43:00	5210.000	5210.000	5208.000	5209.000	553	1610	1
2026.07.06	09:44:00	5208.500	5211.000	5208.500	5209.500	625	1970	1
2026.07.06	09:45:00	5209.500	5211.500	5209.000	5210.500	1047	3537	1
2026.07.06	09:46:00	5210.500	5211.000	5209.000	5209.000	975	4769	1
2026.07.06	09:47:00	5209.000	5210.000	5207.000	5207.000	1299	4531	1
2026.07.06	09:48:00	5207.500	5211.000	5207.000	5210.000	1167	4102	1
2026.07.06	09:49:00	5210.000	5210.500	5209.000	5209.000	416	2018	1
2026.07.06	09:50:00	5209.500	5209.500	5205.500	5206.000	1756	6935	1
2026.07.06	09:51:00	5206.000	5207.500	5205.000	5207.000	2054	7161	1
2026.07.06	09:52:00	5206.500	5207.500	5206.500	5207.500	695	3628	1
2026.07.06	09:53:00	5207.500	5208.000	5205.500	5206.500	753	2816	1
2026.07.06	09:54:00	5206.500	5209.500	5206.000	5209.000	1071	3466	1
2026.07.06	09:55:00	5209.000	5210.000	5208.500	5209.500	1095	17118	1
2026.07.06	09:56:00	5210.000	5213.500	5209.500	5212.000	3255	12631	1
2026.07.06	09:57:00	5212.500	5213.000	5211.500	5212.500	998	3091	1
2026.07.06	09:58:00	5212.000	5213.000	5210.500	5210.500	1019	3590	1
2026.07.06	09:59:00	5210.500	5212.500	5209.000	5210.000	1475	4874	1
2026.07.06	10:00:00	5210.000	5213.000	5209.500	5212.000	1809	7576	1
2026.07.06	10:01:00	5211.500	5212.500	5210.500	5211.500	1121	5107	1
2026.07.06	10:02:00	5211.500	5212.000	5210.500	5211.500	560	3080	1
2026.07.06	10:03:00	5212.000	5213.000	5211.000	5211.500	872	3752	1
2026.07.06	10:04:00	5211.000	5212.000	5209.000	5210.000	1496	6945	1
2026.07.06	10:05:00	5210.500	5211.500	5209.500	5211.000	689	4140	1
2026.07.06	10:06:00	5211.500	5211.500	5210.000	5211.000	554	2583	1
2026.07.06	10:07:00	5210.500	5211.500	5209.500	5210.000	727	4182	1
2026.07.06	10:08:00	5210.000	5210.000	5207.500	5207.500	2251	8767	1
2026.07.06	10:09:00	5207.500	5209.500	5207.500	5209.000	663	1840	1
2026.07.06	10:10:00	5209.000	5209.500	5207.000	5208.000	1036	5246	1
2026.07.06	10:11:00	5207.500	5209.000	5207.000	5207.500	1049	4254	1
2026.07.06	10:12:00	5207.500	5208.500	5206.500	5207.500	1157	4841	1
2026.07.06	10:13:00	5207.500	5208.500	5207.000	5208.000	579	2509	1
2026.07.06	10:14:00	5208.000	5209.500	5207.500	5209.000	779	3377	1
2026.07.06	10:15:00	5209.000	5209.500	5207.500	5208.000	817	4549	1
2026.07.06	10:16:00	5207.500	5208.000	5205.500	5207.500	1688	9497	1
2026.07.06	10:17:00	5207.000	5207.500	5205.500	5206.500	663	2527	1
2026.07.06	10:18:00	5206.500	5207.500	5204.000	5207.000	3330	12260	1
2026.07.06	10:19:00	5207.500	5208.000	5206.000	5206.000	745	2643	1
2026.07.06	10:20:00	5206.000	5207.500	5206.000	5207.500	697	2417	1
2026.07.06	10:21:00	5207.500	5208.000	5206.500	5207.000	549	1584	1
2026.07.06	10:22:00	5207.500	5207.500	5205.500	5206.500	598	1682	1
2026.07.06	10:23:00	5206.500	5208.000	5206.000	5207.000	722	2492	1
2026.07.06	10:24:00	5207.000	5207.000	5206.000	5206.500	303	1454	1
2026.07.06	10:25:00	5206.500	5208.000	5206.500	5207.500	696	2750	1
2026.07.06	10:26:00	5207.500	5208.000	5206.000	5207.000	498	1451	1
2026.07.06	10:27:00	5207.500	5209.500	5207.500	5209.000	1085	2850	1
2026.07.06	10:28:00	5208.500	5211.000	5208.000	5210.000	1937	7545	1
2026.07.06	10:29:00	5209.500	5210.500	5208.000	5209.000	765	2698	1
2026.07.06	10:30:00	5208.500	5209.000	5206.000	5206.500	1527	4389	1
2026.07.06	10:31:00	5206.500	5210.000	5206.500	5209.500	1206	4205	1
2026.07.06	10:32:00	5209.000	5210.000	5209.000	5209.500	468	1423	1
2026.07.06	10:33:00	5210.000	5210.000	5208.500	5209.000	635	3113	1
2026.07.06	10:34:00	5209.000	5210.000	5208.500	5209.000	422	1415	1
2026.07.06	10:35:00	5209.000	5210.000	5208.500	5209.000	455	1286	1
2026.07.06	10:36:00	5209.000	5209.500	5208.500	5209.000	380	652	1
2026.07.06	10:37:00	5209.000	5209.500	5208.500	5209.000	408	1077	1
2026.07.06	10:38:00	5209.000	5209.500	5205.500	5205.500	2156	7972	1
2026.07.06	10:39:00	5206.000	5206.500	5205.000	5205.000	1526	5924	1
2026.07.06	10:40:00	5205.000	5207.500	5205.000	5205.500	1198	4411	1
2026.07.06	10:41:00	5205.000	5206.500	5205.000	5206.500	436	3323	1
2026.07.06	10:42:00	5206.500	5207.000	5205.000	5205.000	698	2305	1
2026.07.06	10:43:00	5205.000	5206.000	5204.000	5204.000	1508	9954	1
2026.07.06	10:44:00	5204.000	5204.500	5201.000	5201.500	4587	15926	1
2026.07.06	10:45:00	5202.000	5203.000	5199.000	5200.000	3787	15164	1
2026.07.06	10:46:00	5199.500	5201.500	5198.000	5201.500	2735	9722	1
2026.07.06	10:47:00	5201.500	5203.000	5201.000	5201.500	1710	7047	1
2026.07.06	10:48:00	5202.000	5202.500	5199.500	5200.500	1388	5188	1
2026.07.06	10:49:00	5201.000	5202.000	5200.500	5201.000	651	2539	1
2026.07.06	10:50:00	5201.000	5203.000	5199.500	5202.500	1725	7579	1
2026.07.06	10:51:00	5202.500	5204.000	5202.000	5202.000	1683	7090	1
2026.07.06	10:52:00	5202.500	5205.000	5202.000	5205.000	1219	4383	1
2026.07.06	10:53:00	5205.000	5205.000	5202.000	5202.500	1195	3716	1
2026.07.06	10:54:00	5202.500	5203.000	5200.500	5203.000	1502	6163	1
2026.07.06	10:55:00	5202.500	5204.500	5202.500	5203.500	995	3664	1
2026.07.06	10:56:00	5203.500	5205.500	5201.000	5201.000	1691	6027	1
2026.07.06	10:57:00	5201.000	5202.000	5200.500	5201.500	859	2516	1
2026.07.06	10:58:00	5201.500	5203.000	5200.500	5202.000	1039	4294	1
2026.07.06	10:59:00	5202.000	5203.000	5202.000	5202.500	276	2361	1
2026.07.06	11:00:00	5202.500	5204.500	5202.000	5203.500	874	3704	1
2026.07.06	11:01:00	5203.500	5205.000	5202.500	5202.500	867	4732	1
2026.07.06	11:02:00	5202.500	5203.500	5201.500	5203.000	634	2978	1
2026.07.06	11:03:00	5203.000	5203.500	5202.000	5203.500	589	2014	1
2026.07.06	11:04:00	5203.000	5203.500	5202.000	5203.500	825	2924	1
2026.07.06	11:05:00	5203.000	5203.500	5201.500	5202.500	1186	4359	1
2026.07.06	11:06:00	5202.000	5202.500	5201.500	5202.000	479	1424	1
2026.07.06	11:07:00	5201.500	5204.500	5201.000	5204.000	1278	6627	1
2026.07.06	11:08:00	5204.500	5204.500	5203.000	5203.000	830	3435	1
2026.07.06	11:09:00	5203.000	5204.500	5201.000	5203.500	1214	5298	1
2026.07.06	11:10:00	5203.000	5203.500	5201.000	5202.500	925	4023	1
2026.07.06	11:11:00	5202.000	5202.500	5198.000	5198.500	2859	12444	1
2026.07.06	11:12:00	5199.000	5200.000	5197.500	5198.500	2158	11309	1
2026.07.06	11:13:00	5198.500	5200.500	5198.000	5198.000	1189	6007	1
2026.07.06	11:14:00	5198.000	5199.000	5197.500	5198.000	870	2984	1
2026.07.06	11:15:00	5198.500	5201.000	5198.000	5200.000	1415	7374	1
2026.07.06	11:16:00	5200.000	5200.500	5198.500	5200.000	742	3541	1
2026.07.06	11:17:00	5200.500	5200.500	5199.500	5200.000	399	1354	1
2026.07.06	11:18:00	5200.000	5201.000	5199.500	5200.500	734	3275	1
2026.07.06	11:19:00	5201.000	5201.500	5200.000	5200.500	637	2912	1
2026.07.06	11:20:00	5200.500	5201.500	5200.500	5201.000	311	856	1
2026.07.06	11:21:00	5201.000	5201.500	5201.000	5201.000	634	5194	1
2026.07.06	11:22:00	5201.000	5201.500	5200.000	5201.500	828	3624	1
2026.07.06	11:23:00	5201.500	5201.500	5200.500	5200.500	482	3945	1
2026.07.06	11:24:00	5201.000	5202.500	5200.500	5202.500	667	3281	1
2026.07.06	11:25:00	5202.500	5202.500	5200.000	5200.000	837	2937	1
2026.07.06	11:26:00	5200.500	5202.500	5199.000	5202.500	1830	7704	1
2026.07.06	11:27:00	5202.500	5203.000	5201.500	5203.000	823	2996	1
2026.07.06	11:28:00	5203.000	5204.500	5202.000	5204.000	1363	4794	1
2026.07.06	11:29:00	5203.500	5205.000	5203.000	5205.000	909	3836	1
2026.07.06	11:30:00	5204.500	5206.500	5204.000	5206.500	1811	5369	1
2026.07.06	11:31:00	5206.500	5207.000	5205.500	5205.500	1005	3123	1
2026.07.06	11:32:00	5206.000	5207.500	5205.000	5207.000	1150	3783	1
2026.07.06	11:33:00	5206.500	5207.500	5205.500	5206.500	936	3137	1
2026.07.06	11:34:00	5206.000	5206.500	5204.500	5205.000	847	3213	1
2026.07.06	11:35:00	5205.000	5205.500	5204.000	5204.500	761	2115	1
2026.07.06	11:36:00	5205.000	5205.500	5203.500	5205.000	961	3722	1
2026.07.06	11:37:00	5205.000	5206.500	5205.000	5205.500	759	2760	1
2026.07.06	11:38:00	5205.500	5206.500	5204.500	5205.500	660	3119	1
2026.07.06	11:39:00	5205.500	5206.500	5204.000	5205.000	782	3179	1
2026.07.06	11:40:00	5205.500	5207.000	5205.000	5206.000	621	1927	1
2026.07.06	11:41:00	5206.500	5208.000	5206.000	5207.000	1068	4105	1
2026.07.06	11:42:00	5206.500	5208.000	5206.500	5207.500	655	3118	1
2026.07.06	11:43:00	5208.000	5209.500	5207.500	5209.000	1465	5216	1
2026.07.06	11:44:00	5209.000	5209.000	5207.500	5208.000	825	3326	1
2026.07.06	11:45:00	5208.000	5208.500	5206.500	5206.500	861	4630	1
2026.07.06	11:46:00	5206.500	5208.500	5206.500	5208.000	455	1558	1
2026.07.06	11:47:00	5208.500	5209.000	5207.000	5207.000	934	3765	1
2026.07.06	11:48:00	5207.500	5208.000	5206.500	5207.000	637	2418	1
2026.07.06	11:49:00	5206.500	5208.500	5206.500	5208.500	592	2693	1
2026.07.06	11:50:00	5208.000	5208.500	5206.000	5207.000	760	3218	1
2026.07.06	11:51:00	5207.000	5209.000	5206.500	5207.500	513	2520	1
2026.07.06	11:52:00	5207.500	5208.000	5204.500	5206.000	1590	6612	1
2026.07.06	11:53:00	5206.000	5206.500	5205.500	5206.000	719	2940	1
2026.07.06	11:54:00	5206.500	5207.000	5204.500	5206.000	576	2868	1
2026.07.06	11:55:00	5205.500	5207.000	5205.000	5206.500	441	2764	1
2026.07.06	11:56:00	5206.500	5207.000	5206.000	5206.000	360	1990	1
2026.07.06	11:57:00	5206.000	5206.500	5203.000	5203.000	2068	7950	1
2026.07.06	11:58:00	5203.000	5204.500	5202.000	5203.000	2187	10746	1
2026.07.06	11:59:00	5202.500	5204.000	5202.500	5202.500	1090	3831	1
2026.07.06	12:00:00	5202.500	5203.000	5200.500	5201.500	2226	12404	1
2026.07.06	12:01:00	5201.500	5202.000	5199.500	5201.000	2836	12904	1
2026.07.06	12:02:00	5200.500	5202.500	5200.500	5202.000	835	3652	1
2026.07.06	12:03:00	5202.500	5202.500	5201.000	5201.000	762	4190	1
2026.07.06	12:04:00	5201.500	5201.500	5201.000	5201.500	783	4225	1
2026.07.06	12:05:00	5201.500	5202.500	5201.000	5202.000	1029	7046	1
2026.07.06	12:06:00	5202.000	5202.500	5201.500	5201.500	405	1625	1
2026.07.06	12:07:00	5201.500	5202.000	5201.000	5202.000	461	2158	1
2026.07.06	12:08:00	5201.500	5202.000	5199.500	5200.000	738	2474	1
2026.07.06	12:09:00	5200.500	5200.500	5198.500	5198.500	974	3489	1
2026.07.06	12:10:00	5199.000	5199.500	5198.500	5199.000	508	1913	1
2026.07.06	12:11:00	5198.500	5199.500	5198.500	5199.000	698	4556	1
2026.07.06	12:12:00	5199.000	5200.500	5198.500	5199.500	758	6903	1
2026.07.06	12:13:00	5199.500	5199.500	5198.500	5199.000	572	3479	1
2026.07.06	12:14:00	5199.000	5200.000	5198.500	5199.000	484	2194	1
2026.07.06	12:15:00	5199.500	5200.000	5199.000	5200.000	354	1758	1
2026.07.06	12:16:00	5200.000	5200.500	5199.500	5200.500	439	1848	1
2026.07.06	12:17:00	5200.500	5201.000	5199.500	5200.000	670	2872	1
2026.07.06	12:18:00	5200.000	5200.500	5199.000	5200.000	376	1991	1
2026.07.06	12:19:00	5200.000	5201.500	5200.000	5201.000	629	2666	1
2026.07.06	12:20:00	5200.500	5200.500	5198.500	5199.000	994	8339	1
2026.07.06	12:21:00	5198.500	5200.000	5198.500	5199.000	593	5500	1
2026.07.06	12:22:00	5199.000	5200.000	5198.500	5198.500	512	3232	1
2026.07.06	12:23:00	5199.000	5200.000	5198.500	5199.500	478	2555	1
2026.07.06	12:24:00	5199.500	5201.000	5199.500	5201.000	609	3086	1
2026.07.06	12:25:00	5201.000	5201.500	5200.000	5201.500	391	1556	1
2026.07.06	12:26:00	5201.500	5202.500	5200.500	5202.000	863	3435	1
2026.07.06	12:27:00	5202.000	5202.000	5201.000	5201.500	222	717	1
2026.07.06	12:28:00	5201.500	5201.500	5198.000	5198.000	1383	6418	1
2026.07.06	12:29:00	5198.000	5198.500	5195.000	5195.500	3475	17670	1
2026.07.06	12:30:00	5195.500	5196.500	5194.000	5195.500	2276	16528	1
2026.07.06	12:31:00	5196.000	5196.000	5194.500	5195.000	725	4659	1
2026.07.06	12:32:00	5195.000	5196.000	5195.000	5195.500	549	3846	1
2026.07.06	12:33:00	5196.000	5196.000	5193.500	5196.000	1171	5743	1
2026.07.06	12:34:00	5196.000	5196.000	5194.500	5194.500	417	1864	1
2026.07.06	12:35:00	5194.500	5196.000	5194.000	5195.500	514	2797	1
2026.07.06	12:36:00	5195.500	5195.500	5193.500	5194.000	729	4195	1
2026.07.06	12:37:00	5193.500	5194.000	5190.500	5192.000	3377	15177	1
2026.07.06	12:38:00	5192.000	5192.500	5190.000	5190.500	1381	9043	1
2026.07.06	12:39:00	5190.500	5191.000	5187.000	5188.000	2797	16584	1
2026.07.06	12:40:00	5187.500	5188.500	5187.000	5188.000	1208	7025	1
2026.07.06	12:41:00	5188.000	5188.000	5185.500	5186.500	1596	8592	1
2026.07.06	12:42:00	5186.500	5188.500	5186.500	5188.000	1222	5965	1
2026.07.06	12:43:00	5188.000	5188.500	5187.000	5188.000	1003	5663	1
2026.07.06	12:44:00	5188.500	5188.500	5186.000	5186.500	696	3729	1
2026.07.06	12:45:00	5186.500	5186.500	5185.000	5186.000	845	2780	1
2026.07.06	12:46:00	5185.500	5186.500	5185.000	5186.500	722	3545	1
2026.07.06	12:47:00	5186.000	5187.500	5185.500	5186.000	852	4599	1
2026.07.06	12:48:00	5186.000	5186.000	5184.000	5185.000	1710	8849	1
2026.07.06	12:49:00	5185.000	5185.000	5184.000	5184.500	400	1141	1
2026.07.06	12:50:00	5184.000	5184.500	5182.500	5183.500	1288	4381	1
2026.07.06	12:51:00	5184.000	5184.500	5183.000	5184.500	437	1748	1
2026.07.06	12:52:00	5184.500	5185.500	5184.000	5185.500	833	2519	1
2026.07.06	12:53:00	5185.500	5185.500	5183.500	5184.500	468	2223	1
2026.07.06	12:54:00	5184.000	5185.000	5184.000	5184.500	677	2473	1
2026.07.06	12:55:00	5184.500	5186.000	5184.000	5186.000	923	3247	1
2026.07.06	12:56:00	5186.000	5186.000	5183.500	5184.000	789	2790	1
2026.07.06	12:57:00	5184.000	5184.000	5182.500	5183.500	1020	3756	1
2026.07.06	12:58:00	5183.500	5183.500	5181.500	5183.000	1198	5506	1
2026.07.06	12:59:00	5183.000	5183.000	5181.500	5182.000	682	4213	1
2026.07.06	13:00:00	5181.500	5184.500	5181.500	5183.500	1047	4472	1
2026.07.06	13:01:00	5183.500	5184.000	5182.500	5184.000	401	1688	1
2026.07.06	13:02:00	5184.000	5185.500	5183.500	5185.000	825	3411	1
2026.07.06	13:03:00	5185.000	5185.000	5184.000	5185.000	317	1641	1
2026.07.06	13:04:00	5184.500	5185.000	5183.500	5184.000	321	1954	1
2026.07.06	13:05:00	5184.000	5185.500	5184.000	5185.500	433	2487	1
2026.07.06	13:06:00	5185.500	5187.000	5185.000	5186.500	1467	8142	1
2026.07.06	13:07:00	5186.000	5186.500	5186.000	5186.000	197	691	1
2026.07.06	13:08:00	5186.500	5186.500	5184.500	5185.000	856	5868	1
2026.07.06	13:09:00	5184.500	5185.000	5183.000	5183.500	1446	11181	1
2026.07.06	13:10:00	5183.500	5185.000	5183.000	5183.500	927	4546	1
2026.07.06	13:11:00	5183.000	5184.500	5182.500	5183.500	757	2891	1
2026.07.06	13:12:00	5184.000	5184.500	5183.000	5183.500	391	1272	1
2026.07.06	13:13:00	5184.000	5184.500	5183.000	5184.000	269	799	1
2026.07.06	13:14:00	5184.000	5184.500	5183.500	5184.000	211	512	1
2026.07.06	13:15:00	5183.500	5184.500	5183.000	5184.000	425	1809	1
2026.07.06	13:16:00	5184.000	5185.000	5183.000	5184.500	866	4720	1
2026.07.06	13:17:00	5185.000	5185.000	5184.000	5184.500	377	1277	1
2026.07.06	13:18:00	5184.500	5186.000	5184.500	5186.000	918	3826	1
2026.07.06	13:19:00	5185.500	5186.000	5185.500	5186.000	316	1194	1
2026.07.06	13:20:00	5186.000	5186.500	5184.500	5185.000	329	967	1
2026.07.06	13:21:00	5185.000	5185.500	5184.500	5185.000	363	864	1
2026.07.06	13:22:00	5185.000	5186.000	5184.500	5186.000	350	2585	1
2026.07.06	13:23:00	5186.000	5186.000	5185.000	5185.500	191	1074	1
2026.07.06	13:24:00	5185.500	5186.000	5185.000	5185.000	406	2259	1
2026.07.06	13:25:00	5185.500	5186.000	5185.000	5185.500	144	516	1
2026.07.06	13:26:00	5186.000	5186.000	5185.000	5185.500	396	2059	1
2026.07.06	13:27:00	5185.000	5185.500	5184.500	5185.000	112	289	1
2026.07.06	13:28:00	5185.500	5186.000	5184.500	5185.000	540	3123	1
2026.07.06	13:29:00	5185.500	5186.000	5185.000	5186.000	214	2947	1
2026.07.06	13:30:00	5186.000	5186.000	5185.000	5185.500	224	1203	1
2026.07.06	13:31:00	5185.000	5185.500	5184.500	5184.500	211	1325	1
2026.07.06	13:32:00	5185.000	5185.500	5184.500	5184.500	364	1175	1
2026.07.06	13:33:00	5185.000	5185.000	5184.000	5184.000	385	2265	1
2026.07.06	13:34:00	5184.000	5185.000	5184.000	5184.500	170	421	1
2026.07.06	13:35:00	5184.000	5185.000	5184.000	5184.500	263	721	1
2026.07.06	13:36:00	5184.500	5184.500	5183.500	5184.000	475	1297	1
2026.07.06	13:37:00	5184.000	5184.000	5183.000	5184.000	402	877	1
2026.07.06	13:38:00	5183.500	5184.500	5183.500	5184.000	244	1071	1
2026.07.06	13:39:00	5184.500	5184.500	5183.500	5184.000	283	1185	1
2026.07.06	13:40:00	5184.000	5184.500	5183.500	5184.000	544	1951	1
2026.07.06	13:41:00	5184.000	5184.500	5183.500	5183.500	181	604	1
2026.07.06	13:42:00	5183.500	5185.000	5183.500	5185.000	247	1008	1
2026.07.06	13:43:00	5185.000	5185.000	5184.000	5184.000	192	937	1
2026.07.06	13:44:00	5184.000	5184.500	5183.500	5184.500	190	784	1
2026.07.06	13:45:00	5184.000	5184.500	5183.500	5183.500	421	1077	1
2026.07.06	13:46:00	5184.000	5184.000	5183.000	5184.000	178	682	1
2026.07.06	13:47:00	5183.500	5184.500	5183.500	5184.000	193	820	1
2026.07.06	13:48:00	5184.000	5184.500	5183.500	5184.500	88	391	1
2026.07.06	13:49:00	5184.500	5184.500	5183.500	5184.000	138	364	1
2026.07.06	13:50:00	5183.500	5184.000	5183.000	5183.500	206	977	1
2026.07.06	13:51:00	5183.500	5183.500	5182.000	5182.500	781	2991	1
2026.07.06	13:52:00	5182.500	5183.500	5182.500	5182.500	280	1375	1
2026.07.06	13:53:00	5183.000	5183.500	5182.500	5183.000	169	613	1
2026.07.06	13:54:00	5183.500	5184.500	5183.000	5184.500	461	1098	1
2026.07.06	13:55:00	5184.500	5184.500	5183.500	5184.000	398	1724	1
2026.07.06	13:56:00	5184.000	5184.500	5183.500	5183.500	340	2214	1
2026.07.06	13:57:00	5183.500	5184.000	5183.000	5184.000	123	493	1
2026.07.06	13:58:00	5183.500	5184.500	5183.500	5183.500	179	843	1
2026.07.06	13:59:00	5183.000	5183.500	5182.000	5182.500	336	1397	1
2026.07.06	14:00:00	5182.000	5183.000	5182.000	5183.000	461	1490	1
2026.07.06	14:01:00	5183.500	5183.500	5183.000	5183.500	203	922	1
2026.07.06	14:02:00	5183.500	5183.500	5183.000	5183.500	192	793	1
2026.07.06	14:03:00	5183.000	5183.500	5181.500	5181.500	565	3359	1
2026.07.06	14:04:00	5181.500	5183.000	5181.500	5183.000	329	1648	1
2026.07.06	14:05:00	5182.500	5183.000	5181.500	5182.500	259	1305	1
2026.07.06	14:06:00	5182.000	5182.500	5181.000	5181.500	647	2871	1
2026.07.06	14:07:00	5181.000	5182.000	5180.000	5181.500	1360	6378	1
2026.07.06	14:08:00	5181.500	5182.000	5181.000	5181.500	607	3028	1
2026.07.06	14:09:00	5181.500	5181.500	5179.000	5179.500	1576	9826	1
2026.07.06	14:10:00	5179.500	5182.500	5179.000	5181.000	1273	7151	1
2026.07.06	14:11:00	5181.000	5181.500	5180.500	5181.000	338	2103	1
2026.07.06	14:12:00	5181.000	5181.000	5180.500	5181.000	157	967	1
2026.07.06	14:13:00	5181.000	5181.000	5180.000	5180.000	573	3701	1
2026.07.06	14:14:00	5180.500	5180.500	5177.000	5179.000	2228	12733	1
2026.07.06	14:15:00	5179.000	5179.000	5177.500	5178.500	829	5409	1
2026.07.06	14:16:00	5178.500	5179.000	5177.000	5177.500	675	3671	1
2026.07.06	14:17:00	5178.000	5178.000	5176.000	5177.500	1204	6629	1
2026.07.06	14:18:00	5177.500	5178.000	5175.000	5175.000	1494	10418	1
2026.07.06	14:19:00	5175.000	5176.500	5173.500	5176.500	1536	10297	1
2026.07.06	14:20:00	5176.500	5176.500	5175.500	5175.500	451	1812	1
2026.07.06	14:21:00	5176.000	5176.000	5174.500	5174.500	536	1924	1
2026.07.06	14:22:00	5175.000	5175.000	5173.500	5173.500	586	2598	1
2026.07.06	14:23:00	5174.000	5174.000	5170.500	5170.500	2706	14208	1
2026.07.06	14:24:00	5171.000	5171.000	5168.500	5170.000	2618	16120	1
2026.07.06	14:25:00	5170.000	5171.500	5169.000	5171.000	1167	5113	1
2026.07.06	14:26:00	5170.500	5171.000	5169.500	5170.000	806	3026	1
2026.07.06	14:27:00	5170.000	5170.000	5169.000	5169.000	437	1702	1
2026.07.06	14:28:00	5169.000	5170.000	5168.000	5168.000	831	4159	1
2026.07.06	14:29:00	5168.000	5171.500	5168.000	5171.500	1514	8480	1
2026.07.06	14:30:00	5171.500	5172.000	5170.500	5172.000	993	4157	1
2026.07.06	14:31:00	5172.000	5172.500	5171.000	5171.000	824	3983	1
2026.07.06	14:32:00	5171.500	5172.000	5171.000	5172.000	499	3519	1
2026.07.06	14:33:00	5171.500	5172.000	5170.000	5171.000	424	1617	1
2026.07.06	14:34:00	5170.500	5171.000	5170.000	5170.500	272	1308	1
2026.07.06	14:35:00	5170.500	5170.500	5169.500	5170.000	546	1840	1
2026.07.06	14:36:00	5170.000	5171.000	5170.000	5170.500	367	2504	1
2026.07.06	14:37:00	5171.000	5171.000	5169.000	5170.500	648	2592	1
2026.07.06	14:38:00	5170.500	5171.000	5170.000	5170.500	294	1344	1
2026.07.06	14:39:00	5170.500	5171.000	5169.500	5170.000	505	2272	1
2026.07.06	14:40:00	5170.000	5170.500	5169.000	5170.000	358	2228	1
2026.07.06	14:41:00	5170.000	5170.500	5169.000	5169.000	252	755	1
2026.07.06	14:42:00	5169.000	5169.500	5168.000	5169.000	951	4667	1
2026.07.06	14:43:00	5169.000	5169.000	5167.500	5167.500	1001	3892	1
2026.07.06	14:44:00	5168.000	5168.500	5167.000	5168.000	893	4610	1
2026.07.06	14:45:00	5168.000	5168.000	5166.500	5166.500	879	3202	1
2026.07.06	14:46:00	5167.000	5167.500	5164.500	5166.500	2481	11369	1
2026.07.06	14:47:00	5166.500	5168.000	5166.000	5167.000	562	3166	1
2026.07.06	14:48:00	5167.500	5168.000	5166.000	5167.000	659	3665	1
2026.07.06	14:49:00	5167.000	5168.000	5167.000	5167.500	699	2445	1
2026.07.06	14:50:00	5168.000	5168.000	5167.000	5168.000	503	1706	1
2026.07.06	14:51:00	5168.000	5168.500	5167.500	5168.000	380	1094	1
2026.07.06	14:52:00	5167.500	5170.000	5167.500	5169.500	987	3618	1
2026.07.06	14:53:00	5169.500	5169.500	5168.000	5168.000	529	3004	1
2026.07.06	14:54:00	5168.000	5168.500	5167.000	5167.500	459	2187	1
2026.07.06	14:55:00	5167.500	5169.000	5167.500	5169.000	400	1654	1
2026.07.06	14:56:00	5169.000	5169.000	5167.500	5168.000	432	3301	1
2026.07.06	14:57:00	5168.000	5168.000	5167.000	5168.000	300	2149	1
2026.07.06	14:58:00	5168.000	5168.500	5167.500	5168.500	270	1517	1
2026.07.06	14:59:00	5168.500	5168.500	5167.000	5167.500	390	1577	1
2026.07.06	15:00:00	5167.500	5168.500	5166.500	5168.000	585	1756	1
2026.07.06	15:01:00	5168.000	5168.000	5166.000	5166.500	538	2209	1
2026.07.06	15:02:00	5166.000	5166.500	5164.500	5165.500	999	4525	1
2026.07.06	15:03:00	5165.000	5165.500	5164.500	5165.000	741	3766	1
2026.07.06	15:04:00	5165.000	5165.500	5164.500	5165.500	383	1249	1
2026.07.06	15:05:00	5165.500	5166.000	5164.500	5165.000	561	2810	1
2026.07.06	15:06:00	5165.500	5166.000	5164.500	5166.000	484	2823	1
2026.07.06	15:07:00	5165.500	5166.500	5165.000	5165.500	306	1219	1
2026.07.06	15:08:00	5165.000	5166.500	5163.500	5165.500	2145	14112	1
2026.07.06	15:09:00	5165.500	5166.000	5165.000	5165.500	337	1482	1
2026.07.06	15:10:00	5166.000	5166.000	5165.500	5165.500	353	1446	1
2026.07.06	15:11:00	5165.500	5166.000	5165.500	5166.000	269	1552	1
2026.07.06	15:12:00	5166.000	5167.500	5165.000	5166.000	877	3214	1
2026.07.06	15:13:00	5166.000	5167.500	5166.000	5167.000	320	1985	1
2026.07.06	15:14:00	5167.000	5167.500	5166.500	5167.000	259	1280	1
2026.07.06	15:15:00	5167.000	5167.500	5166.000	5166.500	474	2163	1
2026.07.06	15:16:00	5167.000	5167.500	5166.500	5167.000	459	1742	1
2026.07.06	15:17:00	5167.500	5168.000	5166.500	5168.000	478	1770	1
2026.07.06	15:18:00	5168.000	5168.000	5166.500	5167.500	704	3459	1
2026.07.06	15:19:00	5167.000	5167.500	5166.500	5167.000	298	874	1
2026.07.06	15:20:00	5167.500	5167.500	5166.500	5167.000	206	631	1
2026.07.06	15:21:00	5166.500	5167.500	5166.500	5167.000	102	257	1
2026.07.06	15:22:00	5167.500	5168.000	5166.500	5167.000	251	1349	1
2026.07.06	15:23:00	5166.500	5167.500	5166.500	5167.500	266	1382	1
2026.07.06	15:24:00	5167.500	5168.000	5167.000	5168.000	207	866	1
2026.07.06	15:25:00	5168.000	5168.500	5167.500	5167.500	609	3560	1
2026.07.06	15:26:00	5168.000	5168.000	5167.500	5168.000	192	731	1
2026.07.06	15:27:00	5168.000	5168.500	5167.500	5168.500	556	2100	1
2026.07.06	15:28:00	5168.500	5168.500	5167.500	5168.500	317	1884	1
2026.07.06	15:29:00	5168.500	5168.500	5168.000	5168.500	156	1169	1
2026.07.06	15:30:00	5168.000	5169.000	5168.000	5168.500	566	2611	1
2026.07.06	15:31:00	5168.500	5169.500	5168.500	5169.000	507	1951	1
2026.07.06	15:32:00	5169.000	5169.500	5168.500	5169.000	402	1000	1
2026.07.06	15:33:00	5169.000	5169.000	5166.500	5167.500	928	4998	1
2026.07.06	15:34:00	5167.000	5167.500	5166.500	5167.500	546	2115	1
2026.07.06	15:35:00	5167.500	5167.500	5166.000	5167.000	567	2781	1
2026.07.06	15:36:00	5167.000	5167.000	5164.500	5166.000	1311	8332	1
2026.07.06	15:37:00	5166.000	5167.000	5165.500	5166.500	477	3728	1
2026.07.06	15:38:00	5166.500	5166.500	5165.500	5165.500	464	2083	1
2026.07.06	15:39:00	5165.500	5166.500	5165.500	5166.000	355	1813	1
2026.07.06	15:40:00	5166.500	5166.500	5165.500	5166.000	367	1038	1
2026.07.06	15:41:00	5165.500	5166.500	5165.500	5166.000	252	1590	1
2026.07.06	15:42:00	5166.000	5166.000	5165.000	5166.000	427	1995	1
2026.07.06	15:43:00	5166.000	5166.000	5165.500	5165.500	83	350	1
2026.07.06	15:44:00	5165.500	5165.500	5165.000	5165.000	164	688	1
2026.07.06	15:45:00	5165.500	5165.500	5164.500	5165.500	262	839	1
2026.07.06	15:46:00	5165.500	5165.500	5165.000	5165.000	144	434	1
2026.07.06	15:47:00	5165.500	5165.500	5164.000	5164.000	561	2018	1
2026.07.06	15:48:00	5164.500	5164.500	5163.500	5164.500	499	2795	1
2026.07.06	15:49:00	5164.000	5164.500	5163.000	5163.500	1279	6341	1
2026.07.06	15:50:00	5163.500	5164.500	5163.000	5163.500	843	4705	1
2026.07.06	15:51:00	5163.500	5164.000	5163.000	5163.000	503	2955	1
2026.07.06	15:52:00	5163.500	5163.500	5162.500	5163.000	883	4477	1
2026.07.06	15:53:00	5162.500	5163.000	5162.000	5162.500	823	3202	1
2026.07.06	15:54:00	5162.500	5163.500	5162.500	5162.500	830	4504	1
2026.07.06	15:55:00	5163.000	5163.500	5162.500	5163.500	730	3336	1
2026.07.06	15:56:00	5163.500	5163.500	5162.000	5163.000	798	4492	1
2026.07.06	15:57:00	5163.000	5164.000	5162.500	5163.000	1108	4432	1
2026.07.06	15:58:00	5163.500	5164.000	5163.000	5164.000	775	4115	1
2026.07.06	15:59:00	5164.000	5166.000	5163.500	5165.000	2026	10181	1
2026.07.06	16:00:00	5164.500	5165.500	5164.500	5165.000	383	1569	1
2026.07.06	16:01:00	5165.500	5166.000	5164.500	5166.000	723	4127	1
2026.07.06	16:02:00	5165.500	5166.500	5165.000	5166.000	727	4341	1
2026.07.06	16:03:00	5166.000	5166.000	5165.000	5165.500	309	1340	1
2026.07.06	16:04:00	5165.500	5166.000	5165.000	5165.000	348	2203	1
2026.07.06	16:05:00	5165.000	5166.000	5164.500	5166.000	540	2774	1
2026.07.06	16:06:00	5166.000	5166.500	5165.500	5166.500	412	1374	1
2026.07.06	16:07:00	5166.500	5166.500	5166.000	5166.500	340	1546	1
2026.07.06	16:08:00	5166.000	5166.500	5166.000	5166.000	131	440	1
2026.07.06	16:09:00	5166.500	5167.000	5166.000	5166.000	296	1133	1
2026.07.06	16:10:00	5166.000	5166.500	5166.000	5166.000	313	1339	1
2026.07.06	16:11:00	5166.000	5166.500	5166.000	5166.500	133	390	1
2026.07.06	16:12:00	5166.000	5167.000	5166.000	5166.500	400	1595	1
2026.07.06	16:13:00	5166.500	5166.500	5166.000	5166.000	85	556	1
2026.07.06	16:14:00	5166.000	5166.500	5166.000	5166.000	166	559	1
2026.07.06	16:15:00	5166.000	5166.500	5165.500	5165.500	226	1021	1
2026.07.06	16:16:00	5165.500	5166.500	5165.500	5166.000	292	827	1
2026.07.06	16:17:00	5165.500	5167.000	5165.000	5167.000	880	4931	1
2026.07.06	16:18:00	5167.000	5168.500	5166.500	5168.000	1384	5933	1
2026.07.06	16:19:00	5167.500	5168.500	5167.500	5168.500	295	1230	1
2026.07.06	16:20:00	5168.000	5168.500	5167.000	5168.000	724	3618	1
2026.07.06	16:21:00	5168.000	5169.500	5168.000	5169.000	975	6068	1
2026.07.06	16:22:00	5168.500	5171.000	5168.500	5170.000	2462	13509	1
2026.07.06	16:23:00	5170.000	5170.000	5168.500	5168.500	770	4067	1
2026.07.06	16:24:00	5168.500	5169.500	5168.500	5169.000	253	1388	1
2026.07.06	16:25:00	5169.000	5170.000	5168.500	5169.000	290	1276	1
2026.07.06	16:26:00	5169.000	5170.000	5169.000	5169.500	378	1756	1
2026.07.06	16:27:00	5169.500	5169.500	5169.000	5169.000	169	739	1
2026.07.06	16:28:00	5169.000	5169.500	5168.500	5169.000	391	1892	1
2026.07.06	16:29:00	5168.500	5169.000	5168.000	5168.500	352	1447	1
2026.07.06	16:30:00	5168.500	5169.500	5168.000	5169.000	643	3910	1
2026.07.06	16:31:00	5169.000	5169.500	5168.000	5168.500	168	612	1
2026.07.06	16:32:00	5168.500	5169.000	5168.500	5168.500	36	60	1
2026.07.06	16:33:00	5168.500	5169.500	5168.500	5169.000	309	1649	1
2026.07.06	16:34:00	5169.000	5169.500	5168.500	5169.500	276	802	1
2026.07.06	16:35:00	5169.000	5170.500	5169.000	5170.500	455	1911	1
2026.07.06	16:36:00	5170.000	5171.000	5169.500	5171.000	434	2151	1
2026.07.06	16:37:00	5170.500	5171.000	5170.000	5170.000	415	1994	1
2026.07.06	16:38:00	5170.500	5170.500	5169.500	5169.500	474	3261	1
2026.07.06	16:39:00	5170.000	5170.000	5169.000	5170.000	302	1893	1
2026.07.06	16:40:00	5170.000	5170.000	5169.000	5169.000	280	1432	1
2026.07.06	16:41:00	5169.000	5169.000	5168.500	5168.500	529	3023	1
2026.07.06	16:42:00	5168.500	5169.000	5168.000	5168.500	383	2372	1
2026.07.06	16:43:00	5168.500	5168.500	5167.000	5168.000	562	2980	1
2026.07.06	16:44:00	5168.000	5168.500	5167.500	5168.000	299	1783	1
2026.07.06	16:45:00	5168.000	5168.500	5167.500	5168.000	214	808	1
2026.07.06	16:46:00	5168.000	5168.000	5167.000	5167.000	225	1369	1
2026.07.06	16:47:00	5167.500	5168.000	5166.000	5167.000	771	4249	1
2026.07.06	16:48:00	5167.000	5167.500	5167.000	5167.500	169	832	1
2026.07.06	16:49:00	5167.500	5167.500	5166.000	5166.500	238	741	1
2026.07.06	16:50:00	5166.500	5167.000	5165.500	5166.000	546	2732	1
2026.07.06	16:51:00	5166.000	5166.500	5165.500	5166.000	460	2392	1
2026.07.06	16:52:00	5166.500	5166.500	5165.500	5166.000	461	3797	1
2026.07.06	16:53:00	5166.000	5167.000	5166.000	5167.000	266	1518	1
2026.07.06	16:54:00	5167.000	5167.000	5166.500	5166.500	176	849	1
2026.07.06	16:55:00	5166.500	5167.500	5166.500	5167.000	493	2497	1
2026.07.06	16:56:00	5167.000	5168.000	5166.500	5167.000	770	4110	1
2026.07.06	16:57:00	5167.500	5167.500	5166.500	5167.000	343	2115	1
2026.07.06	16:58:00	5167.000	5167.000	5166.000	5166.500	239	1461	1
2026.07.06	16:59:00	5167.000	5167.000	5166.000	5166.500	194	1033	1
2026.07.06	17:00:00	5166.000	5166.500	5166.000	5166.000	308	1530	1
2026.07.06	17:01:00	5166.500	5167.000	5166.000	5167.000	184	637	1
2026.07.06	17:02:00	5167.000	5167.000	5166.500	5166.500	262	801	1
2026.07.06	17:03:00	5167.000	5167.500	5166.500	5167.500	190	784	1
2026.07.06	17:04:00	5167.500	5167.500	5166.500	5167.500	378	2415	1
2026.07.06	17:05:00	5167.500	5167.500	5167.000	5167.000	120	333	1
2026.07.06	17:06:00	5167.000	5167.500	5166.000	5166.000	229	1531	1
2026.07.06	17:07:00	5166.000	5166.500	5166.000	5166.000	158	1109	1
2026.07.06	17:08:00	5166.500	5166.500	5166.000	5166.000	106	738	1
2026.07.06	17:09:00	5166.500	5168.000	5166.000	5167.500	515	3083	1
2026.07.06	17:10:00	5167.000	5168.000	5167.000	5168.000	193	1205	1
2026.07.06	17:11:00	5168.000	5168.000	5167.000	5167.500	75	218	1
2026.07.06	17:12:00	5167.500	5168.500	5167.500	5168.000	341	1838	1
2026.07.06	17:13:00	5168.500	5169.000	5167.500	5168.500	528	3869	1
2026.07.06	17:14:00	5169.000	5169.000	5168.000	5168.000	108	427	1
2026.07.06	17:15:00	5168.000	5168.500	5167.000	5168.000	228	941	1
2026.07.06	17:16:00	5168.000	5168.000	5166.500	5167.000	282	2731	1
2026.07.06	17:17:00	5167.500	5167.500	5167.000	5167.500	72	276	1
2026.07.06	17:18:00	5167.500	5167.500	5166.500	5166.500	137	547	1
2026.07.06	17:19:00	5166.500	5167.000	5166.500	5166.500	112	567	1
2026.07.06	17:20:00	5166.500	5167.500	5166.000	5166.000	226	1391	1
2026.07.06	17:21:00	5166.000	5166.500	5165.000	5165.000	671	4728	1
2026.07.06	17:22:00	5165.500	5165.500	5165.000	5165.500	175	580	1
2026.07.06	17:23:00	5165.000	5166.000	5165.000	5165.500	142	455	1
2026.07.06	17:24:00	5165.500	5166.000	5165.000	5166.000	178	1232	1
2026.07.06	17:25:00	5165.500	5166.000	5163.000	5164.500	1049	6880	1
2026.07.06	17:26:00	5164.500	5165.000	5164.000	5165.000	205	1406	1
2026.07.06	17:27:00	5164.500	5165.500	5164.500	5165.000	258	2088	1
2026.07.06	17:28:00	5165.000	5165.000	5163.500	5164.500	450	3826	1
2026.07.06	17:29:00	5164.000	5164.500	5164.000	5164.500	50	134	1
2026.07.06	17:30:00	5164.000	5165.000	5164.000	5164.500	158	644	1
2026.07.06	17:31:00	5165.000	5165.500	5164.500	5165.000	211	1313	1
2026.07.06	17:32:00	5165.000	5165.500	5165.000	5165.000	62	468	1
2026.07.06	17:33:00	5165.500	5165.500	5165.000	5165.500	35	64	1
2026.07.06	17:34:00	5165.000	5165.500	5163.500	5164.000	304	2052	1
2026.07.06	17:35:00	5164.000	5165.000	5164.000	5164.000	194	1236	1
2026.07.06	17:36:00	5164.000	5165.000	5164.000	5165.000	71	332	1
2026.07.06	17:37:00	5165.000	5165.000	5164.500	5164.500	33	299	1
2026.07.06	17:38:00	5164.500	5165.000	5164.500	5164.500	79	904	1
2026.07.06	17:39:00	5164.500	5164.500	5164.000	5164.500	86	378	1
2026.07.06	17:40:00	5164.500	5165.000	5164.000	5164.500	157	1112	1
2026.07.06	17:41:00	5165.000	5165.000	5164.000	5164.500	161	819	1
2026.07.06	17:42:00	5164.500	5165.000	5164.500	5164.500	112	741	1
2026.07.06	17:43:00	5165.000	5165.500	5164.000	5165.500	285	1299	1
2026.07.06	17:44:00	5165.500	5166.500	5165.000	5165.500	649	2436	1
2026.07.06	17:45:00	5165.500	5166.500	5165.500	5165.500	200	600	1
2026.07.06	17:46:00	5165.500	5166.500	5165.500	5166.000	210	654	1
2026.07.06	17:47:00	5166.000	5166.000	5165.000	5165.500	202	1288	1
2026.07.06	17:48:00	5165.500	5166.000	5164.500	5164.500	105	467	1
2026.07.06	17:49:00	5165.000	5165.500	5164.500	5165.500	216	1147	1
2026.07.06	17:50:00	5165.000	5165.500	5165.000	5165.500	164	750	1
2026.07.06	17:51:00	5165.000	5165.500	5164.000	5164.000	301	1498	1
2026.07.06	17:52:00	5164.000	5165.500	5164.000	5165.000	164	1062	1
2026.07.06	17:53:00	5165.000	5165.000	5164.000	5164.500	94	464	1
2026.07.06	17:54:00	5164.000	5164.500	5164.000	5164.000	71	451	1
2026.07.06	17:55:00	5164.000	5165.000	5163.000	5163.000	344	1642	1
2026.07.06	17:56:00	5163.000	5163.500	5160.500	5160.500	955	3778	1
2026.07.06	17:57:00	5160.500	5162.000	5160.000	5161.500	664	3717	1
2026.07.06	17:58:00	5162.000	5162.000	5160.500	5161.000	190	932	1
2026.07.06	17:59:00	5160.500	5162.000	5159.500	5161.500	610	2857	1
2026.07.06	18:00:00	5162.000	5163.000	5160.500	5161.000	405	2311	1
2026.07.06	18:01:00	5161.500	5161.500	5158.000	5160.500	625	2329	1
2026.07.06	18:02:00	5160.000	5162.000	5159.500	5160.000	269	809	1
2026.07.06	18:03:00	5160.500	5161.000	5158.000	5158.500	385	1518	1
2026.07.06	18:04:00	5159.000	5159.500	5158.500	5159.000	175	467	1
2026.07.06	18:05:00	5159.500	5160.000	5159.000	5159.500	182	622	1
2026.07.06	18:06:00	5160.000	5160.500	5159.500	5160.500	161	734	1
2026.07.06	18:07:00	5160.500	5160.500	5159.000	5160.000	137	306	1
2026.07.06	18:08:00	5159.500	5160.000	5158.500	5158.500	129	507	1
2026.07.06	18:09:00	5159.000	5160.500	5158.500	5160.000	272	981	1
2026.07.06	18:10:00	5159.500	5160.000	5158.000	5159.000	280	1055	1
2026.07.06	18:11:00	5159.000	5159.500	5158.500	5159.000	92	273	1
2026.07.06	18:12:00	5159.500	5160.000	5159.000	5159.500	117	304	1
2026.07.06	18:13:00	5159.500	5160.000	5158.500	5158.500	176	717	1
2026.07.06	18:14:00	5159.000	5160.000	5158.000	5158.500	215	995	1
2026.07.06	18:15:00	5159.000	5160.000	5157.500	5158.500	732	2602	1
2026.07.06	18:16:00	5159.000	5159.000	5158.000	5158.500	281	1089	1
2026.07.06	18:17:00	5159.000	5159.500	5158.500	5159.000	232	1109	1
2026.07.06	18:18:00	5159.500	5160.000	5159.000	5160.000	197	560	1
2026.07.06	18:19:00	5160.000	5160.500	5159.500	5160.000	338	1274	1
2026.07.06	18:20:00	5160.000	5160.000	5158.500	5159.500	279	1113	1
2026.07.06	18:21:00	5159.500	5160.000	5159.500	5160.000	133	273	1
2026.07.06	18:22:00	5160.000	5160.000	5159.000	5160.000	276	628	1
2026.07.06	18:23:00	5160.000	5160.000	5159.500	5160.000	112	304	1
2026.07.06	18:24:00	5160.000	5160.500	5159.500	5160.500	270	537	1
2026.07.06	18:25:00	5160.500	5161.000	5158.000	5160.000	1181	2978	1
2026.07.06	18:26:00	5160.000	5160.500	5158.000	5160.000	129	1014	1
2026.07.06	18:27:00	5160.000	5160.500	5159.500	5160.500	88	632	1
2026.07.06	18:28:00	5160.500	5160.500	5159.000	5160.000	114	700	1
2026.07.06	18:29:00	5160.000	5160.500	5158.000	5158.000	118	516	1
2026.07.07	09:00:00	5165.000	5167.000	5162.500	5166.500	1789	6115	1
2026.07.07	09:01:00	5166.500	5170.000	5166.000	5168.000	3881	12672	1
2026.07.07	09:02:00	5168.500	5172.000	5167.500	5170.500	2854	8915	1
2026.07.07	09:03:00	5170.500	5173.000	5168.500	5169.500	2693	9143	1
2026.07.07	09:04:00	5169.500	5171.500	5169.000	5171.000	1949	7918	1
2026.07.07	09:05:00	5170.500	5173.000	5170.500	5171.500	1829	5554	1
2026.07.07	09:06:00	5171.000	5172.500	5171.000	5172.000	986	3486	1
2026.07.07	09:07:00	5172.500	5173.000	5170.500	5171.500	1394	3919	1
2026.07.07	09:08:00	5172.000	5173.000	5170.500	5173.000	1050	3587	1
2026.07.07	09:09:00	5173.000	5175.000	5172.000	5173.500	2523	8175	1
2026.07.07	09:10:00	5173.500	5174.500	5172.000	5173.000	1334	4549	1
2026.07.07	09:11:00	5173.000	5177.000	5173.000	5176.500	2138	6891	1
2026.07.07	09:12:00	5176.000	5176.500	5173.500	5175.000	1636	5374	1
2026.07.07	09:13:00	5174.500	5175.000	5173.500	5174.500	896	2980	1
2026.07.07	09:14:00	5174.500	5175.000	5173.000	5173.000	752	2788	1
2026.07.07	09:15:00	5173.000	5174.000	5172.000	5173.500	1805	6999	1
2026.07.07	09:16:00	5173.500	5175.000	5173.000	5174.000	1570	6416	1
2026.07.07	09:17:00	5173.500	5175.000	5173.500	5175.000	756	2682	1
2026.07.07	09:18:00	5174.500	5175.500	5173.500	5175.000	903	3175	1
2026.07.07	09:19:00	5175.500	5176.000	5174.500	5175.000	1116	3791	1
2026.07.07	09:20:00	5175.500	5175.500	5174.000	5174.000	1036	3500	1
2026.07.07	09:21:00	5174.000	5175.000	5174.000	5174.000	496	1018	1
2026.07.07	09:22:00	5174.500	5174.500	5169.000	5169.000	5288	19234	1
2026.07.07	09:23:00	5169.000	5170.000	5168.000	5169.000	1921	8003	1
2026.07.07	09:24:00	5168.500	5169.000	5165.500	5165.500	3039	12774	1
2026.07.07	09:25:00	5165.500	5167.000	5162.000	5163.000	4263	19127	1
2026.07.07	09:26:00	5162.500	5164.500	5162.000	5163.000	1749	7173	1
2026.07.07	09:27:00	5162.500	5164.500	5162.500	5164.000	821	2464	1
2026.07.07	09:28:00	5164.500	5164.500	5162.000	5163.500	761	2830	1
2026.07.07	09:29:00	5163.000	5163.500	5161.500	5162.500	1156	4313	1
2026.07.07	09:30:00	5162.500	5164.000	5161.500	5164.000	1294	4528	1
2026.07.07	09:31:00	5164.000	5166.000	5163.500	5166.000	2507	10710	1
2026.07.07	09:32:00	5166.000	5166.500	5165.000	5166.500	1284	4850	1
2026.07.07	09:33:00	5166.000	5166.500	5165.500	5166.000	609	2011	1
2026.07.07	09:34:00	5166.000	5167.000	5164.000	5164.500	2034	9301	1
2026.07.07	09:35:00	5165.000	5165.500	5163.500	5164.500	1194	4163	1
2026.07.07	09:36:00	5164.500	5167.500	5164.500	5167.500	1822	6236	1
2026.07.07	09:37:00	5167.500	5169.500	5167.000	5168.000	2157	6915	1
2026.07.07	09:38:00	5168.000	5169.000	5167.500	5169.000	777	2122	1
2026.07.07	09:39:00	5168.500	5169.000	5167.000	5168.000	895	3765	1
2026.07.07	09:40:00	5167.500	5169.000	5167.000	5168.000	632	2135	1
2026.07.07	09:41:00	5168.500	5169.000	5166.500	5166.500	1015	3307	1
2026.07.07	09:42:00	5166.500	5167.500	5165.000	5165.500	1390	5536	1
2026.07.07	09:43:00	5166.000	5168.500	5165.500	5168.000	925	2761	1
2026.07.07	09:44:00	5167.500	5169.000	5167.000	5169.000	574	1822	1
2026.07.07	09:45:00	5169.000	5170.500	5168.500	5170.500	2060	6592	1
2026.07.07	09:46:00	5171.000	5175.000	5170.000	5173.500	4452	14538	1
2026.07.07	09:47:00	5173.500	5175.000	5172.000	5175.000	1183	5083	1
2026.07.07	09:48:00	5174.500	5175.500	5174.000	5175.000	993	3960	1
2026.07.07	09:49:00	5175.000	5175.500	5173.000	5174.500	971	3037	1
2026.07.07	09:50:00	5174.500	5177.000	5174.000	5175.000	2307	9061	1
2026.07.07	09:51:00	5175.000	5176.000	5174.000	5176.000	1252	5275	1
2026.07.07	09:52:00	5175.500	5176.500	5174.500	5175.000	589	5207	1
2026.07.07	09:53:00	5175.500	5176.000	5174.000	5175.000	755	2978	1
2026.07.07	09:54:00	5175.000	5176.000	5174.500	5175.500	537	3132	1
2026.07.07	09:55:00	5175.000	5175.500	5173.500	5174.000	1429	5404	1
2026.07.07	09:56:00	5174.000	5175.000	5174.000	5174.500	471	1086	1
2026.07.07	09:57:00	5174.000	5176.000	5173.000	5176.000	1044	3438	1
2026.07.07	09:58:00	5175.500	5177.000	5174.500	5176.500	1277	4477	1
2026.07.07	09:59:00	5176.500	5176.500	5173.500	5174.500	1230	5281	1
2026.07.07	10:00:00	5174.500	5175.000	5173.000	5174.000	1174	4098	1
2026.07.07	10:01:00	5173.500	5174.000	5172.500	5173.000	1195	5892	1
2026.07.07	10:02:00	5173.000	5174.000	5173.000	5173.500	860	3169	1
2026.07.07	10:03:00	5174.000	5174.000	5173.000	5173.500	764	3642	1
2026.07.07	10:04:00	5173.500	5177.000	5173.500	5177.000	2407	10453	1
2026.07.07	10:05:00	5177.000	5177.500	5175.500	5176.000	2297	11032	1
2026.07.07	10:06:00	5176.500	5178.000	5175.500	5175.500	1915	9934	1
2026.07.07	10:07:00	5175.500	5176.500	5175.500	5175.500	837	5187	1
2026.07.07	10:08:00	5176.000	5176.000	5174.000	5174.500	1637	7878	1
2026.07.07	10:09:00	5174.500	5175.500	5174.500	5174.500	621	3443	1
2026.07.07	10:10:00	5174.500	5175.500	5174.000	5174.500	608	2615	1
2026.07.07	10:11:00	5174.000	5175.000	5172.000	5172.000	2032	6525	1
2026.07.07	10:12:00	5172.500	5178.000	5172.000	5177.500	3090	11329	1
2026.07.07	10:13:00	5177.000	5179.000	5176.500	5177.500	3037	15973	1
2026.07.07	10:14:00	5177.500	5178.000	5176.000	5177.000	1154	4331	1
2026.07.07	10:15:00	5177.000	5178.500	5175.500	5177.500	1534	5873	1
2026.07.07	10:16:00	5177.500	5178.000	5177.000	5177.000	434	1859	1
2026.07.07	10:17:00	5177.000	5178.000	5175.500	5177.500	998	4456	1
2026.07.07	10:18:00	5177.000	5177.500	5174.500	5174.500	1287	5394	1
2026.07.07	10:19:00	5175.000	5176.000	5174.000	5174.500	971	3426	1
2026.07.07	10:20:00	5174.500	5175.000	5172.500	5174.000	1750	6427	1
2026.07.07	10:21:00	5173.500	5175.000	5173.500	5175.000	751	3561	1
2026.07.07	10:22:00	5175.000	5175.500	5173.500	5174.000	1016	6119	1
2026.07.07	10:23:00	5174.000	5174.500	5173.500	5174.500	378	1285	1
2026.07.07	10:24:00	5174.000	5175.000	5174.000	5174.000	399	1936	1
2026.07.07	10:25:00	5174.000	5177.000	5174.000	5177.000	1897	9725	1
2026.07.07	10:26:00	5177.000	5178.000	5176.000	5177.000	1238	4447	1
2026.07.07	10:27:00	5176.500	5177.500	5176.000	5176.500	583	2065	1
2026.07.07	10:28:00	5176.500	5177.000	5175.500	5177.000	416	1585	1
2026.07.07	10:29:00	5177.000	5177.500	5176.500	5177.000	457	1610	1
2026.07.07	10:30:00	5177.000	5177.500	5171.500	5172.500	4111	14311	1
2026.07.07	10:31:00	5173.000	5174.000	5171.000	5172.000	2792	14740	1
2026.07.07	10:32:00	5172.500	5173.000	5170.000	5171.500	2839	12768	1
2026.07.07	10:33:00	5171.000	5173.000	5171.000	5171.500	1077	4090	1
2026.07.07	10:34:00	5171.500	5171.500	5168.500	5171.500	2881	10283	1
2026.07.07	10:35:00	5171.500	5173.500	5171.000	5173.000	2046	9410	1
2026.07.07	10:36:00	5172.500	5173.000	5170.500	5171.500	1060	3281	1
2026.07.07	10:37:00	5171.000	5171.500	5169.000	5170.000	1231	5144	1
2026.07.07	10:38:00	5170.500	5173.000	5170.000	5171.500	1451	4766	1
2026.07.07	10:39:00	5171.500	5171.500	5170.500	5171.500	475	951	1
2026.07.07	10:40:00	5171.500	5172.500	5171.000	5171.000	543	2857	1
2026.07.07	10:41:00	5171.000	5171.500	5169.000	5171.500	1388	5400	1
2026.07.07	10:42:00	5171.000	5173.500	5170.500	5173.500	1283	5641	1
2026.07.07	10:43:00	5173.000	5174.000	5172.000	5172.500	1297	5215	1
2026.07.07	10:44:00	5172.000	5174.500	5171.500	5174.500	1546	6607	1
2026.07.07	10:45:00	5174.000	5175.500	5172.500	5173.000	1455	6923	1
2026.07.07	10:46:00	5173.000	5175.000	5173.000	5174.500	798	2577	1
2026.07.07	10:47:00	5174.500	5175.500	5173.500	5175.000	708	3133	1
2026.07.07	10:48:00	5175.000	5176.000	5174.000	5176.000	1224	4267	1
2026.07.07	10:49:00	5176.000	5176.500	5175.000	5176.000	1402	6734	1
2026.07.07	10:50:00	5175.500	5176.500	5175.000	5176.500	707	2135	1
2026.07.07	10:51:00	5176.000	5178.000	5175.500	5177.000	1757	5880	1
2026.07.07	10:52:00	5177.000	5177.500	5176.000	5176.500	682	2267	1
2026.07.07	10:53:00	5177.000	5178.000	5176.000	5177.500	964	5567	1
2026.07.07	10:54:00	5177.500	5179.500	5177.000	5178.000	2543	9838	1
2026.07.07	10:55:00	5178.000	5178.500	5176.500	5177.500	1343	5703	1
2026.07.07	10:56:00	5177.500	5178.000	5176.500	5177.500	1154	3246	1
2026.07.07	10:57:00	5177.500	5178.000	5176.500	5177.000	683	3605	1
2026.07.07	10:58:00	5177.500	5178.000	5176.000	5178.000	1113	4699	1
2026.07.07	10:59:00	5177.500	5178.500	5174.500	5175.000	2150	9383	1
2026.07.07	11:00:00	5175.000	5176.000	5172.000	5172.000	2358	10503	1
2026.07.07	11:01:00	5172.000	5174.000	5171.000	5173.500	1973	9608	1
2026.07.07	11:02:00	5173.000	5174.500	5173.000	5173.500	1601	12493	1
2026.07.07	11:03:00	5173.000	5176.500	5173.000	5176.000	2201	15252	1
2026.07.07	11:04:00	5176.000	5178.500	5175.500	5178.500	2142	13685	1
2026.07.07	11:05:00	5178.500	5178.500	5175.000	5176.000	1866	7916	1
2026.07.07	11:06:00	5176.000	5176.000	5174.000	5175.000	1533	8578	1
2026.07.07	11:07:00	5175.000	5177.000	5174.500	5176.000	986	4135	1
2026.07.07	11:08:00	5176.000	5179.000	5175.000	5177.500	1791	7953	1
2026.07.07	11:09:00	5177.500	5178.000	5176.000	5177.500	696	2540	1
2026.07.07	11:10:00	5177.000	5179.500	5176.500	5179.000	1639	9303	1
2026.07.07	11:11:00	5179.000	5179.500	5177.500	5179.000	1063	4436	1
2026.07.07	11:12:00	5179.500	5180.000	5178.000	5179.500	1116	3809	1
2026.07.07	11:13:00	5179.500	5179.500	5177.500	5178.000	875	3080	1
2026.07.07	11:14:00	5178.000	5182.500	5177.000	5182.000	3530	16227	1
2026.07.07	11:15:00	5181.500	5182.000	5179.000	5180.000	1807	9826	1
2026.07.07	11:16:00	5180.500	5180.500	5177.000	5177.500	1662	6083	1
2026.07.07	11:17:00	5178.000	5179.500	5177.500	5179.000	859	2627	1
2026.07.07	11:18:00	5179.000	5179.500	5177.000	5177.500	850	2382	1
2026.07.07	11:19:00	5178.000	5179.000	5177.000	5178.000	1027	3846	1
2026.07.07	11:20:00	5178.500	5179.500	5177.000	5179.500	652	2026	1
2026.07.07	11:21:00	5179.500	5179.500	5178.000	5178.000	562	2434	1
2026.07.07	11:22:00	5178.000	5180.500	5178.000	5180.500	858	4109	1
2026.07.07	11:23:00	5180.500	5181.000	5178.500	5179.000	959	2982	1
2026.07.07	11:24:00	5179.000	5181.000	5178.500	5180.000	866	3379	1
2026.07.07	11:25:00	5180.000	5181.500	5179.500	5180.000	852	2218	1
2026.07.07	11:26:00	5180.500	5181.500	5180.000	5181.500	470	2211	1
2026.07.07	11:27:00	5181.500	5181.500	5179.500	5180.000	672	2434	1
2026.07.07	11:28:00	5180.000	5181.000	5179.500	5180.000	457	1213	1
2026.07.07	11:29:00	5180.000	5180.500	5178.500	5178.500	803	2941	1
2026.07.07	11:30:00	5179.000	5179.500	5178.000	5179.000	693	2817	1
2026.07.07	11:31:00	5179.000	5180.000	5178.000	5179.500	749	4145	1
2026.07.07	11:32:00	5179.500	5181.500	5179.500	5180.000	907	3032	1
2026.07.07	11:33:00	5180.000	5182.000	5179.500	5180.500	733	2788	1
2026.07.07	11:34:00	5181.000	5182.500	5180.500	5181.000	751	3520	1
2026.07.07	11:35:00	5181.000	5183.500	5181.000	5182.000	1463	4928	1
2026.07.07	11:36:00	5182.500	5182.500	5181.000	5181.000	639	2516	1
2026.07.07	11:37:00	5181.500	5182.500	5180.000	5180.000	1092	4411	1
2026.07.07	11:38:00	5180.000	5181.000	5179.500	5179.500	730	3331	1
2026.07.07	11:39:00	5179.500	5180.500	5179.500	5180.000	304	918	1
2026.07.07	11:40:00	5180.500	5180.500	5179.000	5179.500	1002	3921	1
2026.07.07	11:41:00	5179.500	5180.000	5178.500	5178.500	726	2804	1
2026.07.07	11:42:00	5178.500	5181.000	5178.500	5179.500	1157	5668	1
2026.07.07	11:43:00	5179.000	5180.000	5178.500	5178.500	625	1813	1
2026.07.07	11:44:00	5179.000	5179.500	5178.000	5178.000	663	2519	1
2026.07.07	11:45:00	5178.000	5178.500	5175.500	5175.500	2803	10327	1
2026.07.07	11:46:00	5175.500	5176.500	5175.000	5176.000	1246	4026	1
2026.07.07	11:47:00	5175.500	5176.000	5173.000	5173.000	1463	4947	1
2026.07.07	11:48:00	5173.000	5174.500	5173.000	5174.000	1002	3827	1
2026.07.07	11:49:00	5174.000	5175.000	5173.500	5173.500	816	3409	1
2026.07.07	11:50:00	5174.000	5174.500	5172.500	5173.500	887	3243	1
2026.07.07	11:51:00	5174.000	5175.500	5173.000	5175.000	1217	5346	1
2026.07.07	11:52:00	5174.500	5175.500	5173.500	5174.000	423	1338	1
2026.07.07	11:53:00	5174.000	5174.500	5173.500	5174.000	248	735	1
2026.07.07	11:54:00	5174.000	5175.500	5174.000	5175.000	377	1497	1
2026.07.07	11:55:00	5175.000	5177.000	5174.500	5177.000	918	3102	1
2026.07.07	11:56:00	5176.500	5177.000	5176.000	5176.500	647	2231	1
2026.07.07	11:57:00	5176.000	5177.000	5174.500	5174.500	1170	5272	1
2026.07.07	11:58:00	5174.500	5175.000	5174.000	5174.000	727	3884	1
2026.07.07	11:59:00	5174.500	5175.000	5173.500	5174.500	625	3291	1
2026.07.07	12:00:00	5174.500	5176.000	5173.500	5173.500	865	3336	1
2026.07.07	12:01:00	5173.500	5175.000	5173.000	5174.000	1074	5374	1
2026.07.07	12:02:00	5174.000	5175.000	5173.500	5175.000	629	2874	1
2026.07.07	12:03:00	5174.500	5175.500	5174.000	5174.500	461	4126	1
2026.07.07	12:04:00	5174.500	5175.000	5174.000	5174.000	384	2626	1
2026.07.07	12:05:00	5174.000	5175.000	5174.000	5175.000	323	885	1
2026.07.07	12:06:00	5174.500	5175.500	5174.000	5175.000	643	4630	1
2026.07.07	12:07:00	5174.500	5176.500	5174.000	5175.000	1032	9895	1
2026.07.07	12:08:00	5175.000	5175.500	5174.500	5174.500	482	2115	1
2026.07.07	12:09:00	5175.000	5175.500	5173.000	5173.500	754	2396	1
2026.07.07	12:10:00	5174.000	5176.000	5173.500	5176.000	668	3061	1
2026.07.07	12:11:00	5176.000	5176.000	5175.000	5176.000	225	758	1
2026.07.07	12:12:00	5176.000	5176.000	5174.500	5175.000	421	3703	1
2026.07.07	12:13:00	5175.000	5177.000	5175.000	5176.000	719	3893	1
2026.07.07	12:14:00	5176.000	5177.500	5176.000	5177.500	765	4302	1
2026.07.07	12:15:00	5177.500	5179.000	5177.000	5178.500	1211	4422	1
2026.07.07	12:16:00	5179.000	5179.500	5178.000	5178.500	789	2556	1
2026.07.07	12:17:00	5178.500	5180.000	5178.500	5179.500	449	1719	1
2026.07.07	12:18:00	5180.000	5180.500	5179.000	5180.000	866	4077	1
2026.07.07	12:19:00	5180.500	5180.500	5179.500	5179.500	360	1381	1
2026.07.07	12:20:00	5180.000	5180.000	5178.500	5179.500	798	7706	1
2026.07.07	12:21:00	5179.500	5179.500	5178.000	5178.000	511	1354	1
2026.07.07	12:22:00	5178.500	5180.500	5178.000	5180.000	577	2876	1
2026.07.07	12:23:00	5180.500	5180.500	5179.000	5179.500	285	859	1
2026.07.07	12:24:00	5180.000	5180.500	5179.500	5179.500	379	1972	1
2026.07.07	12:25:00	5180.000	5180.500	5179.500	5179.500	334	1261	1
2026.07.07	12:26:00	5179.500	5180.000	5179.000	5179.500	233	631	1
2026.07.07	12:27:00	5179.500	5180.000	5178.500	5178.500	687	2837	1
2026.07.07	12:28:00	5179.000	5179.000	5178.000	5179.000	449	1956	1
2026.07.07	12:29:00	5179.000	5179.500	5178.000	5178.500	386	1722	1
2026.07.07	12:30:00	5179.000	5179.000	5178.000	5179.000	278	1052	1
2026.07.07	12:31:00	5178.500	5179.000	5178.000	5178.500	421	1738	1
2026.07.07	12:32:00	5178.000	5179.000	5178.000	5178.000	383	1121	1
2026.07.07	12:33:00	5178.000	5179.000	5177.500	5178.500	613	2899	1
2026.07.07	12:34:00	5179.000	5180.000	5178.500	5180.000	234	1007	1
2026.07.07	12:35:00	5179.500	5180.500	5179.000	5179.500	551	2380	1
2026.07.07	12:36:00	5179.500	5179.500	5178.500	5179.000	303	592	1
2026.07.07	12:37:00	5179.000	5179.500	5178.500	5179.500	188	723	1
2026.07.07	12:38:00	5179.500	5180.000	5179.000	5180.000	226	680	1
2026.07.07	12:39:00	5180.000	5181.500	5179.500	5181.500	806	2769	1
2026.07.07	12:40:00	5181.000	5181.500	5179.000	5179.000	585	1728	1
2026.07.07	12:41:00	5179.000	5180.500	5179.000	5180.500	337	1217	1
2026.07.07	12:42:00	5180.000	5180.500	5179.500	5179.500	158	314	1
2026.07.07	12:43:00	5180.000	5180.000	5179.000	5179.500	270	1159	1
2026.07.07	12:44:00	5179.500	5180.000	5179.000	5179.500	231	640	1
2026.07.07	12:45:00	5180.000	5180.500	5179.000	5180.500	355	1162	1
2026.07.07	12:46:00	5180.000	5180.500	5179.500	5179.500	251	582	1
2026.07.07	12:47:00	5180.000	5180.500	5179.000	5179.500	247	553	1
2026.07.07	12:48:00	5179.000	5179.500	5178.500	5178.500	411	1506	1
2026.07.07	12:49:00	5178.500	5180.000	5178.500	5180.000	558	2426	1
2026.07.07	12:50:00	5180.000	5180.000	5179.000	5179.500	232	1196	1
2026.07.07	12:51:00	5179.500	5181.000	5179.500	5180.500	382	4002	1
2026.07.07	12:52:00	5180.500	5181.500	5179.500	5180.000	476	1710	1
2026.07.07	12:53:00	5180.000	5181.000	5180.000	5180.500	98	688	1
2026.07.07	12:54:00	5180.500	5182.000	5180.500	5181.500	470	1746	1
2026.07.07	12:55:00	5181.000	5182.500	5181.000	5181.500	674	2112	1
2026.07.07	12:56:00	5182.000	5184.000	5182.000	5184.000	1404	5768	1
2026.07.07	12:57:00	5183.500	5184.500	5182.500	5183.500	1030	3587	1
2026.07.07	12:58:00	5184.000	5186.500	5182.500	5186.500	2543	10642	1
2026.07.07	12:59:00	5186.500	5186.500	5184.000	5184.000	1015	3707	1
2026.07.07	13:00:00	5184.000	5185.000	5183.000	5185.000	974	3524	1
2026.07.07	13:01:00	5184.500	5185.000	5184.000	5184.000	393	1723	1
2026.07.07	13:02:00	5183.500	5184.500	5183.500	5184.000	434	1773	1
2026.07.07	13:03:00	5183.500	5184.000	5182.000	5182.500	1281	5656	1
2026.07.07	13:04:00	5182.500	5183.000	5181.500	5183.000	889	3745	1
2026.07.07	13:05:00	5182.500	5183.000	5182.000	5182.000	436	1987	1
2026.07.07	13:06:00	5182.000	5183.000	5182.000	5182.500	511	2090	1
2026.07.07	13:07:00	5182.500	5184.500	5182.500	5183.500	701	2280	1
2026.07.07	13:08:00	5183.500	5184.500	5183.000	5184.000	439	1940	1
2026.07.07	13:09:00	5184.000	5185.500	5184.000	5185.000	797	2313	1
2026.07.07	13:10:00	5185.000	5185.500	5184.000	5185.500	419	879	1
2026.07.07	13:11:00	5185.500	5185.500	5182.500	5184.000	992	4894	1
2026.07.07	13:12:00	5184.000	5185.000	5183.000	5183.000	429	2391	1
2026.07.07	13:13:00	5183.500	5184.000	5183.000	5183.500	237	1527	1
2026.07.07	13:14:00	5183.500	5184.000	5182.500	5183.000	407	1367	1
2026.07.07	13:15:00	5183.000	5183.500	5181.500	5181.500	544	1847	1
2026.07.07	13:16:00	5182.000	5182.000	5180.500	5181.500	924	3318	1
2026.07.07	13:17:00	5181.000	5181.500	5180.500	5180.500	393	1843	1
2026.07.07	13:18:00	5180.500	5181.000	5179.000	5179.500	1499	5284	1
2026.07.07	13:19:00	5179.500	5180.000	5179.000	5179.000	337	1205	1
2026.07.07	13:20:00	5179.000	5179.500	5178.000	5178.000	782	3208	1
2026.07.07	13:21:00	5178.000	5179.000	5178.000	5178.500	523	1546	1
2026.07.07	13:22:00	5178.500	5179.000	5178.000	5178.000	242	981	1
2026.07.07	13:23:00	5178.000	5179.000	5177.500	5179.000	487	1842	1
2026.07.07	13:24:00	5179.000	5180.000	5178.500	5180.000	513	2223	1
2026.07.07	13:25:00	5180.000	5180.500	5179.500	5180.000	379	1411	1
2026.07.07	13:26:00	5180.000	5181.000	5179.500	5180.500	506	3150	1
2026.07.07	13:27:00	5180.500	5180.500	5179.500	5180.000	326	1360	1
2026.07.07	13:28:00	5180.000	5181.000	5180.000	5181.000	212	767	1
2026.07.07	13:29:00	5180.500	5181.000	5180.000	5180.500	207	880	1
2026.07.07	13:30:00	5180.500	5181.000	5179.500	5180.500	234	618	1
2026.07.07	13:31:00	5180.500	5181.000	5180.000	5180.000	311	1447	1
2026.07.07	13:32:00	5180.000	5180.500	5180.000	5180.000	130	482	1
2026.07.07	13:33:00	5180.500	5181.000	5180.000	5181.000	156	310	1
2026.07.07	13:34:00	5181.000	5181.000	5180.000	5180.500	358	1729	1
2026.07.07	13:35:00	5180.500	5181.000	5180.500	5180.500	119	598	1
2026.07.07	13:36:00	5181.000	5182.000	5180.500	5182.000	397	1551	1
2026.07.07	13:37:00	5182.000	5182.000	5181.000	5181.500	457	2177	1
2026.07.07	13:38:00	5182.000	5182.000	5181.000	5181.500	145	562	1
2026.07.07	13:39:00	5181.500	5182.000	5181.000	5182.000	167	634	1
2026.07.07	13:40:00	5181.500	5182.000	5181.000	5181.500	223	1268	1
2026.07.07	13:41:00	5181.000	5182.000	5180.500	5180.500	458	1702	1
2026.07.07	13:42:00	5180.500	5181.000	5179.500	5181.000	704	3046	1
2026.07.07	13:43:00	5181.000	5181.000	5180.500	5181.000	187	427	1
2026.07.07	13:44:00	5181.000	5181.500	5180.500	5181.000	276	1013	1
2026.07.07	13:45:00	5180.500	5181.000	5180.500	5181.000	130	342	1
2026.07.07	13:46:00	5180.500	5181.000	5180.500	5180.500	85	460	1
2026.07.07	13:47:00	5180.500	5181.500	5180.500	5181.000	203	959	1
2026.07.07	13:48:00	5181.000	5181.000	5180.500	5180.500	54	198	1
2026.07.07	13:49:00	5180.500	5181.000	5180.000	5180.000	294	1633	1
2026.07.07	13:50:00	5180.500	5180.500	5179.500	5179.500	300	1425	1
2026.07.07	13:51:00	5180.000	5181.000	5179.500	5180.500	209	713	1
2026.07.07	13:52:00	5180.500	5181.000	5179.500	5180.000	263	898	1
2026.07.07	13:53:00	5180.000	5181.000	5180.000	5180.500	128	554	1
2026.07.07	13:54:00	5180.500	5181.000	5180.000	5180.500	191	576	1
2026.07.07	13:55:00	5180.500	5181.000	5180.000	5181.000	410	1370	1
2026.07.07	13:56:00	5181.000	5181.000	5180.500	5180.500	80	270	1
2026.07.07	13:57:00	5181.000	5181.000	5180.500	5181.000	152	294	1
2026.07.07	13:58:00	5181.000	5181.500	5181.000	5181.500	148	365	1
2026.07.07	13:59:00	5181.500	5181.500	5180.500	5180.500	207	919	1
2026.07.07	14:00:00	5180.500	5181.000	5180.000	5180.500	214	545	1
2026.07.07	14:01:00	5180.500	5181.500	5180.000	5181.000	541	3828	1
2026.07.07	14:02:00	5181.000	5181.500	5179.500	5180.000	503	1862	1
2026.07.07	14:03:00	5180.000	5180.500	5179.500	5179.500	150	487	1
2026.07.07	14:04:00	5179.500	5181.000	5179.500	5180.000	379	1258	1
2026.07.07	14:05:00	5180.000	5180.000	5179.500	5180.000	188	396	1
2026.07.07	14:06:00	5179.500	5180.000	5178.000	5178.000	719	3132	1
2026.07.07	14:07:00	5178.000	5178.500	5177.500	5178.000	587	2432	1
2026.07.07	14:08:00	5177.500	5178.500	5177.500	5178.500	273	1090	1
2026.07.07	14:09:00	5178.000	5180.000	5178.000	5180.000	698	2587	1
2026.07.07	14:10:00	5180.000	5180.500	5179.000	5180.500	601	4224	1
2026.07.07	14:11:00	5180.500	5181.000	5179.500	5180.500	393	1052	1
2026.07.07	14:12:00	5180.000	5181.000	5180.000	5181.000	245	655	1
2026.07.07	14:13:00	5181.000	5181.000	5180.000	5181.000	280	1153	1
2026.07.07	14:14:00	5181.000	5181.000	5180.000	5180.000	369	1801	1
2026.07.07	14:15:00	5180.000	5181.000	5180.000	5180.500	195	564	1
2026.07.07	14:16:00	5180.500	5181.500	5180.500	5181.000	425	1960	1
2026.07.07	14:17:00	5181.500	5181.500	5180.500	5180.500	155	754	1
2026.07.07	14:18:00	5181.000	5181.000	5180.000	5180.000	253	1154	1
2026.07.07	14:19:00	5180.000	5181.000	5180.000	5180.500	196	1310	1
2026.07.07	14:20:00	5180.500	5181.000	5180.000	5180.000	128	310	1
2026.07.07	14:21:00	5180.500	5180.500	5180.000	5180.000	255	1002	1
2026.07.07	14:22:00	5180.000	5180.500	5179.500	5179.500	384	1867	1
2026.07.07	14:23:00	5179.500	5180.000	5179.500	5180.000	53	199	1
2026.07.07	14:24:00	5179.500	5180.000	5179.000	5180.000	296	1760	1
2026.07.07	14:25:00	5180.000	5180.500	5179.500	5180.500	162	638	1
2026.07.07	14:26:00	5180.000	5180.500	5179.000	5180.000	333	1693	1
2026.07.07	14:27:00	5180.000	5180.500	5179.500	5180.000	86	334	1
2026.07.07	14:28:00	5179.500	5180.500	5179.000	5180.000	308	1455	1
2026.07.07	14:29:00	5179.500	5179.500	5178.000	5178.500	582	3349	1
2026.07.07	14:30:00	5178.000	5179.500	5177.500	5179.000	881	4612	1
2026.07.07	14:31:00	5178.500	5179.500	5178.500	5179.500	150	405	1
2026.07.07	14:32:00	5179.500	5180.000	5179.000	5179.500	186	838	1
2026.07.07	14:33:00	5179.500	5180.000	5178.500	5179.500	360	2024	1
2026.07.07	14:34:00	5179.500	5180.000	5179.500	5179.500	159	440	1
2026.07.07	14:35:00	5179.500	5180.000	5179.000	5179.000	198	453	1
2026.07.07	14:36:00	5179.000	5179.500	5178.500	5178.500	292	1641	1
2026.07.07	14:37:00	5179.000	5180.500	5178.500	5180.000	493	2083	1
2026.07.07	14:38:00	5180.000	5181.500	5179.500	5181.000	1285	6702	1
2026.07.07	14:39:00	5181.500	5181.500	5180.500	5181.000	423	1067	1
2026.07.07	14:40:00	5181.000	5181.000	5180.000	5180.500	301	1038	1
2026.07.07	14:41:00	5180.500	5181.000	5179.500	5181.000	570	4714	1
2026.07.07	14:42:00	5180.500	5181.000	5179.500	5180.000	227	1002	1
2026.07.07	14:43:00	5180.500	5181.000	5179.500	5180.500	346	2137	1
2026.07.07	14:44:00	5181.000	5181.500	5180.500	5180.500	297	992	1
2026.07.07	14:45:00	5181.000	5183.000	5180.500	5182.000	988	2931	1
2026.07.07	14:46:00	5182.000	5182.500	5181.500	5182.500	336	978	1
2026.07.07	14:47:00	5182.500	5182.500	5181.500	5182.000	206	476	1
2026.07.07	14:48:00	5182.500	5183.000	5182.000	5182.000	270	1281	1
2026.07.07	14:49:00	5182.000	5183.000	5182.000	5182.500	171	419	1
2026.07.07	14:50:00	5182.500	5184.000	5182.000	5182.500	803	3828	1
2026.07.07	14:51:00	5182.500	5183.000	5181.500	5181.500	390	1147	1
2026.07.07	14:52:00	5181.500	5182.000	5180.500	5181.000	315	768	1
2026.07.07	14:53:00	5181.000	5181.500	5180.500	5181.500	191	765	1
2026.07.07	14:54:00	5181.500	5181.500	5180.500	5180.500	88	243	1
2026.07.07	14:55:00	5181.000	5181.000	5180.500	5181.000	124	513	1
2026.07.07	14:56:00	5180.500	5181.000	5180.000	5181.000	224	574	1
2026.07.07	14:57:00	5181.000	5181.000	5179.500	5180.500	368	1862	1
2026.07.07	14:58:00	5180.000	5181.500	5179.500	5181.000	338	1615	1
2026.07.07	14:59:00	5181.000	5181.500	5180.500	5181.500	157	314	1
2026.07.07	15:00:00	5181.000	5181.500	5180.500	5180.500	265	941	1
2026.07.07	15:01:00	5180.500	5181.500	5180.000	5181.500	269	1236	1
2026.07.07	15:02:00	5181.500	5182.000	5181.000	5181.500	219	741	1
2026.07.07	15:03:00	5181.500	5182.500	5181.000	5182.000	376	1440	1
2026.07.07	15:04:00	5182.000	5182.000	5181.000	5181.500	338	1521	1
2026.07.07	15:05:00	5181.500	5182.000	5181.000	5182.000	183	504	1
2026.07.07	15:06:00	5181.500	5182.500	5181.500	5182.000	250	862	1
2026.07.07	15:07:00	5182.500	5183.500	5182.000	5183.000	620	3171	1
2026.07.07	15:08:00	5183.000	5183.500	5182.000	5182.000	375	1794	1
2026.07.07	15:09:00	5182.000	5183.000	5181.000	5181.500	359	1304	1
2026.07.07	15:10:00	5181.000	5182.500	5181.000	5182.500	187	540	1
2026.07.07	15:11:00	5182.000	5182.500	5181.000	5181.500	425	3172	1
2026.07.07	15:12:00	5182.000	5182.000	5181.000	5181.500	106	479	1
2026.07.07	15:13:00	5181.000	5182.000	5181.000	5181.000	181	438	1
2026.07.07	15:14:00	5181.000	5182.000	5181.000	5181.500	255	1101	1
2026.07.07	15:15:00	5181.500	5182.000	5181.000	5181.000	339	733	1
2026.07.07	15:16:00	5181.000	5182.500	5181.000	5182.000	247	803	1
2026.07.07	15:17:00	5182.500	5182.500	5181.000	5181.500	271	928	1
2026.07.07	15:18:00	5181.500	5182.000	5181.000	5181.500	233	511	1
2026.07.07	15:19:00	5181.000	5182.000	5180.500	5181.000	305	1199	1
2026.07.07	15:20:00	5181.000	5181.500	5180.500	5181.500	120	208	1
2026.07.07	15:21:00	5181.000	5181.500	5181.000	5181.500	74	213	1
2026.07.07	15:22:00	5181.000	5181.500	5180.000	5180.500	660	10309	1
2026.07.07	15:23:00	5180.500	5181.000	5180.000	5180.000	429	1111	1
2026.07.07	15:24:00	5180.000	5181.000	5180.000	5180.500	406	2058	1
2026.07.07	15:25:00	5180.000	5181.000	5179.500	5180.000	332	1832	1
2026.07.07	15:26:00	5180.500	5181.000	5179.500	5180.500	451	1541	1
2026.07.07	15:27:00	5180.500	5181.000	5180.000	5180.500	123	441	1
2026.07.07	15:28:00	5180.500	5181.500	5180.000	5180.000	146	503	1
2026.07.07	15:29:00	5180.500	5180.500	5180.000	5180.500	113	570	1
2026.07.07	15:30:00	5180.500	5181.500	5179.500	5180.500	977	3786	1
2026.07.07	15:31:00	5180.500	5180.500	5179.000	5179.500	282	1002	1
2026.07.07	15:32:00	5179.500	5180.500	5179.500	5180.500	338	1458	1
2026.07.07	15:33:00	5180.000	5180.500	5179.000	5180.000	266	1015	1
2026.07.07	15:34:00	5179.500	5180.500	5179.500	5180.500	377	2181	1
2026.07.07	15:35:00	5180.000	5180.000	5178.000	5178.500	771	4773	1
2026.07.07	15:36:00	5178.500	5179.000	5178.000	5178.000	863	4154	1
2026.07.07	15:37:00	5178.000	5178.500	5177.500	5178.000	456	1693	1
2026.07.07	15:38:00	5178.000	5179.000	5178.000	5178.500	215	577	1
2026.07.07	15:39:00	5178.000	5179.000	5178.000	5179.000	273	1435	1
2026.07.07	15:40:00	5179.000	5180.000	5178.500	5179.500	713	3114	1
2026.07.07	15:41:00	5179.500	5180.500	5179.000	5180.500	242	938	1
2026.07.07	15:42:00	5180.000	5180.500	5180.000	5180.500	52	119	1
2026.07.07	15:43:00	5180.500	5181.000	5179.500	5179.500	396	1906	1
2026.07.07	15:44:00	5179.500	5180.000	5179.000	5179.500	323	1600	1
2026.07.07	15:45:00	5179.000	5180.000	5179.000	5179.500	92	175	1
2026.07.07	15:46:00	5179.000	5180.000	5179.000	5179.500	119	303	1
2026.07.07	15:47:00	5179.500	5180.000	5179.000	5179.500	330	1296	1
2026.07.07	15:48:00	5180.000	5180.500	5179.000	5180.000	672	2987	1
2026.07.07	15:49:00	5180.000	5186.000	5180.000	5183.000	3785	15289	1
2026.07.07	15:50:00	5182.500	5185.000	5182.500	5184.000	1454	9099	1
2026.07.07	15:51:00	5184.500	5189.500	5184.000	5186.500	3479	19988	1
2026.07.07	15:52:00	5186.500	5187.000	5185.000	5186.500	1456	7625	1
2026.07.07	15:53:00	5186.500	5187.000	5185.500	5186.000	857	2427	1
2026.07.07	15:54:00	5186.000	5188.500	5186.000	5187.000	1512	4943	1
2026.07.07	15:55:00	5187.500	5188.500	5186.500	5187.000	1217	5474	1
2026.07.07	15:56:00	5187.500	5187.500	5186.000	5186.000	747	4568	1
2026.07.07	15:57:00	5186.000	5187.000	5185.500	5187.000	751	4646	1
2026.07.07	15:58:00	5187.000	5187.000	5185.000	5185.500	523	2339	1
2026.07.07	15:59:00	5185.500	5186.500	5185.000	5186.500	631	2420	1
2026.07.07	16:00:00	5186.500	5189.000	5186.000	5188.500	1480	5807	1
2026.07.07	16:01:00	5188.000	5189.500	5188.000	5188.000	1006	4080	1
2026.07.07	16:02:00	5188.000	5188.500	5186.500	5188.000	1091	4073	1
2026.07.07	16:03:00	5188.000	5188.500	5187.500	5188.000	436	1565	1
2026.07.07	16:04:00	5188.500	5189.000	5187.500	5188.000	512	2591	1
2026.07.07	16:05:00	5188.000	5189.000	5187.500	5188.000	828	2957	1
2026.07.07	16:06:00	5188.500	5189.500	5188.500	5189.500	789	2775	1
2026.07.07	16:07:00	5189.500	5191.000	5189.000	5190.000	2258	10336	1
2026.07.07	16:08:00	5190.000	5191.000	5190.000	5190.000	644	2083	1
2026.07.07	16:09:00	5190.000	5191.000	5189.500	5190.000	811	2879	1
2026.07.07	16:10:00	5190.500	5191.500	5190.000	5190.500	953	3987	1
2026.07.07	16:11:00	5191.000	5192.500	5190.000	5192.000	1575	6457	1
2026.07.07	16:12:00	5192.500	5194.000	5191.500	5193.000	1590	7665	1
2026.07.07	16:13:00	5193.500	5194.500	5192.500	5193.000	1354	8121	1
2026.07.07	16:14:00	5193.000	5194.500	5193.000	5194.500	753	2923	1
2026.07.07	16:15:00	5194.000	5194.500	5193.000	5193.500	891	4830	1
2026.07.07	16:16:00	5193.500	5194.500	5193.000	5194.000	487	1174	1
2026.07.07	16:17:00	5194.000	5195.000	5193.000	5195.000	715	2627	1
2026.07.07	16:18:00	5195.000	5195.500	5193.000	5193.000	2733	14320	1
2026.07.07	16:19:00	5193.000	5193.500	5191.000	5191.500	1813	5443	1
2026.07.07	16:20:00	5192.000	5192.500	5191.000	5192.000	773	3120	1
2026.07.07	16:21:00	5192.000	5192.000	5190.500	5191.500	1150	5146	1
2026.07.07	16:22:00	5191.000	5191.500	5189.000	5190.000	1309	6863	1
2026.07.07	16:23:00	5189.500	5190.000	5187.000	5188.500	1398	6587	1
2026.07.07	16:24:00	5188.000	5190.500	5188.000	5189.500	853	4666	1
2026.07.07	16:25:00	5189.500	5191.000	5189.000	5190.000	587	2033	1
2026.07.07	16:26:00	5190.000	5190.500	5189.500	5189.500	317	721	1
2026.07.07	16:27:00	5189.500	5189.500	5188.500	5189.000	576	1675	1
2026.07.07	16:28:00	5188.500	5189.500	5188.500	5189.000	389	876	1
2026.07.07	16:29:00	5189.000	5191.000	5188.500	5191.000	539	1960	1
2026.07.07	16:30:00	5190.500	5191.000	5189.500	5190.000	679	2422	1
2026.07.07	16:31:00	5190.000	5190.500	5189.000	5189.500	435	1501	1
2026.07.07	16:32:00	5189.500	5190.000	5189.000	5189.500	656	1363	1
2026.07.07	16:33:00	5189.500	5189.500	5188.000	5189.000	451	1918	1
2026.07.07	16:34:00	5188.500	5189.000	5187.500	5188.000	671	1888	1
2026.07.07	16:35:00	5188.000	5189.000	5187.500	5188.000	628	1754	1
2026.07.07	16:36:00	5188.000	5188.500	5187.500	5188.000	133	356	1
2026.07.07	16:37:00	5188.000	5188.000	5187.000	5187.000	506	1289	1
2026.07.07	16:38:00	5187.000	5188.000	5183.500	5184.000	2842	14954	1
2026.07.07	16:39:00	5184.000	5185.000	5183.500	5185.000	807	3323	1
2026.07.07	16:40:00	5184.500	5186.000	5184.500	5184.500	685	4145	1
2026.07.07	16:41:00	5184.500	5185.500	5184.500	5185.000	497	2120	1
2026.07.07	16:42:00	5185.000	5185.500	5184.500	5185.500	250	1186	1
2026.07.07	16:43:00	5185.500	5186.500	5185.000	5185.500	519	1919	1
2026.07.07	16:44:00	5185.500	5186.000	5185.500	5186.000	345	608	1
2026.07.07	16:45:00	5186.000	5186.500	5185.000	5185.500	356	1755	1
2026.07.07	16:46:00	5185.500	5185.500	5185.000	5185.000	186	605	1
2026.07.07	16:47:00	5185.000	5185.500	5184.500	5185.000	358	1158	1
2026.07.07	16:48:00	5185.000	5185.500	5185.000	5185.500	181	561	1
2026.07.07	16:49:00	5185.500	5185.500	5184.000	5184.000	314	901	1
2026.07.07	16:50:00	5184.000	5185.000	5183.500	5185.000	603	2061	1
2026.07.07	16:51:00	5185.000	5185.500	5184.500	5185.000	253	622	1
2026.07.07	16:52:00	5184.500	5185.500	5184.500	5185.000	216	574	1
2026.07.07	16:53:00	5185.000	5185.000	5184.500	5185.000	243	491	1
2026.07.07	16:54:00	5185.000	5185.000	5184.000	5185.000	311	1406	1
2026.07.07	16:55:00	5184.500	5185.000	5183.500	5183.500	390	1743	1
2026.07.07	16:56:00	5184.000	5185.500	5184.000	5185.000	270	1260	1
2026.07.07	16:57:00	5185.000	5185.500	5184.500	5185.500	333	1124	1
2026.07.07	16:58:00	5185.000	5186.000	5184.500	5185.000	328	1155	1
2026.07.07	16:59:00	5185.000	5186.000	5185.000	5185.000	298	1044	1
2026.07.07	17:00:00	5185.000	5185.500	5184.000	5184.500	699	3291	1
2026.07.07	17:01:00	5184.500	5185.000	5183.500	5183.500	437	1773	1
2026.07.07	17:02:00	5183.500	5184.000	5183.500	5183.500	247	1018	1
2026.07.07	17:03:00	5184.000	5184.500	5184.000	5184.000	190	767	1
2026.07.07	17:04:00	5184.500	5184.500	5183.500	5184.000	271	1064	1
2026.07.07	17:05:00	5184.000	5184.500	5183.500	5184.000	202	479	1
2026.07.07	17:06:00	5184.000	5184.500	5183.500	5183.500	230	863	1
2026.07.07	17:07:00	5184.000	5185.500	5183.500	5185.500	537	2723	1
2026.07.07	17:08:00	5185.500	5185.500	5184.500	5185.000	360	1520	1
2026.07.07	17:09:00	5185.000	5185.000	5184.000	5184.500	210	813	1
2026.07.07	17:10:00	5184.500	5185.000	5184.000	5184.500	220	1324	1
2026.07.07	17:11:00	5184.500	5185.000	5184.000	5185.000	259	1121	1
2026.07.07	17:12:00	5185.000	5185.500	5184.500	5185.500	311	2033	1
2026.07.07	17:13:00	5185.000	5185.500	5184.500	5184.500	354	2114	1
2026.07.07	17:14:00	5185.000	5185.500	5184.500	5185.000	95	465	1
2026.07.07	17:15:00	5185.000	5186.000	5185.000	5185.500	220	1488	1
2026.07.07	17:16:00	5185.000	5185.500	5184.500	5184.500	216	1282	1
2026.07.07	17:17:00	5184.500	5185.500	5184.500	5184.500	221	1552	1
2026.07.07	17:18:00	5185.000	5186.000	5184.500	5185.000	691	2621	1
2026.07.07	17:19:00	5185.000	5186.500	5185.000	5186.500	263	1218	1
2026.07.07	17:20:00	5186.500	5187.000	5186.000	5186.500	408	1563	1
2026.07.07	17:21:00	5186.000	5187.000	5186.000	5186.500	140	290	1
2026.07.07	17:22:00	5186.000	5187.000	5186.000	5187.000	193	1013	1
2026.07.07	17:23:00	5186.500	5187.000	5186.500	5186.500	60	327	1
2026.07.07	17:24:00	5187.000	5187.000	5186.000	5186.000	225	1520	1
2026.07.07	17:25:00	5186.500	5186.500	5185.500	5186.000	261	1282	1
2026.07.07	17:26:00	5186.500	5186.500	5185.500	5186.000	297	770	1
2026.07.07	17:27:00	5186.000	5186.500	5185.500	5185.500	201	1077	1
2026.07.07	17:28:00	5186.000	5186.000	5185.500	5185.500	116	692	1
2026.07.07	17:29:00	5185.500	5185.500	5185.000	5185.500	134	558	1
2026.07.07	17:30:00	5185.500	5186.000	5185.000	5185.500	153	527	1
2026.07.07	17:31:00	5185.500	5186.500	5185.500	5186.000	97	839	1
2026.07.07	17:32:00	5186.000	5186.000	5185.500	5185.500	59	475	1
2026.07.07	17:33:00	5186.000	5186.500	5185.500	5186.000	102	697	1
2026.07.07	17:34:00	5186.500	5186.500	5185.500	5186.000	163	1650	1
2026.07.07	17:35:00	5186.000	5186.000	5185.500	5185.500	38	177	1
2026.07.07	17:36:00	5185.500	5186.500	5185.500	5186.500	119	1308	1
2026.07.07	17:37:00	5186.000	5187.000	5186.000	5186.500	151	722	1
2026.07.07	17:38:00	5186.500	5187.000	5186.500	5186.500	65	239	1
2026.07.07	17:39:00	5186.500	5187.000	5186.500	5187.000	72	187	1
2026.07.07	17:40:00	5186.500	5187.000	5186.500	5187.000	91	279	1
2026.07.07	17:41:00	5187.000	5187.000	5185.500	5186.000	198	1187	1
2026.07.07	17:42:00	5185.500	5186.000	5185.500	5186.000	28	170	1
2026.07.07	17:43:00	5185.500	5186.000	5184.000	5184.500	530	3385	1
2026.07.07	17:44:00	5184.500	5185.000	5184.000	5185.000	219	1161	1
2026.07.07	17:45:00	5185.000	5185.000	5184.500	5184.500	92	464	1
2026.07.07	17:46:00	5184.500	5185.000	5184.500	5184.500	43	92	1
2026.07.07	17:47:00	5184.500	5185.000	5184.500	5184.500	170	838	1
2026.07.07	17:48:00	5184.500	5184.500	5184.000	5184.000	76	398	1
2026.07.07	17:49:00	5184.500	5184.500	5184.000	5184.500	25	106	1
2026.07.07	17:50:00	5184.500	5185.500	5184.000	5185.000	192	1736	1
2026.07.07	17:51:00	5185.000	5186.000	5185.000	5186.000	441	3559	1
2026.07.07	17:52:00	5186.000	5187.000	5185.500	5185.500	584	4335	1
2026.07.07	17:53:00	5185.500	5190.500	5185.500	5189.500	1010	6855	1
2026.07.07	17:54:00	5189.500	5190.000	5187.000	5187.000	372	2946	1
2026.07.07	17:55:00	5187.500	5188.500	5187.000	5188.500	147	906	1
2026.07.07	17:56:00	5188.500	5188.500	5188.000	5188.500	177	1745	1
2026.07.07	17:57:00	5188.500	5189.000	5188.000	5188.500	168	686	1
2026.07.07	17:58:00	5189.000	5191.500	5188.500	5191.000	757	5199	1
2026.07.07	17:59:00	5190.500	5192.000	5189.500	5191.000	738	5375	1
2026.07.07	18:00:00	5191.500	5192.000	5189.500	5191.000	288	1074	1
2026.07.07	18:01:00	5191.000	5192.000	5190.500	5191.000	216	539	1
2026.07.07	18:02:00	5190.500	5191.500	5190.500	5191.000	81	231	1
2026.07.07	18:03:00	5191.000	5191.500	5191.000	5191.000	108	268	1
2026.07.07	18:04:00	5191.000	5191.500	5191.000	5191.500	88	224	1
2026.07.07	18:05:00	5191.000	5191.500	5190.000	5190.500	195	1075	1
2026.07.07	18:06:00	5190.000	5191.500	5190.000	5191.000	145	876	1
2026.07.07	18:07:00	5191.500	5192.000	5191.000	5192.000	136	667	1
2026.07.07	18:08:00	5191.500	5192.500	5191.000	5191.500	183	844	1
2026.07.07	18:09:00	5191.500	5192.000	5191.500	5191.500	70	251	1
2026.07.07	18:10:00	5191.500	5192.500	5189.500	5191.000	385	1285	1
2026.07.07	18:11:00	5191.500	5191.500	5190.500	5190.500	62	200	1
2026.07.07	18:12:00	5190.500	5191.500	5190.000	5190.500	177	606	1
2026.07.07	18:13:00	5190.500	5190.500	5189.500	5190.000	129	540	1
2026.07.07	18:14:00	5189.500	5193.000	5189.500	5192.000	336	1615	1
2026.07.07	18:15:00	5192.000	5193.000	5192.000	5193.000	307	1855	1
2026.07.07	18:16:00	5192.500	5195.000	5192.500	5194.500	507	3638	1
2026.07.07	18:17:00	5194.500	5200.000	5193.500	5200.000	817	4152	1
2026.07.07	18:18:00	5199.500	5202.500	5199.000	5200.000	460	1810	1
2026.07.07	18:19:00	5200.000	5200.000	5197.500	5199.000	372	1816	1
2026.07.07	18:20:00	5199.000	5200.000	5197.500	5198.000	174	697	1
2026.07.07	18:21:00	5197.500	5198.500	5196.500	5197.000	206	1086	1
2026.07.07	18:22:00	5197.000	5199.500	5196.500	5198.000	144	1009	1
2026.07.07	18:23:00	5198.000	5198.500	5194.500	5195.000	152	719	1
2026.07.07	18:24:00	5195.000	5195.000	5194.000	5194.000	67	487	1
2026.07.07	18:25:00	5193.500	5194.500	5191.000	5191.500	588	1576	1
2026.07.07	18:26:00	5192.000	5194.000	5192.000	5193.000	102	1243	1
2026.07.07	18:27:00	5193.000	5193.500	5192.500	5192.500	52	446	1
2026.07.07	18:28:00	5193.000	5193.500	5192.500	5192.500	39	218	1
2026.07.07	18:29:00	5192.500	5193.000	5191.500	5192.000	61	477	1
2026.07.08	09:00:00	5209.500	5213.500	5209.000	5213.000	1642	7192	1
2026.07.08	09:01:00	5213.000	5215.500	5205.500	5207.500	7870	23367	1
2026.07.08	09:02:00	5208.000	5208.000	5199.000	5200.500	6428	28942	1
2026.07.08	09:03:00	5200.500	5200.500	5194.500	5197.500	6714	25220	1
2026.07.08	09:04:00	5197.500	5198.500	5191.000	5192.000	4870	20705	1
2026.07.08	09:05:00	5192.000	5192.500	5186.000	5187.500	5404	22493	1
2026.07.08	09:06:00	5187.500	5189.000	5184.500	5187.000	3862	19109	1
2026.07.08	09:07:00	5186.500	5188.000	5185.000	5187.000	2637	11313	1
2026.07.08	09:08:00	5186.500	5188.000	5184.000	5185.500	2872	12108	1
2026.07.08	09:09:00	5185.500	5188.500	5184.500	5186.000	3568	14933	1
2026.07.08	09:10:00	5186.500	5187.000	5183.000	5183.500	2560	9110	1
2026.07.08	09:11:00	5183.500	5186.000	5183.000	5186.000	1583	5097	1
2026.07.08	09:12:00	5186.000	5187.500	5185.500	5186.500	2077	7404	1
2026.07.08	09:13:00	5186.500	5188.500	5184.500	5186.500	2319	9314	1
2026.07.08	09:14:00	5186.500	5188.500	5185.500	5188.000	1391	4490	1
2026.07.08	09:15:00	5188.000	5189.500	5186.500	5186.500	2632	9440	1
2026.07.08	09:16:00	5187.000	5187.500	5183.500	5184.000	2444	7918	1
2026.07.08	09:17:00	5184.000	5184.500	5180.000	5180.500	4700	20584	1
2026.07.08	09:18:00	5180.500	5181.500	5178.500	5180.500	3210	15516	1
2026.07.08	09:19:00	5180.500	5183.000	5179.500	5182.500	1937	7912	1
2026.07.08	09:20:00	5182.000	5183.500	5181.000	5183.000	1766	5919	1
2026.07.08	09:21:00	5183.000	5183.500	5180.500	5181.000	1138	4152	1
2026.07.08	09:22:00	5181.000	5183.500	5181.000	5183.000	926	2807	1
2026.07.08	09:23:00	5183.000	5185.500	5182.500	5184.500	1993	6726	1
2026.07.08	09:24:00	5185.000	5186.500	5182.500	5186.500	2068	9563	1
2026.07.08	09:25:00	5186.500	5187.500	5184.500	5184.500	2192	9757	1
2026.07.08	09:26:00	5184.500	5187.000	5184.500	5187.000	723	3064	1
2026.07.08	09:27:00	5186.500	5188.000	5185.500	5186.500	1045	3596	1
2026.07.08	09:28:00	5187.000	5187.000	5185.000	5186.500	862	2310	1
2026.07.08	09:29:00	5187.000	5187.500	5184.000	5184.500	1260	3932	1
2026.07.08	09:30:00	5185.000	5185.000	5181.500	5183.000	2575	8375	1
2026.07.08	09:31:00	5183.000	5183.000	5180.500	5181.000	1418	5706	1
2026.07.08	09:32:00	5181.000	5183.000	5180.500	5181.500	1234	4272	1
2026.07.08	09:33:00	5182.000	5182.000	5179.000	5181.000	2245	11326	1
2026.07.08	09:34:00	5181.000	5182.000	5180.000	5182.000	728	2944	1
2026.07.08	09:35:00	5182.000	5184.500	5181.500	5184.000	1549	5991	1
2026.07.08	09:36:00	5183.500	5184.000	5182.000	5183.000	799	2400	1
2026.07.08	09:37:00	5183.000	5183.500	5181.500	5183.000	644	1772	1
2026.07.08	09:38:00	5183.000	5183.000	5182.000	5183.000	313	1299	1
2026.07.08	09:39:00	5182.500	5183.000	5180.000	5181.000	986	3703	1
2026.07.08	09:40:00	5180.500	5181.500	5179.000	5179.500	1153	4644	1
2026.07.08	09:41:00	5180.000	5182.000	5179.500	5181.500	818	3354	1
2026.07.08	09:42:00	5181.500	5181.500	5178.500	5179.000	1170	4228	1
2026.07.08	09:43:00	5179.000	5179.500	5178.000	5178.500	1015	3211	1
2026.07.08	09:44:00	5178.500	5180.000	5178.000	5178.500	612	1534	1
2026.07.08	09:45:00	5178.500	5180.000	5178.000	5180.000	820	2901	1
2026.07.08	09:46:00	5179.500	5181.000	5179.000	5181.000	825	2966	1
2026.07.08	09:47:00	5180.500	5181.000	5177.500	5177.500	1835	7199	1
2026.07.08	09:48:00	5177.500	5178.500	5174.000	5175.500	6280	27312	1
2026.07.08	09:49:00	5176.000	5176.500	5174.500	5175.500	1543	6157	1
2026.07.08	09:50:00	5175.500	5176.500	5175.000	5176.000	784	3115	1
2026.07.08	09:51:00	5176.000	5176.500	5174.000	5174.000	985	3990	1
2026.07.08	09:52:00	5174.000	5175.000	5170.500	5173.000	4763	19906	1
2026.07.08	09:53:00	5173.000	5173.000	5167.000	5168.000	5998	39224	1
2026.07.08	09:54:00	5168.000	5169.500	5166.000	5169.000	3383	15857	1
2026.07.08	09:55:00	5169.000	5171.000	5168.000	5169.500	2541	10736	1
2026.07.08	09:56:00	5169.500	5177.500	5169.500	5176.500	7858	36314	1
2026.07.08	09:57:00	5176.000	5178.000	5175.000	5176.000	3356	18756	1
2026.07.08	09:58:00	5176.000	5176.500	5174.000	5175.000	1362	4821	1
2026.07.08	09:59:00	5175.000	5178.000	5175.000	5178.000	1393	6020	1
2026.07.08	10:00:00	5177.500	5178.500	5173.500	5175.500	2826	9280	1
2026.07.08	10:01:00	5175.000	5177.500	5174.500	5174.500	1755	7759	1
2026.07.08	10:02:00	5175.000	5176.000	5174.000	5175.500	1253	6351	1
2026.07.08	10:03:00	5175.500	5177.000	5174.500	5175.500	1141	7375	1
2026.07.08	10:04:00	5175.500	5176.000	5173.000	5173.000	2180	8853	1
2026.07.08	10:05:00	5173.500	5174.500	5171.500	5172.000	2216	7904	1
2026.07.08	10:06:00	5172.000	5173.500	5171.500	5173.000	1649	8703	1
2026.07.08	10:07:00	5173.000	5173.500	5170.000	5172.000	2202	8779	1
2026.07.08	10:08:00	5172.000	5172.000	5168.000	5170.000	2718	13247	1
2026.07.08	10:09:00	5170.000	5171.000	5167.500	5168.000	1627	6490	1
2026.07.08	10:10:00	5168.500	5171.000	5167.000	5170.000	2456	11485	1
2026.07.08	10:11:00	5170.000	5171.000	5169.000	5170.500	1083	3199	1
2026.07.08	10:12:00	5170.500	5171.000	5168.000	5168.000	1376	5402	1
2026.07.08	10:13:00	5168.000	5172.000	5167.000	5171.000	2365	9837	1
2026.07.08	10:14:00	5171.000	5173.000	5171.000	5172.000	1848	6221	1
2026.07.08	10:15:00	5172.000	5173.000	5171.500	5172.000	1237	3946	1
2026.07.08	10:16:00	5172.500	5172.500	5171.000	5172.000	1250	4807	1
2026.07.08	10:17:00	5171.500	5176.000	5171.500	5174.000	3099	11665	1
2026.07.08	10:18:00	5174.500	5176.500	5174.000	5176.000	1255	5702	1
2026.07.08	10:19:00	5176.000	5176.500	5175.000	5176.500	800	2985	1
2026.07.08	10:20:00	5176.500	5177.000	5175.500	5175.500	1566	5025	1
2026.07.08	10:21:00	5175.500	5179.000	5175.500	5179.000	2127	7672	1
2026.07.08	10:22:00	5178.500	5180.000	5178.000	5178.000	3067	12727	1
2026.07.08	10:23:00	5177.500	5178.500	5177.000	5178.500	1074	3600	1
2026.07.08	10:24:00	5178.000	5179.000	5176.500	5177.000	1288	4215	1
2026.07.08	10:25:00	5177.500	5178.000	5176.500	5178.000	1151	4986	1
2026.07.08	10:26:00	5177.500	5178.000	5175.500	5177.000	1513	4171	1
2026.07.08	10:27:00	5177.000	5177.500	5175.500	5176.500	673	2497	1
2026.07.08	10:28:00	5176.500	5177.500	5171.000	5171.500	3586	16568	1
2026.07.08	10:29:00	5171.000	5177.000	5170.500	5177.000	2909	10616	1
2026.07.08	10:30:00	5177.000	5177.000	5174.500	5175.000	1677	6083	1
2026.07.08	10:31:00	5175.000	5177.000	5173.500	5174.000	2534	13842	1
2026.07.08	10:32:00	5174.000	5174.500	5171.500	5174.000	1983	9205	1
2026.07.08	10:33:00	5174.000	5174.000	5172.000	5172.500	1400	6922	1
2026.07.08	10:34:00	5172.500	5174.500	5171.500	5173.000	1070	4233	1
2026.07.08	10:35:00	5173.000	5176.500	5173.000	5176.500	2178	7007	1
2026.07.08	10:36:00	5176.000	5177.000	5173.500	5175.000	1560	7468	1
2026.07.08	10:37:00	5174.500	5176.000	5174.500	5175.500	527	1635	1
2026.07.08	10:38:00	5175.500	5176.000	5175.000	5176.000	426	1472	1
2026.07.08	10:39:00	5175.500	5176.000	5172.500	5173.000	1196	3708	1
2026.07.08	10:40:00	5173.500	5175.500	5173.000	5175.000	1152	3499	1
2026.07.08	10:41:00	5175.000	5175.500	5174.000	5175.000	835	2466	1
2026.07.08	10:42:00	5175.000	5178.500	5174.500	5176.500	2334	8192	1
2026.07.08	10:43:00	5176.500	5177.000	5175.500	5176.000	690	1604	1
2026.07.08	10:44:00	5176.000	5177.000	5175.000	5176.500	783	2768	1
2026.07.08	10:45:00	5177.000	5177.500	5176.000	5176.000	954	3497	1
2026.07.08	10:46:00	5176.500	5176.500	5173.000	5174.000	2086	8871	1
2026.07.08	10:47:00	5174.500	5176.500	5174.000	5176.000	1009	4079	1
2026.07.08	10:48:00	5175.500	5176.000	5174.500	5175.500	647	1512	1
2026.07.08	10:49:00	5175.500	5175.500	5174.500	5175.000	528	2846	1
2026.07.08	10:50:00	5174.500	5177.500	5174.500	5177.000	1095	4372	1
2026.07.08	10:51:00	5176.500	5178.500	5176.000	5178.500	1231	6177	1
2026.07.08	10:52:00	5178.000	5180.500	5178.000	5179.500	2468	10190	1
2026.07.08	10:53:00	5179.500	5182.500	5179.000	5181.500	2225	8290	1
2026.07.08	10:54:00	5182.000	5184.000	5181.500	5183.000	2816	11353	1
2026.07.08	10:55:00	5183.000	5186.000	5183.000	5184.500	2542	11702	1
2026.07.08	10:56:00	5184.500	5185.000	5182.500	5183.000	1616	7415	1
2026.07.08	10:57:00	5182.500	5183.000	5179.500	5180.500	2849	11328	1
2026.07.08	10:58:00	5181.000	5182.500	5179.500	5180.000	982	4252	1
2026.07.08	10:59:00	5179.500	5182.000	5179.500	5180.500	879	3009	1
2026.07.08	11:00:00	5180.000	5181.500	5180.000	5181.000	829	4157	1
2026.07.08	11:01:00	5181.000	5181.500	5180.000	5181.000	709	2508	1
2026.07.08	11:02:00	5181.000	5182.000	5180.000	5180.500	1080	6157	1
2026.07.08	11:03:00	5180.000	5182.500	5180.000	5180.500	1478	8958	1
2026.07.08	11:04:00	5181.000	5181.000	5179.000	5179.500	1193	5491	1
2026.07.08	11:05:00	5180.000	5181.000	5179.500	5181.000	907	5146	1
2026.07.08	11:06:00	5181.000	5182.000	5180.000	5181.000	616	3245	1
2026.07.08	11:07:00	5181.000	5183.000	5180.500	5183.000	795	3979	1
2026.07.08	11:08:00	5182.500	5183.000	5181.000	5181.500	1119	5179	1
2026.07.08	11:09:00	5182.000	5183.000	5181.000	5182.000	1472	7056	1
2026.07.08	11:10:00	5181.500	5182.000	5179.500	5180.000	1332	5788	1
2026.07.08	11:11:00	5180.000	5181.000	5179.000	5179.500	743	3143	1
2026.07.08	11:12:00	5179.000	5181.000	5179.000	5179.500	780	2951	1
2026.07.08	11:13:00	5179.500	5180.000	5178.000	5179.000	1216	3450	1
2026.07.08	11:14:00	5179.000	5183.500	5178.500	5183.000	2036	8604	1
2026.07.08	11:15:00	5183.000	5185.000	5182.500	5184.000	1756	6527	1
2026.07.08	11:16:00	5184.000	5186.500	5184.000	5185.000	2100	8354	1
2026.07.08	11:17:00	5185.500	5186.000	5183.000	5185.000	1829	10212	1
2026.07.08	11:18:00	5185.000	5186.000	5183.500	5184.000	1154	5309	1
2026.07.08	11:19:00	5184.000	5186.000	5183.500	5185.500	706	3877	1
2026.07.08	11:20:00	5185.000	5186.500	5184.000	5184.500	1093	3934	1
2026.07.08	11:21:00	5184.500	5185.000	5180.000	5180.500	2150	7920	1
2026.07.08	11:22:00	5180.500	5182.000	5178.500	5178.500	1682	6961	1
2026.07.08	11:23:00	5178.500	5180.500	5178.500	5180.500	871	3609	1
2026.07.08	11:24:00	5180.000	5181.500	5179.500	5180.000	927	3815	1
2026.07.08	11:25:00	5179.500	5180.000	5177.500	5178.000	1522	6864	1
2026.07.08	11:26:00	5178.000	5181.000	5178.000	5181.000	872	2633	1
2026.07.08	11:27:00	5181.500	5185.000	5181.000	5181.000	2957	11116	1
2026.07.08	11:28:00	5181.000	5182.500	5180.500	5181.500	754	2344	1
2026.07.08	11:29:00	5182.000	5183.500	5181.000	5183.000	782	3211	1
2026.07.08	11:30:00	5183.000	5186.500	5183.000	5186.000	1875	9895	1
2026.07.08	11:31:00	5186.500	5187.500	5185.500	5185.500	1934	10233	1
2026.07.08	11:32:00	5186.000	5186.500	5185.000	5186.000	642	1894	1
2026.07.08	11:33:00	5186.000	5187.000	5185.500	5186.000	744	3812	1
2026.07.08	11:34:00	5186.500	5187.500	5185.000	5186.500	1287	4197	1
2026.07.08	11:35:00	5186.500	5186.500	5185.000	5185.500	868	3587	1
2026.07.08	11:36:00	5185.500	5187.500	5185.500	5186.500	881	2592	1
2026.07.08	11:37:00	5186.000	5187.500	5184.500	5185.000	945	2762	1
2026.07.08	11:38:00	5185.000	5188.500	5185.000	5188.500	1186	4509	1
2026.07.08	11:39:00	5188.000	5188.500	5186.500	5188.500	862	2736	1
2026.07.08	11:40:00	5188.500	5188.500	5187.000	5187.000	917	3471	1
2026.07.08	11:41:00	5187.500	5188.000	5186.000	5186.000	746	2379	1
2026.07.08	11:42:00	5186.000	5188.000	5185.500	5187.000	804	3854	1
2026.07.08	11:43:00	5187.000	5188.000	5185.500	5187.000	984	5083	1
2026.07.08	11:44:00	5187.000	5187.500	5186.000	5186.500	594	2528	1
2026.07.08	11:45:00	5186.500	5188.500	5186.500	5188.500	969	5126	1
2026.07.08	11:46:00	5188.500	5189.500	5187.000	5187.000	1155	4455	1
2026.07.08	11:47:00	5187.000	5188.000	5186.500	5187.500	443	1240	1
2026.07.08	11:48:00	5187.500	5190.000	5187.500	5189.500	1139	3676	1
2026.07.08	11:49:00	5189.500	5190.000	5189.000	5189.500	749	2569	1
2026.07.08	11:50:00	5189.500	5190.500	5189.000	5189.000	1061	3658	1
2026.07.08	11:51:00	5189.000	5189.000	5187.500	5188.000	797	2259	1
2026.07.08	11:52:00	5187.500	5190.000	5187.500	5188.000	931	3822	1
2026.07.08	11:53:00	5188.000	5189.000	5186.500	5188.500	895	2051	1
2026.07.08	11:54:00	5189.000	5190.000	5188.500	5189.500	725	2630	1
2026.07.08	11:55:00	5189.000	5190.500	5185.000	5186.500	2878	13722	1
2026.07.08	11:56:00	5186.500	5189.000	5185.500	5189.000	1315	6077	1
2026.07.08	11:57:00	5188.500	5190.500	5188.000	5189.000	1001	4227	1
2026.07.08	11:58:00	5189.000	5189.000	5187.500	5188.000	768	4043	1
2026.07.08	11:59:00	5187.500	5188.000	5186.000	5188.000	941	5887	1
2026.07.08	12:00:00	5188.000	5190.500	5187.500	5189.500	1730	8817	1
2026.07.08	12:01:00	5189.000	5190.000	5188.500	5189.000	930	4151	1
2026.07.08	12:02:00	5189.000	5190.000	5189.000	5189.500	679	3595	1
2026.07.08	12:03:00	5189.500	5190.500	5189.500	5190.000	641	5186	1
2026.07.08	12:04:00	5189.500	5191.000	5189.500	5190.000	830	4722	1
2026.07.08	12:05:00	5190.000	5190.500	5186.000	5187.500	1901	8923	1
2026.07.08	12:06:00	5187.000	5188.500	5187.000	5188.000	658	4061	1
2026.07.08	12:07:00	5187.500	5188.000	5185.000	5185.000	1405	6203	1
2026.07.08	12:08:00	5185.500	5186.500	5184.500	5186.000	1125	4714	1
2026.07.08	12:09:00	5186.000	5187.500	5185.500	5186.000	576	2084	1
2026.07.08	12:10:00	5186.500	5187.500	5185.500	5186.000	897	3363	1
2026.07.08	12:11:00	5186.500	5187.000	5185.500	5186.500	607	3430	1
2026.07.08	12:12:00	5186.500	5188.000	5186.500	5187.000	544	1394	1
2026.07.08	12:13:00	5187.500	5188.000	5187.000	5188.000	308	1361	1
2026.07.08	12:14:00	5188.000	5191.500	5187.500	5191.500	1806	8374	1
2026.07.08	12:15:00	5191.000	5195.000	5189.500	5194.000	3531	16930	1
2026.07.08	12:16:00	5194.000	5194.500	5192.000	5192.500	1108	4001	1
2026.07.08	12:17:00	5192.500	5194.000	5192.500	5192.500	446	1075	1
2026.07.08	12:18:00	5193.000	5193.000	5191.000	5192.000	825	3572	1
2026.07.08	12:19:00	5192.000	5192.500	5189.500	5190.500	1096	4544	1
2026.07.08	12:20:00	5191.000	5192.000	5189.500	5190.000	696	2117	1
2026.07.08	12:21:00	5190.000	5192.000	5189.500	5191.500	639	2416	1
2026.07.08	12:22:00	5191.500	5192.500	5191.000	5192.000	356	849	1
2026.07.08	12:23:00	5192.000	5193.500	5192.000	5193.000	623	2150	1
2026.07.08	12:24:00	5193.500	5194.000	5192.500	5193.000	419	1017	1
2026.07.08	12:25:00	5193.000	5194.000	5192.000	5192.500	545	1909	1
2026.07.08	12:26:00	5192.500	5193.500	5192.000	5192.000	349	1063	1
2026.07.08	12:27:00	5192.500	5193.000	5192.000	5192.500	420	1253	1
2026.07.08	12:28:00	5192.000	5193.000	5191.500	5192.500	573	2481	1
2026.07.08	12:29:00	5192.500	5192.500	5190.500	5191.500	587	2483	1
2026.07.08	12:30:00	5191.500	5194.500	5191.000	5193.500	819	2765	1
2026.07.08	12:31:00	5194.000	5195.000	5193.000	5193.500	627	2123	1
2026.07.08	12:32:00	5194.000	5195.000	5193.500	5194.000	449	1365	1
2026.07.08	12:33:00	5194.000	5194.500	5192.000	5192.500	716	2270	1
2026.07.08	12:34:00	5193.000	5194.500	5192.500	5193.000	528	2308	1
2026.07.08	12:35:00	5193.500	5193.500	5190.000	5190.500	1261	5892	1
2026.07.08	12:36:00	5191.000	5192.000	5190.500	5191.000	568	2974	1
2026.07.08	12:37:00	5191.500	5191.500	5189.000	5191.000	1331	6029	1
2026.07.08	12:38:00	5190.500	5191.000	5189.000	5189.500	700	2894	1
2026.07.08	12:39:00	5190.000	5193.000	5189.000	5193.000	834	3756	1
2026.07.08	12:40:00	5193.000	5193.000	5192.000	5192.000	530	2161	1
2026.07.08	12:41:00	5192.000	5193.000	5191.500	5192.500	828	6253	1
2026.07.08	12:42:00	5192.500	5193.500	5192.000	5193.000	413	2078	1
2026.07.08	12:43:00	5193.500	5194.000	5192.000	5193.500	569	2276	1
2026.07.08	12:44:00	5193.500	5194.000	5192.000	5192.500	318	1012	1
2026.07.08	12:45:00	5193.000	5193.500	5192.500	5193.000	307	1088	1
2026.07.08	12:46:00	5193.000	5195.000	5192.500	5193.500	806	3851	1
2026.07.08	12:47:00	5193.000	5195.000	5193.000	5195.000	678	3877	1
2026.07.08	12:48:00	5195.000	5196.000	5194.000	5194.000	971	4174	1
2026.07.08	12:49:00	5194.500	5195.000	5193.000	5193.500	629	1854	1
2026.07.08	12:50:00	5193.500	5194.500	5192.500	5193.500	618	4328	1
2026.07.08	12:51:00	5193.500	5193.500	5192.500	5192.500	463	1305	1
2026.07.08	12:52:00	5193.000	5193.500	5192.000	5193.000	362	1083	1
2026.07.08	12:53:00	5193.000	5193.500	5191.500	5193.000	678	2545	1
2026.07.08	12:54:00	5192.500	5193.000	5192.000	5192.500	282	739	1
2026.07.08	12:55:00	5192.500	5193.000	5192.000	5193.000	234	1051	1
2026.07.08	12:56:00	5193.000	5193.000	5192.000	5192.000	263	828	1
2026.07.08	12:57:00	5192.500	5192.500	5191.500	5192.000	234	919	1
2026.07.08	12:58:00	5192.500	5193.000	5191.500	5193.000	634	3585	1
2026.07.08	12:59:00	5192.500	5193.000	5191.500	5192.000	463	3062	1
2026.07.08	13:00:00	5192.000	5193.000	5191.000	5191.500	1571	16985	1
2026.07.08	13:01:00	5191.500	5192.500	5191.000	5192.000	574	2363	1
2026.07.08	13:02:00	5192.000	5193.000	5191.000	5192.000	1024	9102	1
2026.07.08	13:03:00	5192.500	5193.500	5191.500	5192.000	825	3422	1
2026.07.08	13:04:00	5192.000	5192.500	5191.500	5191.500	341	1690	1
2026.07.08	13:05:00	5192.000	5192.000	5190.500	5192.000	1005	5231	1
2026.07.08	13:06:00	5191.500	5192.000	5190.500	5190.500	452	2016	1
2026.07.08	13:07:00	5190.000	5192.000	5190.000	5191.500	492	2399	1
2026.07.08	13:08:00	5191.500	5192.500	5191.500	5192.000	216	636	1
2026.07.08	13:09:00	5192.000	5192.000	5191.000	5191.000	294	969	1
2026.07.08	13:10:00	5191.500	5191.500	5190.000	5191.000	641	2835	1
2026.07.08	13:11:00	5191.000	5191.000	5188.000	5189.000	2215	10796	1
2026.07.08	13:12:00	5189.500	5189.500	5188.000	5188.500	345	1226	1
2026.07.08	13:13:00	5189.000	5189.000	5188.000	5188.500	422	1844	1
2026.07.08	13:14:00	5188.000	5189.000	5188.000	5188.500	439	2153	1
2026.07.08	13:15:00	5188.000	5189.500	5188.000	5189.000	567	1716	1
2026.07.08	13:16:00	5189.000	5189.500	5188.500	5188.500	227	597	1
2026.07.08	13:17:00	5188.500	5189.000	5187.500	5187.500	536	3048	1
2026.07.08	13:18:00	5188.000	5188.500	5187.500	5187.500	526	2969	1
2026.07.08	13:19:00	5187.500	5188.500	5187.500	5188.000	458	2098	1
2026.07.08	13:20:00	5188.000	5188.500	5187.500	5188.000	362	1382	1
2026.07.08	13:21:00	5188.000	5188.500	5187.500	5188.500	379	1287	1
2026.07.08	13:22:00	5188.000	5189.000	5187.000	5188.500	1013	5909	1
2026.07.08	13:23:00	5188.500	5188.500	5187.500	5188.000	407	2406	1
2026.07.08	13:24:00	5188.500	5189.500	5188.000	5189.000	321	1761	1
2026.07.08	13:25:00	5189.500	5189.500	5188.500	5189.500	354	1735	1
2026.07.08	13:26:00	5189.000	5190.000	5189.000	5189.000	440	1722	1
2026.07.08	13:27:00	5189.000	5190.000	5187.000	5188.000	851	3295	1
2026.07.08	13:28:00	5188.000	5188.000	5186.500	5186.500	505	1839	1
2026.07.08	13:29:00	5187.000	5187.000	5185.500	5187.000	964	3890	1
2026.07.08	13:30:00	5187.000	5187.500	5186.000	5186.000	585	2090	1
2026.07.08	13:31:00	5186.000	5187.000	5185.000	5186.500	834	3917	1
2026.07.08	13:32:00	5186.000	5187.500	5186.000	5187.000	591	2006	1
2026.07.08	13:33:00	5187.000	5187.500	5186.500	5187.000	280	1166	1
2026.07.08	13:34:00	5187.000	5188.000	5186.500	5187.500	465	1936	1
2026.07.08	13:35:00	5187.500	5188.000	5185.000	5187.000	1475	5520	1
2026.07.08	13:36:00	5187.000	5190.000	5187.000	5189.000	1093	6310	1
2026.07.08	13:37:00	5189.000	5189.500	5188.000	5188.500	440	2478	1
2026.07.08	13:38:00	5189.000	5189.500	5188.500	5188.500	326	1297	1
2026.07.08	13:39:00	5189.000	5190.000	5186.500	5187.500	1436	8462	1
2026.07.08	13:40:00	5187.000	5188.500	5182.500	5184.500	3415	14049	1
2026.07.08	13:41:00	5185.000	5187.500	5184.000	5187.500	1175	4642	1
2026.07.08	13:42:00	5187.000	5187.500	5185.500	5186.000	490	1637	1
2026.07.08	13:43:00	5185.500	5187.000	5185.000	5185.500	348	2027	1
2026.07.08	13:44:00	5186.000	5186.000	5183.500	5184.500	598	1796	1
2026.07.08	13:45:00	5184.000	5185.000	5183.500	5184.000	626	4446	1
2026.07.08	13:46:00	5183.500	5185.000	5182.000	5182.500	1608	10125	1
2026.07.08	13:47:00	5182.500	5184.500	5182.000	5184.000	681	3157	1
2026.07.08	13:48:00	5183.500	5185.000	5183.000	5183.500	524	2113	1
2026.07.08	13:49:00	5183.000	5184.000	5182.500	5183.500	473	1729	1
2026.07.08	13:50:00	5183.000	5184.000	5182.500	5183.000	397	1321	1
2026.07.08	13:51:00	5183.000	5183.500	5182.500	5183.000	370	960	1
2026.07.08	13:52:00	5182.500	5183.500	5182.500	5183.500	252	764	1
2026.07.08	13:53:00	5183.500	5184.500	5183.000	5183.500	843	3133	1
2026.07.08	13:54:00	5184.000	5184.000	5182.500	5184.000	345	1601	1
2026.07.08	13:55:00	5183.500	5183.500	5181.000	5181.500	1362	7072	1
2026.07.08	13:56:00	5181.500	5182.000	5181.000	5181.500	387	2325	1
2026.07.08	13:57:00	5181.000	5182.500	5181.000	5182.500	447	1740	1
2026.07.08	13:58:00	5182.500	5182.500	5181.500	5182.500	231	971	1
2026.07.08	13:59:00	5182.500	5184.000	5182.000	5183.500	421	1587	1
2026.07.08	14:00:00	5184.000	5184.000	5183.000	5184.000	431	1241	1
2026.07.08	14:01:00	5183.500	5185.000	5183.000	5183.500	655	2767	1
2026.07.08	14:02:00	5184.000	5184.000	5182.000	5182.500	642	3224	1
2026.07.08	14:03:00	5182.500	5183.500	5182.000	5183.000	273	1464	1
2026.07.08	14:04:00	5182.500	5183.000	5182.500	5183.000	57	155	1
2026.07.08	14:05:00	5182.500	5183.500	5182.500	5183.500	271	1396	1
2026.07.08	14:06:00	5183.500	5183.500	5182.000	5183.000	474	2258	1
2026.07.08	14:07:00	5182.500	5183.000	5180.500	5181.000	1040	6166	1
2026.07.08	14:08:00	5181.000	5181.500	5180.000	5181.500	718	2796	1
2026.07.08	14:09:00	5181.000	5182.000	5181.000	5182.000	643	2680	1
2026.07.08	14:10:00	5181.500	5182.000	5181.000	5181.500	192	849	1
2026.07.08	14:11:00	5182.000	5184.000	5181.500	5182.500	1178	8445	1
2026.07.08	14:12:00	5183.000	5184.000	5182.500	5183.500	940	12400	1
2026.07.08	14:13:00	5183.500	5184.000	5182.500	5182.500	413	1851	1
2026.07.08	14:14:00	5183.000	5183.500	5182.000	5183.000	380	1959	1
2026.07.08	14:15:00	5183.500	5183.500	5182.000	5182.000	180	417	1
2026.07.08	14:16:00	5182.000	5182.500	5181.500	5181.500	314	1332	1
2026.07.08	14:17:00	5182.000	5182.000	5181.000	5181.500	395	2133	1
2026.07.08	14:18:00	5182.000	5182.500	5181.500	5182.000	242	1812	1
2026.07.08	14:19:00	5182.000	5182.500	5180.500	5181.000	403	2600	1
2026.07.08	14:20:00	5181.000	5181.000	5178.000	5178.000	2254	10286	1
2026.07.08	14:21:00	5178.500	5178.500	5175.000	5175.000	2532	14238	1
2026.07.08	14:22:00	5175.000	5177.000	5175.000	5177.000	980	4061	1
2026.07.08	14:23:00	5176.500	5177.500	5176.000	5177.500	656	2529	1
2026.07.08	14:24:00	5177.000	5178.000	5177.000	5178.000	527	3142	1
2026.07.08	14:25:00	5178.000	5178.500	5177.000	5178.000	772	6593	1
2026.07.08	14:26:00	5177.500	5178.500	5177.500	5178.500	370	1632	1
2026.07.08	14:27:00	5178.000	5178.500	5178.000	5178.000	172	684	1
2026.07.08	14:28:00	5178.000	5178.500	5177.000	5177.500	382	1318	1
2026.07.08	14:29:00	5178.000	5178.500	5177.000	5177.500	421	2344	1
2026.07.08	14:30:00	5177.500	5178.500	5177.000	5177.500	759	4050	1
2026.07.08	14:31:00	5178.000	5178.500	5177.500	5178.000	166	320	1
2026.07.08	14:32:00	5178.500	5178.500	5177.500	5178.000	675	6094	1
2026.07.08	14:33:00	5178.000	5178.500	5177.500	5178.000	410	2142	1
2026.07.08	14:34:00	5178.500	5178.500	5177.000	5177.500	334	2098	1
2026.07.08	14:35:00	5177.500	5178.000	5177.500	5178.000	279	1404	1
2026.07.08	14:36:00	5177.500	5178.500	5177.000	5178.500	560	2092	1
2026.07.08	14:37:00	5178.000	5178.500	5177.500	5178.500	418	1699	1
2026.07.08	14:38:00	5178.000	5178.500	5177.500	5178.000	807	5152	1
2026.07.08	14:39:00	5178.000	5179.000	5178.000	5178.000	407	1231	1
2026.07.08	14:40:00	5178.500	5179.500	5178.000	5179.500	719	3560	1
2026.07.08	14:41:00	5179.500	5180.000	5179.000	5180.000	552	3193	1
2026.07.08	14:42:00	5179.500	5181.000	5179.500	5180.000	963	4201	1
2026.07.08	14:43:00	5179.500	5180.500	5179.500	5180.000	261	760	1
2026.07.08	14:44:00	5180.000	5180.000	5179.000	5179.500	364	1650	1
2026.07.08	14:45:00	5179.500	5180.500	5179.000	5179.000	302	1230	1
2026.07.08	14:46:00	5179.000	5180.000	5178.500	5179.000	562	3269	1
2026.07.08	14:47:00	5179.000	5180.000	5179.000	5180.000	172	877	1
2026.07.08	14:48:00	5180.000	5181.500	5179.500	5181.000	969	5458	1
2026.07.08	14:49:00	5181.000	5182.500	5180.000	5182.000	1075	4857	1
2026.07.08	14:50:00	5181.500	5182.000	5180.500	5180.500	446	2273	1
2026.07.08	14:51:00	5181.000	5181.500	5180.500	5181.000	141	480	1
2026.07.08	14:52:00	5181.000	5181.500	5180.000	5180.000	320	982	1
2026.07.08	14:53:00	5180.000	5181.000	5179.500	5179.500	527	2163	1
2026.07.08	14:54:00	5180.000	5180.500	5179.500	5180.500	126	349	1
2026.07.08	14:55:00	5180.000	5181.000	5180.000	5181.000	300	2447	1
2026.07.08	14:56:00	5180.500	5180.500	5180.000	5180.500	94	200	1
2026.07.08	14:57:00	5180.500	5180.500	5179.500	5180.000	222	1801	1
2026.07.08	14:58:00	5180.000	5180.000	5179.000	5179.500	447	2495	1
2026.07.08	14:59:00	5180.000	5181.500	5179.500	5180.500	286	2116	1
2026.07.08	15:00:00	5181.000	5183.000	5178.500	5179.500	1388	6182	1
2026.07.08	15:01:00	5180.000	5180.500	5179.000	5179.000	404	1362	1
2026.07.08	15:02:00	5179.500	5180.000	5177.000	5179.500	1241	7187	1
2026.07.08	15:03:00	5179.500	5179.500	5178.500	5179.000	229	902	1
2026.07.08	15:04:00	5179.000	5180.000	5179.000	5179.000	317	1721	1
2026.07.08	15:05:00	5179.500	5180.000	5178.500	5179.000	416	2221	1
2026.07.08	15:06:00	5178.500	5179.500	5178.500	5178.500	397	1902	1
2026.07.08	15:07:00	5179.000	5179.000	5178.000	5179.000	356	3926	1
2026.07.08	15:08:00	5178.500	5178.500	5175.000	5175.500	1349	6187	1
2026.07.08	15:09:00	5175.500	5177.500	5175.500	5176.000	676	2598	1
2026.07.08	15:10:00	5175.500	5176.500	5173.000	5173.500	1690	10854	1
2026.07.08	15:11:00	5173.000	5174.000	5172.000	5173.500	1135	4911	1
2026.07.08	15:12:00	5173.000	5174.000	5172.500	5173.500	536	1512	1
2026.07.08	15:13:00	5173.500	5174.000	5173.000	5174.000	287	802	1
2026.07.08	15:14:00	5174.000	5174.000	5173.000	5173.500	309	867	1
2026.07.08	15:15:00	5174.000	5175.000	5173.500	5174.000	676	1942	1
2026.07.08	15:16:00	5173.500	5175.000	5173.500	5175.000	476	1625	1
2026.07.08	15:17:00	5175.000	5175.000	5174.000	5174.500	293	898	1
2026.07.08	15:18:00	5175.000	5175.500	5174.500	5175.000	562	2407	1
2026.07.08	15:19:00	5175.500	5176.000	5174.500	5175.500	640	3047	1
2026.07.08	15:20:00	5175.500	5177.000	5175.500	5175.500	530	1821	1
2026.07.08	15:21:00	5175.500	5177.500	5175.500	5177.000	1065	5498	1
2026.07.08	15:22:00	5177.000	5178.000	5175.500	5176.500	588	2108	1
2026.07.08	15:23:00	5176.500	5176.500	5175.500	5176.500	265	1888	1
2026.07.08	15:24:00	5176.500	5177.000	5176.000	5176.500	218	842	1
2026.07.08	15:25:00	5176.500	5178.000	5176.500	5177.500	422	1884	1
2026.07.08	15:26:00	5177.500	5177.500	5176.000	5176.500	440	1639	1
2026.07.08	15:27:00	5176.500	5177.500	5176.000	5176.500	205	717	1
2026.07.08	15:28:00	5176.500	5177.000	5176.000	5176.500	299	1290	1
2026.07.08	15:29:00	5176.500	5177.000	5176.000	5176.000	173	863	1
2026.07.08	15:30:00	5176.000	5177.500	5175.500	5177.000	451	2084	1
2026.07.08	15:31:00	5177.500	5178.000	5175.500	5177.000	428	2931	1
2026.07.08	15:32:00	5176.500	5177.000	5175.500	5176.000	284	1188	1
2026.07.08	15:33:00	5176.500	5177.000	5176.000	5177.000	289	917	1
2026.07.08	15:34:00	5177.000	5178.000	5176.500	5177.000	409	1112	1
2026.07.08	15:35:00	5177.500	5178.500	5176.000	5178.000	888	5440	1
2026.07.08	15:36:00	5178.500	5178.500	5177.000	5178.000	364	1383	1
2026.07.08	15:37:00	5177.500	5178.000	5176.000	5177.000	437	2276	1
2026.07.08	15:38:00	5177.000	5179.500	5177.000	5178.500	918	4461	1
2026.07.08	15:39:00	5178.500	5179.500	5177.500	5178.000	562	2543	1
2026.07.08	15:40:00	5178.500	5180.500	5178.000	5179.500	1058	3959	1
2026.07.08	15:41:00	5180.000	5180.500	5179.000	5179.500	462	1705	1
2026.07.08	15:42:00	5179.500	5180.500	5179.000	5180.000	251	739	1
2026.07.08	15:43:00	5179.500	5180.000	5179.500	5180.000	449	2430	1
2026.07.08	15:44:00	5179.500	5179.500	5178.000	5178.000	625	2358	1
2026.07.08	15:45:00	5178.000	5178.500	5177.000	5177.000	509	2200	1
2026.07.08	15:46:00	5177.000	5177.500	5175.500	5176.000	900	4288	1
2026.07.08	15:47:00	5176.000	5177.000	5175.500	5176.500	624	1841	1
2026.07.08	15:48:00	5176.500	5177.000	5176.000	5176.000	446	748	1
2026.07.08	15:49:00	5176.000	5176.500	5176.000	5176.000	170	726	1
2026.07.08	15:50:00	5176.000	5176.000	5175.000	5175.500	752	2173	1
2026.07.08	15:51:00	5175.500	5176.000	5174.500	5175.000	575	2281	1
2026.07.08	15:52:00	5174.500	5177.000	5174.000	5175.500	1523	10910	1
2026.07.08	15:53:00	5175.500	5176.000	5175.000	5176.000	795	7178	1
2026.07.08	15:54:00	5176.000	5176.500	5175.500	5175.500	538	1666	1
2026.07.08	15:55:00	5175.500	5177.000	5175.500	5177.000	1016	4132	1
2026.07.08	15:56:00	5177.500	5177.500	5176.000	5176.500	601	1798	1
2026.07.08	15:57:00	5176.000	5177.000	5176.000	5176.000	612	2344	1
2026.07.08	15:58:00	5176.000	5176.500	5175.500	5176.000	551	1578	1
2026.07.08	15:59:00	5176.000	5177.000	5176.000	5176.000	658	2249	1
2026.07.08	16:00:00	5176.500	5176.500	5174.000	5174.000	652	2711	1
2026.07.08	16:01:00	5174.000	5175.500	5174.000	5175.000	349	1311	1
2026.07.08	16:02:00	5175.500	5175.500	5174.500	5175.000	483	1453	1
2026.07.08	16:03:00	5175.000	5176.000	5175.000	5175.500	663	1479	1
2026.07.08	16:04:00	5176.000	5176.000	5175.000	5176.000	287	819	1
2026.07.08	16:05:00	5176.000	5177.000	5175.500	5177.000	518	3134	1
2026.07.08	16:06:00	5176.500	5178.000	5176.500	5177.000	702	2280	1
2026.07.08	16:07:00	5177.000	5177.000	5176.500	5176.500	215	780	1
2026.07.08	16:08:00	5176.500	5177.000	5175.500	5176.000	348	2321	1
2026.07.08	16:09:00	5176.500	5176.500	5175.500	5176.000	201	585	1
2026.07.08	16:10:00	5175.500	5176.500	5175.500	5176.000	144	413	1
2026.07.08	16:11:00	5176.500	5177.500	5176.000	5177.500	215	611	1
2026.07.08	16:12:00	5177.500	5177.500	5177.000	5177.000	135	546	1
2026.07.08	16:13:00	5177.500	5178.000	5177.000	5178.000	336	1181	1
2026.07.08	16:14:00	5177.500	5178.000	5177.000	5177.500	215	535	1
2026.07.08	16:15:00	5177.000	5177.500	5176.500	5177.000	121	513	1
2026.07.08	16:16:00	5177.000	5177.500	5177.000	5177.500	145	730	1
2026.07.08	16:17:00	5177.500	5177.500	5176.000	5176.000	185	996	1
2026.07.08	16:18:00	5176.000	5177.500	5176.000	5177.000	564	1242	1
2026.07.08	16:19:00	5177.500	5177.500	5176.500	5177.000	489	1072	1
2026.07.08	16:20:00	5176.500	5177.000	5176.500	5177.000	119	226	1
2026.07.08	16:21:00	5177.000	5177.000	5176.500	5177.000	145	359	1
2026.07.08	16:22:00	5176.500	5177.000	5176.500	5176.500	178	629	1
2026.07.08	16:23:00	5177.000	5177.000	5176.000	5177.000	189	752	1
2026.07.08	16:24:00	5177.000	5177.000	5175.000	5176.000	676	3486	1
2026.07.08	16:25:00	5175.500	5176.500	5175.000	5176.000	382	1771	1
2026.07.08	16:26:00	5175.500	5176.000	5175.500	5176.000	224	1055	1
2026.07.08	16:27:00	5176.000	5176.000	5175.500	5176.000	199	457	1
2026.07.08	16:28:00	5176.000	5176.000	5175.500	5176.000	256	991	1
2026.07.08	16:29:00	5176.000	5176.500	5175.000	5176.000	999	3164	1
2026.07.08	16:30:00	5176.000	5176.000	5175.500	5175.500	307	1393	1
2026.07.08	16:31:00	5176.000	5177.000	5175.500	5177.000	510	2190	1
2026.07.08	16:32:00	5177.000	5177.000	5176.000	5176.000	353	1905	1
2026.07.08	16:33:00	5176.000	5177.000	5176.000	5176.500	293	1731	1
2026.07.08	16:34:00	5176.500	5177.500	5176.500	5177.500	383	1632	1
2026.07.08	16:35:00	5177.000	5177.500	5176.500	5177.000	208	1436	1
2026.07.08	16:36:00	5177.000	5177.500	5176.500	5176.500	103	297	1
2026.07.08	16:37:00	5177.000	5177.000	5176.500	5176.500	194	595	1
2026.07.08	16:38:00	5176.500	5177.500	5176.500	5177.000	165	610	1
2026.07.08	16:39:00	5177.000	5177.500	5176.500	5177.000	206	398	1
2026.07.08	16:40:00	5177.000	5177.500	5176.500	5177.000	241	739	1
2026.07.08	16:41:00	5177.000	5177.500	5177.000	5177.000	140	680	1
2026.07.08	16:42:00	5176.500	5177.000	5176.000	5176.000	237	731	1
2026.07.08	16:43:00	5176.500	5176.500	5175.500	5175.500	598	3480	1
2026.07.08	16:44:00	5175.500	5176.500	5175.500	5176.000	262	732	1
2026.07.08	16:45:00	5176.000	5177.000	5176.000	5176.500	699	1770	1
2026.07.08	16:46:00	5176.500	5176.500	5176.000	5176.000	194	664	1
2026.07.08	16:47:00	5176.500	5179.500	5176.000	5178.500	1263	5310	1
2026.07.08	16:48:00	5178.500	5179.000	5176.500	5177.000	528	1466	1
2026.07.08	16:49:00	5176.500	5177.000	5176.000	5176.500	343	1861	1
2026.07.08	16:50:00	5176.500	5177.000	5175.500	5176.000	733	2527	1
2026.07.08	16:51:00	5175.500	5176.000	5175.000	5175.500	472	1746	1
2026.07.08	16:52:00	5175.500	5176.000	5175.000	5175.500	292	1311	1
2026.07.08	16:53:00	5175.000	5175.500	5175.000	5175.000	68	356	1
2026.07.08	16:54:00	5175.500	5175.500	5174.500	5175.000	582	2417	1
2026.07.08	16:55:00	5175.000	5176.000	5174.500	5175.000	405	1428	1
2026.07.08	16:56:00	5175.000	5176.500	5175.000	5175.500	293	1807	1
2026.07.08	16:57:00	5175.500	5177.000	5175.500	5176.500	344	2639	1
2026.07.08	16:58:00	5177.000	5177.500	5176.500	5177.500	451	2174	1
2026.07.08	16:59:00	5177.000	5178.000	5176.500	5177.500	461	2242	1
2026.07.08	17:00:00	5177.500	5178.500	5177.000	5178.000	464	2683	1
2026.07.08	17:01:00	5178.500	5179.000	5178.000	5179.000	430	1940	1
2026.07.08	17:02:00	5178.500	5179.000	5177.500	5177.500	306	1783	1
2026.07.08	17:03:00	5177.500	5179.500	5177.500	5178.500	415	1778	1
2026.07.08	17:04:00	5179.000	5179.000	5178.000	5178.000	176	584	1
2026.07.08	17:05:00	5178.500	5178.500	5177.000	5177.000	491	2235	1
2026.07.08	17:06:00	5177.000	5177.500	5176.000	5176.500	261	824	1
2026.07.08	17:07:00	5177.000	5178.000	5177.000	5177.500	185	1682	1
2026.07.08	17:08:00	5177.500	5178.000	5177.000	5178.000	149	984	1
2026.07.08	17:09:00	5177.500	5178.500	5177.500	5178.000	141	813	1
2026.07.08	17:10:00	5178.000	5178.500	5177.500	5178.000	141	708	1
2026.07.08	17:11:00	5178.000	5179.000	5177.000	5178.000	613	4049	1
2026.07.08	17:12:00	5178.000	5178.500	5177.000	5178.500	228	1791	1
2026.07.08	17:13:00	5178.000	5179.000	5177.500	5177.500	510	1678	1
2026.07.08	17:14:00	5178.000	5180.000	5178.000	5179.500	584	2159	1
2026.07.08	17:15:00	5180.000	5180.500	5179.000	5179.000	595	3363	1
2026.07.08	17:16:00	5179.000	5182.000	5179.000	5180.000	779	3696	1
2026.07.08	17:17:00	5180.000	5181.500	5180.000	5181.500	195	585	1
2026.07.08	17:18:00	5181.500	5181.500	5180.500	5181.000	260	1065	1
2026.07.08	17:19:00	5181.000	5181.500	5180.500	5180.500	172	609	1
2026.07.08	17:20:00	5180.500	5181.000	5180.000	5180.500	194	601	1
2026.07.08	17:21:00	5180.500	5180.500	5179.500	5180.000	185	1279	1
2026.07.08	17:22:00	5179.500	5180.500	5179.500	5180.500	102	810	1
2026.07.08	17:23:00	5180.500	5181.000	5180.000	5181.000	149	629	1
2026.07.08	17:24:00	5180.500	5181.000	5180.500	5180.500	44	255	1
2026.07.08	17:25:00	5180.500	5182.000	5180.500	5181.500	321	1871	1
2026.07.08	17:26:00	5181.500	5182.500	5181.000	5182.500	326	2185	1
2026.07.08	17:27:00	5182.500	5184.000	5182.000	5182.500	871	4850	1
2026.07.08	17:28:00	5182.500	5183.000	5182.000	5182.000	103	324	1
2026.07.08	17:29:00	5182.500	5183.500	5182.000	5182.500	190	787	1
2026.07.08	17:30:00	5182.500	5183.500	5182.000	5182.500	254	1838	1
2026.07.08	17:31:00	5182.500	5183.500	5182.500	5183.000	253	1341	1
2026.07.08	17:32:00	5183.000	5184.000	5183.000	5183.500	132	606	1
2026.07.08	17:33:00	5183.000	5184.000	5183.000	5183.000	289	1411	1
2026.07.08	17:34:00	5183.000	5184.000	5183.000	5184.000	82	490	1
2026.07.08	17:35:00	5184.000	5184.000	5183.500	5184.000	253	1307	1
2026.07.08	17:36:00	5184.000	5185.000	5183.500	5184.500	437	2213	1
2026.07.08	17:37:00	5184.500	5185.500	5184.000	5184.500	438	2991	1
2026.07.08	17:38:00	5184.500	5185.000	5184.000	5185.000	138	402	1
2026.07.08	17:39:00	5185.000	5185.000	5184.500	5185.000	262	1835	1
2026.07.08	17:40:00	5184.500	5185.500	5183.500	5184.000	538	2694	1
2026.07.08	17:41:00	5184.500	5185.000	5183.500	5184.500	194	1521	1
2026.07.08	17:42:00	5184.500	5184.500	5184.000	5184.000	107	880	1
2026.07.08	17:43:00	5184.000	5184.000	5183.000	5183.500	196	973	1
2026.07.08	17:44:00	5184.000	5185.000	5183.500	5184.500	145	934	1
2026.07.08	17:45:00	5185.000	5185.500	5184.500	5185.000	92	259	1
2026.07.08	17:46:00	5184.500	5185.000	5184.000	5184.500	150	994	1
2026.07.08	17:47:00	5184.500	5185.000	5184.000	5184.500	115	723	1
2026.07.08	17:48:00	5185.000	5185.000	5184.000	5184.500	121	288	1
2026.07.08	17:49:00	5184.000	5185.000	5184.000	5184.500	139	344	1
2026.07.08	17:50:00	5184.500	5185.500	5184.000	5184.500	280	2012	1
2026.07.08	17:51:00	5185.000	5185.000	5184.500	5185.000	94	355	1
2026.07.08	17:52:00	5184.500	5185.000	5183.500	5183.500	154	603	1
2026.07.08	17:53:00	5183.500	5184.000	5183.000	5183.500	100	471	1
2026.07.08	17:54:00	5183.500	5184.000	5183.000	5183.000	96	393	1
2026.07.08	17:55:00	5183.500	5183.500	5182.000	5182.000	372	1626	1
2026.07.08	17:56:00	5182.500	5182.500	5182.000	5182.000	197	1168	1
2026.07.08	17:57:00	5182.500	5183.000	5182.000	5182.500	262	1223	1
2026.07.08	17:58:00	5182.000	5182.500	5179.500	5180.500	748	4089	1
2026.07.08	17:59:00	5181.000	5181.500	5180.000	5181.000	297	1081	1
2026.07.08	18:00:00	5181.000	5181.000	5180.000	5180.500	161	824	1
2026.07.08	18:01:00	5181.000	5181.000	5180.000	5180.500	111	554	1
2026.07.08	18:02:00	5180.500	5180.500	5180.000	5180.500	41	78	1
2026.07.08	18:03:00	5180.500	5180.500	5180.000	5180.500	33	75	1
2026.07.08	18:04:00	5180.500	5180.500	5179.500	5180.000	132	583	1
2026.07.08	18:05:00	5180.000	5180.000	5179.500	5180.000	106	456	1
2026.07.08	18:06:00	5180.000	5180.000	5179.000	5179.500	81	318	1
2026.07.08	18:07:00	5180.000	5180.000	5179.500	5180.000	53	172	1
2026.07.08	18:08:00	5179.500	5180.000	5179.500	5180.000	31	61	1
2026.07.08	18:09:00	5179.500	5181.500	5179.500	5180.500	206	924	1
2026.07.08	18:10:00	5180.000	5180.500	5179.000	5179.500	152	621	1
2026.07.08	18:11:00	5179.500	5180.500	5179.000	5179.500	70	203	1
2026.07.08	18:12:00	5180.000	5180.000	5179.500	5179.500	41	172	1
2026.07.08	18:13:00	5179.500	5180.500	5179.500	5179.500	86	285	1
2026.07.08	18:14:00	5180.000	5180.000	5177.500	5178.500	433	1620	1
2026.07.08	18:15:00	5178.000	5179.500	5178.000	5178.500	834	2719	1
2026.07.08	18:16:00	5178.500	5180.000	5178.000	5179.500	289	847	1
2026.07.08	18:17:00	5179.500	5181.000	5179.500	5180.000	179	705	1
2026.07.08	18:18:00	5180.000	5181.000	5179.500	5180.500	246	1017	1
2026.07.08	18:19:00	5180.500	5181.000	5178.000	5179.500	286	1211	1
2026.07.08	18:20:00	5179.500	5179.500	5178.000	5179.500	224	1048	1
2026.07.08	18:21:00	5179.000	5180.000	5179.000	5179.500	119	366	1
2026.07.08	18:22:00	5180.000	5181.000	5179.500	5180.000	160	447	1
2026.07.08	18:23:00	5180.000	5180.500	5179.500	5180.000	188	675	1
2026.07.08	18:24:00	5180.000	5180.000	5179.000	5179.500	75	404	1
2026.07.08	18:25:00	5179.500	5180.500	5178.000	5179.500	552	1467	1
2026.07.08	18:26:00	5179.500	5181.000	5179.500	5180.500	97	467	1
2026.07.08	18:27:00	5180.500	5181.000	5180.000	5181.000	70	340	1
2026.07.08	18:28:00	5181.000	5181.000	5180.500	5181.000	181	314	1
2026.07.08	18:29:00	5181.000	5181.000	5179.500	5180.500	133	538	1
2026.07.09	09:00:00	5179.000	5180.500	5175.500	5178.000	2495	9438	1
2026.07.09	09:01:00	5178.000	5182.000	5177.000	5177.500	3411	9758	1
2026.07.09	09:02:00	5178.000	5179.000	5176.500	5178.000	1390	3583	1
2026.07.09	09:03:00	5177.500	5179.500	5176.500	5179.500	1586	4083	1
2026.07.09	09:04:00	5179.500	5179.500	5177.500	5178.500	961	3326	1
2026.07.09	09:05:00	5178.500	5180.500	5178.500	5179.500	936	2725	1
2026.07.09	09:06:00	5179.000	5182.000	5178.000	5178.000	2474	11217	1
2026.07.09	09:07:00	5178.500	5179.000	5176.500	5177.000	985	3059	1
2026.07.09	09:08:00	5177.000	5177.500	5174.000	5175.000	2213	7144	1
2026.07.09	09:09:00	5174.500	5175.500	5173.500	5174.500	1765	9730	1
2026.07.09	09:10:00	5174.500	5176.000	5173.500	5176.000	1686	7170	1
2026.07.09	09:11:00	5176.000	5176.000	5173.500	5175.000	1058	4050	1
2026.07.09	09:12:00	5175.000	5175.500	5173.000	5174.000	1172	5083	1
2026.07.09	09:13:00	5174.500	5175.500	5174.000	5175.000	554	1790	1
2026.07.09	09:14:00	5175.500	5177.000	5175.000	5176.000	1461	5261	1
2026.07.09	09:15:00	5176.500	5177.000	5172.500	5172.500	2168	7969	1
2026.07.09	09:16:00	5173.000	5174.500	5172.500	5173.500	976	3096	1
2026.07.09	09:17:00	5173.500	5174.000	5172.000	5172.500	1019	3648	1
2026.07.09	09:18:00	5172.500	5173.000	5171.000	5171.000	997	3278	1
2026.07.09	09:19:00	5171.500	5172.000	5169.500	5169.500	2157	7783	1
2026.07.09	09:20:00	5169.500	5171.500	5169.500	5171.000	1135	4128	1
2026.07.09	09:21:00	5171.500	5171.500	5169.000	5169.500	1369	5020	1
2026.07.09	09:22:00	5170.000	5172.000	5169.500	5172.000	1223	5488	1
2026.07.09	09:23:00	5171.500	5171.500	5169.000	5169.500	903	4374	1
2026.07.09	09:24:00	5170.000	5170.500	5169.000	5169.000	429	1837	1
2026.07.09	09:25:00	5169.500	5169.500	5166.500	5168.000	2638	8375	1
2026.07.09	09:26:00	5168.000	5169.000	5167.000	5168.000	1062	3958	1
2026.07.09	09:27:00	5168.500	5169.000	5168.000	5168.500	554	3023	1
2026.07.09	09:28:00	5169.000	5169.000	5167.500	5168.500	384	1503	1
2026.07.09	09:29:00	5168.500	5170.500	5168.000	5170.500	1180	5064	1
2026.07.09	09:30:00	5170.000	5170.500	5169.000	5169.500	971	3908	1
2026.07.09	09:31:00	5169.500	5170.000	5168.500	5170.000	647	2430	1
2026.07.09	09:32:00	5170.000	5173.000	5169.500	5172.500	2053	7148	1
2026.07.09	09:33:00	5173.000	5175.000	5172.500	5174.500	2145	6043	1
2026.07.09	09:34:00	5174.500	5176.500	5173.500	5173.500	1964	7039	1
2026.07.09	09:35:00	5173.500	5175.000	5173.000	5175.000	896	2920	1
2026.07.09	09:36:00	5175.000	5175.500	5173.500	5173.500	813	3463	1
2026.07.09	09:37:00	5173.500	5176.000	5173.500	5175.000	1031	4900	1
2026.07.09	09:38:00	5175.000	5176.500	5174.500	5175.500	918	3927	1
2026.07.09	09:39:00	5175.500	5178.000	5175.500	5176.000	1624	5939	1
2026.07.09	09:40:00	5176.500	5177.000	5175.500	5177.000	486	1765	1
2026.07.09	09:41:00	5176.500	5177.000	5176.000	5177.000	539	2989	1
2026.07.09	09:42:00	5177.000	5178.000	5175.000	5177.500	985	3206	1
2026.07.09	09:43:00	5178.000	5180.000	5177.500	5179.500	1539	5052	1
2026.07.09	09:44:00	5179.000	5179.500	5176.500	5176.500	1419	6141	1
2026.07.09	09:45:00	5176.500	5178.500	5176.500	5177.500	438	2082	1
2026.07.09	09:46:00	5178.000	5179.500	5178.000	5179.000	501	2438	1
2026.07.09	09:47:00	5179.500	5181.000	5178.500	5179.500	1984	11731	1
2026.07.09	09:48:00	5180.000	5180.500	5177.500	5179.500	1555	6489	1
2026.07.09	09:49:00	5179.500	5182.000	5179.000	5182.000	1634	5896	1
2026.07.09	09:50:00	5182.000	5183.000	5181.000	5182.000	1727	6019	1
2026.07.09	09:51:00	5181.500	5182.000	5180.500	5181.000	1300	6790	1
2026.07.09	09:52:00	5180.500	5181.000	5179.000	5180.000	1159	4950	1
2026.07.09	09:53:00	5179.500	5180.500	5179.000	5179.500	522	1264	1
2026.07.09	09:54:00	5179.500	5180.500	5179.000	5179.000	408	1510	1
2026.07.09	09:55:00	5179.500	5180.000	5177.500	5179.500	1265	4417	1
2026.07.09	09:56:00	5179.500	5181.500	5179.000	5181.000	1307	7942	1
2026.07.09	09:57:00	5181.500	5184.500	5181.500	5183.500	2559	8846	1
2026.07.09	09:58:00	5183.000	5185.000	5182.500	5185.000	1227	4820	1
2026.07.09	09:59:00	5184.500	5185.000	5183.000	5183.500	942	2897	1
2026.07.09	10:00:00	5184.000	5184.000	5179.500	5179.500	2278	9592	1
2026.07.09	10:01:00	5180.000	5181.000	5179.000	5179.000	1200	4165	1
2026.07.09	10:02:00	5179.000	5179.500	5177.000	5177.500	1562	4491	1
2026.07.09	10:03:00	5177.000	5178.000	5175.000	5175.500	2071	7466	1
2026.07.09	10:04:00	5175.000	5177.000	5175.000	5175.500	1565	5636	1
2026.07.09	10:05:00	5175.000	5176.000	5174.500	5176.000	1234	4481	1
2026.07.09	10:06:00	5175.500	5177.500	5175.500	5176.500	1036	4512	1
2026.07.09	10:07:00	5176.500	5178.500	5175.500	5176.500	1362	6617	1
2026.07.09	10:08:00	5176.500	5177.000	5175.000	5176.500	695	4940	1
2026.07.09	10:09:00	5176.000	5177.500	5176.000	5177.000	501	2319	1
2026.07.09	10:10:00	5176.500	5177.500	5176.500	5176.500	251	586	1
2026.07.09	10:11:00	5176.500	5177.500	5175.500	5177.000	912	4581	1
2026.07.09	10:12:00	5177.000	5177.500	5174.000	5175.000	1549	5761	1
2026.07.09	10:13:00	5175.000	5177.500	5174.500	5176.000	1541	6437	1
2026.07.09	10:14:00	5176.000	5176.500	5174.500	5175.000	731	3503	1
2026.07.09	10:15:00	5175.500	5177.500	5175.000	5177.000	884	3381	1
2026.07.09	10:16:00	5177.000	5177.000	5175.000	5176.500	708	3290	1
2026.07.09	10:17:00	5176.000	5176.500	5174.000	5176.000	1034	3976	1
2026.07.09	10:18:00	5176.000	5177.000	5175.500	5176.500	583	1659	1
2026.07.09	10:19:00	5176.500	5177.500	5176.000	5176.000	538	2405	1
2026.07.09	10:20:00	5176.500	5177.000	5176.000	5176.000	217	484	1
2026.07.09	10:21:00	5176.500	5176.500	5174.500	5175.500	620	2022	1
2026.07.09	10:22:00	5175.500	5176.000	5174.000	5174.500	610	1914	1
2026.07.09	10:23:00	5174.500	5174.500	5173.000	5173.500	1326	4519	1
2026.07.09	10:24:00	5174.000	5175.500	5173.000	5174.500	1351	4616	1
2026.07.09	10:25:00	5174.500	5175.500	5173.000	5175.000	1223	5989	1
2026.07.09	10:26:00	5175.000	5176.500	5174.000	5175.000	802	3232	1
2026.07.09	10:27:00	5174.500	5175.500	5174.000	5175.500	445	3457	1
2026.07.09	10:28:00	5175.500	5175.500	5173.000	5173.500	657	3079	1
2026.07.09	10:29:00	5174.000	5175.000	5173.000	5174.000	353	1006	1
2026.07.09	10:30:00	5173.500	5175.500	5172.500	5172.500	1464	5365	1
2026.07.09	10:31:00	5172.500	5176.500	5172.500	5176.500	1553	5400	1
2026.07.09	10:32:00	5176.500	5177.000	5174.500	5175.500	1221	3662	1
2026.07.09	10:33:00	5175.000	5176.500	5174.500	5174.500	571	1397	1
2026.07.09	10:34:00	5174.500	5175.000	5174.000	5175.000	563	1404	1
2026.07.09	10:35:00	5175.000	5176.000	5174.500	5176.000	488	1207	1
2026.07.09	10:36:00	5176.000	5176.000	5173.000	5173.000	720	1908	1
2026.07.09	10:37:00	5173.000	5175.000	5173.000	5175.000	390	939	1
2026.07.09	10:38:00	5174.500	5175.000	5172.500	5174.000	659	2020	1
2026.07.09	10:39:00	5174.500	5175.000	5173.500	5174.500	339	622	1
2026.07.09	10:40:00	5174.500	5175.000	5171.000	5171.000	1671	5947	1
2026.07.09	10:41:00	5171.000	5172.500	5170.500	5171.000	1499	5772	1
2026.07.09	10:42:00	5171.500	5171.500	5168.000	5169.000	2787	11832	1
2026.07.09	10:43:00	5169.500	5171.500	5169.000	5171.000	1534	6317	1
2026.07.09	10:44:00	5170.500	5172.000	5170.500	5171.000	864	3976	1
2026.07.09	10:45:00	5171.000	5173.000	5171.000	5172.500	1123	4661	1
2026.07.09	10:46:00	5172.500	5172.500	5171.000	5171.500	638	2173	1
2026.07.09	10:47:00	5171.500	5173.500	5171.000	5173.000	1215	6019	1
2026.07.09	10:48:00	5173.500	5174.500	5172.500	5174.000	761	3164	1
2026.07.09	10:49:00	5174.000	5175.000	5173.000	5173.500	1031	4361	1
2026.07.09	10:50:00	5173.000	5176.000	5173.000	5174.500	1179	3198	1
2026.07.09	10:51:00	5174.500	5175.000	5172.000	5172.500	893	3159	1
2026.07.09	10:52:00	5172.500	5173.500	5171.500	5172.000	837	4172	1
2026.07.09	10:53:00	5171.500	5172.500	5171.000	5172.500	655	2067	1
2026.07.09	10:54:00	5172.000	5175.000	5171.500	5174.000	896	3268	1
2026.07.09	10:55:00	5173.500	5174.000	5172.000	5172.500	559	2388	1
2026.07.09	10:56:00	5173.000	5173.500	5172.500	5172.500	507	2689	1
2026.07.09	10:57:00	5173.000	5173.000	5170.500	5170.500	1033	4421	1
2026.07.09	10:58:00	5170.500	5172.000	5170.500	5171.500	450	1400	1
2026.07.09	10:59:00	5171.500	5172.000	5169.000	5169.000	903	3947	1
2026.07.09	11:00:00	5169.000	5170.500	5167.500	5168.000	1874	8780	1
2026.07.09	11:01:00	5168.000	5169.000	5167.000	5168.000	1058	3135	1
2026.07.09	11:02:00	5167.500	5168.000	5166.000	5167.000	1584	6374	1
2026.07.09	11:03:00	5167.500	5167.500	5165.500	5165.500	1203	4268	1
2026.07.09	11:04:00	5166.000	5166.500	5162.000	5162.500	3564	16096	1
2026.07.09	11:05:00	5162.500	5163.000	5161.500	5162.000	1574	5504	1
2026.07.09	11:06:00	5162.500	5162.500	5159.500	5161.000	3035	13982	1
2026.07.09	11:07:00	5161.000	5163.000	5159.500	5162.500	1745	5746	1
2026.07.09	11:08:00	5162.500	5163.000	5160.500	5161.000	1513	5577	1
2026.07.09	11:09:00	5160.500	5163.000	5160.500	5162.500	828	2629	1
2026.07.09	11:10:00	5162.500	5164.000	5162.000	5163.000	1588	6364	1
2026.07.09	11:11:00	5162.500	5163.500	5161.500	5163.000	935	3774	1
2026.07.09	11:12:00	5163.000	5163.500	5162.500	5163.000	891	4201	1
2026.07.09	11:13:00	5163.500	5163.500	5162.500	5163.000	613	3078	1
2026.07.09	11:14:00	5163.500	5165.000	5163.000	5165.000	1222	3858	1
2026.07.09	11:15:00	5165.000	5167.500	5164.500	5167.000	2397	9537	1
2026.07.09	11:16:00	5166.500	5167.000	5164.500	5164.500	1221	3655	1
2026.07.09	11:17:00	5164.500	5165.000	5162.500	5164.000	1471	4894	1
2026.07.09	11:18:00	5164.500	5164.500	5162.500	5163.000	683	2470	1
2026.07.09	11:19:00	5162.500	5163.500	5161.500	5163.000	1098	4198	1
2026.07.09	11:20:00	5163.000	5164.500	5162.000	5164.000	810	3180	1
2026.07.09	11:21:00	5163.500	5165.000	5162.500	5163.000	780	3849	1
2026.07.09	11:22:00	5163.000	5164.000	5162.000	5162.000	649	2335	1
2026.07.09	11:23:00	5162.500	5163.000	5160.000	5160.500	1544	6267	1
2026.07.09	11:24:00	5160.500	5160.500	5156.000	5156.500	3980	17200	1
2026.07.09	11:25:00	5156.500	5157.000	5154.500	5155.500	2863	12650	1
2026.07.09	11:26:00	5155.000	5156.000	5154.000	5156.000	1496	5803	1
2026.07.09	11:27:00	5156.500	5157.000	5155.000	5156.500	1373	5757	1
2026.07.09	11:28:00	5156.500	5157.000	5155.500	5156.000	806	3232	1
2026.07.09	11:29:00	5155.500	5157.000	5155.500	5156.000	574	2101	1
2026.07.09	11:30:00	5156.000	5157.000	5156.000	5156.500	554	1588	1
2026.07.09	11:31:00	5157.000	5157.500	5156.000	5157.500	1209	4822	1
2026.07.09	11:32:00	5157.500	5158.500	5156.500	5157.500	1044	5769	1
2026.07.09	11:33:00	5157.000	5157.500	5156.500	5157.000	663	3218	1
2026.07.09	11:34:00	5157.000	5157.000	5153.500	5154.000	1761	7477	1
2026.07.09	11:35:00	5153.500	5155.000	5153.500	5155.000	1247	3964	1
2026.07.09	11:36:00	5154.500	5155.500	5154.500	5155.500	834	3469	1
2026.07.09	11:37:00	5155.000	5157.000	5155.000	5156.500	790	2604	1
2026.07.09	11:38:00	5156.500	5158.000	5156.500	5157.500	931	4436	1
2026.07.09	11:39:00	5157.000	5157.500	5156.500	5157.000	442	1262	1
2026.07.09	11:40:00	5156.500	5158.000	5156.000	5157.000	721	3383	1
2026.07.09	11:41:00	5157.500	5157.500	5156.000	5156.500	747	4368	1
2026.07.09	11:42:00	5156.500	5158.000	5156.500	5157.500	617	2754	1
2026.07.09	11:43:00	5157.500	5157.500	5156.500	5157.000	403	1793	1
2026.07.09	11:44:00	5156.500	5157.000	5156.000	5156.000	359	1206	1
2026.07.09	11:45:00	5156.000	5157.000	5155.500	5157.000	413	1263	1
2026.07.09	11:46:00	5157.000	5157.000	5155.500	5156.000	372	1294	1
2026.07.09	11:47:00	5156.000	5157.500	5156.000	5156.500	453	1251	1
2026.07.09	11:48:00	5156.500	5156.500	5154.500	5155.000	502	1940	1
2026.07.09	11:49:00	5154.500	5155.500	5153.500	5154.000	645	2659	1
2026.07.09	11:50:00	5154.500	5155.000	5152.500	5153.500	1376	5413	1
2026.07.09	11:51:00	5153.500	5155.000	5152.500	5155.000	715	3493	1
2026.07.09	11:52:00	5155.500	5155.500	5153.500	5154.000	449	1809	1
2026.07.09	11:53:00	5154.000	5154.000	5152.500	5152.500	699	3578	1
2026.07.09	11:54:00	5153.000	5153.000	5151.000	5151.500	1751	9060	1
2026.07.09	11:55:00	5151.500	5152.500	5151.000	5151.500	1055	3588	1
2026.07.09	11:56:00	5152.000	5152.000	5150.000	5150.500	1254	6380	1
2026.07.09	11:57:00	5151.000	5152.500	5150.500	5152.000	835	4346	1
2026.07.09	11:58:00	5152.000	5153.000	5151.000	5151.500	1125	7391	1
2026.07.09	11:59:00	5152.000	5152.000	5150.000	5151.000	1128	5937	1
2026.07.09	12:00:00	5150.500	5152.500	5150.000	5152.000	922	6166	1
2026.07.09	12:01:00	5152.000	5153.500	5151.500	5152.000	1402	6969	1
2026.07.09	12:02:00	5151.500	5153.500	5151.500	5152.500	798	5166	1
2026.07.09	12:03:00	5153.000	5154.500	5152.500	5153.500	1105	6174	1
2026.07.09	12:04:00	5154.000	5154.000	5153.000	5154.000	418	1408	1
2026.07.09	12:05:00	5154.000	5154.500	5153.000	5154.500	598	3711	1
2026.07.09	12:06:00	5154.000	5154.500	5150.000	5150.500	1461	8403	1
2026.07.09	12:07:00	5150.000	5151.000	5150.000	5150.000	487	2181	1
2026.07.09	12:08:00	5150.500	5151.500	5148.500	5149.500	1858	11171	1
2026.07.09	12:09:00	5150.000	5150.500	5149.000	5150.000	931	5754	1
2026.07.09	12:10:00	5150.000	5150.500	5148.000	5148.500	1499	8861	1
2026.07.09	12:11:00	5149.000	5149.000	5148.000	5148.500	579	2972	1
2026.07.09	12:12:00	5148.500	5150.000	5148.500	5150.000	646	2746	1
2026.07.09	12:13:00	5150.000	5151.500	5149.500	5151.500	879	4115	1
2026.07.09	12:14:00	5151.000	5152.500	5151.000	5152.000	1323	7377	1
2026.07.09	12:15:00	5152.500	5152.500	5151.000	5151.500	1035	5291	1
2026.07.09	12:16:00	5151.000	5151.500	5150.000	5151.000	928	4283	1
2026.07.09	12:17:00	5151.500	5152.500	5151.000	5152.000	570	1894	1
2026.07.09	12:18:00	5152.000	5152.500	5151.500	5152.500	528	1943	1
2026.07.09	12:19:00	5152.000	5153.000	5152.000	5153.000	572	4191	1
2026.07.09	12:20:00	5152.500	5153.000	5152.000	5152.000	622	2655	1
2026.07.09	12:21:00	5152.000	5153.000	5152.000	5153.000	205	489	1
2026.07.09	12:22:00	5153.000	5153.000	5151.000	5151.500	749	3165	1
2026.07.09	12:23:00	5151.000	5152.500	5151.000	5152.500	270	1201	1
2026.07.09	12:24:00	5152.500	5153.000	5152.000	5153.000	527	2959	1
2026.07.09	12:25:00	5153.000	5153.000	5152.500	5153.000	289	877	1
2026.07.09	12:26:00	5152.500	5153.000	5151.500	5152.000	369	904	1
2026.07.09	12:27:00	5152.000	5153.500	5151.500	5153.000	708	3254	1
2026.07.09	12:28:00	5153.000	5153.500	5152.000	5152.500	431	1796	1
2026.07.09	12:29:00	5152.500	5153.000	5152.000	5152.500	157	302	1
2026.07.09	12:30:00	5152.500	5153.500	5152.000	5153.500	260	1283	1
2026.07.09	12:31:00	5153.500	5153.500	5152.000	5153.000	345	1362	1
2026.07.09	12:32:00	5153.000	5153.500	5152.000	5152.500	369	1703	1
2026.07.09	12:33:00	5152.000	5153.000	5152.000	5152.000	245	891	1
2026.07.09	12:34:00	5152.000	5153.000	5152.000	5153.000	191	1044	1
2026.07.09	12:35:00	5152.500	5153.500	5152.500	5153.500	229	650	1
2026.07.09	12:36:00	5153.500	5153.500	5152.500	5152.500	209	785	1
2026.07.09	12:37:00	5153.000	5154.000	5152.500	5154.000	306	1320	1
2026.07.09	12:38:00	5154.000	5154.000	5153.000	5153.500	453	2072	1
2026.07.09	12:39:00	5153.000	5154.000	5153.000	5153.500	390	1834	1
2026.07.09	12:40:00	5153.500	5154.000	5152.500	5153.000	428	2510	1
2026.07.09	12:41:00	5152.500	5154.000	5152.500	5153.000	319	1828	1
2026.07.09	12:42:00	5153.000	5154.500	5152.500	5154.000	687	5278	1
2026.07.09	12:43:00	5153.500	5154.000	5152.000	5152.500	621	3846	1
2026.07.09	12:44:00	5152.500	5153.500	5152.000	5153.000	427	2564	1
2026.07.09	12:45:00	5153.000	5153.000	5152.000	5152.000	339	2112	1
2026.07.09	12:46:00	5152.000	5153.000	5151.500	5152.000	607	2980	1
2026.07.09	12:47:00	5152.000	5152.500	5151.500	5151.500	358	2050	1
2026.07.09	12:48:00	5151.500	5152.000	5150.500	5151.000	726	4080	1
2026.07.09	12:49:00	5151.000	5151.000	5149.500	5150.500	771	3771	1
2026.07.09	12:50:00	5150.000	5150.500	5149.500	5150.000	335	1324	1
2026.07.09	12:51:00	5150.500	5151.000	5150.000	5150.000	322	1586	1
2026.07.09	12:52:00	5150.500	5150.500	5149.000	5150.000	576	1627	1
2026.07.09	12:53:00	5150.000	5150.500	5149.500	5150.000	311	1217	1
2026.07.09	12:54:00	5150.500	5150.500	5149.500	5150.000	231	617	1
2026.07.09	12:55:00	5150.000	5150.000	5149.500	5150.000	187	347	1
2026.07.09	12:56:00	5149.500	5150.000	5149.000	5149.000	281	854	1
2026.07.09	12:57:00	5149.500	5150.500	5149.000	5150.000	350	1018	1
2026.07.09	12:58:00	5149.500	5150.000	5149.000	5149.500	223	921	1
2026.07.09	12:59:00	5150.000	5150.000	5149.500	5149.500	154	371	1
2026.07.09	13:00:00	5150.000	5150.000	5149.500	5149.500	199	429	1
2026.07.09	13:01:00	5149.500	5150.000	5148.500	5149.000	646	3039	1
2026.07.09	13:02:00	5149.000	5150.500	5149.000	5150.000	582	4181	1
2026.07.09	13:03:00	5150.000	5150.500	5149.500	5149.500	358	1486	1
2026.07.09	13:04:00	5150.000	5150.000	5149.500	5149.500	142	384	1
2026.07.09	13:05:00	5150.000	5150.000	5149.000	5149.500	395	2172	1
2026.07.09	13:06:00	5149.000	5150.000	5149.000	5149.500	388	1174	1
2026.07.09	13:07:00	5149.000	5149.500	5148.500	5148.500	523	1989	1
2026.07.09	13:08:00	5148.500	5149.000	5148.000	5148.000	680	2647	1
2026.07.09	13:09:00	5148.000	5148.500	5147.000	5147.500	967	3472	1
2026.07.09	13:10:00	5147.000	5147.500	5146.000	5146.500	1182	4851	1
2026.07.09	13:11:00	5146.500	5147.500	5146.500	5147.500	442	1204	1
2026.07.09	13:12:00	5147.000	5147.500	5146.500	5146.500	338	918	1
2026.07.09	13:13:00	5146.500	5147.000	5145.000	5145.500	1792	10696	1
2026.07.09	13:14:00	5145.500	5145.500	5144.000	5144.500	919	4568	1
2026.07.09	13:15:00	5145.000	5145.000	5144.500	5144.500	510	1305	1
2026.07.09	13:16:00	5145.000	5146.000	5144.500	5146.000	702	4223	1
2026.07.09	13:17:00	5146.000	5146.000	5145.000	5145.500	458	2139	1
2026.07.09	13:18:00	5145.500	5147.500	5145.500	5147.000	831	3545	1
2026.07.09	13:19:00	5147.500	5147.500	5146.000	5147.000	511	4053	1
2026.07.09	13:20:00	5147.000	5149.000	5146.500	5149.000	861	3281	1
2026.07.09	13:21:00	5148.500	5149.000	5147.500	5147.500	340	2540	1
2026.07.09	13:22:00	5147.500	5149.500	5147.500	5148.500	559	2080	1
2026.07.09	13:23:00	5149.000	5149.000	5148.500	5149.000	310	2403	1
2026.07.09	13:24:00	5148.500	5149.000	5148.000	5148.500	302	2452	1
2026.07.09	13:25:00	5149.000	5149.500	5148.500	5149.500	250	1048	1
2026.07.09	13:26:00	5149.000	5150.000	5149.000	5149.500	536	2636	1
2026.07.09	13:27:00	5150.000	5150.000	5149.000	5149.500	218	1010	1
2026.07.09	13:28:00	5149.500	5149.500	5148.500	5148.500	222	622	1
2026.07.09	13:29:00	5148.500	5149.000	5148.000	5148.500	389	1480	1
2026.07.09	13:30:00	5149.000	5149.500	5147.500	5147.500	745	4904	1
2026.07.09	13:31:00	5147.500	5148.000	5147.500	5147.500	98	350	1
2026.07.09	13:32:00	5148.000	5148.000	5146.500	5147.500	508	2340	1
2026.07.09	13:33:00	5148.000	5148.000	5146.500	5148.000	638	5378	1
2026.07.09	13:34:00	5148.000	5149.000	5147.500	5148.500	340	1632	1
2026.07.09	13:35:00	5149.000	5149.500	5148.500	5149.000	374	2330	1
2026.07.09	13:36:00	5149.000	5150.000	5148.500	5150.000	588	3487	1
2026.07.09	13:37:00	5150.000	5150.500	5149.000	5149.500	459	3024	1
2026.07.09	13:38:00	5149.000	5150.000	5149.000	5149.500	380	1621	1
2026.07.09	13:39:00	5150.000	5150.000	5149.000	5150.000	300	1780	1
2026.07.09	13:40:00	5150.000	5150.000	5149.500	5149.500	244	1991	1
2026.07.09	13:41:00	5150.000	5150.500	5149.500	5150.000	250	903	1
2026.07.09	13:42:00	5149.500	5150.500	5149.500	5150.000	187	450	1
2026.07.09	13:43:00	5150.000	5150.000	5149.500	5150.000	52	148	1
2026.07.09	13:44:00	5150.000	5150.000	5149.500	5149.500	135	268	1
2026.07.09	13:45:00	5149.500	5150.000	5149.000	5149.000	279	1303	1
2026.07.09	13:46:00	5149.000	5150.500	5149.000	5149.500	591	3078	1
2026.07.09	13:47:00	5149.500	5150.000	5149.000	5150.000	178	518	1
2026.07.09	13:48:00	5149.500	5151.000	5149.500	5150.000	563	2711	1
2026.07.09	13:49:00	5150.500	5152.000	5150.000	5151.000	1300	6513	1
2026.07.09	13:50:00	5151.000	5151.000	5150.500	5150.500	115	255	1
2026.07.09	13:51:00	5150.500	5150.500	5148.000	5149.000	954	5296	1
2026.07.09	13:52:00	5149.000	5149.000	5147.500	5148.000	523	1897	1
2026.07.09	13:53:00	5148.500	5148.500	5147.500	5148.000	233	1002	1
2026.07.09	13:54:00	5147.500	5148.500	5147.500	5148.500	266	1287	1
2026.07.09	13:55:00	5148.500	5149.000	5148.000	5149.000	322	1086	1
2026.07.09	13:56:00	5149.000	5149.000	5148.000	5148.000	132	550	1
2026.07.09	13:57:00	5148.500	5148.500	5148.000	5148.000	201	890	1
2026.07.09	13:58:00	5148.000	5148.500	5148.000	5148.000	190	827	1
2026.07.09	13:59:00	5148.000	5149.000	5148.000	5148.500	285	1055	1
2026.07.09	14:00:00	5148.500	5149.000	5148.000	5148.500	141	342	1
2026.07.09	14:01:00	5148.000	5149.000	5148.000	5148.000	189	578	1
2026.07.09	14:02:00	5148.000	5149.000	5148.000	5148.500	174	710	1
2026.07.09	14:03:00	5148.500	5148.500	5147.500	5147.500	189	794	1
2026.07.09	14:04:00	5148.000	5148.500	5147.500	5148.000	373	2599	1
2026.07.09	14:05:00	5148.000	5148.000	5146.500	5146.500	524	2037	1
2026.07.09	14:06:00	5147.000	5148.000	5146.500	5147.500	284	1168	1
2026.07.09	14:07:00	5147.000	5149.000	5147.000	5149.000	576	5139	1
2026.07.09	14:08:00	5149.000	5150.000	5149.000	5149.500	650	3018	1
2026.07.09	14:09:00	5149.500	5149.500	5148.500	5149.500	225	608	1
2026.07.09	14:10:00	5149.000	5149.500	5148.500	5149.500	197	762	1
2026.07.09	14:11:00	5149.500	5149.500	5148.500	5149.000	109	371	1
2026.07.09	14:12:00	5149.000	5149.500	5148.500	5149.000	180	871	1
2026.07.09	14:13:00	5149.000	5149.000	5148.500	5148.500	125	1000	1
2026.07.09	14:14:00	5149.000	5149.000	5148.500	5149.000	86	278	1
2026.07.09	14:15:00	5149.000	5149.500	5148.500	5149.000	206	1049	1
2026.07.09	14:16:00	5149.000	5149.500	5148.500	5148.500	241	1627	1
2026.07.09	14:17:00	5148.500	5149.500	5148.500	5149.000	94	342	1
2026.07.09	14:18:00	5149.000	5149.000	5148.500	5148.500	138	1268	1
2026.07.09	14:19:00	5148.500	5149.000	5148.500	5148.500	73	469	1
2026.07.09	14:20:00	5148.500	5148.500	5146.500	5148.500	1045	6413	1
2026.07.09	14:21:00	5148.000	5149.500	5148.000	5148.500	549	4339	1
2026.07.09	14:22:00	5149.000	5149.000	5148.000	5148.500	138	663	1
2026.07.09	14:23:00	5148.500	5148.500	5147.500	5148.000	165	645	1
2026.07.09	14:24:00	5147.500	5148.000	5147.000	5147.500	186	493	1
2026.07.09	14:25:00	5147.000	5148.000	5146.500	5146.500	357	1548	1
2026.07.09	14:26:00	5147.000	5147.000	5145.500	5146.000	968	4476	1
2026.07.09	14:27:00	5145.500	5146.500	5145.500	5146.500	364	990	1
2026.07.09	14:28:00	5146.500	5146.500	5145.500	5146.000	366	1227	1
2026.07.09	14:29:00	5145.500	5147.000	5145.500	5146.500	381	1651	1
2026.07.09	14:30:00	5146.500	5146.500	5145.500	5146.000	192	682	1
2026.07.09	14:31:00	5146.000	5146.000	5145.000	5145.500	313	1524	1
2026.07.09	14:32:00	5145.500	5146.000	5145.000	5146.000	236	1239	1
2026.07.09	14:33:00	5146.000	5146.000	5143.500	5145.000	1730	9603	1
2026.07.09	14:34:00	5145.000	5145.000	5144.000	5145.000	451	1271	1
2026.07.09	14:35:00	5145.000	5145.500	5143.500	5143.500	462	2359	1
2026.07.09	14:36:00	5144.000	5144.500	5143.000	5143.000	682	3440	1
2026.07.09	14:37:00	5143.500	5145.000	5143.000	5144.500	320	929	1
2026.07.09	14:38:00	5144.000	5144.500	5143.500	5144.500	230	1254	1
2026.07.09	14:39:00	5144.500	5144.500	5143.500	5144.000	455	1833	1
2026.07.09	14:40:00	5144.000	5144.500	5143.500	5144.000	311	1090	1
2026.07.09	14:41:00	5143.500	5144.000	5142.500	5143.000	844	4132	1
2026.07.09	14:42:00	5142.500	5143.500	5142.500	5143.500	448	1972	1
2026.07.09	14:43:00	5143.000	5143.500	5142.500	5143.000	485	3436	1
2026.07.09	14:44:00	5143.000	5143.500	5142.500	5143.000	284	1375	1
2026.07.09	14:45:00	5143.000	5144.000	5142.500	5144.000	426	2011	1
2026.07.09	14:46:00	5143.500	5144.500	5143.500	5144.000	338	1432	1
2026.07.09	14:47:00	5144.000	5145.000	5144.000	5144.500	538	1843	1
2026.07.09	14:48:00	5144.500	5145.000	5144.000	5144.500	304	1752	1
2026.07.09	14:49:00	5144.000	5145.000	5144.000	5144.500	316	2040	1
2026.07.09	14:50:00	5144.500	5144.500	5143.000	5144.000	544	2493	1
2026.07.09	14:51:00	5144.000	5144.000	5143.000	5143.500	509	2235	1
2026.07.09	14:52:00	5143.500	5143.500	5143.000	5143.500	224	933	1
2026.07.09	14:53:00	5143.000	5144.000	5143.000	5143.500	348	1226	1
2026.07.09	14:54:00	5143.500	5144.000	5142.500	5143.000	360	1418	1
2026.07.09	14:55:00	5143.500	5143.500	5142.500	5142.500	191	646	1
2026.07.09	14:56:00	5142.500	5143.500	5142.000	5143.500	524	3102	1
2026.07.09	14:57:00	5143.000	5143.500	5142.500	5143.000	253	981	1
2026.07.09	14:58:00	5143.500	5144.000	5143.000	5143.000	402	2910	1
2026.07.09	14:59:00	5143.500	5143.500	5143.000	5143.000	190	2012	1
2026.07.09	15:00:00	5143.000	5143.500	5142.000	5142.000	276	858	1
2026.07.09	15:01:00	5142.000	5143.000	5141.500	5142.500	654	5546	1
2026.07.09	15:02:00	5142.000	5144.000	5142.000	5143.500	365	2059	1
2026.07.09	15:03:00	5144.000	5144.000	5143.000	5143.000	313	1431	1
2026.07.09	15:04:00	5143.500	5143.500	5142.500	5143.500	287	1008	1
2026.07.09	15:05:00	5143.000	5143.500	5142.500	5143.000	217	666	1
2026.07.09	15:06:00	5143.000	5143.500	5142.500	5143.000	181	982	1
2026.07.09	15:07:00	5143.000	5143.500	5142.500	5143.500	201	1937	1
2026.07.09	15:08:00	5143.000	5143.500	5142.500	5143.500	237	2909	1
2026.07.09	15:09:00	5143.000	5145.000	5143.000	5145.000	687	3390	1
2026.07.09	15:10:00	5145.000	5145.500	5144.000	5144.500	855	3253	1
2026.07.09	15:11:00	5144.000	5145.000	5143.500	5144.000	452	3297	1
2026.07.09	15:12:00	5144.000	5144.500	5143.500	5144.000	159	803	1
2026.07.09	15:13:00	5143.500	5144.000	5143.000	5143.000	254	1272	1
2026.07.09	15:14:00	5143.500	5144.000	5143.000	5144.000	203	1271	1
2026.07.09	15:15:00	5143.500	5144.500	5143.500	5144.000	190	864	1
2026.07.09	15:16:00	5144.000	5144.500	5144.000	5144.000	93	325	1
2026.07.09	15:17:00	5144.000	5144.500	5144.000	5144.500	105	362	1
2026.07.09	15:18:00	5144.000	5144.500	5143.500	5144.000	232	631	1
2026.07.09	15:19:00	5144.000	5145.000	5143.500	5145.000	329	1556	1
2026.07.09	15:20:00	5145.000	5145.500	5144.500	5144.500	413	1893	1
2026.07.09	15:21:00	5145.000	5147.000	5144.500	5146.500	1304	5065	1
2026.07.09	15:22:00	5146.500	5148.000	5146.000	5147.500	848	4376	1
2026.07.09	15:23:00	5148.000	5148.000	5147.000	5147.000	653	3133	1
2026.07.09	15:24:00	5147.000	5147.500	5146.500	5147.500	313	3360	1
2026.07.09	15:25:00	5147.000	5148.000	5146.500	5147.000	446	1943	1
2026.07.09	15:26:00	5147.000	5148.000	5147.000	5147.500	258	1089	1
2026.07.09	15:27:00	5147.500	5149.000	5147.500	5149.000	670	3101	1
2026.07.09	15:28:00	5149.000	5149.000	5148.000	5149.000	420	1058	1
2026.07.09	15:29:00	5148.500	5149.500	5148.500	5148.500	355	1967	1
2026.07.09	15:30:00	5149.000	5150.000	5148.500	5149.500	809	3669	1
2026.07.09	15:31:00	5150.000	5150.000	5148.500	5149.500	556	2305	1
2026.07.09	15:32:00	5149.500	5149.500	5149.000	5149.000	358	1420	1
2026.07.09	15:33:00	5149.000	5149.500	5148.000	5148.000	328	954	1
2026.07.09	15:34:00	5148.500	5148.500	5147.500	5148.000	329	1112	1
2026.07.09	15:35:00	5148.000	5148.500	5147.500	5148.000	178	727	1
2026.07.09	15:36:00	5148.000	5150.000	5147.500	5149.500	612	3962	1
2026.07.09	15:37:00	5149.500	5150.500	5149.000	5150.500	827	3767	1
2026.07.09	15:38:00	5150.500	5150.500	5149.500	5150.500	316	1201	1
2026.07.09	15:39:00	5150.000	5150.500	5150.000	5150.000	117	1554	1
2026.07.09	15:40:00	5150.000	5150.500	5149.500	5150.000	222	1004	1
2026.07.09	15:41:00	5150.000	5150.000	5148.500	5148.500	418	1884	1
2026.07.09	15:42:00	5149.000	5149.000	5148.000	5149.000	534	1832	1
2026.07.09	15:43:00	5149.000	5149.500	5148.500	5149.000	170	641	1
2026.07.09	15:44:00	5149.500	5149.500	5149.000	5149.500	132	350	1
2026.07.09	15:45:00	5149.000	5149.500	5148.500	5149.500	265	835	1
2026.07.09	15:46:00	5149.500	5149.500	5148.500	5148.500	141	322	1
2026.07.09	15:47:00	5149.000	5149.000	5147.000	5147.000	686	4414	1
2026.07.09	15:48:00	5147.500	5148.000	5147.000	5147.500	653	2721	1
2026.07.09	15:49:00	5147.500	5148.000	5147.000	5147.500	338	1537	1
2026.07.09	15:50:00	5147.500	5148.000	5147.000	5148.000	707	2694	1
2026.07.09	15:51:00	5148.000	5148.000	5147.000	5147.000	362	769	1
2026.07.09	15:52:00	5147.000	5148.000	5147.000	5147.000	563	2114	1
2026.07.09	15:53:00	5147.500	5148.000	5146.500	5148.000	628	2608	1
2026.07.09	15:54:00	5148.000	5148.000	5146.500	5147.000	521	1256	1
2026.07.09	15:55:00	5147.500	5147.500	5146.500	5146.500	600	1554	1
2026.07.09	15:56:00	5146.500	5147.000	5146.000	5146.500	920	2439	1
2026.07.09	15:57:00	5146.500	5146.500	5145.000	5146.000	974	3507	1
2026.07.09	15:58:00	5146.000	5146.000	5144.500	5145.000	878	2340	1
2026.07.09	15:59:00	5145.500	5145.500	5144.500	5145.000	642	1991	1
2026.07.09	16:00:00	5145.000	5145.500	5144.500	5145.500	411	1718	1
2026.07.09	16:01:00	5146.000	5146.500	5145.500	5145.500	740	2015	1
2026.07.09	16:02:00	5146.000	5146.000	5145.500	5146.000	181	542	1
2026.07.09	16:03:00	5146.000	5146.500	5145.500	5146.000	217	666	1
2026.07.09	16:04:00	5145.500	5146.500	5145.500	5145.500	199	639	1
2026.07.09	16:05:00	5146.000	5147.000	5145.500	5146.500	373	1387	1
2026.07.09	16:06:00	5147.000	5147.000	5146.000	5147.000	220	565	1
2026.07.09	16:07:00	5147.000	5147.500	5146.500	5147.000	474	1824	1
2026.07.09	16:08:00	5147.000	5147.500	5146.500	5147.000	184	487	1
2026.07.09	16:09:00	5147.000	5147.500	5146.500	5147.000	280	971	1
2026.07.09	16:10:00	5147.500	5147.500	5146.500	5147.500	414	657	1
2026.07.09	16:11:00	5147.000	5147.500	5146.500	5146.500	224	612	1
2026.07.09	16:12:00	5146.500	5147.500	5146.500	5147.000	216	515	1
2026.07.09	16:13:00	5147.000	5147.500	5146.500	5147.500	126	225	1
2026.07.09	16:14:00	5147.000	5147.500	5146.500	5147.000	176	572	1
2026.07.09	16:15:00	5146.500	5147.000	5146.500	5146.500	196	863	1
2026.07.09	16:16:00	5146.500	5146.500	5146.000	5146.500	305	1247	1
2026.07.09	16:17:00	5146.000	5147.000	5146.000	5146.000	160	1058	1
2026.07.09	16:18:00	5146.000	5146.500	5146.000	5146.000	217	1046	1
2026.07.09	16:19:00	5146.000	5146.500	5146.000	5146.000	158	404	1
2026.07.09	16:20:00	5146.000	5146.500	5145.000	5145.000	291	886	1
2026.07.09	16:21:00	5145.000	5146.000	5145.000	5145.500	195	812	1
2026.07.09	16:22:00	5146.000	5146.000	5145.000	5145.000	253	1409	1
2026.07.09	16:23:00	5145.500	5145.500	5145.000	5145.000	64	199	1
2026.07.09	16:24:00	5145.500	5145.500	5144.500	5145.500	325	1778	1
2026.07.09	16:25:00	5145.000	5149.500	5145.000	5148.000	1456	8817	1
2026.07.09	16:26:00	5148.500	5148.500	5147.500	5148.500	458	3356	1
2026.07.09	16:27:00	5148.500	5148.500	5148.000	5148.000	163	683	1
2026.07.09	16:28:00	5148.500	5149.500	5148.000	5149.000	454	1668	1
2026.07.09	16:29:00	5149.500	5149.500	5149.000	5149.500	392	1919	1
2026.07.09	16:30:00	5149.500	5151.000	5149.000	5151.000	918	4498	1
2026.07.09	16:31:00	5151.000	5151.000	5150.000	5151.000	623	2546	1
2026.07.09	16:32:00	5151.000	5151.500	5150.500	5151.000	381	1347	1
2026.07.09	16:33:00	5151.000	5151.500	5150.000	5150.500	530	1514	1
2026.07.09	16:34:00	5150.500	5152.000	5150.500	5151.500	496	2757	1
2026.07.09	16:35:00	5151.500	5153.000	5151.000	5152.500	1292	4710	1
2026.07.09	16:36:00	5152.500	5153.500	5151.000	5151.000	992	6313	1
2026.07.09	16:37:00	5151.500	5152.000	5151.000	5151.000	352	1310	1
2026.07.09	16:38:00	5151.000	5152.000	5150.500	5151.500	349	1018	1
2026.07.09	16:39:00	5151.500	5151.500	5150.500	5150.500	149	553	1
2026.07.09	16:40:00	5150.500	5151.000	5150.500	5150.500	251	1429	1
2026.07.09	16:41:00	5150.500	5151.500	5150.000	5150.500	318	1287	1
2026.07.09	16:42:00	5150.500	5151.500	5150.500	5151.000	132	377	1
2026.07.09	16:43:00	5151.500	5151.500	5151.000	5151.000	79	211	1
2026.07.09	16:44:00	5151.000	5151.500	5151.000	5151.500	140	549	1
2026.07.09	16:45:00	5151.500	5151.500	5151.000	5151.000	141	364	1
2026.07.09	16:46:00	5151.000	5151.500	5151.000	5151.000	88	347	1
2026.07.09	16:47:00	5151.500	5151.500	5150.500	5150.500	80	199	1
2026.07.09	16:48:00	5151.000	5151.500	5150.500	5151.500	266	1056	1
2026.07.09	16:49:00	5151.000	5151.500	5150.500	5150.500	255	573	1
2026.07.09	16:50:00	5151.000	5151.500	5150.500	5151.000	367	1000	1
2026.07.09	16:51:00	5151.000	5151.000	5150.500	5150.500	178	535	1
2026.07.09	16:52:00	5151.000	5151.000	5150.500	5150.500	177	573	1
2026.07.09	16:53:00	5151.000	5151.000	5150.000	5150.500	203	718	1
2026.07.09	16:54:00	5150.500	5151.000	5149.500	5151.000	403	1750	1
2026.07.09	16:55:00	5150.500	5151.000	5150.000	5151.000	245	701	1
2026.07.09	16:56:00	5150.500	5151.500	5150.500	5151.000	154	1105	1
2026.07.09	16:57:00	5151.000	5152.000	5150.500	5151.500	335	1255	1
2026.07.09	16:58:00	5151.500	5152.000	5151.000	5151.000	313	1854	1
2026.07.09	16:59:00	5151.500	5152.000	5151.000	5152.000	368	1949	1
2026.07.09	17:00:00	5151.500	5152.000	5151.000	5151.500	203	1126	1
2026.07.09	17:01:00	5151.000	5152.000	5151.000	5152.000	132	487	1
2026.07.09	17:02:00	5152.000	5152.000	5151.500	5151.500	138	844	1
2026.07.09	17:03:00	5151.500	5152.000	5151.500	5151.500	69	240	1
2026.07.09	17:04:00	5151.500	5152.000	5151.500	5152.000	53	120	1
2026.07.09	17:05:00	5152.000	5152.500	5151.500	5152.000	189	915	1
2026.07.09	17:06:00	5152.000	5152.500	5151.500	5151.500	211	1750	1
2026.07.09	17:07:00	5151.500	5152.000	5151.000	5151.000	199	1151	1
2026.07.09	17:08:00	5151.000	5151.500	5149.000	5149.000	683	3051	1
2026.07.09	17:09:00	5149.500	5150.000	5149.000	5150.000	236	655	1
2026.07.09	17:10:00	5149.500	5150.500	5149.500	5150.000	294	1590	1
2026.07.09	17:11:00	5150.500	5151.500	5150.000	5151.000	223	794	1
2026.07.09	17:12:00	5151.000	5151.500	5150.500	5151.000	79	324	1
2026.07.09	17:13:00	5150.500	5151.000	5150.500	5151.000	70	387	1
2026.07.09	17:14:00	5151.000	5151.000	5149.500	5150.000	162	1007	1
2026.07.09	17:15:00	5149.500	5150.000	5149.000	5149.000	218	782	1
2026.07.09	17:16:00	5149.500	5149.500	5148.000	5148.000	494	3245	1
2026.07.09	17:17:00	5148.500	5148.500	5147.000	5148.000	431	1862	1
2026.07.09	17:18:00	5148.000	5148.000	5146.000	5147.000	519	3333	1
2026.07.09	17:19:00	5147.500	5147.500	5146.000	5146.000	343	1345	1
2026.07.09	17:20:00	5146.500	5147.500	5146.000	5147.500	270	1333	1
2026.07.09	17:21:00	5147.500	5148.000	5146.500	5147.000	260	2265	1
2026.07.09	17:22:00	5147.000	5147.500	5146.500	5147.500	78	783	1
2026.07.09	17:23:00	5147.000	5147.500	5147.000	5147.500	75	385	1
2026.07.09	17:24:00	5147.000	5147.500	5147.000	5147.000	91	637	1
2026.07.09	17:25:00	5147.000	5147.500	5146.500	5147.000	182	802	1
2026.07.09	17:26:00	5147.500	5147.500	5146.500	5147.500	141	941	1
2026.07.09	17:27:00	5147.500	5148.500	5147.000	5147.500	186	580	1
2026.07.09	17:28:00	5148.000	5148.500	5147.500	5148.500	126	548	1
2026.07.09	17:29:00	5148.500	5148.500	5148.000	5148.000	60	354	1
2026.07.09	17:30:00	5148.500	5149.000	5147.500	5149.000	259	1247	1
2026.07.09	17:31:00	5148.500	5149.000	5147.500	5148.000	129	541	1
2026.07.09	17:32:00	5147.500	5148.000	5146.500	5146.500	228	1268	1
2026.07.09	17:33:00	5147.000	5147.500	5146.500	5147.000	226	1335	1
2026.07.09	17:34:00	5147.000	5147.000	5146.000	5146.000	171	782	1
2026.07.09	17:35:00	5146.000	5146.500	5145.500	5145.500	265	1466	1
2026.07.09	17:36:00	5145.500	5146.000	5145.500	5146.000	107	347	1
2026.07.09	17:37:00	5145.500	5146.500	5145.500	5146.000	214	1116	1
2026.07.09	17:38:00	5146.500	5146.500	5145.500	5145.500	120	274	1
2026.07.09	17:39:00	5145.500	5146.000	5145.000	5145.000	156	1272	1
2026.07.09	17:40:00	5145.500	5145.500	5145.000	5145.000	149	861	1
2026.07.09	17:41:00	5145.500	5146.000	5145.000	5145.500	188	1571	1
2026.07.09	17:42:00	5145.500	5145.500	5144.500	5145.000	183	903	1
2026.07.09	17:43:00	5144.500	5145.000	5144.500	5145.000	128	982	1
2026.07.09	17:44:00	5145.000	5145.000	5144.500	5144.500	54	217	1
2026.07.09	17:45:00	5145.000	5145.500	5144.500	5145.500	228	1265	1
2026.07.09	17:46:00	5145.500	5146.000	5145.000	5145.500	308	1610	1
2026.07.09	17:47:00	5145.500	5145.500	5145.000	5145.000	120	584	1
2026.07.09	17:48:00	5145.500	5146.000	5145.000	5146.000	97	454	1
2026.07.09	17:49:00	5146.000	5146.000	5144.500	5145.500	223	1539	1
2026.07.09	17:50:00	5145.000	5146.000	5145.000	5146.000	196	766	1
2026.07.09	17:51:00	5145.500	5146.000	5145.000	5145.000	159	1234	1
2026.07.09	17:52:00	5145.500	5145.500	5145.000	5145.500	69	211	1
2026.07.09	17:53:00	5145.500	5145.500	5144.500	5144.500	167	893	1
2026.07.09	17:54:00	5145.000	5145.000	5143.500	5144.500	369	1890	1
2026.07.09	17:55:00	5144.000	5145.500	5143.500	5145.000	364	2364	1
2026.07.09	17:56:00	5144.500	5145.000	5144.000	5144.000	85	354	1
2026.07.09	17:57:00	5144.500	5145.000	5144.000	5145.000	172	611	1
2026.07.09	17:58:00	5145.000	5145.500	5144.500	5145.500	136	740	1
2026.07.09	17:59:00	5145.500	5146.000	5144.500	5145.000	229	1505	1
2026.07.09	18:00:00	5144.500	5145.000	5143.500	5143.500	279	1037	1
2026.07.09	18:01:00	5143.500	5144.000	5142.000	5142.500	424	1292	1
2026.07.09	18:02:00	5142.500	5143.000	5140.000	5140.500	657	2238	1
2026.07.09	18:03:00	5141.000	5142.000	5140.500	5142.000	185	668	1
2026.07.09	18:04:00	5142.000	5142.000	5141.500	5141.500	60	222	1
2026.07.09	18:05:00	5141.500	5142.000	5140.000	5141.000	199	610	1
2026.07.09	18:06:00	5141.000	5141.500	5140.000	5141.000	99	368	1
2026.07.09	18:07:00	5141.000	5142.000	5141.000	5142.000	122	401	1
2026.07.09	18:08:00	5141.500	5142.000	5140.500	5141.500	99	329	1
2026.07.09	18:09:00	5141.500	5141.500	5140.500	5140.500	95	248	1
2026.07.09	18:10:00	5141.000	5142.000	5136.500	5138.000	962	4751	1
2026.07.09	18:11:00	5138.000	5138.000	5136.500	5138.000	192	485	1
2026.07.09	18:12:00	5138.000	5139.000	5137.000	5138.500	230	1990	1
2026.07.09	18:13:00	5138.500	5139.000	5138.000	5139.000	191	1219	1
2026.07.09	18:14:00	5139.000	5139.000	5137.500	5138.000	247	1116	1
2026.07.09	18:15:00	5138.500	5139.000	5137.500	5139.000	332	1229	1
2026.07.09	18:16:00	5139.000	5139.500	5139.000	5139.500	199	647	1
2026.07.09	18:17:00	5139.500	5140.000	5139.000	5140.000	172	633	1
2026.07.09	18:18:00	5139.500	5141.500	5139.500	5140.500	265	1150	1
2026.07.09	18:19:00	5140.500	5141.000	5140.000	5140.500	232	1243	1
2026.07.09	18:20:00	5140.000	5141.000	5140.000	5141.000	123	467	1
2026.07.09	18:21:00	5140.500	5141.500	5140.500	5141.500	116	552	1
2026.07.09	18:22:00	5141.500	5142.500	5141.000	5142.000	195	784	1
2026.07.09	18:23:00	5142.000	5142.500	5141.500	5142.000	132	605	1
2026.07.09	18:24:00	5142.000	5142.500	5141.500	5142.000	93	464	1
2026.07.09	18:25:00	5142.000	5144.500	5141.500	5144.000	608	2035	1
2026.07.09	18:26:00	5144.000	5144.500	5142.500	5143.000	85	357	1
2026.07.09	18:27:00	5143.000	5143.500	5142.500	5143.500	86	372	1
2026.07.09	18:28:00	5143.500	5143.500	5141.500	5142.500	103	839	1
2026.07.09	18:29:00	5142.500	5143.000	5141.500	5142.000	67	449	1
2026.07.10	09:00:00	5143.000	5143.000	5140.000	5140.500	442	8960	0
2026.07.10	09:01:00	5140.500	5141.000	5134.500	5137.500	1952	23240	0
2026.07.10	09:02:00	5137.500	5144.500	5136.000	5143.500	1247	11832	0
2026.07.10	09:03:00	5144.000	5146.000	5142.000	5146.000	1009	8172	0
2026.07.10	09:04:00	5145.500	5146.000	5143.000	5144.500	644	7024	0
2026.07.10	09:05:00	5144.500	5147.500	5144.000	5147.500	682	10327	0
2026.07.10	09:06:00	5147.500	5147.500	5145.000	5147.500	564	7794	0
2026.07.10	09:07:00	5147.500	5149.500	5145.500	5147.000	850	9231	0
2026.07.10	09:08:00	5147.000	5147.500	5145.000	5145.500	527	3979	0
2026.07.10	09:09:00	5146.000	5147.500	5144.000	5145.000	665	8384	0
2026.07.10	09:10:00	5145.000	5146.000	5142.000	5143.000	884	8614	0
2026.07.10	09:11:00	5143.000	5144.500	5142.500	5143.500	419	3776	0
2026.07.10	09:12:00	5143.500	5145.000	5141.000	5142.000	609	6310	0
2026.07.10	09:13:00	5142.500	5144.000	5134.500	5135.000	1300	20615	0
2026.07.10	09:14:00	5135.000	5139.000	5134.500	5138.500	1137	9166	0
2026.07.10	09:15:00	5138.500	5142.000	5138.000	5141.000	721	9092	0
2026.07.10	09:16:00	5141.000	5142.000	5138.500	5142.000	505	8793	0
2026.07.10	09:17:00	5142.000	5144.000	5141.000	5142.500	605	6835	0
2026.07.10	09:18:00	5142.500	5143.500	5141.000	5141.500	382	3456	0
2026.07.10	09:19:00	5141.500	5145.000	5141.500	5143.000	496	5841	0
2026.07.10	09:20:00	5143.000	5145.500	5143.000	5145.500	424	3754	0
2026.07.10	09:21:00	5145.000	5145.500	5143.500	5144.500	269	3759	0
2026.07.10	09:22:00	5144.000	5144.500	5143.000	5144.000	240	2897	0
2026.07.10	09:23:00	5143.500	5144.500	5143.000	5143.000	147	1404	0
2026.07.10	09:24:00	5142.500	5144.500	5142.500	5144.000	258	2602	0
2026.07.10	09:25:00	5144.000	5144.000	5142.500	5143.500	197	1692	0
2026.07.10	09:26:00	5143.000	5143.500	5141.500	5142.000	555	3272	0
2026.07.10	09:27:00	5141.500	5144.000	5141.000	5142.500	431	4536	0
2026.07.10	09:28:00	5142.500	5144.000	5141.500	5143.000	306	4635	0
2026.07.10	09:29:00	5142.500	5143.500	5142.000	5143.000	269	3465	0
2026.07.10	09:30:00	5143.500	5143.500	5142.000	5143.500	215	1585	0
2026.07.10	09:31:00	5143.500	5145.000	5142.500	5143.500	394	4014	0
2026.07.10	09:32:00	5143.500	5146.500	5143.000	5146.500	591	4443	0
2026.07.10	09:33:00	5146.500	5148.500	5145.500	5145.500	758	7085	0
2026.07.10	09:34:00	5145.500	5148.500	5145.500	5148.000	359	2754	0
2026.07.10	09:35:00	5148.000	5150.500	5147.000	5148.500	892	13721	0
2026.07.10	09:36:00	5149.000	5149.000	5147.500	5149.000	279	2775	0
2026.07.10	09:37:00	5148.500	5149.000	5146.500	5147.000	359	3107	0
2026.07.10	09:38:00	5147.000	5148.000	5146.000	5147.500	330	4490	0
2026.07.10	09:39:00	5147.500	5150.500	5147.000	5150.500	377	9209	0
2026.07.10	09:40:00	5150.000	5151.000	5149.000	5149.500	547	6072	0
2026.07.10	09:41:00	5149.500	5150.500	5149.000	5150.500	322	2989	0
2026.07.10	09:42:00	5150.000	5151.500	5148.000	5150.000	531	7508	0
2026.07.10	09:43:00	5149.500	5150.000	5149.000	5149.500	157	696	0
2026.07.10	09:44:00	5149.500	5150.500	5149.000	5150.000	197	1758	0
2026.07.10	09:45:00	5149.500	5150.000	5149.000	5149.500	161	1402	0
2026.07.10	09:46:00	5149.000	5151.500	5148.500	5151.000	258	3693	0
2026.07.10	09:47:00	5150.500	5152.000	5149.000	5149.000	510	5454	0
2026.07.10	09:48:00	5149.000	5149.500	5148.000	5148.500	359	3785	0
2026.07.10	09:49:00	5149.000	5149.000	5147.000	5147.000	368	5576	0
2026.07.10	09:50:00	5147.000	5147.500	5144.000	5145.500	968	12744	0
2026.07.10	09:51:00	5145.000	5146.500	5144.500	5145.000	349	2629	0
2026.07.10	09:52:00	5144.500	5145.500	5141.000	5141.000	860	12862	0
2026.07.10	09:53:00	5141.500	5141.500	5138.500	5139.500	983	14630	0
2026.07.10	09:54:00	5139.000	5139.500	5138.500	5139.000	476	2752	0
2026.07.10	09:55:00	5139.000	5140.000	5131.000	5136.500	1981	30801	0
2026.07.10	09:56:00	5136.000	5138.000	5134.500	5137.500	645	5737	0
2026.07.10	09:57:00	5137.500	5138.000	5134.500	5136.000	615	8493	0
2026.07.10	09:58:00	5135.500	5137.000	5134.000	5135.000	569	5619	0
2026.07.10	09:59:00	5134.500	5136.000	5134.500	5135.500	335	5823	0
2026.07.10	10:00:00	5136.000	5139.500	5135.500	5139.000	806	7646	0
2026.07.10	10:01:00	5138.500	5140.500	5138.000	5138.000	719	25931	0
2026.07.10	10:02:00	5138.000	5140.000	5138.000	5139.500	272	2820	0
2026.07.10	10:03:00	5139.000	5140.000	5138.500	5139.500	254	3057	0
2026.07.10	10:04:00	5139.500	5140.000	5138.000	5138.000	291	2806	0
2026.07.10	10:05:00	5138.000	5141.500	5138.000	5141.000	277	3803	0
2026.07.10	10:06:00	5141.500	5143.000	5140.500	5142.000	622	7130	0
2026.07.10	10:07:00	5141.500	5142.000	5140.000	5140.500	397	4917	0
2026.07.10	10:08:00	5140.000	5143.000	5139.000	5143.000	506	5376	0
2026.07.10	10:09:00	5143.000	5146.000	5142.000	5145.500	833	13146	0
2026.07.10	10:10:00	5145.500	5148.500	5145.000	5148.000	1088	10968	0
2026.07.10	10:11:00	5147.500	5149.000	5147.000	5147.000	442	4808	0
2026.07.10	10:12:00	5147.000	5148.500	5145.500	5148.500	378	5179	0
2026.07.10	10:13:00	5148.500	5149.000	5147.000	5147.000	256	3095	0
2026.07.10	10:14:00	5147.000	5149.500	5146.500	5148.500	323	4080	0
2026.07.10	10:15:00	5148.500	5149.000	5147.000	5147.500	334	5733	0
2026.07.10	10:16:00	5148.000	5151.000	5147.000	5151.000	592	7551	0
2026.07.10	10:17:00	5151.000	5151.500	5150.000	5150.000	379	4862	0
2026.07.10	10:18:00	5150.000	5151.000	5148.500	5150.500	371	6178	0
2026.07.10	10:19:00	5150.500	5151.000	5150.000	5150.500	234	2652	0
2026.07.10	10:20:00	5150.000	5150.500	5148.000	5150.000	394	7228	0
2026.07.10	10:21:00	5149.500	5151.500	5149.000	5149.500	352	5386	0
2026.07.10	10:22:00	5149.500	5150.500	5149.000	5149.500	242	3978	0
2026.07.10	10:23:00	5149.500	5149.500	5145.500	5146.000	822	18594	0
2026.07.10	10:24:00	5145.500	5147.000	5144.000	5146.500	920	13076	0
2026.07.10	10:25:00	5146.500	5147.000	5145.000	5145.000	352	2616	0
2026.07.10	10:26:00	5145.000	5146.000	5144.000	5144.000	395	3079	0
2026.07.10	10:27:00	5144.500	5145.000	5143.500	5144.000	398	3859	0
2026.07.10	10:28:00	5143.500	5143.500	5142.500	5143.000	384	2684	0
2026.07.10	10:29:00	5142.500	5144.000	5142.500	5143.500	338	3430	0
2026.07.10	10:30:00	5143.000	5144.000	5142.500	5143.500	374	4635	0
2026.07.10	10:31:00	5143.500	5144.000	5141.000	5141.000	533	5993	0
2026.07.10	10:32:00	5141.000	5142.500	5139.500	5140.000	600	8108	0
2026.07.10	10:33:00	5139.500	5141.000	5137.000	5138.000	809	11690	0
2026.07.10	10:34:00	5138.000	5138.500	5134.000	5136.000	920	12990	0
2026.07.10	10:35:00	5136.000	5139.000	5135.000	5138.500	846	8653	0
2026.07.10	10:36:00	5138.500	5139.000	5136.500	5138.500	445	4656	0
2026.07.10	10:37:00	5138.500	5138.500	5136.000	5136.500	389	3239	0
2026.07.10	10:38:00	5137.000	5138.500	5135.500	5138.000	322	3472	0
2026.07.10	10:39:00	5138.000	5138.500	5137.000	5138.500	233	1926	0
2026.07.10	10:40:00	5138.000	5140.000	5138.000	5139.500	543	6128	0
2026.07.10	10:41:00	5139.500	5141.000	5138.500	5140.500	475	9193	0
2026.07.10	10:42:00	5140.500	5140.500	5139.000	5140.500	237	3888	0
2026.07.10	10:43:00	5140.500	5140.500	5138.500	5139.000	288	3840	0
2026.07.10	10:44:00	5139.500	5140.500	5139.000	5139.500	288	3633	0
2026.07.10	10:45:00	5140.000	5143.000	5139.000	5142.000	562	6736	0
2026.07.10	10:46:00	5142.500	5142.500	5140.500	5140.500	245	2688	0
2026.07.10	10:47:00	5140.500	5141.500	5138.500	5139.500	365	7057	0
2026.07.10	10:48:00	5140.000	5141.000	5139.000	5140.000	206	2554	0
2026.07.10	10:49:00	5140.500	5142.000	5140.000	5141.000	195	3517	0
2026.07.10	10:50:00	5141.000	5141.500	5137.500	5138.000	390	5548	0
2026.07.10	10:51:00	5137.500	5138.500	5136.000	5137.500	578	3727	0
2026.07.10	10:52:00	5137.000	5137.500	5136.000	5137.000	326	4209	0
2026.07.10	10:53:00	5137.000	5137.500	5135.500	5136.000	332	4532	0
2026.07.10	10:54:00	5136.000	5138.500	5135.500	5138.500	324	5172	0
2026.07.10	10:55:00	5138.500	5140.500	5138.000	5140.500	420	6438	0
2026.07.10	10:56:00	5140.500	5141.000	5139.500	5140.000	280	2028	0
2026.07.10	10:57:00	5140.000	5142.500	5139.500	5140.000	622	10912	0
2026.07.10	10:58:00	5139.500	5140.000	5137.500	5138.000	438	3270	0
2026.07.10	10:59:00	5137.500	5138.500	5136.500	5137.000	357	5026	0
2026.07.10	11:00:00	5137.500	5138.500	5136.500	5138.000	301	4068	0
2026.07.10	11:01:00	5138.000	5138.500	5136.000	5136.000	266	4839	0
2026.07.10	11:02:00	5136.500	5137.500	5136.000	5137.500	262	4480	0
2026.07.10	11:03:00	5137.500	5137.500	5135.000	5135.500	293	3065	0
2026.07.10	11:04:00	5135.500	5136.000	5135.000	5135.000	360	3385	0
2026.07.10	11:05:00	5135.000	5135.500	5134.000	5135.500	459	6213	0
2026.07.10	11:06:00	5136.000	5137.000	5134.500	5136.500	483	23942	0
2026.07.10	11:07:00	5136.500	5137.000	5134.500	5136.500	444	10134	0
2026.07.10	11:08:00	5137.000	5138.000	5135.500	5138.000	343	8238	0
2026.07.10	11:09:00	5138.000	5138.500	5137.000	5138.000	283	2770	0
2026.07.10	11:10:00	5138.500	5140.000	5137.500	5140.000	516	4454	0
2026.07.10	11:11:00	5139.500	5140.000	5138.000	5138.500	272	4900	0
2026.07.10	11:12:00	5139.000	5139.000	5137.500	5138.000	193	3670	0
2026.07.10	11:13:00	5137.500	5138.000	5133.000	5133.000	988	17997	0
2026.07.10	11:14:00	5133.000	5136.000	5132.000	5133.000	729	14412	0
2026.07.10	11:15:00	5133.500	5134.000	5131.500	5134.000	564	9520	0
2026.07.10	11:16:00	5133.500	5133.500	5132.000	5132.500	221	5823	0
2026.07.10	11:17:00	5133.000	5134.500	5132.000	5134.500	281	3487	0
2026.07.10	11:18:00	5134.500	5135.000	5133.500	5134.500	401	5143	0
2026.07.10	11:19:00	5134.500	5135.000	5133.500	5133.500	165	3620	0
2026.07.10	11:20:00	5134.000	5134.500	5132.500	5134.000	240	5770	0
2026.07.10	11:21:00	5134.000	5136.500	5133.500	5136.000	338	8304	0
2026.07.10	11:22:00	5135.500	5135.500	5134.000	5134.000	193	1823	0
2026.07.10	11:23:00	5134.000	5136.500	5134.000	5135.000	264	5845	0
2026.07.10	11:24:00	5135.000	5136.000	5134.500	5135.500	105	1080	0
2026.07.10	11:25:00	5135.500	5136.500	5134.500	5135.000	156	2019	0
2026.07.10	11:26:00	5134.500	5136.000	5132.000	5133.000	403	8922	0
2026.07.10	11:27:00	5132.500	5133.000	5131.000	5132.500	551	5670	0
2026.07.10	11:28:00	5133.000	5135.000	5132.500	5134.000	320	7507	0
2026.07.10	11:29:00	5134.000	5136.000	5133.000	5136.000	293	6202	0
2026.07.10	11:30:00	5136.000	5138.000	5135.000	5137.500	491	5721	0
2026.07.10	11:31:00	5137.500	5138.000	5135.500	5137.000	284	2999	0
2026.07.10	11:32:00	5137.000	5145.500	5135.500	5145.000	1454	24502	0
2026.07.10	11:33:00	5145.500	5154.000	5142.500	5142.500	2981	52762	0
2026.07.10	11:34:00	5143.000	5143.500	5139.500	5140.500	981	8632	0
2026.07.10	11:35:00	5140.500	5143.000	5138.500	5142.500	663	8086	0
2026.07.10	11:36:00	5142.500	5142.500	5138.000	5139.000	731	8893	0
2026.07.10	11:37:00	5139.500	5142.500	5139.000	5141.500	424	6999	0
2026.07.10	11:38:00	5141.000	5143.000	5139.500	5143.000	531	11179	0
2026.07.10	11:39:00	5142.500	5145.000	5142.000	5143.000	632	9886	0
2026.07.10	11:40:00	5143.500	5144.000	5140.000	5140.500	480	4782	0
2026.07.10	11:41:00	5141.000	5141.000	5138.500	5139.000	415	3519	0
2026.07.10	11:42:00	5139.500	5139.500	5137.000	5137.500	570	9662	0
2026.07.10	11:43:00	5137.500	5138.000	5136.500	5137.000	341	1801	0
2026.07.10	11:44:00	5137.000	5139.000	5137.000	5138.000	208	1825	0
2026.07.10	11:45:00	5138.500	5139.000	5137.000	5137.000	245	2030	0
2026.07.10	11:46:00	5137.500	5138.500	5136.500	5138.000	303	3494	0
2026.07.10	11:47:00	5137.500	5138.500	5136.500	5137.000	181	4065	0
2026.07.10	11:48:00	5136.500	5137.000	5133.500	5136.000	684	16833	0
2026.07.10	11:49:00	5135.500	5136.500	5132.000	5132.000	426	8391	0
2026.07.10	11:50:00	5132.000	5134.500	5132.000	5134.000	399	2897	0
2026.07.10	11:51:00	5133.500	5134.500	5133.500	5134.000	205	1686	0
2026.07.10	11:52:00	5134.000	5136.000	5133.500	5135.000	228	2028	0
2026.07.10	11:53:00	5135.500	5136.000	5134.500	5135.000	189	1787	0
2026.07.10	11:54:00	5135.500	5136.500	5135.000	5135.500	228	1795	0
2026.07.10	11:55:00	5135.500	5136.500	5135.000	5136.500	154	2338	0
2026.07.10	11:56:00	5136.500	5138.000	5135.500	5137.500	293	5999	0
2026.07.10	11:57:00	5137.500	5138.500	5135.500	5136.000	326	6754	0
2026.07.10	11:58:00	5136.500	5136.500	5134.500	5135.000	198	4017	0
2026.07.10	11:59:00	5135.000	5138.000	5135.000	5137.000	242	4948	0
2026.07.10	12:00:00	5137.000	5138.000	5135.500	5136.000	363	6146	0
2026.07.10	12:01:00	5136.000	5137.000	5135.500	5136.000	224	4770	0
2026.07.10	12:02:00	5136.500	5136.500	5135.000	5136.000	202	4315	0
2026.07.10	12:03:00	5136.000	5136.500	5135.000	5136.000	135	2759	0
2026.07.10	12:04:00	5135.500	5136.500	5135.000	5135.500	118	1668	0
2026.07.10	12:05:00	5135.500	5137.000	5134.500	5136.500	228	19567	0
2026.07.10	12:06:00	5136.500	5138.000	5136.000	5136.500	169	2171	0
2026.07.10	12:07:00	5136.000	5136.500	5133.500	5133.500	281	4535	0
2026.07.10	12:08:00	5134.000	5135.000	5133.500	5134.500	165	2420	0
2026.07.10	12:09:00	5134.500	5136.000	5134.500	5135.500	120	1063	0
2026.07.10	12:10:00	5135.500	5136.000	5135.000	5135.000	138	1188	0
2026.07.10	12:11:00	5135.000	5135.500	5134.500	5135.000	106	791	0
2026.07.10	12:12:00	5135.000	5135.500	5134.500	5135.000	60	349	0
2026.07.10	12:13:00	5135.000	5136.000	5134.500	5135.000	88	747	0
2026.07.10	12:14:00	5135.500	5136.000	5135.000	5135.500	104	2001	0
2026.07.10	12:15:00	5135.500	5135.500	5131.000	5131.500	388	7685	0
2026.07.10	12:16:00	5131.000	5131.500	5127.500	5129.000	1132	23712	0
2026.07.10	12:17:00	5129.000	5129.500	5128.000	5128.500	371	4083	0
2026.07.10	12:18:00	5128.500	5129.500	5128.500	5129.000	254	3232	0
2026.07.10	12:19:00	5129.500	5131.000	5129.000	5130.000	331	4613	0
2026.07.10	12:20:00	5130.500	5131.000	5129.500	5129.500	247	1986	0
2026.07.10	12:21:00	5129.500	5130.000	5128.000	5129.500	294	3342	0
2026.07.10	12:22:00	5129.500	5130.500	5128.000	5130.000	179	4806	0
2026.07.10	12:23:00	5130.000	5130.500	5128.500	5128.500	169	3844	0
2026.07.10	12:24:00	5128.500	5130.000	5128.500	5129.500	125	2391	0
2026.07.10	12:25:00	5130.000	5130.000	5129.000	5130.000	135	1711	0
2026.07.10	12:26:00	5130.000	5130.000	5129.000	5130.000	137	1533	0
2026.07.10	12:27:00	5130.000	5131.000	5129.500	5131.000	168	1394	0
2026.07.10	12:28:00	5131.000	5132.000	5130.500	5131.500	263	2148	0
2026.07.10	12:29:00	5131.500	5131.500	5130.000	5130.000	113	1529	0
2026.07.10	12:30:00	5130.000	5131.500	5129.500	5130.500	140	3275	0
2026.07.10	12:31:00	5131.000	5131.500	5130.500	5131.000	110	3997	0
2026.07.10	12:32:00	5131.500	5132.500	5131.000	5132.000	196	3363	0
2026.07.10	12:33:00	5132.000	5134.500	5132.000	5133.000	502	11694	0
2026.07.10	12:34:00	5133.000	5133.500	5132.500	5132.500	132	2222	0
2026.07.10	12:35:00	5132.500	5134.000	5132.000	5133.000	172	3067	0
2026.07.10	12:36:00	5133.000	5135.000	5133.000	5134.500	248	3630	0
2026.07.10	12:37:00	5135.000	5135.000	5134.000	5134.000	152	2224	0
2026.07.10	12:38:00	5133.500	5134.000	5133.500	5133.500	80	671	0
2026.07.10	12:39:00	5134.000	5134.000	5133.500	5133.500	57	305	0
2026.07.10	12:40:00	5133.500	5134.000	5133.000	5133.500	90	1762	0
2026.07.10	12:41:00	5134.000	5134.500	5132.500	5133.000	139	2502	0
2026.07.10	12:42:00	5132.500	5134.000	5132.500	5133.000	94	1204	0
2026.07.10	12:43:00	5133.000	5133.500	5132.500	5133.000	102	785	0
2026.07.10	12:44:00	5133.000	5133.500	5132.500	5133.000	107	2771	0
2026.07.10	12:45:00	5133.000	5133.500	5132.000	5132.000	174	4165	0
2026.07.10	12:46:00	5132.000	5133.500	5131.000	5133.500	261	5906	0
2026.07.10	12:47:00	5133.000	5134.000	5132.500	5133.000	187	2665	0
2026.07.10	12:48:00	5133.000	5133.500	5132.500	5133.000	95	1524	0
2026.07.10	12:49:00	5133.000	5133.500	5132.000	5132.500	56	1138	0
2026.07.10	12:50:00	5132.500	5133.000	5132.000	5132.500	119	497	0
2026.07.10	12:51:00	5132.500	5132.500	5132.000	5132.000	95	1017	0
2026.07.10	12:52:00	5132.000	5132.500	5131.000	5131.000	136	2832	0
2026.07.10	12:53:00	5131.000	5131.500	5129.000	5130.000	339	5040	0
2026.07.10	12:54:00	5130.000	5130.500	5129.500	5130.500	107	767	0
2026.07.10	12:55:00	5130.000	5131.500	5130.000	5131.000	125	1586	0
2026.07.10	12:56:00	5131.500	5131.500	5130.000	5131.000	109	595	0
2026.07.10	12:57:00	5130.500	5131.500	5130.000	5131.000	99	2041	0
2026.07.10	12:58:00	5130.500	5131.500	5130.500	5130.500	65	985	0
2026.07.10	12:59:00	5131.000	5131.000	5130.000	5131.000	110	2913	0
2026.07.10	13:00:00	5131.000	5131.000	5130.000	5130.000	137	936	0
2026.07.10	13:01:00	5130.000	5130.500	5129.500	5130.000	162	2647	0
2026.07.10	13:02:00	5129.500	5131.000	5129.500	5131.000	170	17783	0
2026.07.10	13:03:00	5131.000	5131.000	5130.000	5130.500	101	2029	0
2026.07.10	13:04:00	5130.000	5131.000	5130.000	5131.000	95	1725	0
2026.07.10	13:05:00	5130.500	5131.000	5130.000	5130.500	111	965	0
2026.07.10	13:06:00	5130.500	5131.500	5130.500	5131.000	113	891	0
2026.07.10	13:07:00	5130.500	5131.000	5130.500	5130.500	76	811	0
2026.07.10	13:08:00	5131.000	5131.000	5130.000	5130.000	70	510	0
2026.07.10	13:09:00	5130.500	5130.500	5129.500	5130.000	100	2643	0
2026.07.10	13:10:00	5130.000	5131.000	5129.500	5130.000	159	4462	0
2026.07.10	13:11:00	5130.000	5130.500	5129.000	5130.000	180	3984	0
2026.07.10	13:12:00	5130.000	5130.500	5129.500	5129.500	78	1090	0
2026.07.10	13:13:00	5130.000	5130.000	5129.500	5130.000	65	4090	0
2026.07.10	13:14:00	5129.500	5130.000	5128.500	5128.500	132	2655	0
2026.07.10	13:15:00	5128.500	5129.000	5127.500	5127.500	306	5038	0
2026.07.10	13:16:00	5128.000	5128.500	5127.500	5128.000	174	1738	0
2026.07.10	13:17:00	5128.000	5129.000	5128.000	5128.500	77	764	0
2026.07.10	13:18:00	5128.500	5128.500	5127.500	5128.500	170	3299	0
2026.07.10	13:19:00	5128.500	5129.000	5127.500	5128.500	134	3395	0
2026.07.10	13:20:00	5128.500	5129.000	5128.000	5128.500	207	934	0
2026.07.10	13:21:00	5129.000	5129.500	5128.500	5128.500	125	1579	0
2026.07.10	13:22:00	5128.500	5129.000	5127.000	5127.500	154	2234	0
2026.07.10	13:23:00	5127.500	5127.500	5126.500	5126.500	272	5237	0
2026.07.10	13:24:00	5127.000	5127.500	5126.500	5127.000	126	1017	0
2026.07.10	13:25:00	5127.000	5127.500	5126.000	5126.500	206	2145	0
2026.07.10	13:26:00	5126.500	5127.000	5126.000	5126.500	250	2981	0
2026.07.10	13:27:00	5126.000	5127.000	5125.500	5125.500	183	3594	0
2026.07.10	13:28:00	5125.500	5127.500	5125.000	5127.000	350	6238	0
2026.07.10	13:29:00	5126.500	5127.000	5126.000	5126.500	161	1722	0
2026.07.10	13:30:00	5127.000	5127.000	5125.000	5125.500	173	1422	0
2026.07.10	13:31:00	5126.000	5127.500	5126.000	5127.000	249	4172	0
2026.07.10	13:32:00	5127.000	5127.000	5126.500	5127.000	107	701	0
2026.07.10	13:33:00	5127.000	5127.000	5126.000	5126.500	107	982	0
2026.07.10	13:34:00	5126.500	5127.500	5126.500	5127.000	120	2282	0
2026.07.10	13:35:00	5127.000	5127.500	5126.500	5127.500	123	1052	0
2026.07.10	13:36:00	5127.500	5128.000	5127.000	5128.000	174	3547	0
2026.07.10	13:37:00	5128.000	5128.500	5127.000	5127.500	235	4042	0
2026.07.10	13:38:00	5127.500	5128.000	5126.500	5126.500	150	4156	0
2026.07.10	13:39:00	5126.500	5127.500	5126.500	5127.000	109	1586	0
2026.07.10	13:40:00	5127.000	5127.500	5125.000	5127.000	223	2642	0
2026.07.10	13:41:00	5127.000	5127.500	5126.500	5126.500	134	757	0
2026.07.10	13:42:00	5127.000	5127.000	5126.500	5126.500	77	298	0
2026.07.10	13:43:00	5126.500	5127.000	5126.500	5126.500	71	539	0
2026.07.10	13:44:00	5126.500	5127.500	5126.500	5126.500	75	790	0
2026.07.10	13:45:00	5126.500	5128.500	5126.500	5128.000	246	5729	0
2026.07.10	13:46:00	5128.000	5130.000	5127.500	5129.000	360	8238	0
2026.07.10	13:47:00	5129.500	5129.500	5127.000	5127.000	262	3525	0
2026.07.10	13:48:00	5127.500	5128.000	5127.000	5127.500	128	1119	0
2026.07.10	13:49:00	5127.500	5128.500	5127.000	5128.500	120	747	0
2026.07.10	13:50:00	5128.000	5128.500	5127.000	5128.000	145	1016	0
2026.07.10	13:51:00	5127.500	5128.000	5127.500	5128.000	91	621	0
2026.07.10	13:52:00	5127.500	5128.500	5127.500	5128.000	65	650	0
2026.07.10	13:53:00	5128.500	5129.500	5128.000	5129.000	129	1254	0
2026.07.10	13:54:00	5129.500	5130.000	5129.000	5129.000	114	1547	0
2026.07.10	13:55:00	5129.500	5131.000	5129.000	5131.000	281	6874	0
2026.07.10	13:56:00	5131.000	5131.500	5130.500	5130.500	232	2310	0
2026.07.10	13:57:00	5130.500	5131.500	5130.500	5131.000	135	1027	0
2026.07.10	13:58:00	5130.500	5131.500	5130.500	5131.500	132	1191	0
2026.07.10	13:59:00	5131.000	5132.000	5131.000	5132.000	171	2543	0
2026.07.10	14:00:00	5132.000	5132.500	5131.000	5131.500	208	2278	0
2026.07.10	14:01:00	5131.500	5132.000	5130.500	5131.500	139	2131	0
2026.07.10	14:02:00	5131.500	5132.000	5131.000	5132.000	123	2199	0
2026.07.10	14:03:00	5132.000	5132.000	5131.500	5131.500	88	532	0
2026.07.10	14:04:00	5132.000	5133.000	5131.500	5133.000	222	3644	0
2026.07.10	14:05:00	5133.000	5133.000	5132.000	5133.000	104	1318	0
2026.07.10	14:06:00	5133.000	5133.000	5132.000	5132.500	121	981	0
2026.07.10	14:07:00	5132.500	5133.000	5132.000	5133.000	111	667	0
2026.07.10	14:08:00	5133.000	5133.000	5132.000	5133.000	110	928	0
2026.07.10	14:09:00	5133.000	5133.500	5132.500	5133.500	168	2589	0
2026.07.10	14:10:00	5133.000	5134.000	5132.500	5133.000	169	2491	0
2026.07.10	14:11:00	5133.500	5133.500	5132.500	5132.500	116	2275	0
2026.07.10	14:12:00	5132.500	5133.000	5131.500	5131.500	131	2665	0
2026.07.10	14:13:00	5131.500	5132.500	5131.500	5132.000	108	483	0
2026.07.10	14:14:00	5132.500	5132.500	5131.500	5131.500	126	748	0
2026.07.10	14:15:00	5132.000	5132.000	5131.000	5132.000	178	4206	0
2026.07.10	14:16:00	5132.000	5132.000	5131.500	5132.000	100	1040	0
2026.07.10	14:17:00	5132.000	5132.000	5131.000	5131.500	88	1037	0
2026.07.10	14:18:00	5131.000	5132.000	5131.000	5131.500	91	814	0
2026.07.10	14:19:00	5131.500	5133.000	5131.000	5133.000	147	1500	0
2026.07.10	14:20:00	5132.500	5133.000	5131.500	5132.000	83	559	0
2026.07.10	14:21:00	5132.000	5132.500	5131.500	5132.500	79	557	0
2026.07.10	14:22:00	5132.000	5132.500	5131.500	5131.500	47	531	0
2026.07.10	14:23:00	5131.500	5132.500	5131.500	5132.000	84	727	0
2026.07.10	14:24:00	5132.500	5132.500	5130.500	5130.500	125	1914	0
2026.07.10	14:25:00	5130.500	5131.500	5130.000	5130.500	184	2648	0
2026.07.10	14:26:00	5131.000	5131.000	5130.000	5130.500	59	458	0
2026.07.10	14:27:00	5130.000	5131.000	5129.500	5130.000	139	1383	0
2026.07.10	14:28:00	5130.000	5130.500	5130.000	5130.000	47	349	0
2026.07.10	14:29:00	5130.500	5131.000	5130.000	5130.500	59	1233	0
2026.07.10	14:30:00	5131.000	5131.500	5130.500	5130.500	65	352	0
2026.07.10	14:31:00	5131.000	5131.000	5130.000	5130.500	55	1007	0
2026.07.10	14:32:00	5130.500	5131.000	5129.500	5130.000	84	1481	0
2026.07.10	14:33:00	5130.500	5130.500	5129.500	5130.000	74	636	0
2026.07.10	14:34:00	5130.000	5131.000	5130.000	5130.500	62	727	0
2026.07.10	14:35:00	5130.500	5131.000	5130.000	5131.000	74	1107	0
2026.07.10	14:36:00	5130.500	5131.000	5130.000	5131.000	65	592	0
2026.07.10	14:37:00	5131.500	5132.000	5131.000	5132.000	149	2088	0
2026.07.10	14:38:00	5132.000	5132.000	5131.000	5131.500	110	1060	0
2026.07.10	14:39:00	5132.000	5132.000	5131.500	5132.000	49	539	0
2026.07.10	14:40:00	5132.000	5132.000	5131.500	5132.000	56	269	0
2026.07.10	14:41:00	5132.000	5132.500	5131.500	5131.500	62	417	0
2026.07.10	14:42:00	5131.500	5132.500	5131.500	5132.500	59	566	0
2026.07.10	14:43:00	5132.500	5133.000	5132.000	5132.500	121	2516	0
2026.07.10	14:44:00	5132.500	5132.500	5131.500	5132.000	72	1565	0
2026.07.10	14:45:00	5131.500	5132.000	5130.500	5131.000	73	1737	0
2026.07.10	14:46:00	5131.000	5132.000	5130.500	5131.000	90	2071	0
2026.07.10	14:47:00	5131.500	5132.000	5131.000	5131.500	68	803	0
2026.07.10	14:48:00	5132.000	5132.000	5131.000	5131.000	39	463	0
2026.07.10	14:49:00	5131.500	5132.000	5131.500	5131.500	66	1374	0
2026.07.10	14:50:00	5131.500	5131.500	5131.000	5131.500	50	170	0
2026.07.10	14:51:00	5131.500	5132.000	5130.500	5131.000	50	500	0
2026.07.10	14:52:00	5131.000	5132.000	5130.500	5132.000	67	1536	0
2026.07.10	14:53:00	5131.500	5134.500	5131.500	5133.500	334	7968	0
2026.07.10	14:54:00	5133.500	5135.000	5133.500	5134.500	186	2786	0
2026.07.10	14:55:00	5134.000	5135.000	5133.000	5133.500	165	3350	0
2026.07.10	14:56:00	5134.000	5134.500	5133.500	5133.500	127	2377	0
2026.07.10	14:57:00	5134.000	5134.000	5133.500	5134.000	87	1103	0
2026.07.10	14:58:00	5134.000	5134.500	5133.500	5134.000	86	985	0
2026.07.10	14:59:00	5133.500	5134.000	5132.500	5132.500	147	4677	0
2026.07.10	15:00:00	5133.000	5134.000	5132.500	5133.000	145	5047	0
2026.07.10	15:01:00	5133.500	5133.500	5132.500	5133.500	67	1787	0
2026.07.10	15:02:00	5133.500	5133.500	5132.500	5132.500	105	1772	0
2026.07.10	15:03:00	5133.000	5134.000	5132.500	5133.500	94	2577	0
2026.07.10	15:04:00	5133.500	5134.000	5133.000	5133.000	77	1050	0
2026.07.10	15:05:00	5133.500	5134.000	5133.000	5133.000	69	302	0
2026.07.10	15:06:00	5133.500	5133.500	5132.500	5133.500	187	1443	0
2026.07.10	15:07:00	5133.000	5133.500	5133.000	5133.500	52	325	0
2026.07.10	15:08:00	5133.500	5133.500	5133.000	5133.500	38	142	0
2026.07.10	15:09:00	5133.000	5133.500	5132.500	5132.500	74	2151	0
2026.07.10	15:10:00	5132.500	5133.500	5131.000	5132.500	265	4363	0
2026.07.10	15:11:00	5132.000	5133.000	5132.000	5133.000	61	245	0
2026.07.10	15:12:00	5132.500	5133.000	5132.000	5132.500	53	677	0
2026.07.10	15:13:00	5133.000	5133.000	5132.500	5132.500	52	294	0
2026.07.10	15:14:00	5133.000	5133.000	5132.500	5133.000	61	1209	0
2026.07.10	15:15:00	5133.000	5133.000	5132.000	5133.000	59	1185	0
2026.07.10	15:16:00	5133.000	5133.500	5132.500	5133.000	90	1085	0
2026.07.10	15:17:00	5133.000	5133.000	5132.500	5132.500	94	393	0
2026.07.10	15:18:00	5133.000	5133.500	5133.000	5133.000	36	538	0
2026.07.10	15:19:00	5133.000	5134.000	5133.000	5133.500	79	1264	0
2026.07.10	15:20:00	5134.000	5134.000	5133.500	5133.500	72	335	0
2026.07.10	15:21:00	5134.000	5135.000	5133.500	5135.000	174	1772	0
2026.07.10	15:22:00	5135.000	5135.000	5134.000	5134.000	109	2268	0
2026.07.10	15:23:00	5134.500	5134.500	5133.500	5134.500	107	1613	0
2026.07.10	15:24:00	5134.500	5135.000	5134.000	5135.000	84	2972	0
2026.07.10	15:25:00	5135.000	5135.000	5134.000	5134.000	210	2731	0
2026.07.10	15:26:00	5134.500	5134.500	5134.000	5134.500	60	319	0
2026.07.10	15:27:00	5134.000	5135.000	5134.000	5135.000	80	1082	0
2026.07.10	15:28:00	5135.000	5136.000	5134.500	5135.000	200	4939	0
2026.07.10	15:29:00	5135.500	5135.500	5134.500	5135.500	143	965	0
2026.07.10	15:30:00	5135.000	5136.000	5134.500	5135.000	178	2474	0
2026.07.10	15:31:00	5135.000	5135.500	5134.500	5135.500	92	385	0
2026.07.10	15:32:00	5135.500	5135.500	5135.000	5135.500	64	135	0
2026.07.10	15:33:00	5135.500	5135.500	5135.000	5135.500	63	753	0
2026.07.10	15:34:00	5135.500	5135.500	5134.500	5134.500	82	1256	0
2026.07.10	15:35:00	5134.500	5135.000	5134.000	5134.000	99	1669	0
2026.07.10	15:36:00	5134.500	5134.500	5133.500	5133.500	144	1954	0
2026.07.10	15:37:00	5134.000	5134.500	5133.500	5134.500	79	948	0
2026.07.10	15:38:00	5134.000	5135.000	5133.500	5134.500	81	1257	0
2026.07.10	15:39:00	5134.000	5135.000	5134.000	5134.500	63	552	0
2026.07.10	15:40:00	5134.500	5135.000	5134.000	5134.500	83	897	0
2026.07.10	15:41:00	5134.500	5135.000	5134.000	5134.000	50	483	0
2026.07.10	15:42:00	5134.500	5135.000	5134.000	5135.000	80	1571	0
2026.07.10	15:43:00	5135.000	5135.000	5134.500	5135.000	53	656	0
2026.07.10	15:44:00	5135.000	5135.000	5134.000	5134.000	73	1199	0
2026.07.10	15:45:00	5134.500	5134.500	5133.500	5134.000	91	1399	0
2026.07.10	15:46:00	5133.500	5134.500	5133.500	5134.000	74	478	0
2026.07.10	15:47:00	5134.000	5135.000	5134.000	5134.000	62	1249	0
2026.07.10	15:48:00	5134.000	5134.500	5134.000	5134.000	83	1174	0
2026.07.10	15:49:00	5134.500	5135.000	5134.000	5134.000	54	491	0
2026.07.10	15:50:00	5134.000	5134.500	5132.000	5132.500	409	10043	0
2026.07.10	15:51:00	5132.500	5134.000	5132.500	5133.500	264	2140	0
2026.07.10	15:52:00	5133.000	5133.500	5131.500	5133.000	290	5955	0
2026.07.10	15:53:00	5133.000	5135.000	5132.500	5135.000	307	6717	0
2026.07.10	15:54:00	5135.000	5135.000	5133.500	5134.000	215	2845	0
2026.07.10	15:55:00	5133.500	5134.000	5132.000	5133.000	286	2749	0
2026.07.10	15:56:00	5133.000	5133.000	5131.500	5132.000	387	3242	0
2026.07.10	15:57:00	5132.500	5132.500	5131.500	5132.500	201	2013	0
2026.07.10	15:58:00	5132.500	5132.500	5131.500	5131.500	218	2158	0
2026.07.10	15:59:00	5132.000	5133.000	5131.500	5133.000	231	1690	0
2026.07.10	16:00:00	5132.500	5133.000	5132.000	5132.500	81	952	0
2026.07.10	16:01:00	5132.500	5134.500	5132.500	5134.500	123	3842	0
2026.07.10	16:02:00	5134.500	5137.000	5134.000	5136.000	362	9245	0
2026.07.10	16:03:00	5135.500	5136.500	5135.500	5135.500	170	2348	0
2026.07.10	16:04:00	5136.000	5136.000	5135.000	5136.000	107	1039	0
2026.07.10	16:05:00	5136.000	5136.000	5135.000	5135.000	136	2072	0
2026.07.10	16:06:00	5135.000	5135.500	5135.000	5135.000	77	490	0
2026.07.10	16:07:00	5135.000	5135.500	5134.500	5135.500	58	1449	0
2026.07.10	16:08:00	5135.000	5135.500	5135.000	5135.000	55	598	0
2026.07.10	16:09:00	5135.500	5135.500	5134.500	5134.500	64	520	0
2026.07.10	16:10:00	5134.500	5135.500	5134.500	5135.500	110	1425	0
2026.07.10	16:11:00	5135.500	5136.500	5135.000	5135.000	136	2533	0
2026.07.10	16:12:00	5135.500	5137.000	5135.000	5136.500	136	2689	0
2026.07.10	16:13:00	5137.000	5138.000	5136.000	5137.500	232	5098	0
2026.07.10	16:14:00	5137.500	5138.500	5137.000	5138.000	347	5927	0
2026.07.10	16:15:00	5138.000	5138.500	5137.000	5137.500	179	3226	0
2026.07.10	16:16:00	5137.500	5137.500	5136.500	5136.500	124	1718	0
2026.07.10	16:17:00	5136.500	5137.000	5136.500	5137.000	71	464	0
2026.07.10	16:18:00	5136.500	5137.000	5136.500	5137.000	37	696	0
2026.07.10	16:19:00	5136.500	5137.500	5136.500	5137.000	71	1177	0
2026.07.10	16:20:00	5137.000	5137.500	5136.500	5137.000	109	642	0
2026.07.10	16:21:00	5137.000	5137.500	5136.500	5136.500	57	658	0
2026.07.10	16:22:00	5136.500	5137.000	5136.500	5137.000	55	449	0
2026.07.10	16:23:00	5136.500	5137.000	5136.000	5137.000	63	670	0
2026.07.10	16:24:00	5136.500	5137.000	5136.500	5137.000	57	443	0
2026.07.10	16:25:00	5137.000	5137.000	5136.000	5136.000	101	1028	0
2026.07.10	16:26:00	5136.000	5136.500	5136.000	5136.000	55	546	0
2026.07.10	16:27:00	5136.000	5137.000	5135.500	5136.500	82	823	0
2026.07.10	16:28:00	5137.000	5138.000	5136.500	5137.500	86	2043	0
2026.07.10	16:29:00	5137.500	5138.000	5137.000	5138.000	102	2102	0
2026.07.10	16:30:00	5137.500	5138.500	5137.500	5138.500	104	1379	0
2026.07.10	16:31:00	5138.000	5138.500	5138.000	5138.000	84	552	0
2026.07.10	16:32:00	5137.500	5138.000	5136.500	5137.500	134	2293	0
2026.07.10	16:33:00	5137.500	5138.000	5137.000	5137.500	41	270	0
2026.07.10	16:34:00	5137.500	5138.000	5137.000	5138.000	36	2286	0
2026.07.10	16:35:00	5138.000	5138.000	5137.000	5137.500	63	445	0
2026.07.10	16:36:00	5137.500	5137.500	5137.000	5137.500	52	135	0
2026.07.10	16:37:00	5137.000	5137.500	5137.000	5137.000	64	1036	0
2026.07.10	16:38:00	5137.500	5137.500	5136.500	5137.000	34	918	0
2026.07.10	16:39:00	5136.500	5137.000	5136.500	5137.000	40	954	0
2026.07.10	16:40:00	5136.500	5137.000	5136.500	5137.000	41	770	0
2026.07.10	16:41:00	5137.000	5137.000	5136.500	5137.000	40	156	0
2026.07.10	16:42:00	5136.500	5137.000	5136.500	5136.500	64	1047	0
2026.07.10	16:43:00	5136.500	5137.500	5135.500	5136.000	88	2711	0
2026.07.10	16:44:00	5136.500	5136.500	5134.500	5135.500	222	6775	0
2026.07.10	16:45:00	5135.500	5136.500	5135.500	5135.500	78	1025	0
2026.07.10	16:46:00	5135.500	5137.000	5135.500	5136.000	66	1718	0
2026.07.10	16:47:00	5136.000	5136.500	5135.000	5135.000	85	4373	0
2026.07.10	16:48:00	5135.500	5135.500	5134.500	5135.000	75	889	0
2026.07.10	16:49:00	5135.000	5135.500	5134.500	5135.000	71	607	0
2026.07.10	16:50:00	5135.000	5135.500	5134.500	5135.000	93	435	0
2026.07.10	16:51:00	5135.000	5135.500	5135.000	5135.000	35	184	0
2026.07.10	16:52:00	5135.500	5136.000	5135.000	5135.500	44	619	0
2026.07.10	16:53:00	5135.000	5136.000	5135.000	5136.000	42	495	0
2026.07.10	16:54:00	5135.500	5136.000	5135.000	5135.000	59	647	0
2026.07.10	16:55:00	5135.500	5135.500	5134.000	5134.500	165	1983	0
2026.07.10	16:56:00	5134.000	5134.500	5134.000	5134.500	86	645	0
2026.07.10	16:57:00	5134.000	5135.000	5133.500	5133.500	143	2564	0
2026.07.10	16:58:00	5134.000	5134.000	5133.000	5133.500	165	3403	0
2026.07.10	16:59:00	5133.500	5135.000	5133.500	5134.500	115	1347	0
2026.07.10	17:00:00	5134.500	5135.000	5134.000	5134.500	102	1027	0
2026.07.10	17:01:00	5134.500	5135.500	5133.500	5133.500	101	2344	0
2026.07.10	17:02:00	5134.000	5134.500	5133.500	5133.500	78	2119	0
2026.07.10	17:03:00	5133.500	5135.000	5133.500	5134.000	70	1906	0
2026.07.10	17:04:00	5134.000	5134.000	5133.500	5133.500	49	190	0
2026.07.10	17:05:00	5133.500	5134.500	5133.000	5134.500	110	3598	0
2026.07.10	17:06:00	5134.500	5135.500	5134.000	5135.000	91	2256	0
2026.07.10	17:07:00	5135.000	5136.000	5134.500	5136.000	78	1095	0
2026.07.10	17:08:00	5135.500	5136.000	5135.000	5135.500	58	250	0
2026.07.10	17:09:00	5135.500	5135.500	5135.000	5135.000	41	307	0
2026.07.10	17:10:00	5135.000	5135.500	5135.000	5135.000	48	839	0
2026.07.10	17:11:00	5135.500	5135.500	5135.000	5135.000	84	339	0
2026.07.10	17:12:00	5135.500	5135.500	5134.500	5135.000	60	1160	0
2026.07.10	17:13:00	5134.500	5135.000	5134.500	5134.500	36	1033	0
2026.07.10	17:14:00	5134.500	5135.000	5134.000	5135.000	33	1290	0
2026.07.10	17:15:00	5134.500	5135.000	5134.000	5134.500	47	1817	0
2026.07.10	17:16:00	5134.500	5134.500	5134.000	5134.000	36	172	0
2026.07.10	17:17:00	5134.000	5134.500	5134.000	5134.000	41	1374	0
2026.07.10	17:18:00	5134.500	5134.500	5134.000	5134.500	26	1336	0
2026.07.10	17:19:00	5134.500	5135.500	5134.000	5134.500	59	3477	0
2026.07.10	17:20:00	5134.500	5135.000	5134.000	5134.500	43	274	0
2026.07.10	17:21:00	5134.500	5134.500	5133.500	5133.500	43	866	0
2026.07.10	17:22:00	5133.500	5134.000	5133.500	5134.000	30	628	0
2026.07.10	17:23:00	5134.000	5134.500	5134.000	5134.500	19	976	0
2026.07.10	17:24:00	5135.000	5135.000	5134.000	5134.000	22	361	0
2026.07.10	17:25:00	5134.500	5135.000	5134.000	5134.500	58	954	0
2026.07.10	17:26:00	5134.500	5135.500	5134.500	5135.000	25	284	0
2026.07.10	17:27:00	5135.000	5135.500	5134.500	5135.000	16	608	0
2026.07.10	17:28:00	5135.000	5135.000	5134.000	5135.000	46	985	0
2026.07.10	17:29:00	5135.000	5135.000	5134.500	5135.000	19	344	0
2026.07.10	17:30:00	5134.500	5135.500	5134.500	5135.000	61	298	0
2026.07.10	17:31:00	5135.000	5135.500	5135.000	5135.500	24	99	0
2026.07.10	17:32:00	5135.500	5135.500	5135.000	5135.500	40	491	0
2026.07.10	17:33:00	5135.500	5135.500	5135.000	5135.000	21	209	0
2026.07.10	17:34:00	5135.000	5135.500	5135.000	5135.000	22	590	0
2026.07.10	17:35:00	5135.500	5136.500	5135.000	5136.500	79	2562	0
2026.07.10	17:36:00	5136.000	5137.500	5136.000	5136.500	143	2036	0
2026.07.10	17:37:00	5136.500	5137.000	5136.500	5136.500	53	418	0
2026.07.10	17:38:00	5136.500	5137.500	5136.500	5137.000	42	567	0
2026.07.10	17:39:00	5137.000	5137.000	5136.500	5137.000	36	1147	0
2026.07.10	17:40:00	5136.500	5137.000	5136.000	5136.000	111	2597	0
2026.07.10	17:41:00	5136.000	5136.500	5135.500	5136.000	41	556	0
2026.07.10	17:42:00	5135.500	5136.500	5135.500	5135.500	33	1378	0
2026.07.10	17:43:00	5136.000	5136.000	5135.500	5136.000	21	264	0
2026.07.10	17:44:00	5136.000	5136.500	5135.500	5136.000	28	538	0
2026.07.10	17:45:00	5136.500	5136.500	5135.500	5135.500	36	846	0
2026.07.10	17:46:00	5135.500	5136.000	5135.500	5135.500	22	581	0
2026.07.10	17:47:00	5135.500	5135.500	5135.000	5135.500	48	575	0
2026.07.10	17:48:00	5136.000	5136.000	5135.000	5135.500	55	846	0
2026.07.10	17:49:00	5136.000	5136.500	5135.000	5135.500	58	2057	0
2026.07.10	17:50:00	5136.000	5136.500	5135.500	5135.500	50	1055	0
2026.07.10	17:51:00	5136.000	5136.000	5135.000	5135.000	31	1095	0
2026.07.10	17:52:00	5135.500	5136.000	5135.000	5135.500	40	749	0
2026.07.10	17:53:00	5136.000	5136.000	5135.000	5135.000	24	518	0
2026.07.10	17:54:00	5135.500	5135.500	5134.500	5134.500	69	1375	0
2026.07.10	17:55:00	5135.000	5135.500	5134.500	5135.000	59	726	0
2026.07.10	17:56:00	5135.000	5135.500	5134.500	5135.000	28	101	0
2026.07.10	17:57:00	5135.000	5135.500	5134.500	5135.000	27	241	0
2026.07.10	17:58:00	5135.500	5136.000	5135.000	5135.500	57	715	0
2026.07.10	17:59:00	5135.500	5136.500	5135.000	5136.000	61	1100	0
2026.07.10	18:00:00	5136.000	5136.500	5136.000	5136.000	46	300	0
2026.07.10	18:01:00	5136.500	5138.000	5136.000	5138.000	100	1565	0
2026.07.10	18:02:00	5138.000	5138.000	5137.000	5137.000	56	777	0
2026.07.10	18:03:00	5137.000	5137.500	5136.500	5136.500	40	414	0
2026.07.10	18:04:00	5137.000	5137.000	5136.000	5136.500	23	144	0
2026.07.10	18:05:00	5136.500	5136.500	5136.000	5136.000	28	398	0
2026.07.10	18:06:00	5136.000	5136.500	5135.500	5136.000	31	430	0
2026.07.10	18:07:00	5136.000	5136.500	5135.000	5136.500	44	1440	0
2026.07.10	18:08:00	5136.500	5136.500	5135.000	5136.000	38	1130	0
2026.07.10	18:09:00	5136.500	5136.500	5135.500	5135.500	26	693	0
2026.07.10	18:10:00	5136.000	5136.000	5135.000	5135.500	29	560	0
2026.07.10	18:11:00	5135.000	5136.000	5135.000	5136.000	44	1223	0
2026.07.10	18:12:00	5135.500	5136.000	5135.500	5135.500	27	410	0
2026.07.10	18:13:00	5135.500	5136.000	5135.000	5135.000	25	394	0
2026.07.10	18:14:00	5135.500	5135.500	5135.000	5135.500	102	823	0
2026.07.10	18:15:00	5135.500	5137.000	5135.000	5136.500	123	1349	0
2026.07.10	18:16:00	5136.500	5136.500	5136.000	5136.000	57	362	0
2026.07.10	18:17:00	5136.000	5137.000	5136.000	5136.500	37	759	0
2026.07.10	18:18:00	5137.000	5137.500	5136.500	5137.500	52	858	0
2026.07.10	18:19:00	5137.500	5138.000	5137.000	5138.000	94	1050	0
2026.07.10	18:20:00	5138.000	5138.000	5137.000	5137.000	71	384	0
2026.07.10	18:21:00	5137.000	5137.500	5137.000	5137.500	74	297	0
2026.07.10	18:22:00	5137.500	5138.500	5136.000	5137.500	65	1069	0
2026.07.10	18:23:00	5137.500	5139.000	5137.000	5137.500	46	1412	0
2026.07.10	18:24:00	5137.500	5137.500	5137.000	5137.500	11	208	0
2026.07.10	18:25:00	5137.000	5139.000	5136.500	5138.000	701	1808	0
2026.07.10	18:26:00	5138.000	5138.500	5137.500	5138.500	19	137	0
2026.07.10	18:27:00	5138.000	5139.000	5137.500	5139.000	45	622	0
2026.07.10	18:28:00	5139.000	5139.000	5137.500	5138.500	18	588	0
2026.07.10	18:29:00	5138.500	5138.500	5137.500	5137.500	40	441	0
2026.07.13	09:00:00	5137.500	5140.500	5136.000	5140.500	728	10716	0
2026.07.13	09:01:00	5140.500	5144.500	5139.000	5142.500	1716	15063	0
2026.07.13	09:02:00	5142.500	5144.500	5142.000	5143.000	786	6370	0
2026.07.13	09:03:00	5143.000	5143.500	5140.500	5141.500	537	4022	0
2026.07.13	09:04:00	5142.000	5144.000	5140.500	5144.000	470	4260	0
2026.07.13	09:05:00	5143.500	5144.000	5139.500	5140.000	496	5272	0
2026.07.13	09:06:00	5140.000	5140.500	5136.000	5138.000	1184	13518	0
2026.07.13	09:07:00	5138.000	5140.000	5136.000	5139.500	573	6915	0
2026.07.13	09:08:00	5139.000	5142.500	5138.500	5139.000	913	8178	0
2026.07.13	09:09:00	5139.500	5141.000	5138.000	5139.500	422	5651	0
2026.07.13	09:10:00	5140.000	5141.000	5137.000	5137.500	553	8597	0
2026.07.13	09:11:00	5137.500	5144.000	5137.500	5143.000	1013	13968	0
2026.07.13	09:12:00	5143.000	5146.500	5142.000	5145.000	1081	15640	0
2026.07.13	09:13:00	5145.000	5146.000	5142.000	5143.500	597	9228	0
2026.07.13	09:14:00	5143.500	5145.500	5141.500	5144.500	454	6866	0
2026.07.13	09:15:00	5144.500	5145.000	5141.500	5143.000	414	3412	0
2026.07.13	09:16:00	5143.000	5144.500	5141.000	5142.000	313	3642	0
2026.07.13	09:17:00	5142.000	5143.500	5140.000	5142.500	508	6165	0
2026.07.13	09:18:00	5142.500	5144.500	5141.500	5143.500	421	5268	0
2026.07.13	09:19:00	5143.500	5144.500	5142.000	5143.500	357	5756	0
2026.07.13	09:20:00	5143.500	5148.000	5143.500	5146.500	1021	13827	0
2026.07.13	09:21:00	5146.500	5148.500	5145.500	5148.000	590	5795	0
2026.07.13	09:22:00	5148.000	5148.000	5144.000	5144.500	646	6328	0
2026.07.13	09:23:00	5145.000	5145.500	5143.000	5145.000	524	6494	0
2026.07.13	09:24:00	5145.000	5145.000	5142.500	5142.500	262	2042	0
2026.07.13	09:25:00	5142.500	5143.000	5141.000	5141.000	653	4778	0
2026.07.13	09:26:00	5141.000	5142.000	5141.000	5141.500	256	2793	0
2026.07.13	09:27:00	5141.500	5144.000	5141.000	5144.000	383	4070	0
2026.07.13	09:28:00	5144.000	5144.500	5142.500	5144.000	338	2621	0
2026.07.13	09:29:00	5143.500	5145.000	5141.000	5141.500	403	5225	0
2026.07.13	09:30:00	5142.000	5143.000	5140.500	5141.500	443	4052	0
2026.07.13	09:31:00	5142.000	5144.000	5142.000	5143.000	268	1918	0
2026.07.13	09:32:00	5143.000	5143.500	5141.000	5141.000	192	2022	0
2026.07.13	09:33:00	5141.000	5141.500	5139.500	5141.500	666	5858	0
2026.07.13	09:34:00	5141.000	5142.000	5140.000	5141.000	235	1258	0
2026.07.13	09:35:00	5140.500	5143.500	5140.500	5143.000	355	2669	0
2026.07.13	09:36:00	5142.500	5144.500	5142.500	5144.500	479	4120	0
2026.07.13	09:37:00	5144.000	5147.000	5143.000	5145.000	1520	12377	0
2026.07.13	09:38:00	5145.000	5146.500	5144.500	5144.500	332	2843	0
2026.07.13	09:39:00	5144.500	5146.500	5144.500	5145.000	232	3953	0
2026.07.13	09:40:00	5145.000	5145.500	5142.000	5144.500	557	7670	0
2026.07.13	09:41:00	5144.000	5144.500	5140.500	5140.500	377	3575	0
2026.07.13	09:42:00	5140.500	5142.000	5138.500	5141.500	941	8602	0
2026.07.13	09:43:00	5141.000	5141.500	5138.000	5140.000	560	4849	0
2026.07.13	09:44:00	5140.000	5140.500	5138.500	5140.000	311	3371	0
2026.07.13	09:45:00	5140.000	5142.000	5138.500	5142.000	425	3498	0
2026.07.13	09:46:00	5142.000	5142.500	5140.000	5140.500	380	4812	0
2026.07.13	09:47:00	5141.000	5141.500	5139.000	5140.500	227	3686	0
2026.07.13	09:48:00	5140.500	5142.500	5140.000	5142.000	209	2084	0
2026.07.13	09:49:00	5141.500	5142.000	5140.500	5141.500	139	2051	0
2026.07.13	09:50:00	5142.000	5143.500	5141.500	5143.000	329	3302	0
2026.07.13	09:51:00	5142.500	5147.500	5142.500	5145.500	848	13150	0
2026.07.13	09:52:00	5145.500	5148.000	5144.000	5144.000	624	9230	0
2026.07.13	09:53:00	5144.500	5146.500	5143.500	5146.000	336	6285	0
2026.07.13	09:54:00	5146.000	5146.500	5143.500	5146.000	280	6736	0
2026.07.13	09:55:00	5146.000	5147.000	5144.500	5145.500	324	8562	0
2026.07.13	09:56:00	5145.500	5146.000	5144.000	5144.500	320	6432	0
2026.07.13	09:57:00	5144.500	5146.000	5144.000	5145.000	234	3078	0
2026.07.13	09:58:00	5145.500	5146.000	5141.000	5141.000	570	11696	0
2026.07.13	09:59:00	5141.000	5141.500	5135.000	5135.000	1126	20502	0
2026.07.13	10:00:00	5135.000	5137.000	5134.000	5136.000	1439	13885	0
2026.07.13	10:01:00	5136.000	5138.000	5133.500	5133.500	932	17997	0
2026.07.13	10:02:00	5133.500	5137.500	5133.500	5135.000	909	20298	0
2026.07.13	10:03:00	5135.000	5139.500	5135.000	5139.000	763	10579	0
2026.07.13	10:04:00	5138.500	5139.500	5137.000	5138.500	443	3836	0
2026.07.13	10:05:00	5138.500	5139.000	5137.500	5138.000	242	1485	0
2026.07.13	10:06:00	5138.000	5139.000	5136.500	5137.500	338	4877	0
2026.07.13	10:07:00	5137.500	5138.500	5136.000	5137.000	261	5770	0
2026.07.13	10:08:00	5136.500	5137.000	5135.000	5137.000	423	4100	0
2026.07.13	10:09:00	5137.500	5139.000	5136.500	5137.500	317	3183	0
2026.07.13	10:10:00	5138.000	5140.500	5137.500	5139.500	521	7345	0
2026.07.13	10:11:00	5139.500	5143.000	5139.000	5142.000	755	13457	0
2026.07.13	10:12:00	5142.500	5142.500	5140.500	5141.000	350	8841	0
2026.07.13	10:13:00	5141.000	5143.000	5141.000	5142.000	299	4386	0
2026.07.13	10:14:00	5142.000	5142.500	5140.500	5142.000	211	5141	0
2026.07.13	10:15:00	5142.000	5143.500	5141.500	5143.000	286	2820	0
2026.07.13	10:16:00	5143.000	5143.000	5142.000	5143.000	194	2489	0
2026.07.13	10:17:00	5143.000	5143.000	5141.500	5142.000	180	926	0
2026.07.13	10:18:00	5142.000	5144.000	5141.500	5143.500	286	4137	0
2026.07.13	10:19:00	5143.500	5150.500	5142.500	5148.500	1699	30765	0
2026.07.13	10:20:00	5148.500	5148.500	5146.000	5146.500	700	6497	0
2026.07.13	10:21:00	5146.500	5149.000	5146.000	5149.000	438	4630	0
2026.07.13	10:22:00	5149.000	5149.500	5147.000	5147.000	312	2212	0
2026.07.13	10:23:00	5147.500	5150.000	5147.000	5149.500	321	3046	0
2026.07.13	10:24:00	5149.500	5151.000	5148.500	5150.000	562	7332	0
2026.07.13	10:25:00	5149.500	5150.000	5147.500	5148.000	432	4344	0
2026.07.13	10:26:00	5148.500	5149.000	5147.500	5148.000	192	3194	0
2026.07.13	10:27:00	5148.000	5149.000	5147.000	5148.000	272	4937	0
2026.07.13	10:28:00	5148.000	5148.500	5146.500	5148.500	292	5208	0
2026.07.13	10:29:00	5149.000	5149.500	5147.500	5149.500	236	4057	0
2026.07.13	10:30:00	5149.500	5150.000	5147.000	5148.000	387	7712	0
2026.07.13	10:31:00	5148.500	5148.500	5146.000	5148.000	444	5694	0
2026.07.13	10:32:00	5148.000	5149.000	5147.000	5147.000	227	2585	0
2026.07.13	10:33:00	5147.500	5148.500	5146.000	5148.000	206	3783	0
2026.07.13	10:34:00	5148.000	5148.000	5144.000	5144.000	671	11064	0
2026.07.13	10:35:00	5144.000	5145.500	5143.500	5145.000	510	5062	0
2026.07.13	10:36:00	5145.000	5145.000	5143.500	5144.500	299	2686	0
2026.07.13	10:37:00	5145.000	5148.000	5143.500	5147.500	535	7291	0
2026.07.13	10:38:00	5147.500	5147.500	5146.000	5147.500	277	2533	0
2026.07.13	10:39:00	5147.500	5151.000	5147.500	5151.000	919	8806	0
2026.07.13	10:40:00	5150.500	5151.000	5149.000	5149.000	477	4152	0
2026.07.13	10:41:00	5149.000	5150.500	5147.500	5150.500	429	5462	0
2026.07.13	10:42:00	5150.500	5152.000	5150.000	5151.500	779	12147	0
2026.07.13	10:43:00	5152.000	5152.000	5149.000	5151.000	450	9694	0
2026.07.13	10:44:00	5151.000	5151.500	5148.000	5148.500	300	4594	0
2026.07.13	10:45:00	5148.500	5150.000	5147.500	5149.000	359	4505	0
2026.07.13	10:46:00	5149.000	5149.000	5147.500	5148.500	192	3079	0
2026.07.13	10:47:00	5149.000	5149.500	5147.500	5148.000	122	2004	0
2026.07.13	10:48:00	5147.500	5149.500	5147.000	5149.000	269	3857	0
2026.07.13	10:49:00	5149.500	5151.500	5149.500	5151.000	335	4564	0
2026.07.13	10:50:00	5151.500	5153.000	5151.000	5153.000	575	7138	0
2026.07.13	10:51:00	5153.000	5153.500	5151.500	5152.500	329	3983	0
2026.07.13	10:52:00	5152.500	5154.000	5151.500	5152.500	480	8020	0
2026.07.13	10:53:00	5152.000	5152.500	5150.000	5150.500	432	4926	0
2026.07.13	10:54:00	5150.000	5150.500	5148.000	5149.500	502	7897	0
2026.07.13	10:55:00	5149.500	5150.000	5148.500	5149.500	191	1954	0
2026.07.13	10:56:00	5149.500	5150.000	5148.500	5149.000	182	1930	0
2026.07.13	10:57:00	5149.000	5150.000	5147.000	5147.500	392	3892	0
2026.07.13	10:58:00	5147.500	5148.500	5147.000	5148.000	303	4178	0
2026.07.13	10:59:00	5148.000	5148.000	5146.000	5146.500	345	5418	0
2026.07.13	11:00:00	5146.500	5146.500	5144.000	5145.500	637	7481	0
2026.07.13	11:01:00	5145.500	5147.500	5145.000	5147.000	632	6979	0
2026.07.13	11:02:00	5147.000	5147.500	5146.000	5146.500	275	3269	0
2026.07.13	11:03:00	5146.500	5147.500	5144.000	5144.500	380	6432	0
2026.07.13	11:04:00	5144.000	5147.000	5144.000	5146.500	384	4037	0
2026.07.13	11:05:00	5146.500	5147.500	5145.000	5145.500	245	6874	0
2026.07.13	11:06:00	5145.500	5147.000	5144.000	5144.500	279	5614	0
2026.07.13	11:07:00	5144.500	5145.500	5143.500	5145.000	319	5274	0
2026.07.13	11:08:00	5144.500	5146.000	5142.500	5143.000	550	8138	0
2026.07.13	11:09:00	5143.000	5145.500	5142.500	5145.000	359	3172	0
2026.07.13	11:10:00	5145.000	5147.500	5144.500	5147.000	388	6647	0
2026.07.13	11:11:00	5147.000	5147.500	5145.000	5145.500	228	2234	0
2026.07.13	11:12:00	5146.000	5147.000	5146.000	5146.500	170	2408	0
2026.07.13	11:13:00	5146.500	5148.500	5146.000	5148.500	311	4071	0
2026.07.13	11:14:00	5148.000	5149.000	5147.500	5148.000	294	2264	0
2026.07.13	11:15:00	5148.000	5148.500	5146.000	5148.000	301	4523	0
2026.07.13	11:16:00	5147.500	5161.000	5147.500	5156.000	1727	34230	0
2026.07.13	11:17:00	5156.500	5157.500	5152.000	5153.500	1612	21507	0
2026.07.13	11:18:00	5153.000	5154.000	5149.500	5152.000	953	17616	0
2026.07.13	11:19:00	5152.000	5153.000	5149.500	5152.500	511	5472	0
2026.07.13	11:20:00	5152.500	5153.500	5150.500	5152.500	331	3205	0
2026.07.13	11:21:00	5152.000	5155.500	5151.500	5154.000	549	7502	0
2026.07.13	11:22:00	5154.500	5155.500	5153.000	5153.500	306	4045	0
2026.07.13	11:23:00	5153.500	5155.000	5153.000	5155.000	254	2316	0
2026.07.13	11:24:00	5155.000	5155.000	5150.000	5151.500	469	5431	0
2026.07.13	11:25:00	5151.500	5152.000	5149.500	5150.000	287	2874	0
2026.07.13	11:26:00	5150.000	5151.000	5149.000	5151.000	334	4183	0
2026.07.13	11:27:00	5150.500	5151.500	5150.000	5150.500	191	2229	0
2026.07.13	11:28:00	5150.500	5150.500	5148.500	5150.000	281	2354	0
2026.07.13	11:29:00	5149.500	5150.500	5149.000	5150.000	203	3488	0
2026.07.13	11:30:00	5150.000	5151.000	5149.500	5150.000	192	1255	0
2026.07.13	11:31:00	5150.000	5151.500	5149.000	5151.000	209	2028	0
2026.07.13	11:32:00	5151.000	5151.000	5150.000	5150.500	102	519	0
2026.07.13	11:33:00	5150.000	5151.000	5149.500	5150.500	168	2188	0
2026.07.13	11:34:00	5150.500	5150.500	5148.000	5149.500	237	5761	0
2026.07.13	11:35:00	5149.000	5154.500	5149.000	5153.500	570	12505	0
2026.07.13	11:36:00	5153.000	5156.000	5153.000	5154.000	558	6873	0
2026.07.13	11:37:00	5154.000	5155.500	5153.500	5155.500	251	3482	0
2026.07.13	11:38:00	5155.500	5156.500	5154.000	5154.000	378	8355	0
2026.07.13	11:39:00	5154.000	5156.000	5154.000	5155.000	205	4798	0
2026.07.13	11:40:00	5155.500	5156.000	5154.000	5155.000	226	3181	0
2026.07.13	11:41:00	5155.000	5156.000	5154.000	5155.500	163	2468	0
2026.07.13	11:42:00	5155.500	5156.000	5154.000	5154.500	182	2423	0
2026.07.13	11:43:00	5155.000	5156.000	5154.500	5155.500	148	1290	0
2026.07.13	11:44:00	5155.000	5155.500	5153.500	5154.000	174	3327	0
2026.07.13	11:45:00	5154.000	5155.500	5153.500	5153.500	192	2868	0
2026.07.13	11:46:00	5153.500	5154.000	5150.000	5151.000	559	8713	0
2026.07.13	11:47:00	5151.500	5152.500	5151.000	5151.500	202	3014	0
2026.07.13	11:48:00	5151.500	5152.500	5149.500	5150.000	257	4366	0
2026.07.13	11:49:00	5150.500	5152.000	5150.000	5151.500	158	4833	0
2026.07.13	11:50:00	5151.000	5153.500	5151.000	5153.000	186	2629	0
2026.07.13	11:51:00	5153.000	5154.000	5153.000	5153.000	214	1955	0
2026.07.13	11:52:00	5153.000	5154.500	5153.000	5153.500	154	1192	0
2026.07.13	11:53:00	5153.500	5154.500	5151.500	5152.000	180	2817	0
2026.07.13	11:54:00	5152.000	5154.000	5151.500	5154.000	105	1953	0
2026.07.13	11:55:00	5153.500	5154.000	5151.500	5152.500	117	1444	0
2026.07.13	11:56:00	5152.000	5152.500	5150.000	5151.000	195	3286	0
2026.07.13	11:57:00	5150.500	5152.000	5150.500	5150.500	197	4610	0
2026.07.13	11:58:00	5150.500	5151.000	5149.500	5150.500	214	5637	0
2026.07.13	11:59:00	5150.000	5150.500	5147.500	5147.500	548	11372	0
2026.07.13	12:00:00	5147.500	5148.000	5146.500	5147.000	521	8670	0
2026.07.13	12:01:00	5147.000	5148.500	5146.500	5148.000	269	9010	0
2026.07.13	12:02:00	5148.000	5150.000	5147.500	5148.500	507	13615	0
2026.07.13	12:03:00	5148.500	5149.000	5147.000	5147.500	229	7273	0
2026.07.13	12:04:00	5147.000	5150.000	5146.500	5148.500	284	7173	0
2026.07.13	12:05:00	5148.500	5149.000	5147.500	5148.500	194	2275	0
2026.07.13	12:06:00	5148.000	5149.000	5147.500	5148.000	134	3361	0
2026.07.13	12:07:00	5148.500	5149.000	5147.000	5147.500	187	3480	0
2026.07.13	12:08:00	5147.500	5149.500	5147.000	5148.500	201	2100	0
2026.07.13	12:09:00	5149.000	5149.500	5148.000	5148.500	161	2546	0
2026.07.13	12:10:00	5149.000	5149.000	5148.000	5149.000	121	2764	0
2026.07.13	12:11:00	5149.000	5150.000	5148.000	5149.500	163	2128	0
2026.07.13	12:12:00	5150.000	5150.500	5149.000	5150.000	248	4763	0
2026.07.13	12:13:00	5150.000	5150.500	5149.500	5150.000	132	1650	0
2026.07.13	12:14:00	5149.500	5151.000	5149.500	5150.000	152	3202	0
2026.07.13	12:15:00	5150.500	5151.500	5149.500	5151.500	150	1527	0
2026.07.13	12:16:00	5151.500	5152.000	5151.000	5151.000	184	1488	0
2026.07.13	12:17:00	5151.000	5151.500	5150.000	5150.000	126	4534	0
2026.07.13	12:18:00	5150.000	5151.000	5149.000	5151.000	249	3157	0
2026.07.13	12:19:00	5150.500	5151.500	5150.500	5150.500	128	1818	0
2026.07.13	12:20:00	5150.500	5151.500	5150.500	5151.000	74	1051	0
2026.07.13	12:21:00	5150.500	5151.000	5149.500	5150.000	107	1548	0
2026.07.13	12:22:00	5150.000	5151.000	5149.500	5150.000	67	1108	0
2026.07.13	12:23:00	5150.000	5150.500	5148.000	5148.500	208	2367	0
2026.07.13	12:24:00	5148.500	5148.500	5145.500	5146.500	639	9356	0
2026.07.13	12:25:00	5146.500	5148.500	5146.500	5148.000	223	1860	0
2026.07.13	12:26:00	5147.500	5148.000	5147.000	5148.000	109	537	0
2026.07.13	12:27:00	5148.000	5149.000	5147.500	5147.500	170	2727	0
2026.07.13	12:28:00	5147.500	5148.500	5147.000	5147.000	116	1915	0
2026.07.13	12:29:00	5147.500	5148.000	5146.500	5147.000	143	2605	0
2026.07.13	12:30:00	5147.500	5147.500	5144.500	5145.000	433	8825	0
2026.07.13	12:31:00	5145.000	5146.000	5143.000	5145.000	516	6883	0
2026.07.13	12:32:00	5145.500	5148.500	5145.000	5147.500	441	9521	0
2026.07.13	12:33:00	5147.500	5149.000	5147.500	5149.000	264	2408	0
2026.07.13	12:34:00	5149.000	5150.500	5148.500	5150.500	287	4624	0
2026.07.13	12:35:00	5150.500	5150.500	5148.000	5148.000	232	2217	0
2026.07.13	12:36:00	5148.500	5149.500	5148.500	5149.000	122	1692	0
2026.07.13	12:37:00	5148.500	5150.000	5148.500	5149.500	135	2111	0
2026.07.13	12:38:00	5149.500	5150.000	5149.500	5150.000	87	1399	0
2026.07.13	12:39:00	5149.500	5150.000	5149.500	5150.000	72	689	0
2026.07.13	12:40:00	5150.000	5150.500	5149.500	5149.500	114	900	0
2026.07.13	12:41:00	5149.500	5150.000	5149.000	5150.000	82	952	0
2026.07.13	12:42:00	5149.500	5150.000	5149.000	5149.500	68	883	0
2026.07.13	12:43:00	5149.000	5149.500	5148.500	5148.500	70	1227	0
2026.07.13	12:44:00	5149.000	5149.500	5148.000	5148.000	82	1459	0
2026.07.13	12:45:00	5148.500	5149.500	5147.500	5148.000	197	2429	0
2026.07.13	12:46:00	5148.000	5149.000	5147.500	5148.000	80	587	0
2026.07.13	12:47:00	5148.000	5148.500	5147.500	5148.500	60	958	0
2026.07.13	12:48:00	5148.500	5149.000	5148.000	5148.500	73	823	0
2026.07.13	12:49:00	5149.000	5149.000	5148.000	5148.500	74	2690	0
2026.07.13	12:50:00	5148.500	5150.000	5148.500	5149.500	109	5266	0
2026.07.13	12:51:00	5150.000	5150.500	5149.000	5150.000	74	881	0
2026.07.13	12:52:00	5150.500	5150.500	5149.500	5150.000	86	567	0
2026.07.13	12:53:00	5149.500	5150.000	5148.000	5148.000	80	1124	0
2026.07.13	12:54:00	5148.000	5149.000	5147.500	5147.500	79	1489	0
2026.07.13	12:55:00	5147.500	5148.000	5146.500	5147.000	160	3310	0
2026.07.13	12:56:00	5146.500	5147.500	5146.000	5146.000	121	2456	0
2026.07.13	12:57:00	5146.000	5146.500	5145.000	5145.000	252	3072	0
2026.07.13	12:58:00	5145.500	5146.500	5144.500	5145.000	212	4363	0
2026.07.13	12:59:00	5145.500	5146.000	5145.000	5145.500	189	1415	0
2026.07.13	13:00:00	5145.000	5146.500	5144.500	5145.000	231	6461	0
2026.07.13	13:01:00	5145.000	5145.500	5144.500	5145.000	128	1822	0
2026.07.13	13:02:00	5145.000	5145.500	5143.500	5144.500	268	5410	0
2026.07.13	13:03:00	5144.000	5145.000	5144.000	5144.500	106	1990	0
2026.07.13	13:04:00	5144.500	5145.500	5144.000	5145.000	118	3458	0
2026.07.13	13:05:00	5144.500	5145.000	5144.500	5145.000	67	1117	0
2026.07.13	13:06:00	5144.500	5145.500	5144.000	5144.500	105	2563	0
2026.07.13	13:07:00	5145.000	5146.000	5144.000	5144.000	137	5115	0
2026.07.13	13:08:00	5144.500	5145.000	5143.500	5143.500	102	2542	0
2026.07.13	13:09:00	5144.000	5145.000	5144.000	5144.000	57	516	0
2026.07.13	13:10:00	5144.500	5145.000	5143.000	5143.000	154	1822	0
2026.07.13	13:11:00	5143.000	5144.000	5143.000	5143.500	123	1727	0
2026.07.13	13:12:00	5143.000	5145.000	5143.000	5144.500	112	2365	0
2026.07.13	13:13:00	5145.000	5145.000	5143.000	5144.000	80	2310	0
2026.07.13	13:14:00	5143.500	5144.500	5143.000	5144.500	121	1988	0
2026.07.13	13:15:00	5144.000	5145.000	5144.000	5144.500	94	2828	0
2026.07.13	13:16:00	5144.500	5145.000	5144.000	5144.500	110	1683	0
2026.07.13	13:17:00	5145.000	5145.500	5144.500	5145.000	114	670	0
2026.07.13	13:18:00	5145.000	5146.000	5144.500	5145.500	106	1721	0
2026.07.13	13:19:00	5145.500	5146.000	5145.000	5145.000	106	1436	0
2026.07.13	13:20:00	5145.500	5145.500	5144.000	5144.500	108	2568	0
2026.07.13	13:21:00	5144.000	5146.000	5144.000	5146.000	94	3998	0
2026.07.13	13:22:00	5146.000	5147.500	5145.500	5146.000	363	7343	0
2026.07.13	13:23:00	5146.000	5146.500	5145.500	5145.500	98	870	0
2026.07.13	13:24:00	5145.500	5147.000	5145.000	5146.000	129	1128	0
2026.07.13	13:25:00	5146.500	5147.500	5146.000	5147.500	103	1024	0
2026.07.13	13:26:00	5147.500	5148.000	5147.000	5147.500	127	1534	0
2026.07.13	13:27:00	5147.000	5148.500	5147.000	5148.500	146	1124	0
2026.07.13	13:28:00	5148.500	5148.500	5147.500	5148.000	113	1798	0
2026.07.13	13:29:00	5148.000	5150.500	5147.000	5148.500	400	6898	0
2026.07.13	13:30:00	5148.500	5153.500	5148.000	5151.500	669	16419	0
2026.07.13	13:31:00	5152.000	5153.000	5150.000	5151.500	293	5948	0
2026.07.13	13:32:00	5152.000	5152.500	5151.000	5151.500	174	2047	0
2026.07.13	13:33:00	5151.500	5156.500	5151.000	5156.000	567	12119	0
2026.07.13	13:34:00	5156.000	5160.000	5155.500	5159.500	804	26328	0
2026.07.13	13:35:00	5160.000	5163.500	5159.000	5162.500	1182	28192	0
2026.07.13	13:36:00	5162.500	5163.500	5161.000	5162.500	599	17820	0
2026.07.13	13:37:00	5162.500	5165.000	5161.000	5165.000	534	11417	0
2026.07.13	13:38:00	5164.500	5165.000	5162.000	5163.000	362	4359	0
2026.07.13	13:39:00	5162.500	5163.000	5159.000	5159.000	673	12439	0
2026.07.13	13:40:00	5159.000	5160.000	5158.000	5160.000	374	5155	0
2026.07.13	13:41:00	5160.000	5160.000	5156.000	5156.500	501	8348	0
2026.07.13	13:42:00	5156.000	5158.000	5155.500	5156.000	283	6428	0
2026.07.13	13:43:00	5156.000	5157.000	5155.000	5156.000	222	4969	0
2026.07.13	13:44:00	5155.500	5156.500	5155.000	5155.000	253	7713	0
2026.07.13	13:45:00	5155.000	5156.000	5154.000	5154.500	355	13995	0
2026.07.13	13:46:00	5154.500	5156.500	5154.000	5156.000	296	6037	0
2026.07.13	13:47:00	5156.000	5158.000	5155.500	5158.000	306	4636	0
2026.07.13	13:48:00	5157.500	5159.500	5157.500	5159.000	362	4093	0
2026.07.13	13:49:00	5158.500	5159.000	5157.500	5158.000	159	4003	0
2026.07.13	13:50:00	5158.500	5163.000	5158.000	5161.500	606	9249	0
2026.07.13	13:51:00	5161.500	5161.500	5160.000	5160.000	303	2492	0
2026.07.13	13:52:00	5160.500	5162.000	5160.500	5161.000	231	5971	0
2026.07.13	13:53:00	5161.500	5161.500	5160.000	5160.500	142	2581	0
2026.07.13	13:54:00	5161.000	5161.500	5160.000	5160.500	108	1972	0
2026.07.13	13:55:00	5160.500	5162.000	5160.500	5161.500	147	2418	0
2026.07.13	13:56:00	5161.000	5162.000	5160.500	5161.500	145	4092	0
2026.07.13	13:57:00	5161.000	5161.500	5159.500	5159.500	169	4220	0
2026.07.13	13:58:00	5160.000	5160.500	5159.000	5160.000	186	1010	0
2026.07.13	13:59:00	5160.000	5160.500	5158.500	5158.500	148	3685	0
2026.07.13	14:00:00	5159.000	5160.500	5158.500	5159.500	128	777	0
2026.07.13	14:01:00	5159.500	5161.000	5159.500	5160.500	132	1025	0
2026.07.13	14:02:00	5160.000	5160.500	5158.500	5160.000	124	2729	0
2026.07.13	14:03:00	5159.500	5160.000	5158.500	5159.000	91	938	0
2026.07.13	14:04:00	5159.500	5160.500	5159.000	5160.000	91	3143	0
2026.07.13	14:05:00	5160.000	5160.500	5159.500	5159.500	86	2087	0
2026.07.13	14:06:00	5159.500	5160.500	5159.000	5159.500	74	1148	0
2026.07.13	14:07:00	5160.000	5160.000	5158.000	5158.500	163	2551	0
2026.07.13	14:08:00	5158.500	5159.000	5157.500	5158.000	127	2162	0
2026.07.13	14:09:00	5158.000	5158.500	5157.500	5158.500	150	1914	0
2026.07.13	14:10:00	5158.000	5158.500	5156.500	5157.500	220	4033	0
2026.07.13	14:11:00	5158.000	5158.000	5156.000	5157.000	144	1273	0
2026.07.13	14:12:00	5156.500	5158.000	5156.000	5156.500	185	3717	0
2026.07.13	14:13:00	5156.000	5158.500	5156.000	5157.000	128	2471	0
2026.07.13	14:14:00	5157.000	5158.000	5157.000	5157.500	68	428	0
2026.07.13	14:15:00	5157.500	5158.000	5156.500	5157.500	97	1215	0
2026.07.13	14:16:00	5157.500	5158.000	5156.000	5156.500	219	9557	0
2026.07.13	14:17:00	5157.000	5157.500	5156.500	5157.000	65	821	0
2026.07.13	14:18:00	5157.500	5158.500	5156.500	5156.500	142	2910	0
2026.07.13	14:19:00	5156.500	5157.000	5155.500	5155.500	159	3316	0
2026.07.13	14:20:00	5156.000	5157.000	5156.000	5156.500	115	753	0
2026.07.13	14:21:00	5156.500	5157.500	5156.500	5156.500	120	2235	0
2026.07.13	14:22:00	5156.500	5157.000	5156.500	5157.000	92	2411	0
2026.07.13	14:23:00	5156.500	5157.500	5156.500	5157.500	79	677	0
2026.07.13	14:24:00	5157.500	5158.000	5157.000	5158.000	119	751	0
2026.07.13	14:25:00	5157.500	5158.500	5157.000	5158.000	226	3402	0
2026.07.13	14:26:00	5158.000	5158.000	5157.000	5157.500	114	693	0
2026.07.13	14:27:00	5157.500	5158.000	5156.500	5157.000	122	3257	0
2026.07.13	14:28:00	5157.000	5157.000	5156.000	5156.000	93	783	0
2026.07.13	14:29:00	5156.000	5158.000	5156.000	5158.000	149	9244	0
2026.07.13	14:30:00	5157.500	5158.000	5156.500	5157.000	103	1210	0
2026.07.13	14:31:00	5157.000	5158.000	5156.500	5157.000	96	1834	0
2026.07.13	14:32:00	5157.500	5157.500	5156.000	5156.000	109	842	0
2026.07.13	14:33:00	5156.000	5157.000	5155.500	5156.500	88	1327	0
2026.07.13	14:34:00	5157.000	5157.000	5156.000	5156.500	73	783	0
2026.07.13	14:35:00	5156.000	5157.000	5156.000	5156.500	65	856	0
2026.07.13	14:36:00	5156.500	5157.500	5155.500	5156.500	134	2682	0
2026.07.13	14:37:00	5156.000	5156.500	5155.500	5156.500	96	2500	0
2026.07.13	14:38:00	5156.500	5156.500	5155.500	5156.500	64	776	0
2026.07.13	14:39:00	5156.500	5157.000	5156.000	5156.500	60	1490	0
2026.07.13	14:40:00	5156.500	5157.500	5156.500	5157.000	90	1702	0
2026.07.13	14:41:00	5157.000	5157.500	5156.000	5156.500	81	2265	0
2026.07.13	14:42:00	5156.500	5156.500	5155.500	5156.500	78	621	0
2026.07.13	14:43:00	5156.500	5156.500	5154.500	5155.500	183	3424	0
2026.07.13	14:44:00	5155.000	5155.500	5154.500	5155.500	140	1952	0
2026.07.13	14:45:00	5155.500	5155.500	5152.500	5152.500	423	8435	0
2026.07.13	14:46:00	5152.500	5154.000	5152.500	5154.000	172	923	0
2026.07.13	14:47:00	5154.000	5154.000	5152.500	5153.500	101	1021	0
2026.07.13	14:48:00	5153.500	5155.000	5153.000	5154.500	134	1502	0
2026.07.13	14:49:00	5155.000	5155.500	5154.500	5155.000	204	4312	0
2026.07.13	14:50:00	5155.000	5155.500	5154.500	5155.500	118	2309	0
2026.07.13	14:51:00	5155.500	5157.000	5155.000	5157.000	299	7990	0
2026.07.13	14:52:00	5156.500	5157.500	5156.000	5156.000	272	3331	0
2026.07.13	14:53:00	5155.500	5156.500	5155.000	5156.000	147	1563	0
2026.07.13	14:54:00	5155.500	5156.000	5154.500	5155.500	175	3952	0
2026.07.13	14:55:00	5155.000	5156.000	5155.000	5155.000	83	809	0
2026.07.13	14:56:00	5155.500	5155.500	5155.000	5155.000	53	348	0
2026.07.13	14:57:00	5155.500	5156.000	5154.500	5156.000	113	2643	0
2026.07.13	14:58:00	5156.000	5156.000	5154.500	5155.000	103	2202	0
2026.07.13	14:59:00	5155.500	5155.500	5154.500	5155.000	148	2541	0
2026.07.13	15:00:00	5154.500	5155.000	5153.500	5153.500	208	2302	0
2026.07.13	15:01:00	5153.500	5156.000	5153.500	5155.500	145	4249	0
2026.07.13	15:02:00	5156.000	5156.000	5154.500	5155.500	101	953	0
2026.07.13	15:03:00	5155.500	5156.000	5155.000	5156.000	83	1214	0
2026.07.13	15:04:00	5156.000	5156.000	5154.500	5155.000	73	3800	0
2026.07.13	15:05:00	5155.500	5155.500	5153.000	5153.000	117	2494	0
2026.07.13	15:06:00	5153.000	5154.500	5153.000	5154.000	146	667	0
2026.07.13	15:07:00	5153.500	5154.000	5152.500	5153.000	127	2085	0
2026.07.13	15:08:00	5153.000	5154.500	5153.000	5153.500	81	1461	0
2026.07.13	15:09:00	5154.000	5154.500	5153.500	5153.500	68	559	0
2026.07.13	15:10:00	5154.000	5155.500	5153.500	5155.500	176	2429	0
2026.07.13	15:11:00	5155.000	5157.000	5155.000	5156.500	251	3374	0
2026.07.13	15:12:00	5156.500	5157.000	5156.500	5156.500	154	1178	0
2026.07.13	15:13:00	5157.000	5157.000	5155.000	5155.500	144	2375	0
2026.07.13	15:14:00	5155.000	5156.500	5155.000	5156.500	91	1154	0
2026.07.13	15:15:00	5156.500	5157.000	5156.000	5157.000	99	1133	0
2026.07.13	15:16:00	5157.000	5157.000	5155.500	5156.000	110	1093	0
2026.07.13	15:17:00	5156.000	5156.000	5154.000	5155.000	134	3742	0
2026.07.13	15:18:00	5155.500	5156.000	5154.500	5156.000	58	1796	0
2026.07.13	15:19:00	5156.000	5158.000	5155.500	5157.000	240	6445	0
2026.07.13	15:20:00	5157.500	5158.500	5157.000	5157.500	211	4518	0
2026.07.13	15:21:00	5157.500	5160.000	5157.500	5159.000	287	5398	0
2026.07.13	15:22:00	5159.000	5160.000	5159.000	5159.000	194	3193	0
2026.07.13	15:23:00	5159.500	5159.500	5157.500	5158.000	123	2113	0
2026.07.13	15:24:00	5158.000	5159.000	5157.500	5157.500	86	1626	0
2026.07.13	15:25:00	5158.000	5158.500	5157.500	5158.000	77	1158	0
2026.07.13	15:26:00	5158.000	5158.000	5157.000	5158.000	128	1360	0
2026.07.13	15:27:00	5157.500	5158.000	5156.500	5156.500	143	1144	0
2026.07.13	15:28:00	5156.500	5157.500	5156.500	5157.500	89	784	0
2026.07.13	15:29:00	5157.500	5158.000	5156.000	5156.500	126	1744	0
2026.07.13	15:30:00	5157.000	5157.500	5156.000	5156.000	164	2586	0
2026.07.13	15:31:00	5156.000	5157.000	5155.500	5155.500	110	1030	0
2026.07.13	15:32:00	5155.500	5156.500	5155.500	5156.500	107	1411	0
2026.07.13	15:33:00	5156.500	5156.500	5155.000	5156.500	93	2076	0
2026.07.13	15:34:00	5156.500	5156.500	5156.000	5156.500	78	814	0
2026.07.13	15:35:00	5156.500	5156.500	5155.500	5156.000	67	1498	0
2026.07.13	15:36:00	5155.500	5157.000	5155.500	5157.000	73	2566	0
2026.07.13	15:37:00	5157.000	5157.000	5155.500	5156.000	76	2873	0
2026.07.13	15:38:00	5156.000	5156.500	5155.000	5155.500	139	1964	0
2026.07.13	15:39:00	5155.500	5157.000	5155.000	5156.500	113	1840	0
2026.07.13	15:40:00	5156.500	5157.000	5155.000	5155.500	89	2078	0
2026.07.13	15:41:00	5155.000	5156.000	5155.000	5155.500	83	828	0
2026.07.13	15:42:00	5155.500	5156.500	5155.500	5156.000	66	799	0
2026.07.13	15:43:00	5156.000	5156.500	5155.500	5156.000	52	823	0
2026.07.13	15:44:00	5156.000	5157.000	5155.500	5156.500	61	584	0
2026.07.13	15:45:00	5156.500	5157.000	5155.500	5156.500	93	4543	0
2026.07.13	15:46:00	5156.000	5157.000	5156.000	5157.000	34	602	0
2026.07.13	15:47:00	5157.000	5157.000	5155.000	5155.500	109	1889	0
2026.07.13	15:48:00	5155.500	5156.500	5155.000	5156.500	44	863	0
2026.07.13	15:49:00	5156.500	5156.500	5155.500	5156.500	57	2471	0
2026.07.13	15:50:00	5157.000	5157.000	5155.500	5156.000	211	1248	0
2026.07.13	15:51:00	5156.000	5156.000	5155.000	5155.000	242	3935	0
2026.07.13	15:52:00	5155.500	5156.000	5154.000	5154.000	272	3069	0
2026.07.13	15:53:00	5154.000	5155.000	5154.000	5154.500	256	1849	0
2026.07.13	15:54:00	5154.500	5155.000	5154.000	5155.000	236	1123	0
2026.07.13	15:55:00	5154.500	5156.000	5154.000	5156.000	235	3379	0
2026.07.13	15:56:00	5155.500	5156.000	5154.500	5155.500	244	2935	0
2026.07.13	15:57:00	5155.500	5156.500	5154.500	5156.000	215	2801	0
2026.07.13	15:58:00	5156.000	5156.000	5154.000	5155.000	200	2407	0
2026.07.13	15:59:00	5155.000	5155.000	5153.500	5154.000	292	5866	0
2026.07.13	16:00:00	5154.000	5155.000	5153.500	5154.500	175	3247	0
2026.07.13	16:01:00	5154.500	5154.500	5153.000	5153.500	107	2422	0
2026.07.13	16:02:00	5153.500	5154.000	5152.500	5152.500	242	4055	0
2026.07.13	16:03:00	5153.000	5153.500	5152.000	5153.000	222	3337	0
2026.07.13	16:04:00	5153.500	5153.500	5152.500	5153.000	61	616	0
2026.07.13	16:05:00	5152.500	5153.500	5152.500	5153.500	76	758	0
2026.07.13	16:06:00	5153.500	5154.000	5153.000	5153.000	122	2248	0
2026.07.13	16:07:00	5153.500	5154.500	5153.000	5154.500	114	1046	0
2026.07.13	16:08:00	5154.500	5154.500	5153.500	5153.500	76	556	0
2026.07.13	16:09:00	5154.000	5156.500	5153.500	5156.000	302	3873	0
2026.07.13	16:10:00	5156.500	5157.000	5155.500	5156.500	168	1981	0
2026.07.13	16:11:00	5156.000	5157.000	5155.500	5156.000	95	1003	0
2026.07.13	16:12:00	5156.500	5156.500	5155.000	5155.500	63	1839	0
2026.07.13	16:13:00	5155.500	5156.000	5155.500	5156.000	53	1188	0
2026.07.13	16:14:00	5156.000	5156.000	5155.000	5155.000	57	819	0
2026.07.13	16:15:00	5155.500	5156.000	5155.000	5155.500	90	1135	0
2026.07.13	16:16:00	5156.000	5156.000	5155.000	5155.000	56	686	0
2026.07.13	16:17:00	5155.500	5155.500	5155.000	5155.000	26	776	0
2026.07.13	16:18:00	5155.000	5155.500	5155.000	5155.000	35	500	0
2026.07.13	16:19:00	5155.500	5156.000	5155.000	5155.500	118	572	0
2026.07.13	16:20:00	5155.500	5156.000	5155.000	5155.500	60	545	0
2026.07.13	16:21:00	5155.000	5155.500	5155.000	5155.500	86	816	0
2026.07.13	16:22:00	5155.500	5156.000	5155.000	5156.000	56	750	0
2026.07.13	16:23:00	5156.000	5156.500	5155.500	5156.000	133	1255	0
2026.07.13	16:24:00	5156.000	5156.000	5155.000	5155.000	80	1142	0
2026.07.13	16:25:00	5155.000	5155.500	5154.500	5155.000	101	1870	0
2026.07.13	16:26:00	5154.500	5157.000	5154.500	5156.000	137	4205	0
2026.07.13	16:27:00	5156.500	5157.000	5156.000	5156.500	74	429	0
2026.07.13	16:28:00	5156.500	5157.000	5156.000	5156.000	127	1304	0
2026.07.13	16:29:00	5156.500	5157.500	5156.500	5157.500	156	1400	0
2026.07.13	16:30:00	5157.500	5158.000	5156.500	5157.500	148	4272	0
2026.07.13	16:31:00	5157.500	5157.500	5156.500	5157.000	90	1086	0
2026.07.13	16:32:00	5157.000	5157.000	5156.000	5156.500	81	736	0
2026.07.13	16:33:00	5156.500	5157.500	5156.500	5157.000	88	2266	0
2026.07.13	16:34:00	5157.000	5157.500	5156.500	5156.500	65	945	0
2026.07.13	16:35:00	5156.500	5158.000	5156.500	5157.500	136	1698	0
2026.07.13	16:36:00	5158.000	5158.000	5157.000	5157.500	119	782	0
2026.07.13	16:37:00	5157.500	5158.000	5156.500	5156.500	102	1859	0
2026.07.13	16:38:00	5156.500	5157.500	5156.500	5157.500	87	1044	0
2026.07.13	16:39:00	5157.000	5157.500	5157.000	5157.000	43	344	0
2026.07.13	16:40:00	5157.000	5157.500	5156.500	5156.500	75	779	0
2026.07.13	16:41:00	5157.000	5157.500	5156.500	5157.000	67	706	0
2026.07.13	16:42:00	5156.500	5157.000	5156.500	5156.500	111	643	0
2026.07.13	16:43:00	5156.500	5157.000	5156.000	5156.000	100	1339	0
2026.07.13	16:44:00	5156.500	5157.000	5155.500	5155.500	107	2207	0
2026.07.13	16:45:00	5156.000	5156.500	5155.500	5156.500	57	623	0
2026.07.13	16:46:00	5156.000	5156.500	5155.500	5155.500	64	766	0
2026.07.13	16:47:00	5155.500	5156.000	5155.500	5155.500	88	872	0
2026.07.13	16:48:00	5155.500	5156.000	5155.500	5156.000	47	231	0
2026.07.13	16:49:00	5155.500	5155.500	5154.000	5154.000	245	14893	0
2026.07.13	16:50:00	5154.000	5155.000	5154.000	5155.000	139	1729	0
2026.07.13	16:51:00	5154.500	5155.000	5154.500	5154.500	64	265	0
2026.07.13	16:52:00	5154.500	5155.000	5154.500	5155.000	59	543	0
2026.07.13	16:53:00	5154.500	5155.000	5154.000	5154.500	118	1117	0
2026.07.13	16:54:00	5154.000	5155.000	5154.000	5154.500	93	1179	0
2026.07.13	16:55:00	5154.500	5155.000	5154.000	5154.500	106	725	0
2026.07.13	16:56:00	5154.500	5155.500	5154.500	5155.500	83	1105	0
2026.07.13	16:57:00	5155.500	5156.000	5155.000	5156.000	120	2722	0
2026.07.13	16:58:00	5156.000	5157.000	5155.500	5157.000	300	5304	0
2026.07.13	16:59:00	5156.500	5157.000	5156.000	5156.500	149	4555	0
2026.07.13	17:00:00	5156.500	5157.000	5156.000	5156.000	128	1269	0
2026.07.13	17:01:00	5156.000	5156.500	5155.000	5155.000	97	1692	0
2026.07.13	17:02:00	5155.000	5155.500	5155.000	5155.000	79	482	0
2026.07.13	17:03:00	5155.000	5155.500	5154.000	5154.500	104	2422	0
2026.07.13	17:04:00	5155.000	5155.500	5154.500	5155.500	35	1082	0
2026.07.13	17:05:00	5155.000	5156.000	5155.000	5155.500	61	590	0
2026.07.13	17:06:00	5156.000	5156.000	5155.000	5155.000	50	408	0
2026.07.13	17:07:00	5155.500	5156.000	5154.500	5155.500	50	1251	0
2026.07.13	17:08:00	5156.000	5156.500	5155.500	5156.000	30	484	0
2026.07.13	17:09:00	5155.500	5156.500	5155.500	5156.500	45	437	0
2026.07.13	17:10:00	5156.500	5158.000	5156.000	5158.000	161	3021	0
2026.07.13	17:11:00	5157.500	5159.500	5157.500	5159.500	255	6504	0
2026.07.13	17:12:00	5159.000	5162.000	5159.000	5161.500	359	7314	0
2026.07.13	17:13:00	5161.500	5162.000	5158.500	5159.000	197	3045	0
2026.07.13	17:14:00	5159.500	5161.000	5159.000	5160.500	118	2806	0
2026.07.13	17:15:00	5161.000	5161.000	5160.000	5161.000	112	1754	0
2026.07.13	17:16:00	5161.000	5161.500	5160.500	5161.000	142	2633	0
2026.07.13	17:17:00	5160.500	5162.500	5160.500	5161.500	217	4587	0
2026.07.13	17:18:00	5161.500	5161.500	5160.500	5160.500	78	1144	0
2026.07.13	17:19:00	5161.000	5162.000	5160.500	5161.500	68	1150	0
2026.07.13	17:20:00	5161.500	5162.000	5161.000	5161.500	75	2105	0
2026.07.13	17:21:00	5161.500	5162.000	5161.000	5162.000	79	1346	0
2026.07.13	17:22:00	5162.000	5162.500	5161.000	5162.000	71	1792	0
2026.07.13	17:23:00	5162.500	5162.500	5161.000	5161.500	66	760	0
2026.07.13	17:24:00	5162.000	5162.000	5161.000	5161.000	50	685	0
2026.07.13	17:25:00	5161.500	5161.500	5160.000	5160.500	129	2457	0
2026.07.13	17:26:00	5160.000	5161.000	5160.000	5161.000	60	784	0
2026.07.13	17:27:00	5160.500	5160.500	5159.500	5159.500	77	746	0
2026.07.13	17:28:00	5159.500	5160.500	5159.500	5160.000	68	1223	0
2026.07.13	17:29:00	5160.000	5160.500	5159.000	5160.000	79	959	0
2026.07.13	17:30:00	5160.000	5161.000	5159.500	5160.500	164	876	0
2026.07.13	17:31:00	5160.500	5161.500	5160.000	5161.000	48	503	0
2026.07.13	17:32:00	5160.500	5161.500	5160.500	5161.000	48	181	0
2026.07.13	17:33:00	5161.000	5161.500	5160.500	5161.500	38	441	0
2026.07.13	17:34:00	5161.500	5161.500	5161.000	5161.000	36	291	0
2026.07.13	17:35:00	5161.000	5161.500	5161.000	5161.500	95	703	0
2026.07.13	17:36:00	5162.000	5162.500	5161.500	5162.500	89	1977	0
2026.07.13	17:37:00	5162.500	5162.500	5161.500	5162.000	66	835	0
2026.07.13	17:38:00	5161.500	5162.500	5161.500	5162.000	52	482	0
2026.07.13	17:39:00	5162.000	5162.000	5161.500	5161.500	36	129	0
2026.07.13	17:40:00	5161.500	5162.500	5161.500	5162.000	110	559	0
2026.07.13	17:41:00	5162.500	5162.500	5161.500	5161.500	55	244	0
2026.07.13	17:42:00	5161.500	5162.500	5161.500	5162.000	45	694	0
2026.07.13	17:43:00	5161.500	5162.000	5161.000	5161.500	57	894	0
2026.07.13	17:44:00	5161.500	5162.000	5161.000	5161.500	54	654	0
2026.07.13	17:45:00	5161.500	5162.000	5161.000	5161.500	66	2020	0
2026.07.13	17:46:00	5161.000	5161.500	5160.000	5160.500	70	824	0
2026.07.13	17:47:00	5160.500	5160.500	5159.500	5160.500	74	3398	0
2026.07.13	17:48:00	5160.500	5161.000	5159.500	5160.000	62	791	0
2026.07.13	17:49:00	5160.500	5161.000	5159.500	5160.500	53	837	0
2026.07.13	17:50:00	5160.500	5165.500	5160.000	5165.500	490	10301	0
2026.07.13	17:51:00	5165.000	5165.500	5162.000	5162.500	155	2323	0
2026.07.13	17:52:00	5162.500	5164.000	5162.500	5163.000	90	3595	0
2026.07.13	17:53:00	5163.000	5163.000	5162.000	5162.000	56	423	0
2026.07.13	17:54:00	5162.500	5162.500	5161.000	5161.500	68	711	0
2026.07.13	17:55:00	5161.500	5162.500	5161.500	5162.500	67	484	0
2026.07.13	17:56:00	5162.500	5162.500	5162.000	5162.000	49	1004	0
2026.07.13	17:57:00	5162.000	5162.500	5161.500	5162.000	48	501	0
2026.07.13	17:58:00	5162.500	5162.500	5161.500	5161.500	58	468	0
2026.07.13	17:59:00	5161.500	5162.500	5161.000	5161.500	91	1106	0
2026.07.13	18:00:00	5161.500	5162.000	5161.000	5161.000	71	906	0
2026.07.13	18:01:00	5161.000	5161.500	5160.000	5160.500	97	698	0
2026.07.13	18:02:00	5160.500	5161.000	5160.000	5160.000	88	1145	0
2026.07.13	18:03:00	5160.500	5160.500	5160.000	5160.500	66	632	0
2026.07.13	18:04:00	5160.500	5161.000	5160.000	5160.500	53	529	0
2026.07.13	18:05:00	5160.500	5161.000	5160.500	5160.500	30	237	0
2026.07.13	18:06:00	5161.000	5161.500	5160.500	5160.500	36	567	0
2026.07.13	18:07:00	5161.000	5161.500	5160.500	5161.000	48	1496	0
2026.07.13	18:08:00	5161.500	5161.500	5160.500	5160.500	58	895	0
2026.07.13	18:09:00	5161.000	5161.500	5160.500	5161.000	45	451	0
2026.07.13	18:10:00	5161.000	5162.000	5160.500	5160.500	53	812	0
2026.07.13	18:11:00	5161.000	5161.000	5160.500	5161.000	44	282	0
2026.07.13	18:12:00	5161.000	5161.000	5160.500	5160.500	32	301	0
2026.07.13	18:13:00	5160.500	5161.000	5159.500	5160.000	95	1499	0
2026.07.13	18:14:00	5160.500	5160.500	5159.500	5159.500	91	1226	0
2026.07.13	18:15:00	5159.500	5160.000	5159.500	5159.500	138	1732	0
2026.07.13	18:16:00	5160.000	5160.000	5159.500	5159.500	68	891	0
2026.07.13	18:17:00	5160.000	5160.500	5159.500	5160.000	48	847	0
2026.07.13	18:18:00	5160.500	5161.000	5160.000	5160.000	85	438	0
2026.07.13	18:19:00	5160.000	5160.500	5159.500	5160.500	87	950	0
2026.07.13	18:20:00	5160.000	5161.500	5160.000	5160.500	66	418	0
2026.07.13	18:21:00	5160.000	5161.000	5160.000	5160.000	96	364	0
2026.07.13	18:22:00	5160.500	5160.500	5159.500	5160.500	71	390	0
2026.07.13	18:23:00	5160.500	5161.000	5160.000	5160.500	44	403	0
2026.07.13	18:24:00	5161.000	5161.000	5160.000	5160.000	23	246	0
2026.07.13	18:25:00	5160.500	5161.000	5159.000	5160.000	584	2189	0
2026.07.13	18:26:00	5160.000	5160.000	5159.000	5159.000	15	384	0
2026.07.13	18:27:00	5159.500	5159.500	5159.000	5159.500	12	68	0
2026.07.13	18:28:00	5159.500	5160.000	5159.000	5160.000	20	106	0
2026.07.13	18:29:00	5159.500	5161.000	5159.000	5160.000	33	176	0
2026.07.14	09:00:00	5150.000	5150.000	5147.500	5148.000	317	8814	0
2026.07.14	09:01:00	5148.000	5148.500	5142.500	5145.000	1948	22432	0
2026.07.14	09:02:00	5145.000	5147.000	5144.500	5146.500	749	6419	0
2026.07.14	09:03:00	5146.500	5148.000	5145.000	5146.500	583	6608	0
2026.07.14	09:04:00	5146.500	5147.500	5145.500	5147.500	291	2506	0
2026.07.14	09:05:00	5147.500	5148.500	5145.500	5148.500	543	8144	0
2026.07.14	09:06:00	5148.000	5149.000	5147.000	5147.500	403	6677	0
2026.07.14	09:07:00	5147.500	5150.000	5147.500	5150.000	689	8835	0
2026.07.14	09:08:00	5150.000	5150.500	5148.000	5148.000	576	6388	0
2026.07.14	09:09:00	5148.500	5148.500	5145.500	5146.500	509	6971	0
2026.07.14	09:10:00	5146.000	5146.500	5143.500	5143.500	741	10245	0
2026.07.14	09:11:00	5143.500	5146.000	5142.500	5145.500	806	8733	0
2026.07.14	09:12:00	5145.500	5146.000	5142.500	5143.000	391	4616	0
2026.07.14	09:13:00	5143.500	5144.500	5142.500	5144.000	321	2693	0
2026.07.14	09:14:00	5143.500	5146.000	5143.000	5143.500	325	7284	0
2026.07.14	09:15:00	5143.500	5144.000	5140.500	5140.500	962	10306	0
2026.07.14	09:16:00	5141.000	5141.000	5137.500	5138.500	1000	10402	0
2026.07.14	09:17:00	5138.000	5139.500	5137.000	5137.500	596	6947	0
2026.07.14	09:18:00	5138.000	5140.500	5137.500	5139.500	534	7562	0
2026.07.14	09:19:00	5139.500	5140.000	5137.500	5137.500	304	2984	0
2026.07.14	09:20:00	5138.000	5138.000	5133.000	5135.000	1241	16739	0
2026.07.14	09:21:00	5135.000	5136.500	5134.500	5136.500	488	4254	0
2026.07.14	09:22:00	5136.500	5136.500	5134.500	5134.500	267	3683	0
2026.07.14	09:23:00	5135.000	5135.000	5130.000	5132.000	1296	17396	0
2026.07.14	09:24:00	5131.500	5135.000	5131.000	5134.000	692	8885	0
2026.07.14	09:25:00	5134.000	5137.000	5133.000	5137.000	951	9816	0
2026.07.14	09:26:00	5137.000	5137.500	5134.500	5136.000	715	13252	0
2026.07.14	09:27:00	5135.500	5137.000	5134.000	5135.000	380	6252	0
2026.07.14	09:28:00	5134.500	5136.000	5133.000	5135.000	471	5414	0
2026.07.14	09:29:00	5135.000	5135.500	5130.000	5133.000	579	10179	0
2026.07.14	09:30:00	5132.500	5132.500	5086.500	5100.500	6215	92753	0
2026.07.14	09:31:00	5101.000	5108.500	5098.500	5107.000	1901	26106	0
2026.07.14	09:32:00	5107.000	5108.500	5104.500	5105.500	1157	18172	0
2026.07.14	09:33:00	5106.000	5107.000	5101.000	5105.000	1240	26882	0
2026.07.14	09:34:00	5104.500	5107.000	5096.000	5097.500	1924	47023	0
2026.07.14	09:35:00	5097.000	5107.000	5097.000	5106.500	1488	21112	0
2026.07.14	09:36:00	5106.500	5113.000	5104.000	5112.000	1710	31331	0
2026.07.14	09:37:00	5112.000	5115.000	5110.000	5112.500	1253	14349	0
2026.07.14	09:38:00	5112.500	5115.000	5109.500	5111.500	974	15309	0
2026.07.14	09:39:00	5111.500	5113.500	5109.500	5111.000	607	10262	0
2026.07.14	09:40:00	5111.000	5111.500	5107.000	5110.000	905	9674	0
2026.07.14	09:41:00	5110.500	5111.000	5105.000	5106.500	876	11667	0
2026.07.14	09:42:00	5106.500	5110.000	5104.000	5106.000	792	8617	0
2026.07.14	09:43:00	5105.500	5107.500	5101.500	5106.000	1033	15298	0
2026.07.14	09:44:00	5105.500	5107.000	5102.000	5102.500	521	6051	0
2026.07.14	09:45:00	5102.500	5105.000	5101.500	5102.000	636	8045	0
2026.07.14	09:46:00	5102.000	5106.500	5102.000	5106.500	580	6262	0
2026.07.14	09:47:00	5106.500	5109.000	5105.500	5107.500	667	9577	0
2026.07.14	09:48:00	5107.000	5109.500	5105.000	5109.000	495	6835	0
2026.07.14	09:49:00	5109.000	5109.500	5105.000	5105.500	435	4790	0
2026.07.14	09:50:00	5106.000	5106.500	5103.000	5103.500	603	9694	0
2026.07.14	09:51:00	5104.000	5108.000	5103.000	5107.000	468	4807	0
2026.07.14	09:52:00	5106.500	5107.500	5105.000	5106.000	263	4613	0
2026.07.14	09:53:00	5106.000	5106.000	5104.000	5106.000	273	3704	0
2026.07.14	09:54:00	5106.000	5109.000	5106.000	5106.500	450	6565	0
2026.07.14	09:55:00	5106.500	5108.500	5104.000	5107.500	399	8048	0
2026.07.14	09:56:00	5108.000	5111.000	5106.500	5110.000	507	6192	0
2026.07.14	09:57:00	5110.000	5112.000	5108.500	5111.000	499	4720	0
2026.07.14	09:58:00	5111.000	5114.500	5111.000	5113.000	754	10776	0
2026.07.14	09:59:00	5112.500	5112.500	5108.000	5109.500	567	6558	0
2026.07.14	10:00:00	5109.500	5112.000	5107.000	5108.500	722	8263	0
2026.07.14	10:01:00	5108.000	5108.500	5105.500	5106.000	601	6846	0
2026.07.14	10:02:00	5106.500	5108.500	5106.000	5107.500	412	4496	0
2026.07.14	10:03:00	5107.500	5110.000	5107.000	5109.500	525	7355	0
2026.07.14	10:04:00	5109.500	5111.000	5108.000	5108.000	331	6316	0
2026.07.14	10:05:00	5108.500	5110.000	5103.500	5104.500	728	9228	0
2026.07.14	10:06:00	5104.500	5105.000	5098.500	5100.000	1350	19327	0
2026.07.14	10:07:00	5100.000	5101.500	5098.500	5101.000	929	11396	0
2026.07.14	10:08:00	5100.500	5103.000	5099.500	5102.000	553	6236	0
2026.07.14	10:09:00	5102.500	5107.000	5102.000	5105.500	725	10670	0
2026.07.14	10:10:00	5105.500	5108.000	5104.000	5105.000	591	8259	0
2026.07.14	10:11:00	5105.500	5106.500	5099.000	5099.500	728	13370	0
2026.07.14	10:12:00	5100.000	5104.000	5099.000	5104.000	674	8023	0
2026.07.14	10:13:00	5104.000	5105.000	5100.500	5101.500	609	12903	0
2026.07.14	10:14:00	5101.500	5106.500	5101.000	5104.000	535	7890	0
2026.07.14	10:15:00	5104.500	5105.000	5102.500	5105.000	313	3380	0
2026.07.14	10:16:00	5104.500	5105.000	5102.000	5103.000	342	7679	0
2026.07.14	10:17:00	5103.000	5103.000	5098.500	5101.000	810	10259	0
2026.07.14	10:18:00	5100.500	5101.500	5099.000	5100.500	357	3314	0
2026.07.14	10:19:00	5100.500	5101.000	5097.500	5100.000	688	9074	0
2026.07.14	10:20:00	5099.500	5101.000	5097.000	5097.500	705	10638	0
2026.07.14	10:21:00	5097.500	5098.500	5095.500	5096.500	746	15149	0
2026.07.14	10:22:00	5097.000	5099.000	5095.500	5098.500	445	6161	0
2026.07.14	10:23:00	5098.000	5099.000	5094.000	5094.500	519	13199	0
2026.07.14	10:24:00	5095.000	5096.500	5093.000	5095.000	945	14803	0
2026.07.14	10:25:00	5094.500	5097.500	5094.000	5095.000	714	14841	0
2026.07.14	10:26:00	5095.000	5096.500	5094.000	5095.000	271	4585	0
2026.07.14	10:27:00	5094.500	5097.500	5094.000	5095.500	437	6739	0
2026.07.14	10:28:00	5096.000	5098.000	5093.500	5097.500	393	6712	0
2026.07.14	10:29:00	5097.000	5098.000	5096.500	5098.000	363	5470	0
2026.07.14	10:30:00	5097.500	5098.000	5090.500	5091.000	1241	33280	0
2026.07.14	10:31:00	5091.000	5096.500	5090.500	5095.500	789	10303	0
2026.07.14	10:32:00	5095.000	5097.000	5094.000	5095.000	554	11553	0
2026.07.14	10:33:00	5095.000	5097.000	5094.000	5096.500	338	10095	0
2026.07.14	10:34:00	5096.000	5097.000	5092.500	5095.000	370	4416	0
2026.07.14	10:35:00	5095.000	5097.500	5094.500	5097.500	352	7257	0
2026.07.14	10:36:00	5097.500	5097.500	5095.500	5097.000	455	5179	0
2026.07.14	10:37:00	5096.500	5096.500	5094.500	5095.000	301	4414	0
2026.07.14	10:38:00	5095.000	5095.500	5093.000	5094.000	339	6989	0
2026.07.14	10:39:00	5093.500	5094.000	5091.000	5093.000	717	12951	0
2026.07.14	10:40:00	5093.000	5095.500	5092.000	5095.000	545	7875	0
2026.07.14	10:41:00	5095.000	5097.500	5094.500	5097.500	502	6162	0
2026.07.14	10:42:00	5097.500	5099.500	5096.500	5098.000	825	14655	0
2026.07.14	10:43:00	5098.000	5098.500	5095.000	5095.500	412	10061	0
2026.07.14	10:44:00	5095.500	5096.500	5094.000	5095.500	368	8003	0
2026.07.14	10:45:00	5096.000	5097.500	5095.500	5097.000	321	5326	0
2026.07.14	10:46:00	5097.000	5098.000	5094.500	5097.500	298	3266	0
2026.07.14	10:47:00	5097.500	5098.500	5096.000	5097.500	296	7324	0
2026.07.14	10:48:00	5097.500	5099.000	5095.500	5099.000	352	8360	0
2026.07.14	10:49:00	5098.500	5099.000	5096.000	5096.000	262	2935	0
2026.07.14	10:50:00	5096.000	5097.000	5095.000	5096.000	309	4359	0
2026.07.14	10:51:00	5096.000	5097.500	5096.000	5097.000	178	1772	0
2026.07.14	10:52:00	5097.500	5099.000	5097.000	5099.000	356	5146	0
2026.07.14	10:53:00	5099.000	5099.000	5095.000	5095.000	251	3690	0
2026.07.14	10:54:00	5095.500	5095.500	5092.500	5093.500	650	9280	0
2026.07.14	10:55:00	5093.500	5094.500	5092.500	5094.000	334	3244	0
2026.07.14	10:56:00	5094.000	5095.500	5092.000	5095.500	304	4334	0
2026.07.14	10:57:00	5095.000	5095.500	5093.500	5094.500	229	2897	0
2026.07.14	10:58:00	5094.500	5096.000	5093.500	5095.500	289	3081	0
2026.07.14	10:59:00	5095.500	5096.500	5094.500	5095.500	167	1683	0
2026.07.14	11:00:00	5095.500	5097.000	5093.500	5093.500	273	4081	0
2026.07.14	11:01:00	5093.500	5094.500	5092.000	5093.500	520	9874	0
2026.07.14	11:02:00	5093.000	5096.500	5093.000	5096.000	333	3871	0
2026.07.14	11:03:00	5096.000	5098.000	5095.500	5096.500	351	5951	0
2026.07.14	11:04:00	5096.500	5098.500	5096.000	5098.500	331	5147	0
2026.07.14	11:05:00	5098.500	5099.500	5096.500	5096.500	497	4125	0
2026.07.14	11:06:00	5096.500	5098.000	5096.500	5098.000	176	2064	0
2026.07.14	11:07:00	5098.000	5098.500	5096.000	5097.000	203	3461	0
2026.07.14	11:08:00	5097.000	5098.000	5096.500	5097.000	168	3011	0
2026.07.14	11:09:00	5097.000	5099.000	5097.000	5098.500	243	3066	0
2026.07.14	11:10:00	5098.500	5100.000	5097.000	5098.500	569	6667	0
2026.07.14	11:11:00	5099.000	5100.500	5098.500	5100.500	282	4266	0
2026.07.14	11:12:00	5100.500	5100.500	5098.000	5099.000	306	4622	0
2026.07.14	11:13:00	5099.000	5100.000	5097.000	5099.500	286	6494	0
2026.07.14	11:14:00	5099.500	5100.000	5098.500	5099.000	225	4167	0
2026.07.14	11:15:00	5099.000	5101.000	5098.500	5100.500	405	10358	0
2026.07.14	11:16:00	5100.500	5103.000	5100.000	5101.000	831	12319	0
2026.07.14	11:17:00	5101.000	5101.000	5098.000	5099.000	428	8720	0
2026.07.14	11:18:00	5099.000	5100.000	5096.500	5097.500	387	5842	0
2026.07.14	11:19:00	5097.500	5098.500	5096.500	5098.500	225	2463	0
2026.07.14	11:20:00	5098.500	5099.000	5097.000	5097.500	197	2494	0
2026.07.14	11:21:00	5097.000	5098.000	5096.500	5097.000	230	3878	0
2026.07.14	11:22:00	5097.500	5097.500	5095.000	5095.000	392	6192	0
2026.07.14	11:23:00	5095.000	5098.500	5095.000	5098.000	463	4832	0
2026.07.14	11:24:00	5098.000	5098.500	5096.500	5098.500	195	4088	0
2026.07.14	11:25:00	5098.500	5100.000	5098.500	5100.000	431	4512	0
2026.07.14	11:26:00	5100.000	5100.500	5097.000	5098.500	523	8414	0
2026.07.14	11:27:00	5099.000	5100.500	5098.500	5100.000	244	2287	0
2026.07.14	11:28:00	5100.000	5100.000	5098.500	5099.000	163	1338	0
2026.07.14	11:29:00	5099.000	5100.500	5098.500	5099.500	195	3721	0
2026.07.14	11:30:00	5099.500	5100.000	5098.000	5098.500	156	2129	0
2026.07.14	11:31:00	5098.500	5099.500	5098.000	5098.500	158	2847	0
2026.07.14	11:32:00	5098.500	5100.000	5098.500	5098.500	188	5872	0
2026.07.14	11:33:00	5098.500	5099.500	5094.000	5095.000	733	15544	0
2026.07.14	11:34:00	5094.500	5095.500	5090.000	5094.500	1879	33821	0
2026.07.14	11:35:00	5094.500	5095.000	5092.500	5093.000	516	8269	0
2026.07.14	11:36:00	5093.500	5095.000	5092.000	5094.000	363	7163	0
2026.07.14	11:37:00	5094.000	5096.500	5092.500	5095.500	513	10553	0
2026.07.14	11:38:00	5095.000	5098.000	5094.000	5096.500	324	6064	0
2026.07.14	11:39:00	5096.500	5097.500	5095.500	5097.000	266	6165	0
2026.07.14	11:40:00	5097.000	5099.500	5096.000	5099.000	403	5891	0
2026.07.14	11:41:00	5099.000	5099.500	5097.500	5098.000	373	2614	0
2026.07.14	11:42:00	5098.000	5098.500	5097.000	5097.000	215	1785	0
2026.07.14	11:43:00	5097.500	5098.500	5097.000	5097.000	152	1025	0
2026.07.14	11:44:00	5097.000	5100.000	5097.000	5097.000	271	4920	0
2026.07.14	11:45:00	5097.500	5098.000	5096.000	5097.500	254	2829	0
2026.07.14	11:46:00	5097.500	5100.000	5097.000	5099.500	467	5738	0
2026.07.14	11:47:00	5099.000	5100.000	5098.500	5099.000	277	2466	0
2026.07.14	11:48:00	5098.500	5099.500	5096.000	5096.000	273	4591	0
2026.07.14	11:49:00	5096.500	5096.500	5094.000	5096.000	487	8534	0
2026.07.14	11:50:00	5095.500	5097.000	5095.000	5095.500	174	2376	0
2026.07.14	11:51:00	5095.500	5096.000	5094.500	5095.500	159	3815	0
2026.07.14	11:52:00	5095.500	5097.500	5095.000	5096.500	145	1830	0
2026.07.14	11:53:00	5097.000	5099.000	5096.000	5098.000	230	3471	0
2026.07.14	11:54:00	5098.000	5098.000	5096.500	5097.000	116	1571	0
2026.07.14	11:55:00	5097.000	5097.500	5094.500	5095.000	164	2068	0
2026.07.14	11:56:00	5095.000	5097.000	5095.000	5096.500	126	1844	0
2026.07.14	11:57:00	5096.500	5097.000	5093.500	5094.000	280	8323	0
2026.07.14	11:58:00	5094.000	5095.000	5092.500	5094.500	372	10433	0
2026.07.14	11:59:00	5094.500	5095.000	5093.000	5093.500	220	4954	0
2026.07.14	12:00:00	5093.500	5094.500	5093.000	5094.000	320	7742	0
2026.07.14	12:01:00	5094.000	5095.000	5093.000	5094.000	261	9065	0
2026.07.14	12:02:00	5094.000	5095.500	5092.500	5094.500	364	9196	0
2026.07.14	12:03:00	5095.000	5095.500	5094.000	5094.000	128	1119	0
2026.07.14	12:04:00	5094.500	5095.000	5090.000	5093.500	1016	21477	0
2026.07.14	12:05:00	5093.500	5095.000	5092.500	5093.000	367	5571	0
2026.07.14	12:06:00	5092.500	5093.500	5090.500	5091.500	417	7861	0
2026.07.14	12:07:00	5091.500	5092.000	5089.000	5090.000	689	10415	0
2026.07.14	12:08:00	5090.500	5091.500	5088.000	5089.500	469	11540	0
2026.07.14	12:09:00	5089.000	5092.500	5089.000	5092.000	421	6119	0
2026.07.14	12:10:00	5092.000	5092.500	5091.000	5092.500	205	2743	0
2026.07.14	12:11:00	5092.500	5094.000	5091.500	5093.000	348	2699	0
2026.07.14	12:12:00	5093.000	5094.000	5093.000	5094.000	115	880	0
2026.07.14	12:13:00	5094.000	5094.000	5092.000	5093.000	145	3960	0
2026.07.14	12:14:00	5093.000	5094.000	5092.000	5092.000	104	1320	0
2026.07.14	12:15:00	5092.500	5093.000	5091.000	5092.500	198	6108	0
2026.07.14	12:16:00	5093.000	5094.500	5092.500	5094.000	204	3396	0
2026.07.14	12:17:00	5094.000	5095.000	5093.500	5094.500	159	2119	0
2026.07.14	12:18:00	5094.500	5096.500	5094.000	5095.500	264	6525	0
2026.07.14	12:19:00	5095.500	5096.500	5094.500	5095.000	240	6706	0
2026.07.14	12:20:00	5095.500	5096.500	5094.000	5094.500	241	4286	0
2026.07.14	12:21:00	5094.000	5094.500	5093.500	5094.000	123	1738	0
2026.07.14	12:22:00	5094.000	5094.500	5093.500	5094.000	115	1739	0
2026.07.14	12:23:00	5094.000	5094.500	5093.500	5094.500	69	718	0
2026.07.14	12:24:00	5094.500	5094.500	5093.500	5093.500	83	795	0
2026.07.14	12:25:00	5094.000	5094.000	5092.500	5093.500	182	5744	0
2026.07.14	12:26:00	5093.500	5094.000	5092.500	5092.500	94	1569	0
2026.07.14	12:27:00	5092.500	5093.500	5091.500	5091.500	154	1739	0
2026.07.14	12:28:00	5092.000	5092.000	5091.000	5091.500	302	2105	0
2026.07.14	12:29:00	5092.000	5092.000	5090.000	5090.500	179	1969	0
2026.07.14	12:30:00	5090.500	5092.000	5090.000	5091.000	201	2925	0
2026.07.14	12:31:00	5091.500	5092.500	5091.000	5091.500	149	2180	0
2026.07.14	12:32:00	5092.000	5093.500	5091.500	5093.000	178	2178	0
2026.07.14	12:33:00	5093.000	5094.500	5092.500	5094.500	199	3627	0
2026.07.14	12:34:00	5094.500	5096.000	5094.500	5095.000	267	5069	0
2026.07.14	12:35:00	5095.000	5096.000	5095.000	5095.000	165	1454	0
2026.07.14	12:36:00	5095.000	5096.000	5094.500	5095.500	143	2306	0
2026.07.14	12:37:00	5096.000	5096.500	5095.000	5095.000	156	1001	0
2026.07.14	12:38:00	5095.000	5095.500	5094.500	5095.500	133	1416	0
2026.07.14	12:39:00	5095.500	5097.000	5095.000	5097.000	297	2927	0
2026.07.14	12:40:00	5097.000	5097.500	5096.000	5097.000	208	2394	0
2026.07.14	12:41:00	5097.000	5098.000	5096.500	5097.500	217	3050	0
2026.07.14	12:42:00	5098.000	5101.000	5097.500	5098.500	628	12138	0
2026.07.14	12:43:00	5099.000	5099.500	5098.000	5098.500	204	1261	0
2026.07.14	12:44:00	5099.000	5099.000	5096.000	5097.000	276	3918	0
2026.07.14	12:45:00	5096.500	5097.000	5096.000	5097.000	170	876	0
2026.07.14	12:46:00	5096.500	5098.500	5096.500	5097.500	163	2624	0
2026.07.14	12:47:00	5097.500	5097.500	5095.500	5095.500	167	2371	0
2026.07.14	12:48:00	5095.500	5097.500	5095.500	5097.000	127	974	0
2026.07.14	12:49:00	5097.000	5098.000	5096.500	5097.500	87	869	0
2026.07.14	12:50:00	5097.500	5100.000	5097.000	5099.500	294	3284	0
2026.07.14	12:51:00	5100.000	5101.000	5099.000	5100.500	297	3532	0
2026.07.14	12:52:00	5100.000	5101.000	5100.000	5100.000	230	1840	0
2026.07.14	12:53:00	5100.500	5101.500	5099.500	5099.500	184	2174	0
2026.07.14	12:54:00	5100.000	5100.000	5099.000	5100.000	144	1954	0
2026.07.14	12:55:00	5100.000	5101.500	5099.500	5101.000	171	2501	0
2026.07.14	12:56:00	5100.500	5101.500	5099.500	5101.000	106	2025	0
2026.07.14	12:57:00	5101.000	5101.000	5099.000	5100.000	126	2515	0
2026.07.14	12:58:00	5099.500	5101.000	5099.500	5101.000	100	3161	0
2026.07.14	12:59:00	5101.000	5101.500	5100.000	5100.000	135	1537	0
2026.07.14	13:00:00	5100.000	5102.500	5099.500	5102.000	254	4957	0
2026.07.14	13:01:00	5102.000	5103.500	5101.500	5102.500	396	5404	0
2026.07.14	13:02:00	5102.500	5102.500	5099.500	5099.500	325	5816	0
2026.07.14	13:03:00	5100.000	5100.500	5099.000	5100.500	191	3876	0
2026.07.14	13:04:00	5100.500	5101.500	5100.500	5101.000	161	3250	0
2026.07.14	13:05:00	5101.000	5102.500	5100.000	5102.000	165	1962	0
2026.07.14	13:06:00	5102.500	5102.500	5101.000	5101.000	164	958	0
2026.07.14	13:07:00	5101.000	5105.000	5101.000	5104.000	560	8747	0
2026.07.14	13:08:00	5104.000	5104.500	5103.000	5103.500	171	1985	0
2026.07.14	13:09:00	5103.500	5103.500	5102.000	5102.500	177	2332	0
2026.07.14	13:10:00	5102.500	5103.000	5100.500	5101.500	315	4350	0
2026.07.14	13:11:00	5101.500	5102.000	5100.000	5101.500	270	5535	0
2026.07.14	13:12:00	5101.500	5102.500	5101.000	5102.000	95	974	0
2026.07.14	13:13:00	5102.000	5102.500	5100.000	5100.500	166	1450	0
2026.07.14	13:14:00	5100.500	5102.500	5100.000	5102.000	131	976	0
2026.07.14	13:15:00	5102.000	5103.000	5101.500	5103.000	177	1382	0
2026.07.14	13:16:00	5103.000	5104.000	5102.000	5103.500	191	1356	0
2026.07.14	13:17:00	5103.000	5103.500	5102.500	5103.000	92	1045	0
2026.07.14	13:18:00	5103.000	5103.500	5102.500	5102.500	74	506	0
2026.07.14	13:19:00	5103.000	5103.500	5102.500	5102.500	61	742	0
2026.07.14	13:20:00	5103.000	5103.000	5102.500	5102.500	80	1622	0
2026.07.14	13:21:00	5103.000	5103.500	5102.500	5102.500	72	987	0
2026.07.14	13:22:00	5102.500	5103.000	5101.500	5102.500	139	2065	0
2026.07.14	13:23:00	5102.500	5102.500	5099.500	5101.000	228	4198	0
2026.07.14	13:24:00	5100.500	5101.000	5099.000	5100.000	263	2745	0
2026.07.14	13:25:00	5099.500	5100.500	5099.000	5100.500	162	1444	0
2026.07.14	13:26:00	5100.000	5100.500	5099.000	5099.000	110	750	0
2026.07.14	13:27:00	5099.000	5100.000	5099.000	5100.000	102	792	0
2026.07.14	13:28:00	5100.000	5100.000	5099.000	5099.500	64	433	0
2026.07.14	13:29:00	5099.500	5100.500	5099.000	5100.000	87	2173	0
2026.07.14	13:30:00	5099.500	5100.000	5099.000	5099.000	91	1887	0
2026.07.14	13:31:00	5099.000	5099.000	5098.000	5098.500	262	4155	0
2026.07.14	13:32:00	5098.000	5100.000	5098.000	5099.500	103	1703	0
2026.07.14	13:33:00	5100.000	5100.000	5099.000	5099.500	86	519	0
2026.07.14	13:34:00	5100.000	5100.000	5099.000	5099.000	71	466	0
2026.07.14	13:35:00	5099.500	5100.000	5099.000	5099.500	66	984	0
2026.07.14	13:36:00	5099.500	5099.500	5098.500	5099.000	51	939	0
2026.07.14	13:37:00	5098.500	5099.000	5097.500	5097.500	160	2008	0
2026.07.14	13:38:00	5097.500	5098.500	5096.000	5097.000	254	2703	0
2026.07.14	13:39:00	5097.000	5097.000	5095.500	5096.500	300	1923	0
2026.07.14	13:40:00	5096.500	5097.500	5096.000	5097.000	190	2274	0
2026.07.14	13:41:00	5097.000	5097.500	5096.500	5097.000	86	592	0
2026.07.14	13:42:00	5096.500	5097.000	5096.000	5097.000	78	545	0
2026.07.14	13:43:00	5097.000	5097.000	5096.000	5096.500	53	378	0
2026.07.14	13:44:00	5096.000	5096.500	5094.500	5094.500	227	2909	0
2026.07.14	13:45:00	5094.500	5095.000	5093.500	5095.000	320	4772	0
2026.07.14	13:46:00	5095.000	5098.000	5095.000	5096.500	305	5144	0
2026.07.14	13:47:00	5097.000	5098.500	5096.500	5097.500	239	2210	0
2026.07.14	13:48:00	5097.500	5098.500	5097.000	5098.500	117	2658	0
2026.07.14	13:49:00	5098.500	5098.500	5096.500	5096.500	134	3690	0
2026.07.14	13:50:00	5096.500	5097.000	5096.000	5097.000	89	760	0
2026.07.14	13:51:00	5097.500	5097.500	5095.500	5095.500	107	2162	0
2026.07.14	13:52:00	5096.000	5096.500	5095.000	5096.500	105	3495	0
2026.07.14	13:53:00	5096.500	5096.500	5095.500	5096.000	41	325	0
2026.07.14	13:54:00	5096.000	5097.500	5095.500	5097.000	96	7105	0
2026.07.14	13:55:00	5097.000	5098.000	5096.500	5098.000	158	2676	0
2026.07.14	13:56:00	5098.000	5098.000	5096.000	5096.500	96	4602	0
2026.07.14	13:57:00	5096.500	5098.000	5096.500	5096.500	111	2162	0
2026.07.14	13:58:00	5096.500	5097.500	5096.500	5097.500	81	1445	0
2026.07.14	13:59:00	5097.000	5097.500	5096.000	5096.000	52	705	0
2026.07.14	14:00:00	5096.000	5097.000	5095.000	5095.500	145	2927	0
2026.07.14	14:01:00	5095.500	5096.000	5094.500	5095.500	213	2606	0
2026.07.14	14:02:00	5095.000	5095.500	5093.000	5093.500	301	5647	0
2026.07.14	14:03:00	5094.000	5095.000	5093.500	5094.500	177	2458	0
2026.07.14	14:04:00	5095.000	5095.500	5094.500	5095.500	234	2825	0
2026.07.14	14:05:00	5095.000	5098.000	5094.500	5097.500	240	6140	0
2026.07.14	14:06:00	5097.000	5098.000	5096.000	5098.000	187	5093	0
2026.07.14	14:07:00	5098.000	5099.000	5097.500	5098.500	231	5681	0
2026.07.14	14:08:00	5098.500	5098.500	5097.000	5097.500	86	923	0
2026.07.14	14:09:00	5097.500	5097.500	5095.500	5095.500	123	2325	0
2026.07.14	14:10:00	5095.500	5096.500	5094.500	5095.000	164	2703	0
2026.07.14	14:11:00	5095.000	5096.500	5095.000	5096.000	92	1053	0
2026.07.14	14:12:00	5096.000	5097.000	5096.000	5097.000	77	1503	0
2026.07.14	14:13:00	5096.500	5097.500	5096.500	5097.000	61	1006	0
2026.07.14	14:14:00	5097.500	5098.500	5097.000	5097.500	86	3349	0
2026.07.14	14:15:00	5098.000	5099.500	5097.500	5099.000	212	2856	0
2026.07.14	14:16:00	5099.500	5099.500	5098.000	5098.500	67	544	0
2026.07.14	14:17:00	5098.000	5099.000	5098.000	5098.500	85	581	0
2026.07.14	14:18:00	5098.500	5098.500	5097.500	5097.500	52	297	0
2026.07.14	14:19:00	5097.500	5099.000	5097.500	5099.000	137	1283	0
2026.07.14	14:20:00	5098.500	5099.000	5097.000	5097.000	135	1408	0
2026.07.14	14:21:00	5097.000	5098.000	5096.500	5096.500	127	2115	0
2026.07.14	14:22:00	5097.000	5097.500	5096.500	5097.500	67	760	0
2026.07.14	14:23:00	5097.500	5097.500	5096.000	5097.000	60	1155	0
2026.07.14	14:24:00	5097.000	5097.000	5095.000	5095.000	179	4353	0
2026.07.14	14:25:00	5095.000	5096.000	5095.000	5096.000	106	1542	0
2026.07.14	14:26:00	5096.000	5096.500	5095.500	5095.500	101	1647	0
2026.07.14	14:27:00	5095.500	5096.000	5095.000	5095.500	51	584	0
2026.07.14	14:28:00	5095.500	5096.500	5095.000	5096.000	56	4705	0
2026.07.14	14:29:00	5096.000	5096.500	5096.000	5096.000	48	169	0
2026.07.14	14:30:00	5096.000	5096.500	5095.000	5095.000	98	1478	0
2026.07.14	14:31:00	5095.000	5095.500	5094.500	5094.500	109	3075	0
2026.07.14	14:32:00	5094.500	5096.500	5094.500	5096.500	91	1721	0
2026.07.14	14:33:00	5097.000	5097.000	5096.000	5096.000	118	1072	0
2026.07.14	14:34:00	5096.000	5097.000	5096.000	5097.000	65	956	0
2026.07.14	14:35:00	5096.500	5098.500	5096.000	5098.000	138	3313	0
2026.07.14	14:36:00	5098.000	5098.000	5097.000	5097.000	83	2790	0
2026.07.14	14:37:00	5096.500	5097.000	5095.500	5097.000	86	1867	0
2026.07.14	14:38:00	5097.000	5097.000	5095.500	5096.500	64	2566	0
2026.07.14	14:39:00	5096.000	5097.500	5096.000	5096.500	108	2016	0
2026.07.14	14:40:00	5097.000	5097.500	5096.500	5096.500	41	1012	0
2026.07.14	14:41:00	5096.500	5097.500	5096.500	5097.000	47	1045	0
2026.07.14	14:42:00	5097.000	5097.000	5096.500	5097.000	43	1075	0
2026.07.14	14:43:00	5097.000	5097.500	5096.500	5096.500	35	937	0
2026.07.14	14:44:00	5097.000	5097.500	5096.500	5097.500	31	824	0
2026.07.14	14:45:00	5097.000	5097.500	5096.500	5097.500	39	442	0
2026.07.14	14:46:00	5097.000	5098.500	5097.000	5098.000	168	1708	0
2026.07.14	14:47:00	5098.000	5098.500	5097.500	5097.500	110	1800	0
2026.07.14	14:48:00	5098.000	5098.500	5096.000	5096.000	141	2287	0
2026.07.14	14:49:00	5096.500	5097.500	5096.000	5097.000	93	908	0
2026.07.14	14:50:00	5097.500	5097.500	5096.500	5096.500	102	1721	0
2026.07.14	14:51:00	5096.500	5097.000	5096.500	5096.500	81	1118	0
2026.07.14	14:52:00	5096.500	5097.500	5096.500	5097.500	70	852	0
2026.07.14	14:53:00	5097.000	5097.500	5097.000	5097.500	35	294	0
2026.07.14	14:54:00	5097.500	5098.500	5097.000	5098.500	86	1831	0
2026.07.14	14:55:00	5098.500	5099.500	5098.000	5099.000	126	2506	0
2026.07.14	14:56:00	5099.000	5099.000	5098.000	5098.500	83	838	0
2026.07.14	14:57:00	5098.500	5099.000	5098.000	5098.500	118	664	0
2026.07.14	14:58:00	5099.000	5099.500	5098.500	5099.000	111	1397	0
2026.07.14	14:59:00	5099.500	5100.000	5098.500	5099.000	122	2197	0
2026.07.14	15:00:00	5099.500	5100.000	5098.500	5099.000	123	2751	0
2026.07.14	15:01:00	5099.000	5100.000	5099.000	5099.500	142	1506	0
2026.07.14	15:02:00	5099.000	5099.500	5098.000	5098.000	87	1766	0
2026.07.14	15:03:00	5098.000	5098.500	5097.500	5097.500	135	2249	0
2026.07.14	15:04:00	5097.500	5098.500	5097.000	5098.000	94	2135	0
2026.07.14	15:05:00	5098.000	5098.500	5097.000	5097.500	91	2377	0
2026.07.14	15:06:00	5097.500	5098.000	5096.500	5097.000	102	2668	0
2026.07.14	15:07:00	5097.000	5098.500	5096.500	5097.000	85	2517	0
2026.07.14	15:08:00	5097.000	5098.000	5096.500	5097.500	56	1694	0
2026.07.14	15:09:00	5097.500	5098.000	5097.500	5097.500	39	661	0
2026.07.14	15:10:00	5098.000	5099.000	5097.500	5098.500	77	1492	0
2026.07.14	15:11:00	5099.000	5099.000	5098.000	5098.500	77	2091	0
2026.07.14	15:12:00	5098.500	5099.500	5098.000	5098.500	70	2559	0
2026.07.14	15:13:00	5098.500	5099.500	5098.500	5099.000	72	2152	0
2026.07.14	15:14:00	5098.500	5099.000	5097.500	5098.000	91	3507	0
2026.07.14	15:15:00	5098.000	5098.000	5097.000	5097.500	93	1264	0
2026.07.14	15:16:00	5098.000	5098.500	5096.500	5097.000	110	4418	0
2026.07.14	15:17:00	5097.500	5097.500	5096.500	5097.500	65	1618	0
2026.07.14	15:18:00	5097.500	5098.000	5097.000	5097.500	49	3616	0
2026.07.14	15:19:00	5097.500	5097.500	5096.500	5097.500	90	1546	0
2026.07.14	15:20:00	5097.000	5099.000	5097.000	5098.500	119	1724	0
2026.07.14	15:21:00	5098.500	5099.000	5098.500	5099.000	43	173	0
2026.07.14	15:22:00	5099.000	5099.000	5098.000	5098.000	54	317	0
2026.07.14	15:23:00	5098.500	5098.500	5098.000	5098.000	19	240	0
2026.07.14	15:24:00	5098.000	5098.500	5098.000	5098.000	42	1396	0
2026.07.14	15:25:00	5098.000	5099.000	5098.000	5098.500	38	648	0
2026.07.14	15:26:00	5098.500	5098.500	5097.500	5098.500	85	656	0
2026.07.14	15:27:00	5098.500	5098.500	5097.500	5098.000	44	532	0
2026.07.14	15:28:00	5098.000	5098.500	5097.500	5098.000	60	974	0
2026.07.14	15:29:00	5098.000	5098.000	5096.500	5097.000	124	2012	0
2026.07.14	15:30:00	5097.000	5098.000	5097.000	5097.500	63	1198	0
2026.07.14	15:31:00	5097.500	5098.000	5097.500	5097.500	32	534	0
2026.07.14	15:32:00	5097.500	5097.500	5096.500	5096.500	48	984	0
2026.07.14	15:33:00	5097.000	5097.000	5096.000	5096.500	119	2193	0
2026.07.14	15:34:00	5096.500	5097.500	5096.000	5096.500	81	1977	0
2026.07.14	15:35:00	5096.000	5097.500	5096.000	5097.000	59	1101	0
2026.07.14	15:36:00	5097.500	5098.000	5096.500	5097.500	59	1701	0
2026.07.14	15:37:00	5097.500	5099.000	5097.000	5098.000	108	2331	0
2026.07.14	15:38:00	5098.500	5098.500	5097.000	5097.500	45	711	0
2026.07.14	15:39:00	5097.500	5097.500	5096.500	5097.500	59	888	0
2026.07.14	15:40:00	5097.000	5098.500	5097.000	5098.000	67	1616	0
2026.07.14	15:41:00	5098.000	5100.000	5097.500	5099.000	315	7323	0
2026.07.14	15:42:00	5099.000	5100.000	5098.500	5099.500	126	1839	0
2026.07.14	15:43:00	5099.500	5100.000	5099.000	5099.500	117	1688	0
2026.07.14	15:44:00	5099.500	5099.500	5098.000	5098.500	91	1302	0
2026.07.14	15:45:00	5098.500	5099.000	5097.000	5097.500	136	1738	0
2026.07.14	15:46:00	5097.500	5098.500	5097.000	5097.500	131	2534	0
2026.07.14	15:47:00	5097.000	5097.500	5096.500	5097.500	125	2386	0
2026.07.14	15:48:00	5097.000	5097.500	5096.500	5097.000	94	1205	0
2026.07.14	15:49:00	5096.500	5098.000	5096.500	5097.000	104	866	0
2026.07.14	15:50:00	5097.000	5097.500	5096.500	5097.500	266	2025	0
2026.07.14	15:51:00	5097.500	5097.500	5095.500	5096.500	416	4693	0
2026.07.14	15:52:00	5096.500	5097.000	5095.500	5096.500	274	3012	0
2026.07.14	15:53:00	5096.500	5097.000	5096.000	5096.500	263	2942	0
2026.07.14	15:54:00	5096.500	5096.500	5096.000	5096.500	256	1193	0
2026.07.14	15:55:00	5096.500	5096.500	5095.000	5096.000	330	13182	0
2026.07.14	15:56:00	5095.500	5096.500	5095.000	5095.500	310	5822	0
2026.07.14	15:57:00	5095.500	5096.000	5095.000	5096.000	254	1476	0
2026.07.14	15:58:00	5096.000	5096.500	5094.500	5095.000	354	4387	0
2026.07.14	15:59:00	5095.500	5096.000	5094.500	5096.000	302	3252	0
2026.07.14	16:00:00	5095.500	5096.500	5095.500	5096.000	102	1429	0
2026.07.14	16:01:00	5096.500	5096.500	5095.000	5095.000	109	1505	0
2026.07.14	16:02:00	5095.000	5096.000	5094.500	5095.500	81	2306	0
2026.07.14	16:03:00	5095.500	5096.000	5095.000	5095.000	80	1746	0
2026.07.14	16:04:00	5095.500	5096.000	5095.000	5096.000	98	1646	0
2026.07.14	16:05:00	5096.000	5096.500	5095.500	5096.500	67	915	0
2026.07.14	16:06:00	5096.500	5097.000	5096.000	5096.500	59	670	0
2026.07.14	16:07:00	5096.500	5097.000	5096.000	5097.000	45	303	0
2026.07.14	16:08:00	5096.500	5097.000	5096.500	5097.000	48	217	0
2026.07.14	16:09:00	5096.500	5097.000	5095.500	5096.500	45	675	0
2026.07.14	16:10:00	5096.500	5097.000	5096.000	5096.500	41	602	0
2026.07.14	16:11:00	5096.500	5098.000	5096.500	5098.000	119	2410	0
2026.07.14	16:12:00	5097.500	5098.000	5096.000	5096.500	96	1464	0
2026.07.14	16:13:00	5096.500	5097.000	5096.000	5096.500	45	317	0
2026.07.14	16:14:00	5096.500	5097.500	5096.500	5097.500	77	1761	0
2026.07.14	16:15:00	5097.500	5097.500	5096.500	5097.000	115	1227	0
2026.07.14	16:16:00	5096.500	5097.000	5096.000	5097.000	30	308	0
2026.07.14	16:17:00	5097.000	5097.500	5096.500	5096.500	33	693	0
2026.07.14	16:18:00	5097.000	5097.500	5096.500	5097.000	75	2044	0
2026.07.14	16:19:00	5097.000	5097.000	5096.500	5097.000	39	327	0
2026.07.14	16:20:00	5097.000	5097.500	5096.500	5097.500	83	1817	0
2026.07.14	16:21:00	5097.000	5097.500	5096.000	5096.500	83	1500	0
2026.07.14	16:22:00	5096.500	5096.500	5095.500	5096.000	71	973	0
2026.07.14	16:23:00	5095.500	5096.500	5095.000	5096.500	91	1676	0
2026.07.14	16:24:00	5096.000	5096.500	5096.000	5096.500	36	224	0
2026.07.14	16:25:00	5096.500	5097.000	5096.000	5096.000	55	1186	0
2026.07.14	16:26:00	5096.500	5097.000	5096.000	5097.000	70	743	0
2026.07.14	16:27:00	5096.500	5097.000	5096.500	5097.000	32	368	0
2026.07.14	16:28:00	5096.500	5098.500	5096.500	5098.000	99	3836	0
2026.07.14	16:29:00	5098.000	5098.000	5097.000	5097.000	71	1156	0
2026.07.14	16:30:00	5097.000	5098.500	5097.000	5097.500	149	3427	0
2026.07.14	16:31:00	5097.500	5098.500	5097.000	5098.000	112	1328	0
2026.07.14	16:32:00	5097.500	5099.500	5097.500	5099.000	179	3043	0
2026.07.14	16:33:00	5099.500	5100.000	5098.500	5098.500	152	2527	0
2026.07.14	16:34:00	5099.000	5099.500	5098.500	5099.500	91	735	0
2026.07.14	16:35:00	5099.000	5100.000	5099.000	5099.000	116	2100	0
2026.07.14	16:36:00	5099.000	5099.500	5097.500	5097.500	137	2428	0
2026.07.14	16:37:00	5098.000	5098.000	5097.500	5097.500	73	1099	0
2026.07.14	16:38:00	5098.000	5098.500	5097.500	5098.500	32	246	0
2026.07.14	16:39:00	5098.000	5098.500	5098.000	5098.500	65	598	0
2026.07.14	16:40:00	5098.000	5098.500	5097.500	5098.000	57	881	0
2026.07.14	16:41:00	5097.500	5098.000	5097.000	5097.500	92	1887	0
2026.07.14	16:42:00	5097.000	5098.000	5097.000	5098.000	92	856	0
2026.07.14	16:43:00	5097.500	5097.500	5097.000	5097.500	41	473	0
2026.07.14	16:44:00	5097.500	5097.500	5096.500	5096.500	57	1526	0
2026.07.14	16:45:00	5097.000	5097.000	5096.000	5096.000	88	1145	0
2026.07.14	16:46:00	5096.000	5097.500	5096.000	5097.000	85	1031	0
2026.07.14	16:47:00	5097.000	5097.000	5096.500	5097.000	41	544	0
2026.07.14	16:48:00	5097.000	5098.000	5097.000	5098.000	68	1664	0
2026.07.14	16:49:00	5098.000	5098.000	5097.500	5098.000	36	733	0
2026.07.14	16:50:00	5098.000	5098.000	5097.500	5098.000	43	169	0
2026.07.14	16:51:00	5097.500	5098.500	5097.500	5098.000	83	1163	0
2026.07.14	16:52:00	5098.000	5098.500	5097.000	5098.500	71	1345	0
2026.07.14	16:53:00	5098.500	5098.500	5098.000	5098.000	62	1369	0
2026.07.14	16:54:00	5098.500	5098.500	5097.000	5097.500	67	3116	0
2026.07.14	16:55:00	5098.000	5099.000	5097.500	5098.500	92	1732	0
2026.07.14	16:56:00	5098.000	5098.500	5098.000	5098.000	50	393	0
2026.07.14	16:57:00	5097.500	5098.500	5097.500	5098.500	93	1685	0
2026.07.14	16:58:00	5098.500	5099.000	5098.000	5098.500	79	782	0
2026.07.14	16:59:00	5098.500	5099.500	5098.000	5099.000	99	1152	0
2026.07.14	17:00:00	5099.500	5100.500	5099.000	5100.000	186	2260	0
2026.07.14	17:01:00	5100.000	5102.000	5100.000	5101.500	274	5392	0
2026.07.14	17:02:00	5101.500	5102.000	5101.000	5101.500	134	1643	0
2026.07.14	17:03:00	5101.500	5101.500	5100.500	5101.000	92	997	0
2026.07.14	17:04:00	5100.500	5101.000	5099.500	5100.500	124	1276	0
2026.07.14	17:05:00	5100.500	5100.500	5099.500	5100.000	62	930	0
2026.07.14	17:06:00	5100.000	5100.000	5099.000	5099.500	61	1849	0
2026.07.14	17:07:00	5099.000	5099.500	5098.500	5099.500	68	1390	0
2026.07.14	17:08:00	5099.000	5099.000	5098.000	5098.000	80	1296	0
2026.07.14	17:09:00	5098.000	5098.500	5098.000	5098.000	78	1591	0
2026.07.14	17:10:00	5098.500	5099.000	5098.000	5099.000	53	518	0
2026.07.14	17:11:00	5098.500	5099.000	5097.500	5097.500	57	736	0
2026.07.14	17:12:00	5097.500	5098.000	5097.500	5098.000	46	643	0
2026.07.14	17:13:00	5098.000	5099.000	5097.500	5098.000	56	1404	0
2026.07.14	17:14:00	5098.000	5099.000	5097.500	5099.000	43	1829	0
2026.07.14	17:15:00	5099.000	5099.000	5098.500	5099.000	49	197	0
2026.07.14	17:16:00	5099.000	5099.000	5097.000	5098.000	75	2441	0
2026.07.14	17:17:00	5097.500	5098.500	5097.500	5098.000	43	626	0
2026.07.14	17:18:00	5098.000	5098.500	5098.000	5098.500	27	187	0
2026.07.14	17:19:00	5098.000	5098.000	5097.500	5098.000	32	85	0
2026.07.14	17:20:00	5097.500	5099.000	5097.500	5098.500	34	909	0
2026.07.14	17:21:00	5098.500	5099.500	5098.000	5099.500	26	959	0
2026.07.14	17:22:00	5099.500	5099.500	5099.000	5099.000	25	1351	0
2026.07.14	17:23:00	5099.000	5099.500	5099.000	5099.000	27	128	0
2026.07.14	17:24:00	5099.000	5099.500	5098.500	5099.500	40	552	0
2026.07.14	17:25:00	5099.000	5099.500	5099.000	5099.500	26	478	0
2026.07.14	17:26:00	5099.000	5099.500	5099.000	5099.000	37	304	0
2026.07.14	17:27:00	5099.500	5099.500	5099.000	5099.500	32	662	0
2026.07.14	17:28:00	5099.500	5100.500	5098.000	5100.000	78	7108	0
2026.07.14	17:29:00	5100.000	5101.000	5099.500	5099.500	74	1689	0
2026.07.14	17:30:00	5100.000	5100.000	5099.000	5099.000	89	1540	0
2026.07.14	17:31:00	5099.000	5099.500	5099.000	5099.500	31	132	0
2026.07.14	17:32:00	5099.500	5100.500	5099.000	5100.000	59	2273	0
2026.07.14	17:33:00	5100.000	5100.500	5100.000	5100.500	42	445	0
2026.07.14	17:34:00	5100.000	5101.000	5098.500	5098.500	81	4435	0
2026.07.14	17:35:00	5098.500	5099.000	5098.500	5098.500	92	642	0
2026.07.14	17:36:00	5099.000	5099.000	5095.500	5096.000	233	6925	0
2026.07.14	17:37:00	5096.500	5096.500	5095.500	5096.000	135	1204	0
2026.07.14	17:38:00	5096.000	5096.500	5095.000	5095.000	140	2413	0
2026.07.14	17:39:00	5095.000	5097.000	5094.500	5096.500	115	2825	0
2026.07.14	17:40:00	5096.500	5097.000	5096.000	5096.500	87	1581	0
2026.07.14	17:41:00	5097.000	5097.500	5096.500	5097.000	57	619	0
2026.07.14	17:42:00	5097.000	5098.500	5097.000	5098.500	97	2750	0
2026.07.14	17:43:00	5098.000	5099.000	5097.000	5098.000	118	3307	0
2026.07.14	17:44:00	5098.500	5098.500	5097.500	5098.000	42	670	0
2026.07.14	17:45:00	5098.500	5099.000	5098.000	5098.500	74	784	0
2026.07.14	17:46:00	5098.500	5098.500	5097.500	5098.500	32	242	0
2026.07.14	17:47:00	5098.500	5098.500	5098.000	5098.500	66	451	0
2026.07.14	17:48:00	5099.000	5099.000	5098.000	5098.500	37	246	0
2026.07.14	17:49:00	5098.500	5099.000	5098.500	5098.500	24	99	0
2026.07.14	17:50:00	5098.500	5099.000	5098.500	5098.500	62	1844	0
2026.07.14	17:51:00	5098.500	5099.000	5096.000	5096.500	62	2694	0
2026.07.14	17:52:00	5096.500	5098.000	5096.000	5097.000	100	1790	0
2026.07.14	17:53:00	5097.500	5097.500	5096.000	5096.500	52	352	0
2026.07.14	17:54:00	5096.000	5097.000	5095.000	5095.000	83	1736	0
2026.07.14	17:55:00	5095.000	5095.500	5093.500	5094.000	192	3124	0
2026.07.14	17:56:00	5093.500	5095.000	5093.500	5094.500	87	928	0
2026.07.14	17:57:00	5094.500	5095.000	5094.000	5094.500	37	175	0
2026.07.14	17:58:00	5094.500	5095.500	5094.500	5095.000	46	998	0
2026.07.14	17:59:00	5095.000	5095.500	5093.000	5095.000	136	3786	0
2026.07.14	18:00:00	5095.000	5095.000	5094.000	5094.500	55	599	0
2026.07.14	18:01:00	5094.500	5095.000	5094.000	5094.500	45	451	0
2026.07.14	18:02:00	5094.500	5094.500	5093.500	5094.000	43	143	0
2026.07.14	18:03:00	5094.000	5094.000	5093.500	5093.500	34	616	0
2026.07.14	18:04:00	5094.000	5094.000	5093.000	5093.500	64	999	0
2026.07.14	18:05:00	5093.500	5093.500	5090.500	5091.500	204	3876	0
2026.07.14	18:06:00	5091.000	5092.000	5090.500	5090.500	80	792	0
2026.07.14	18:07:00	5090.500	5091.500	5089.500	5091.000	112	1378	0
2026.07.14	18:08:00	5091.000	5091.500	5091.000	5091.500	53	312	0
2026.07.14	18:09:00	5091.500	5093.000	5091.500	5093.000	95	1148	0
2026.07.14	18:10:00	5093.000	5093.500	5092.500	5092.500	75	715	0
2026.07.14	18:11:00	5093.000	5094.000	5092.500	5093.500	128	1582	0
2026.07.14	18:12:00	5094.000	5094.000	5093.500	5093.500	51	385	0
2026.07.14	18:13:00	5094.000	5094.500	5093.000	5094.000	77	1580	0
2026.07.14	18:14:00	5093.500	5094.000	5092.000	5093.500	90	1003	0
2026.07.14	18:15:00	5093.000	5094.000	5092.500	5093.500	250	2178	0
2026.07.14	18:16:00	5093.500	5094.000	5093.000	5093.500	73	478	0
2026.07.14	18:17:00	5093.500	5094.000	5093.000	5094.000	55	312	0
2026.07.14	18:18:00	5094.000	5094.500	5093.500	5094.000	77	1063	0
2026.07.14	18:19:00	5094.500	5095.000	5094.000	5095.000	145	778	0
2026.07.14	18:20:00	5094.500	5095.000	5094.000	5094.000	177	1706	0
2026.07.14	18:21:00	5094.500	5095.000	5094.000	5095.000	67	464	0
2026.07.14	18:22:00	5094.500	5095.500	5094.500	5095.000	137	1522	0
2026.07.14	18:23:00	5094.500	5095.500	5094.500	5094.500	121	1232	0
2026.07.14	18:24:00	5095.000	5095.500	5094.500	5095.500	65	761	0
2026.07.14	18:25:00	5095.500	5096.000	5094.000	5095.000	770	1964	0
2026.07.14	18:26:00	5095.000	5095.500	5094.500	5095.000	56	336	0
2026.07.14	18:27:00	5095.000	5095.500	5094.000	5094.500	58	536	0
2026.07.14	18:28:00	5094.500	5095.500	5094.500	5095.000	51	368	0
2026.07.14	18:29:00	5094.500	5096.000	5094.500	5096.000	106	1158	0
2026.07.15	09:00:00	5097.000	5098.000	5094.000	5095.000	1458	7940	1
2026.07.15	09:01:00	5094.500	5100.000	5092.500	5099.500	4906	21075	1
2026.07.15	09:02:00	5099.000	5103.000	5097.500	5100.000	4393	16044	1
2026.07.15	09:03:00	5100.000	5101.000	5099.000	5100.500	1838	7863	1
2026.07.15	09:04:00	5101.000	5101.500	5099.000	5101.000	1770	6929	1
2026.07.15	09:05:00	5101.000	5104.000	5100.000	5102.500	3051	10089	1
2026.07.15	09:06:00	5103.000	5105.000	5102.000	5103.500	2208	8010	1
2026.07.15	09:07:00	5103.500	5104.000	5102.000	5104.000	1823	7596	1
2026.07.15	09:08:00	5104.000	5104.000	5102.000	5103.500	947	3966	1
2026.07.15	09:09:00	5103.000	5104.000	5101.000	5102.000	1634	6126	1
2026.07.15	09:10:00	5102.000	5102.500	5100.000	5101.000	2074	9044	1
2026.07.15	09:11:00	5101.000	5102.000	5099.000	5100.000	1623	5998	1
2026.07.15	09:12:00	5099.500	5100.000	5097.000	5100.000	2283	6692	1
2026.07.15	09:13:00	5100.000	5101.500	5099.000	5100.500	1579	6503	1
2026.07.15	09:14:00	5101.000	5102.000	5099.500	5101.000	963	4210	1
2026.07.15	09:15:00	5100.500	5102.000	5099.500	5100.500	686	3072	1
2026.07.15	09:16:00	5100.500	5102.500	5100.000	5101.000	1062	4013	1
2026.07.15	09:17:00	5101.000	5101.500	5098.500	5100.000	1355	6634	1
2026.07.15	09:18:00	5100.000	5103.000	5099.500	5103.000	1056	4642	1
2026.07.15	09:19:00	5103.000	5103.500	5101.500	5102.500	1053	3599	1
2026.07.15	09:20:00	5102.500	5103.000	5101.000	5101.500	1178	3834	1
2026.07.15	09:21:00	5101.500	5102.500	5100.500	5101.500	694	1929	1
2026.07.15	09:22:00	5102.000	5102.000	5099.500	5100.000	979	3397	1
2026.07.15	09:23:00	5100.000	5102.500	5100.000	5101.500	649	1997	1
2026.07.15	09:24:00	5101.000	5101.500	5100.500	5101.000	449	1689	1
2026.07.15	09:25:00	5100.500	5102.500	5100.000	5101.000	803	3195	1
2026.07.15	09:26:00	5101.000	5102.500	5100.500	5101.000	445	1338	1
2026.07.15	09:27:00	5101.000	5102.000	5101.000	5101.000	458	1826	1
2026.07.15	09:28:00	5101.500	5101.500	5099.000	5099.000	738	2361	1
2026.07.15	09:29:00	5099.500	5100.000	5098.500	5099.500	668	1936	1
2026.07.15	09:30:00	5100.000	5100.000	5090.500	5095.000	7302	33960	1
2026.07.15	09:31:00	5094.500	5097.500	5093.000	5096.000	2307	9329	1
2026.07.15	09:32:00	5096.000	5096.500	5090.000	5091.500	3491	17323	1
2026.07.15	09:33:00	5091.000	5092.500	5091.000	5091.500	1519	6440	1
2026.07.15	09:34:00	5091.500	5096.500	5091.000	5095.000	3374	15721	1
2026.07.15	09:35:00	5094.500	5096.500	5093.500	5095.500	1452	4725	1
2026.07.15	09:36:00	5095.500	5098.000	5094.500	5095.500	2770	12466	1
2026.07.15	09:37:00	5095.500	5097.000	5093.500	5094.000	1599	5694	1
2026.07.15	09:38:00	5094.000	5095.500	5092.500	5093.500	1681	5560	1
2026.07.15	09:39:00	5093.500	5095.500	5093.500	5095.000	788	2050	1
2026.07.15	09:40:00	5094.500	5095.500	5094.000	5094.500	762	2639	1
2026.07.15	09:41:00	5095.000	5095.500	5094.000	5095.000	705	2284	1
2026.07.15	09:42:00	5095.000	5095.500	5091.500	5091.500	1361	5770	1
2026.07.15	09:43:00	5091.500	5094.000	5091.000	5093.000	1659	5964	1
2026.07.15	09:44:00	5092.500	5093.500	5091.000	5092.000	1164	4335	1
2026.07.15	09:45:00	5092.000	5094.000	5091.500	5092.500	1143	5235	1
2026.07.15	09:46:00	5093.000	5093.500	5089.000	5090.500	2731	11413	1
2026.07.15	09:47:00	5090.500	5091.000	5088.500	5088.500	1857	8254	1
2026.07.15	09:48:00	5088.500	5089.000	5086.500	5087.500	2149	8224	1
2026.07.15	09:49:00	5087.500	5089.000	5087.500	5088.000	905	3331	1
2026.07.15	09:50:00	5088.000	5090.500	5088.000	5090.500	1787	7573	1
2026.07.15	09:51:00	5090.000	5090.500	5088.000	5088.500	1415	6232	1
2026.07.15	09:52:00	5089.000	5089.000	5086.000	5086.000	2422	11579	1
2026.07.15	09:53:00	5086.000	5088.000	5086.000	5087.500	1103	3599	1
2026.07.15	09:54:00	5087.500	5087.500	5085.500	5085.500	984	5656	1
2026.07.15	09:55:00	5085.500	5085.500	5083.500	5084.500	2939	14629	1
2026.07.15	09:56:00	5085.000	5085.500	5083.500	5084.000	929	4078	1
2026.07.15	09:57:00	5084.000	5084.500	5082.000	5082.500	1819	7593	1
2026.07.15	09:58:00	5082.500	5083.000	5080.000	5081.500	3571	18758	1
2026.07.15	09:59:00	5081.000	5084.500	5081.000	5083.500	2756	15087	1
2026.07.15	10:00:00	5084.000	5084.000	5082.000	5084.000	1223	5684	1
2026.07.15	10:01:00	5084.000	5084.500	5081.500	5083.000	1885	10971	1
2026.07.15	10:02:00	5082.500	5083.000	5081.500	5082.500	865	3927	1
2026.07.15	10:03:00	5082.000	5083.000	5081.000	5081.500	986	3983	1
2026.07.15	10:04:00	5081.500	5082.000	5078.500	5080.500	2901	16848	1
2026.07.15	10:05:00	5081.000	5081.500	5078.500	5079.500	1495	9318	1
2026.07.15	10:06:00	5079.500	5079.500	5078.000	5079.500	1755	8366	1
2026.07.15	10:07:00	5079.500	5082.500	5077.500	5082.000	2587	12996	1
2026.07.15	10:08:00	5082.000	5083.000	5080.500	5081.500	1623	8505	1
2026.07.15	10:09:00	5082.000	5083.000	5081.000	5081.500	1182	7698	1
2026.07.15	10:10:00	5082.000	5084.500	5081.500	5084.000	2462	12416	1
2026.07.15	10:11:00	5084.500	5085.000	5083.000	5084.500	2113	10238	1
2026.07.15	10:12:00	5085.000	5085.000	5082.000	5083.000	1229	6248	1
2026.07.15	10:13:00	5082.500	5085.000	5082.500	5084.500	942	3900	1
2026.07.15	10:14:00	5085.000	5086.500	5084.000	5086.000	2054	7881	1
2026.07.15	10:15:00	5085.500	5087.500	5084.500	5085.000	2656	11773	1
2026.07.15	10:16:00	5085.000	5085.000	5084.500	5084.500	1140	6009	1
2026.07.15	10:17:00	5085.000	5085.500	5084.000	5084.500	618	2837	1
2026.07.15	10:18:00	5084.500	5085.000	5083.500	5083.500	822	3343	1
2026.07.15	10:19:00	5083.500	5085.500	5082.500	5085.500	1698	7762	1
2026.07.15	10:20:00	5085.000	5087.000	5084.500	5087.000	1107	4067	1
2026.07.15	10:21:00	5087.000	5087.500	5085.500	5085.500	856	2419	1
2026.07.15	10:22:00	5086.000	5087.000	5085.000	5086.000	708	3024	1
2026.07.15	10:23:00	5086.500	5088.500	5086.000	5088.000	1474	6200	1
2026.07.15	10:24:00	5087.500	5089.000	5087.000	5087.000	1411	5905	1
2026.07.15	10:25:00	5087.000	5091.500	5087.000	5091.000	2958	11904	1
2026.07.15	10:26:00	5091.500	5093.500	5090.500	5093.000	3163	17038	1
2026.07.15	10:27:00	5093.000	5094.000	5092.000	5093.500	1706	7369	1
2026.07.15	10:28:00	5093.500	5094.000	5091.500	5092.000	1573	7147	1
2026.07.15	10:29:00	5092.000	5092.500	5091.000	5092.000	808	3126	1
2026.07.15	10:30:00	5092.500	5092.500	5091.000	5091.500	898	2606	1
2026.07.15	10:31:00	5092.000	5093.500	5091.000	5093.000	1722	9680	1
2026.07.15	10:32:00	5093.000	5093.500	5091.000	5091.000	607	1953	1
2026.07.15	10:33:00	5091.000	5093.000	5091.000	5093.000	801	2941	1
2026.07.15	10:34:00	5093.000	5093.500	5090.000	5092.500	2082	10867	1
2026.07.15	10:35:00	5092.500	5094.500	5092.000	5093.000	1420	5095	1
2026.07.15	10:36:00	5093.000	5093.500	5089.500	5090.000	2582	12440	1
2026.07.15	10:37:00	5090.500	5093.500	5090.000	5093.000	1496	6941	1
2026.07.15	10:38:00	5093.000	5094.000	5091.500	5093.000	1042	4151	1
2026.07.15	10:39:00	5092.500	5094.000	5092.000	5094.000	829	3296	1
2026.07.15	10:40:00	5094.000	5094.500	5093.000	5093.000	717	2903	1
2026.07.15	10:41:00	5093.500	5094.000	5093.000	5093.500	1276	7882	1
2026.07.15	10:42:00	5093.000	5094.000	5092.500	5093.500	376	1770	1
2026.07.15	10:43:00	5093.000	5093.500	5092.000	5093.000	935	5651	1
2026.07.15	10:44:00	5093.000	5095.000	5093.000	5094.500	873	4064	1
2026.07.15	10:45:00	5094.000	5095.000	5093.000	5093.000	641	3075	1
2026.07.15	10:46:00	5093.000	5095.000	5093.000	5093.000	572	2334	1
2026.07.15	10:47:00	5093.000	5094.500	5093.000	5094.000	396	1081	1
2026.07.15	10:48:00	5094.000	5094.000	5090.500	5092.000	2067	7546	1
2026.07.15	10:49:00	5092.000	5093.000	5091.000	5092.500	1078	6877	1
2026.07.15	10:50:00	5092.500	5093.000	5091.500	5091.500	571	5463	1
2026.07.15	10:51:00	5091.500	5093.000	5091.500	5092.000	550	2487	1
2026.07.15	10:52:00	5092.000	5092.000	5088.000	5089.500	2604	10238	1
2026.07.15	10:53:00	5089.000	5092.500	5089.000	5092.500	1505	6352	1
2026.07.15	10:54:00	5092.000	5092.500	5090.500	5091.000	618	1742	1
2026.07.15	10:55:00	5090.500	5092.000	5089.500	5089.500	1148	5291	1
2026.07.15	10:56:00	5090.000	5091.000	5089.000	5089.500	909	3634	1
2026.07.15	10:57:00	5089.500	5090.000	5086.500	5087.500	2182	8349	1
2026.07.15	10:58:00	5087.500	5090.500	5087.500	5088.000	2244	11330	1
2026.07.15	10:59:00	5088.000	5089.500	5087.000	5089.000	801	3243	1
2026.07.15	11:00:00	5089.500	5092.500	5088.000	5091.500	2151	11731	1
2026.07.15	11:01:00	5091.500	5091.500	5090.000	5090.500	698	2728	1
2026.07.15	11:02:00	5090.500	5092.000	5090.500	5090.500	674	3829	1
2026.07.15	11:03:00	5091.000	5092.000	5090.000	5091.000	934	6713	1
2026.07.15	11:04:00	5091.500	5092.000	5089.500	5092.000	849	5552	1
2026.07.15	11:05:00	5092.000	5093.000	5091.000	5091.500	1159	5214	1
2026.07.15	11:06:00	5092.000	5092.000	5090.000	5091.000	601	2165	1
2026.07.15	11:07:00	5091.000	5092.000	5090.500	5091.500	372	1153	1
2026.07.15	11:08:00	5091.500	5093.000	5091.000	5092.500	724	2878	1
2026.07.15	11:09:00	5092.000	5094.000	5092.000	5093.500	1181	5202	1
2026.07.15	11:10:00	5093.000	5093.000	5092.000	5092.500	446	2054	1
2026.07.15	11:11:00	5093.000	5093.000	5090.500	5091.500	921	4986	1
2026.07.15	11:12:00	5091.000	5091.500	5089.500	5090.000	885	3970	1
2026.07.15	11:13:00	5090.000	5093.500	5090.000	5092.500	887	4212	1
2026.07.15	11:14:00	5092.500	5095.500	5092.500	5093.500	2311	9738	1
2026.07.15	11:15:00	5093.000	5093.500	5091.000	5091.500	875	3348	1
2026.07.15	11:16:00	5091.500	5092.500	5091.000	5092.500	497	1200	1
2026.07.15	11:17:00	5092.500	5092.500	5091.000	5092.000	513	4827	1
2026.07.15	11:18:00	5092.500	5093.000	5091.500	5093.000	530	2826	1
2026.07.15	11:19:00	5093.000	5093.000	5091.000	5091.500	476	1768	1
2026.07.15	11:20:00	5092.000	5094.000	5091.500	5094.000	1489	8549	1
2026.07.15	11:21:00	5094.000	5097.500	5093.000	5094.000	3870	16859	1
2026.07.15	11:22:00	5094.500	5095.500	5094.000	5094.500	1132	7991	1
2026.07.15	11:23:00	5095.000	5099.000	5094.500	5099.000	2633	11174	1
2026.07.15	11:24:00	5098.500	5101.500	5098.000	5098.500	3960	24973	1
2026.07.15	11:25:00	5098.500	5099.000	5097.000	5097.500	1273	4739	1
2026.07.15	11:26:00	5097.000	5097.500	5095.500	5097.000	1539	5229	1
2026.07.15	11:27:00	5096.500	5098.500	5095.500	5096.000	1097	5268	1
2026.07.15	11:28:00	5095.500	5096.500	5093.000	5094.000	2864	16082	1
2026.07.15	11:29:00	5094.500	5095.000	5093.500	5094.500	483	1653	1
2026.07.15	11:30:00	5094.000	5094.500	5092.500	5093.000	1142	7288	1
2026.07.15	11:31:00	5093.500	5096.500	5093.500	5096.000	1512	7431	1
2026.07.15	11:32:00	5096.000	5096.500	5095.000	5095.500	836	2786	1
2026.07.15	11:33:00	5095.500	5095.500	5093.000	5093.500	909	3258	1
2026.07.15	11:34:00	5093.500	5093.500	5092.000	5093.000	1205	6543	1
2026.07.15	11:35:00	5093.000	5094.000	5092.500	5094.000	474	2356	1
2026.07.15	11:36:00	5094.000	5096.000	5093.500	5095.000	1284	6890	1
2026.07.15	11:37:00	5095.500	5096.500	5094.500	5095.500	674	2938	1
2026.07.15	11:38:00	5095.000	5095.500	5094.000	5094.500	655	2230	1
2026.07.15	11:39:00	5094.500	5098.000	5094.000	5096.500	1709	10136	1
2026.07.15	11:40:00	5096.500	5097.000	5096.000	5096.500	527	2635	1
2026.07.15	11:41:00	5096.500	5096.500	5094.500	5094.500	550	2654	1
2026.07.15	11:42:00	5095.000	5096.000	5094.500	5095.500	475	1761	1
2026.07.15	11:43:00	5095.500	5096.000	5094.500	5095.500	466	1846	1
2026.07.15	11:44:00	5095.500	5096.000	5095.000	5096.000	122	312	1
2026.07.15	11:45:00	5096.000	5098.000	5095.500	5098.000	714	2057	1
2026.07.15	11:46:00	5098.000	5098.500	5097.000	5098.500	855	3026	1
2026.07.15	11:47:00	5098.000	5100.000	5097.500	5099.000	1683	7473	1
2026.07.15	11:48:00	5099.000	5099.500	5096.500	5097.000	994	3080	1
2026.07.15	11:49:00	5096.500	5097.500	5096.000	5096.000	539	3670	1
2026.07.15	11:50:00	5096.500	5097.500	5095.500	5097.000	825	3841	1
2026.07.15	11:51:00	5097.500	5099.500	5096.500	5099.000	812	4661	1
2026.07.15	11:52:00	5098.500	5099.500	5097.000	5099.500	609	2253	1
2026.07.15	11:53:00	5099.500	5100.000	5098.000	5099.000	592	2888	1
2026.07.15	11:54:00	5098.500	5101.000	5098.000	5100.500	1011	4204	1
2026.07.15	11:55:00	5100.500	5101.000	5099.000	5099.000	770	3619	1
2026.07.15	11:56:00	5099.000	5100.000	5098.000	5098.500	501	1315	1
2026.07.15	11:57:00	5098.500	5099.500	5097.500	5099.000	924	3366	1
2026.07.15	11:58:00	5099.000	5100.000	5099.000	5100.000	732	2841	1
2026.07.15	11:59:00	5100.000	5100.000	5099.000	5099.000	563	2334	1
2026.07.15	12:00:00	5099.500	5100.000	5098.500	5100.000	809	3312	1
2026.07.15	12:01:00	5099.500	5102.000	5099.500	5101.500	2072	9532	1
2026.07.15	12:02:00	5101.000	5101.500	5099.500	5099.500	866	3288	1
2026.07.15	12:03:00	5099.500	5100.000	5098.000	5098.500	951	4495	1
2026.07.15	12:04:00	5098.000	5099.500	5097.500	5097.500	654	2115	1
2026.07.15	12:05:00	5097.500	5098.000	5096.500	5097.000	984	4273	1
2026.07.15	12:06:00	5097.000	5098.000	5096.000	5096.500	815	3187	1
2026.07.15	12:07:00	5096.500	5097.000	5095.500	5096.000	627	2131	1
2026.07.15	12:08:00	5096.000	5097.000	5095.500	5096.500	526	2681	1
2026.07.15	12:09:00	5096.500	5098.000	5096.000	5098.000	462	1135	1
2026.07.15	12:10:00	5098.000	5098.500	5097.000	5098.000	623	1698	1
2026.07.15	12:11:00	5098.000	5098.500	5097.500	5098.000	285	894	1
2026.07.15	12:12:00	5098.000	5098.500	5097.000	5098.500	409	1692	1
2026.07.15	12:13:00	5098.000	5100.500	5098.000	5099.000	1057	5601	1
2026.07.15	12:14:00	5099.000	5101.500	5099.000	5100.500	857	4421	1
2026.07.15	12:15:00	5101.000	5101.500	5100.000	5101.000	660	2416	1
2026.07.15	12:16:00	5101.000	5101.000	5099.000	5100.000	614	2849	1
2026.07.15	12:17:00	5100.500	5101.000	5099.000	5099.000	515	1663	1
2026.07.15	12:18:00	5099.000	5099.500	5098.000	5098.500	453	1919	1
2026.07.15	12:19:00	5098.000	5098.000	5097.000	5097.500	486	2481	1
2026.07.15	12:20:00	5097.500	5100.000	5097.500	5099.000	571	1623	1
2026.07.15	12:21:00	5098.500	5099.500	5098.000	5099.500	275	1039	1
2026.07.15	12:22:00	5099.000	5102.000	5099.000	5101.000	1172	5158	1
2026.07.15	12:23:00	5101.000	5102.500	5100.500	5102.000	946	3384	1
2026.07.15	12:24:00	5102.000	5103.000	5100.500	5101.000	1023	3668	1
2026.07.15	12:25:00	5101.000	5101.500	5099.500	5100.000	729	4240	1
2026.07.15	12:26:00	5100.500	5101.000	5100.000	5100.500	327	1251	1
2026.07.15	12:27:00	5100.500	5101.000	5099.500	5100.000	451	2205	1
2026.07.15	12:28:00	5099.500	5100.000	5098.500	5099.000	814	4260	1
2026.07.15	12:29:00	5099.500	5100.000	5097.000	5098.500	1256	8382	1
2026.07.15	12:30:00	5098.500	5102.000	5098.500	5102.000	671	2857	1
2026.07.15	12:31:00	5101.500	5102.500	5101.000	5101.000	719	2985	1
2026.07.15	12:32:00	5101.000	5101.500	5100.500	5101.000	329	1152	1
2026.07.15	12:33:00	5100.500	5101.500	5100.000	5101.500	437	1861	1
2026.07.15	12:34:00	5101.500	5102.500	5100.500	5101.500	601	2828	1
2026.07.15	12:35:00	5102.000	5102.500	5101.000	5102.000	380	1462	1
2026.07.15	12:36:00	5102.000	5102.500	5101.000	5102.000	677	3647	1
2026.07.15	12:37:00	5101.500	5103.000	5101.500	5103.000	384	2128	1
2026.07.15	12:38:00	5103.000	5103.500	5101.000	5102.000	1288	7364	1
2026.07.15	12:39:00	5102.000	5102.500	5100.500	5102.000	711	4113	1
2026.07.15	12:40:00	5101.500	5102.000	5100.500	5101.000	274	1280	1
2026.07.15	12:41:00	5101.000	5101.000	5100.000	5100.500	264	1367	1
2026.07.15	12:42:00	5100.500	5101.000	5100.000	5100.500	467	1372	1
2026.07.15	12:43:00	5100.500	5101.000	5099.500	5100.000	382	1247	1
2026.07.15	12:44:00	5100.000	5100.500	5099.000	5099.500	362	1490	1
2026.07.15	12:45:00	5100.000	5100.000	5098.500	5100.000	598	5085	1
2026.07.15	12:46:00	5099.500	5100.000	5098.500	5099.500	282	1350	1
2026.07.15	12:47:00	5099.500	5100.000	5098.500	5100.000	310	2119	1
2026.07.15	12:48:00	5100.000	5100.000	5099.000	5099.500	181	633	1
2026.07.15	12:49:00	5099.500	5100.000	5098.500	5100.000	229	882	1
2026.07.15	12:50:00	5100.000	5102.000	5099.500	5101.500	680	2942	1
2026.07.15	12:51:00	5101.500	5102.000	5101.000	5101.000	465	1899	1
2026.07.15	12:52:00	5101.000	5101.500	5099.500	5101.000	524	3788	1
2026.07.15	12:53:00	5101.000	5102.000	5101.000	5101.500	395	1589	1
2026.07.15	12:54:00	5102.000	5102.000	5100.000	5100.000	278	1638	1
2026.07.15	12:55:00	5100.000	5101.000	5099.500	5099.500	474	2063	1
2026.07.15	12:56:00	5100.000	5101.000	5099.500	5100.500	541	3074	1
2026.07.15	12:57:00	5100.500	5102.000	5100.000	5101.500	302	934	1
2026.07.15	12:58:00	5101.500	5102.000	5100.000	5100.500	243	1299	1
2026.07.15	12:59:00	5100.500	5101.000	5100.000	5101.000	146	493	1
2026.07.15	13:00:00	5100.500	5101.000	5100.000	5100.500	281	1495	1
2026.07.15	13:01:00	5100.000	5101.000	5100.000	5100.000	271	2224	1
2026.07.15	13:02:00	5100.000	5101.000	5100.000	5100.000	194	940	1
2026.07.15	13:03:00	5100.500	5101.500	5100.500	5101.500	236	1528	1
2026.07.15	13:04:00	5101.500	5101.500	5100.000	5100.000	250	1264	1
2026.07.15	13:05:00	5100.000	5101.500	5099.500	5101.000	370	2000	1
2026.07.15	13:06:00	5101.000	5103.000	5101.000	5102.500	783	4158	1
2026.07.15	13:07:00	5103.000	5103.000	5100.500	5101.000	356	2087	1
2026.07.15	13:08:00	5101.000	5102.500	5100.500	5102.000	626	6090	1
2026.07.15	13:09:00	5101.500	5101.500	5100.500	5101.500	228	1390	1
2026.07.15	13:10:00	5101.000	5101.500	5100.500	5101.000	224	1535	1
2026.07.15	13:11:00	5101.500	5102.000	5100.000	5100.000	401	1679	1
2026.07.15	13:12:00	5100.000	5101.500	5100.000	5100.500	282	1213	1
2026.07.15	13:13:00	5100.500	5102.000	5100.000	5101.000	193	1076	1
2026.07.15	13:14:00	5101.000	5101.500	5100.500	5101.500	238	2527	1
2026.07.15	13:15:00	5101.500	5102.500	5100.000	5100.500	530	2731	1
2026.07.15	13:16:00	5100.500	5101.000	5100.000	5100.500	190	476	1
2026.07.15	13:17:00	5100.500	5101.500	5100.000	5101.000	240	1303	1
2026.07.15	13:18:00	5100.500	5101.500	5100.500	5100.500	257	1260	1
2026.07.15	13:19:00	5101.000	5102.500	5100.500	5101.500	257	878	1
2026.07.15	13:20:00	5101.500	5102.500	5101.000	5102.000	378	2312	1
2026.07.15	13:21:00	5102.500	5102.500	5101.500	5102.000	384	1937	1
2026.07.15	13:22:00	5102.500	5102.500	5101.500	5101.500	224	877	1
2026.07.15	13:23:00	5102.000	5102.500	5100.000	5101.000	646	3309	1
2026.07.15	13:24:00	5101.000	5102.000	5100.500	5102.000	393	1518	1
2026.07.15	13:25:00	5101.500	5101.500	5100.000	5100.500	244	1001	1
2026.07.15	13:26:00	5100.000	5102.000	5100.000	5101.500	277	1111	1
2026.07.15	13:27:00	5101.500	5102.000	5100.500	5102.000	218	1415	1
2026.07.15	13:28:00	5101.500	5102.500	5101.500	5102.500	463	1589	1
2026.07.15	13:29:00	5102.500	5102.500	5101.000	5101.500	179	651	1
2026.07.15	13:30:00	5101.000	5102.000	5100.000	5101.000	567	2435	1
2026.07.15	13:31:00	5101.500	5102.500	5101.000	5101.500	327	1423	1
2026.07.15	13:32:00	5101.500	5102.000	5100.000	5100.000	357	1677	1
2026.07.15	13:33:00	5100.500	5101.500	5100.000	5100.500	291	1094	1
2026.07.15	13:34:00	5101.000	5101.500	5100.500	5101.500	230	653	1
2026.07.15	13:35:00	5101.000	5102.500	5101.000	5101.500	390	1371	1
2026.07.15	13:36:00	5102.000	5103.500	5101.500	5103.500	755	4093	1
2026.07.15	13:37:00	5103.500	5103.500	5102.000	5103.000	511	2259	1
2026.07.15	13:38:00	5102.500	5103.000	5102.000	5102.500	328	1376	1
2026.07.15	13:39:00	5102.500	5103.000	5102.000	5103.000	316	1626	1
2026.07.15	13:40:00	5103.000	5103.000	5102.000	5103.000	178	1254	1
2026.07.15	13:41:00	5102.500	5103.000	5102.500	5103.000	166	1076	1
2026.07.15	13:42:00	5102.500	5103.000	5102.000	5102.000	197	589	1
2026.07.15	13:43:00	5102.500	5104.000	5102.000	5104.000	1048	6123	1
2026.07.15	13:44:00	5104.000	5104.500	5103.000	5103.500	942	3555	1
2026.07.15	13:45:00	5103.000	5104.000	5103.000	5103.500	368	1244	1
2026.07.15	13:46:00	5103.500	5104.000	5098.000	5101.000	3884	16119	1
2026.07.15	13:47:00	5101.000	5103.000	5100.500	5103.000	969	3579	1
2026.07.15	13:48:00	5102.500	5103.000	5101.500	5102.500	386	908	1
2026.07.15	13:49:00	5102.000	5102.500	5101.500	5102.500	306	1671	1
2026.07.15	13:50:00	5102.000	5102.500	5101.000	5101.500	423	3494	1
2026.07.15	13:51:00	5101.500	5102.500	5101.000	5102.500	323	1718	1
2026.07.15	13:52:00	5102.000	5102.500	5101.000	5102.000	437	2429	1
2026.07.15	13:53:00	5101.500	5102.000	5100.500	5102.000	636	5618	1
2026.07.15	13:54:00	5102.000	5104.500	5101.500	5104.000	1209	5815	1
2026.07.15	13:55:00	5104.000	5107.500	5103.500	5107.000	3509	18843	1
2026.07.15	13:56:00	5107.000	5108.000	5106.000	5107.000	1125	4568	1
2026.07.15	13:57:00	5107.500	5108.000	5106.500	5107.500	629	2728	1
2026.07.15	13:58:00	5107.500	5108.500	5106.000	5106.500	989	3818	1
2026.07.15	13:59:00	5106.500	5106.500	5105.000	5106.000	836	3859	1
2026.07.15	14:00:00	5106.000	5106.000	5103.000	5103.000	1164	4037	1
2026.07.15	14:01:00	5103.000	5104.000	5102.000	5102.500	869	4022	1
2026.07.15	14:02:00	5103.000	5103.500	5102.500	5103.500	214	923	1
2026.07.15	14:03:00	5103.000	5103.500	5102.500	5103.000	282	2310	1
2026.07.15	14:04:00	5103.000	5103.000	5102.500	5102.500	305	1109	1
2026.07.15	14:05:00	5103.000	5104.000	5102.500	5103.500	730	6689	1
2026.07.15	14:06:00	5103.500	5103.500	5102.000	5102.500	508	3299	1
2026.07.15	14:07:00	5102.000	5102.500	5101.000	5102.000	887	3792	1
2026.07.15	14:08:00	5101.500	5102.000	5098.500	5100.000	2981	18197	1
2026.07.15	14:09:00	5100.500	5101.000	5099.000	5100.500	709	3572	1
2026.07.15	14:10:00	5101.000	5101.000	5099.500	5099.500	611	3007	1
2026.07.15	14:11:00	5099.500	5101.000	5099.000	5100.500	490	2967	1
2026.07.15	14:12:00	5100.500	5101.500	5100.000	5101.500	412	1864	1
2026.07.15	14:13:00	5102.000	5104.000	5101.500	5103.000	1236	6591	1
2026.07.15	14:14:00	5103.000	5104.000	5103.000	5103.500	449	2871	1
2026.07.15	14:15:00	5103.500	5104.000	5103.000	5103.000	473	1461	1
2026.07.15	14:16:00	5103.500	5104.000	5102.000	5103.000	513	3554	1
2026.07.15	14:17:00	5103.000	5104.000	5102.500	5104.000	615	6350	1
2026.07.15	14:18:00	5104.000	5104.500	5100.500	5101.000	1380	11441	1
2026.07.15	14:19:00	5101.000	5102.000	5098.500	5099.500	1499	8811	1
2026.07.15	14:20:00	5099.500	5099.500	5098.500	5099.500	455	2036	1
2026.07.15	14:21:00	5099.500	5100.000	5099.000	5099.500	215	1011	1
2026.07.15	14:22:00	5100.000	5100.000	5099.000	5099.500	238	885	1
2026.07.15	14:23:00	5099.000	5099.500	5098.500	5099.000	360	1309	1
2026.07.15	14:24:00	5099.000	5100.000	5098.500	5099.500	390	2549	1
2026.07.15	14:25:00	5099.500	5100.500	5099.000	5100.000	470	3044	1
2026.07.15	14:26:00	5099.500	5100.500	5098.500	5099.500	550	3474	1
2026.07.15	14:27:00	5099.000	5100.000	5098.500	5098.500	266	1068	1
2026.07.15	14:28:00	5099.000	5100.000	5098.500	5099.500	412	2175	1
2026.07.15	14:29:00	5099.500	5100.000	5098.500	5098.500	678	4157	1
2026.07.15	14:30:00	5098.500	5099.000	5096.000	5097.500	2337	9768	1
2026.07.15	14:31:00	5098.000	5098.500	5096.500	5097.500	762	3358	1
2026.07.15	14:32:00	5098.000	5098.000	5096.500	5096.500	682	5079	1
2026.07.15	14:33:00	5096.500	5097.000	5095.000	5097.000	1373	6354	1
2026.07.15	14:34:00	5097.000	5097.500	5096.000	5096.500	483	2562	1
2026.07.15	14:35:00	5096.000	5097.000	5094.500	5095.000	751	5417	1
2026.07.15	14:36:00	5094.500	5095.500	5093.000	5095.500	2375	10279	1
2026.07.15	14:37:00	5095.000	5096.500	5095.000	5096.000	789	6638	1
2026.07.15	14:38:00	5096.500	5099.000	5096.000	5096.500	1593	8722	1
2026.07.15	14:39:00	5096.500	5098.000	5096.000	5096.000	684	5259	1
2026.07.15	14:40:00	5096.500	5096.500	5095.000	5096.500	695	3724	1
2026.07.15	14:41:00	5096.000	5096.500	5094.000	5095.000	1150	8921	1
2026.07.15	14:42:00	5095.000	5096.500	5094.500	5095.000	1058	8681	1
2026.07.15	14:43:00	5095.500	5096.500	5095.000	5096.000	407	3536	1
2026.07.15	14:44:00	5095.500	5097.500	5095.500	5096.500	736	6544	1
2026.07.15	14:45:00	5096.500	5098.000	5096.500	5097.000	389	1707	1
2026.07.15	14:46:00	5097.500	5097.500	5095.500	5095.500	523	3357	1
2026.07.15	14:47:00	5096.000	5096.000	5094.500	5095.500	445	1906	1
2026.07.15	14:48:00	5096.000	5096.500	5095.500	5096.500	316	1092	1
2026.07.15	14:49:00	5096.000	5097.000	5095.500	5097.000	345	1410	1
2026.07.15	14:50:00	5097.000	5098.000	5096.000	5098.000	503	2307	1
2026.07.15	14:51:00	5097.500	5098.000	5096.500	5097.000	908	4370	1
2026.07.15	14:52:00	5097.000	5097.500	5096.000	5096.500	285	1191	1
2026.07.15	14:53:00	5096.000	5097.500	5096.000	5097.500	393	1355	1
2026.07.15	14:54:00	5097.000	5098.000	5096.500	5097.500	409	1984	1
2026.07.15	14:55:00	5097.000	5097.500	5096.500	5096.500	113	551	1
2026.07.15	14:56:00	5096.500	5097.000	5096.000	5097.000	195	1112	1
2026.07.15	14:57:00	5097.000	5097.500	5096.500	5097.000	191	639	1
2026.07.15	14:58:00	5097.000	5097.000	5096.000	5096.500	214	563	1
2026.07.15	14:59:00	5096.000	5097.000	5096.000	5097.000	243	930	1
2026.07.15	15:00:00	5097.000	5097.500	5096.000	5097.000	287	830	1
2026.07.15	15:01:00	5096.500	5097.500	5096.000	5097.000	365	1042	1
2026.07.15	15:02:00	5097.500	5097.500	5096.000	5096.500	441	9504	1
2026.07.15	15:03:00	5097.000	5097.000	5095.000	5095.500	503	2591	1
2026.07.15	15:04:00	5095.500	5096.000	5095.000	5096.000	624	2477	1
2026.07.15	15:05:00	5096.000	5096.500	5095.500	5096.000	448	1009	1
2026.07.15	15:06:00	5096.000	5097.500	5095.500	5096.500	587	2129	1
2026.07.15	15:07:00	5096.500	5097.000	5096.500	5097.000	78	227	1
2026.07.15	15:08:00	5096.500	5097.500	5096.500	5096.500	332	1186	1
2026.07.15	15:09:00	5096.500	5097.000	5096.500	5097.000	159	847	1
2026.07.15	15:10:00	5097.000	5097.500	5096.000	5096.500	603	4186	1
2026.07.15	15:11:00	5096.500	5097.000	5096.000	5096.000	187	527	1
2026.07.15	15:12:00	5096.500	5097.000	5096.000	5096.500	199	747	1
2026.07.15	15:13:00	5096.500	5097.500	5096.500	5097.500	170	783	1
2026.07.15	15:14:00	5097.500	5097.500	5096.500	5097.000	138	435	1
2026.07.15	15:15:00	5097.000	5097.000	5096.000	5096.500	221	1444	1
2026.07.15	15:16:00	5096.500	5097.500	5096.000	5097.000	219	769	1
2026.07.15	15:17:00	5097.500	5097.500	5095.500	5096.000	346	1908	1
2026.07.15	15:18:00	5096.500	5098.500	5096.000	5097.000	973	4411	1
2026.07.15	15:19:00	5097.500	5097.500	5096.500	5097.500	445	2069	1
2026.07.15	15:20:00	5097.500	5097.500	5096.500	5097.000	342	1263	1
2026.07.15	15:21:00	5097.500	5098.000	5096.000	5096.000	565	3218	1
2026.07.15	15:22:00	5096.000	5097.000	5096.000	5096.500	234	1220	1
2026.07.15	15:23:00	5097.000	5097.500	5096.500	5097.500	217	656	1
2026.07.15	15:24:00	5097.500	5097.500	5097.000	5097.000	110	457	1
2026.07.15	15:25:00	5097.000	5098.000	5096.500	5098.000	336	1955	1
2026.07.15	15:26:00	5097.500	5098.000	5097.000	5097.000	177	429	1
2026.07.15	15:27:00	5097.000	5097.500	5097.000	5097.500	42	223	1
2026.07.15	15:28:00	5097.000	5098.000	5097.000	5098.000	462	3986	1
2026.07.15	15:29:00	5097.500	5098.500	5097.000	5097.000	903	3381	1
2026.07.15	15:30:00	5097.500	5097.500	5096.500	5097.000	326	1553	1
2026.07.15	15:31:00	5097.000	5098.000	5096.500	5096.500	431	2381	1
2026.07.15	15:32:00	5096.500	5097.000	5095.500	5095.500	384	1725	1
2026.07.15	15:33:00	5095.500	5096.500	5095.000	5095.500	557	2569	1
2026.07.15	15:34:00	5095.000	5096.500	5095.000	5095.500	336	2125	1
2026.07.15	15:35:00	5095.500	5097.500	5095.000	5095.500	699	3447	1
2026.07.15	15:36:00	5095.500	5096.000	5095.000	5095.000	208	942	1
2026.07.15	15:37:00	5095.500	5095.500	5095.000	5095.500	286	2520	1
2026.07.15	15:38:00	5095.500	5096.500	5095.500	5096.000	127	457	1
2026.07.15	15:39:00	5096.000	5096.500	5095.000	5095.500	396	1941	1
2026.07.15	15:40:00	5095.500	5096.000	5095.000	5095.500	859	3870	1
2026.07.15	15:41:00	5096.000	5097.000	5095.500	5096.500	397	2356	1
2026.07.15	15:42:00	5096.500	5096.500	5096.000	5096.500	46	100	1
2026.07.15	15:43:00	5096.000	5097.000	5095.500	5095.500	207	924	1
2026.07.15	15:44:00	5096.000	5097.500	5095.500	5097.000	371	1638	1
2026.07.15	15:45:00	5096.500	5097.000	5096.500	5097.000	352	1491	1
2026.07.15	15:46:00	5097.000	5098.500	5096.500	5098.000	742	3440	1
2026.07.15	15:47:00	5097.500	5098.500	5097.000	5097.500	439	2148	1
2026.07.15	15:48:00	5097.500	5098.500	5097.000	5098.000	332	1402	1
2026.07.15	15:49:00	5098.000	5098.000	5097.500	5097.500	263	873	1
2026.07.15	15:50:00	5097.500	5098.500	5097.000	5097.500	1433	3297	1
2026.07.15	15:51:00	5098.000	5098.000	5096.500	5096.500	1328	3361	1
2026.07.15	15:52:00	5096.500	5097.500	5096.500	5096.500	1361	2766	1
2026.07.15	15:53:00	5096.500	5097.000	5096.000	5096.000	1260	2658	1
2026.07.15	15:54:00	5096.500	5096.500	5095.500	5095.500	1245	2556	1
2026.07.15	15:55:00	5096.000	5096.000	5094.500	5095.000	1603	4443	1
2026.07.15	15:56:00	5095.500	5096.000	5095.000	5096.000	1261	2658	1
2026.07.15	15:57:00	5095.500	5097.000	5095.000	5096.000	1439	2894	1
2026.07.15	15:58:00	5096.500	5097.000	5096.000	5096.500	1420	3501	1
2026.07.15	15:59:00	5096.000	5097.000	5096.000	5097.000	1376	2871	1
2026.07.15	16:00:00	5097.000	5098.000	5096.000	5097.500	637	3156	1
2026.07.15	16:01:00	5098.000	5099.500	5097.500	5098.000	1224	5600	1
2026.07.15	16:02:00	5098.500	5098.500	5097.000	5097.000	401	2338	1
2026.07.15	16:03:00	5097.000	5097.500	5096.000	5096.000	544	1704	1
2026.07.15	16:04:00	5096.000	5098.000	5096.000	5097.500	449	3910	1
2026.07.15	16:05:00	5097.500	5099.000	5097.000	5098.000	807	5836	1
2026.07.15	16:06:00	5098.500	5099.000	5097.500	5097.500	355	3922	1
2026.07.15	16:07:00	5098.000	5098.500	5097.000	5098.000	371	2056	1
2026.07.15	16:08:00	5098.000	5099.500	5097.500	5099.000	668	7015	1
2026.07.15	16:09:00	5099.000	5099.000	5097.500	5098.000	459	3804	1
2026.07.15	16:10:00	5098.000	5098.500	5097.000	5097.000	362	1506	1
2026.07.15	16:11:00	5097.500	5097.500	5096.500	5096.500	326	1877	1
2026.07.15	16:12:00	5097.000	5097.000	5096.000	5096.500	486	2372	1
2026.07.15	16:13:00	5096.500	5097.500	5096.500	5097.500	266	1234	1
2026.07.15	16:14:00	5097.500	5098.000	5096.500	5097.500	602	6036	1
2026.07.15	16:15:00	5097.500	5097.500	5096.500	5097.000	207	446	1
2026.07.15	16:16:00	5096.500	5098.000	5096.500	5097.500	206	785	1
2026.07.15	16:17:00	5097.500	5098.000	5097.000	5097.500	125	1968	1
2026.07.15	16:18:00	5097.500	5098.500	5097.500	5098.000	229	1250	1
2026.07.15	16:19:00	5097.500	5098.500	5097.500	5098.000	156	769	1
2026.07.15	16:20:00	5098.000	5098.500	5098.000	5098.000	203	1135	1
2026.07.15	16:21:00	5098.000	5098.500	5097.500	5097.500	125	541	1
2026.07.15	16:22:00	5097.500	5098.000	5097.000	5097.500	139	520	1
2026.07.15	16:23:00	5098.000	5098.000	5097.000	5097.500	76	246	1
2026.07.15	16:24:00	5097.000	5098.500	5097.000	5098.000	230	1415	1
2026.07.15	16:25:00	5098.000	5098.500	5097.500	5098.000	196	808	1
2026.07.15	16:26:00	5097.500	5098.000	5097.000	5097.500	176	907	1
2026.07.15	16:27:00	5097.500	5098.000	5097.000	5097.500	225	1114	1
2026.07.15	16:28:00	5097.000	5097.500	5097.000	5097.500	45	192	1
2026.07.15	16:29:00	5097.000	5097.500	5096.500	5097.000	252	1490	1
2026.07.15	16:30:00	5097.000	5098.500	5096.500	5098.500	708	6150	1
2026.07.15	16:31:00	5098.500	5099.000	5098.000	5099.000	307	963	1
2026.07.15	16:32:00	5099.000	5101.500	5098.500	5101.000	2167	11343	1
2026.07.15	16:33:00	5101.000	5101.500	5099.500	5100.500	767	3196	1
2026.07.15	16:34:00	5100.500	5100.500	5100.000	5100.500	149	500	1
2026.07.15	16:35:00	5100.500	5101.000	5099.500	5099.500	504	1513	1
2026.07.15	16:36:00	5100.000	5100.000	5099.000	5099.000	205	906	1
2026.07.15	16:37:00	5099.000	5099.500	5099.000	5099.500	143	860	1
2026.07.15	16:38:00	5099.000	5099.500	5098.500	5099.500	188	806	1
2026.07.15	16:39:00	5099.000	5099.500	5098.000	5098.500	365	1960	1
2026.07.15	16:40:00	5098.500	5099.000	5098.500	5098.500	74	287	1
2026.07.15	16:41:00	5098.500	5099.000	5098.000	5099.000	169	984	1
2026.07.15	16:42:00	5098.500	5099.500	5098.500	5099.500	113	774	1
2026.07.15	16:43:00	5099.000	5100.000	5099.000	5099.500	316	1184	1
2026.07.15	16:44:00	5099.500	5100.000	5099.000	5100.000	407	1210	1
2026.07.15	16:45:00	5099.500	5100.000	5099.500	5099.500	139	384	1
2026.07.15	16:46:00	5099.500	5100.500	5099.500	5100.500	303	1287	1
2026.07.15	16:47:00	5100.500	5101.000	5100.000	5100.500	177	514	1
2026.07.15	16:48:00	5100.000	5100.500	5100.000	5100.500	80	149	1
2026.07.15	16:49:00	5100.000	5100.500	5100.000	5100.500	260	1330	1
2026.07.15	16:50:00	5100.000	5101.000	5098.500	5099.500	859	4483	1
2026.07.15	16:51:00	5099.500	5099.500	5098.500	5099.000	360	1889	1
2026.07.15	16:52:00	5099.000	5099.500	5098.500	5099.000	267	779	1
2026.07.15	16:53:00	5098.500	5099.500	5098.500	5099.000	313	1818	1
2026.07.15	16:54:00	5099.000	5099.500	5098.000	5099.000	417	2121	1
2026.07.15	16:55:00	5099.000	5099.000	5098.000	5098.500	432	1608	1
2026.07.15	16:56:00	5098.000	5099.000	5098.000	5099.000	137	659	1
2026.07.15	16:57:00	5099.000	5099.000	5098.500	5099.000	125	1254	1
2026.07.15	16:58:00	5099.000	5099.000	5097.500	5097.500	216	2087	1
2026.07.15	16:59:00	5097.500	5099.000	5097.500	5098.500	427	2714	1
2026.07.15	17:00:00	5098.000	5099.000	5098.000	5099.000	213	1033	1
2026.07.15	17:01:00	5099.000	5099.500	5098.500	5098.500	114	383	1
2026.07.15	17:02:00	5098.500	5099.000	5098.000	5098.000	102	458	1
2026.07.15	17:03:00	5098.000	5099.000	5098.000	5098.000	115	1153	1
2026.07.15	17:04:00	5098.000	5098.500	5098.000	5098.500	50	462	1
2026.07.15	17:05:00	5098.000	5098.500	5097.500	5097.500	192	891	1
2026.07.15	17:06:00	5097.500	5098.000	5096.500	5097.000	596	3890	1
2026.07.15	17:07:00	5096.500	5097.500	5096.500	5096.500	195	1045	1
2026.07.15	17:08:00	5096.500	5097.000	5096.500	5097.000	196	1938	1
2026.07.15	17:09:00	5096.500	5098.000	5096.000	5097.500	699	8583	1
2026.07.15	17:10:00	5098.000	5098.000	5097.000	5098.000	232	2099	1
2026.07.15	17:11:00	5098.000	5098.000	5097.000	5097.000	145	1649	1
2026.07.15	17:12:00	5097.000	5098.500	5096.500	5098.000	283	2129	1
2026.07.15	17:13:00	5098.500	5099.000	5098.000	5098.500	201	1446	1
2026.07.15	17:14:00	5098.000	5098.500	5097.500	5098.000	109	963	1
2026.07.15	17:15:00	5097.500	5098.000	5097.500	5098.000	105	706	1
2026.07.15	17:16:00	5098.000	5098.000	5097.500	5098.000	66	483	1
2026.07.15	17:17:00	5098.500	5098.500	5098.000	5098.000	35	194	1
2026.07.15	17:18:00	5098.000	5098.500	5098.000	5098.000	47	287	1
2026.07.15	17:19:00	5098.000	5098.500	5097.500	5098.000	141	322	1
2026.07.15	17:20:00	5098.000	5098.500	5097.500	5098.500	167	1464	1
2026.07.15	17:21:00	5098.000	5098.500	5097.500	5097.500	121	766	1
2026.07.15	17:22:00	5098.000	5098.000	5097.000	5097.000	86	553	1
2026.07.15	17:23:00	5097.000	5098.000	5097.000	5097.500	117	1733	1
2026.07.15	17:24:00	5098.000	5098.000	5097.500	5098.000	9	58	1
2026.07.15	17:25:00	5098.000	5098.000	5097.500	5097.500	26	224	1
2026.07.15	17:26:00	5098.000	5098.000	5097.500	5098.000	20	124	1
2026.07.15	17:27:00	5098.000	5098.000	5097.500	5098.000	36	100	1
2026.07.15	17:28:00	5097.500	5098.500	5097.500	5098.500	106	952	1
2026.07.15	17:29:00	5098.000	5099.000	5097.500	5099.000	149	1081	1
2026.07.15	17:30:00	5099.000	5099.000	5098.500	5098.500	151	659	1
2026.07.15	17:31:00	5098.500	5099.000	5098.500	5098.500	108	702	1
2026.07.15	17:32:00	5098.500	5099.000	5098.500	5098.500	90	643	1
2026.07.15	17:33:00	5099.000	5099.000	5097.500	5098.000	156	3570	1
2026.07.15	17:34:00	5098.000	5098.000	5097.000	5097.500	139	762	1
2026.07.15	17:35:00	5097.000	5097.500	5097.000	5097.500	101	262	1
2026.07.15	17:36:00	5097.500	5097.500	5096.500	5096.500	124	764	1
2026.07.15	17:37:00	5096.500	5097.000	5096.500	5097.000	143	938	1
2026.07.15	17:38:00	5096.500	5097.000	5096.000	5096.500	100	974	1
2026.07.15	17:39:00	5096.500	5097.000	5096.000	5096.000	124	1544	1
2026.07.15	17:40:00	5096.000	5096.500	5095.500	5096.000	285	2230	1
2026.07.15	17:41:00	5096.000	5096.500	5096.000	5096.500	57	210	1
2026.07.15	17:42:00	5096.500	5096.500	5096.000	5096.500	24	101	1
2026.07.15	17:43:00	5096.500	5096.500	5096.000	5096.000	31	222	1
2026.07.15	17:44:00	5096.000	5097.000	5096.000	5096.500	70	567	1
2026.07.15	17:45:00	5096.500	5097.000	5096.500	5097.000	80	379	1
2026.07.15	17:46:00	5097.000	5097.000	5096.500	5096.500	18	28	1
2026.07.15	17:47:00	5096.500	5097.000	5096.500	5097.000	13	33	1
2026.07.15	17:48:00	5097.000	5098.000	5096.500	5097.500	154	719	1
2026.07.15	17:49:00	5097.500	5098.000	5097.500	5098.000	70	523	1
2026.07.15	17:50:00	5098.000	5098.000	5097.000	5097.500	100	349	1
2026.07.15	17:51:00	5097.500	5100.000	5097.000	5099.500	684	5255	1
2026.07.15	17:52:00	5100.000	5100.000	5099.500	5099.500	100	437	1
2026.07.15	17:53:00	5099.500	5100.000	5098.500	5098.500	156	940	1
2026.07.15	17:54:00	5099.000	5099.500	5098.500	5099.500	58	164	1
2026.07.15	17:55:00	5099.500	5100.000	5099.000	5100.000	279	1791	1
2026.07.15	17:56:00	5100.000	5100.000	5099.000	5099.000	160	519	1
2026.07.15	17:57:00	5099.500	5100.000	5098.500	5098.500	122	1001	1
2026.07.15	17:58:00	5098.500	5099.000	5098.500	5098.500	96	703	1
2026.07.15	17:59:00	5098.500	5099.500	5098.000	5099.000	288	2159	1
2026.07.15	18:00:00	5099.000	5099.500	5098.000	5098.500	100	386	1
2026.07.15	18:01:00	5098.500	5098.500	5097.500	5098.000	88	485	1
2026.07.15	18:02:00	5098.500	5098.500	5098.000	5098.000	24	198	1
2026.07.15	18:03:00	5098.000	5098.500	5098.000	5098.500	41	224	1
2026.07.15	18:04:00	5098.000	5099.000	5098.000	5099.000	99	466	1
2026.07.15	18:05:00	5099.000	5099.000	5097.500	5098.000	83	440	1
2026.07.15	18:06:00	5098.000	5098.000	5097.500	5097.500	59	321	1
2026.07.15	18:07:00	5097.500	5098.000	5097.500	5098.000	51	257	1
2026.07.15	18:08:00	5098.000	5098.000	5097.000	5097.000	194	1228	1
2026.07.15	18:09:00	5097.000	5097.500	5097.000	5097.000	53	244	1
2026.07.15	18:10:00	5097.500	5098.000	5097.000	5098.000	198	1142	1
2026.07.15	18:11:00	5097.500	5098.000	5097.000	5097.500	76	250	1
2026.07.15	18:12:00	5097.000	5097.500	5097.000	5097.500	91	401	1
2026.07.15	18:13:00	5097.000	5097.500	5097.000	5097.500	81	372	1
2026.07.15	18:14:00	5097.000	5097.500	5096.000	5096.500	236	968	1
2026.07.15	18:15:00	5096.500	5097.000	5096.000	5096.500	224	1170	1
2026.07.15	18:16:00	5096.500	5097.500	5096.500	5097.000	165	711	1
2026.07.15	18:17:00	5097.000	5098.000	5096.500	5097.000	154	1134	1
2026.07.15	18:18:00	5097.000	5098.000	5097.000	5098.000	118	500	1
2026.07.15	18:19:00	5097.500	5098.500	5097.000	5097.500	158	984	1
2026.07.15	18:20:00	5097.500	5097.500	5096.500	5096.500	136	571	1
2026.07.15	18:21:00	5096.500	5097.000	5096.000	5096.000	140	559	1
2026.07.15	18:22:00	5096.000	5097.000	5096.000	5096.500	125	878	1
2026.07.15	18:23:00	5096.500	5097.000	5096.500	5096.500	46	202	1
2026.07.15	18:24:00	5096.500	5097.000	5096.500	5096.500	25	158	1
2026.07.15	18:25:00	5097.000	5097.000	5096.000	5096.000	453	795	1
2026.07.15	18:26:00	5096.000	5096.500	5096.000	5096.500	17	190	1
2026.07.15	18:27:00	5096.000	5096.500	5095.000	5096.500	135	1123	1
2026.07.15	18:28:00	5096.500	5096.500	5095.500	5096.500	92	374	1
2026.07.15	18:29:00	5096.500	5098.500	5095.500	5098.000	122	1297	1
2026.07.16	09:00:00	5115.000	5115.000	5108.500	5109.500	2058	11673	1
2026.07.16	09:01:00	5109.000	5112.000	5099.500	5104.000	7334	30243	1
2026.07.16	09:02:00	5104.000	5107.000	5103.500	5105.500	2724	7032	1
2026.07.16	09:03:00	5105.500	5107.500	5103.500	5104.500	2104	9436	1
2026.07.16	09:04:00	5104.000	5105.500	5103.500	5104.000	946	2161	1
2026.07.16	09:05:00	5104.000	5107.500	5103.500	5107.000	1628	5195	1
2026.07.16	09:06:00	5107.000	5107.000	5104.500	5104.500	1050	4391	1
2026.07.16	09:07:00	5105.000	5107.500	5104.500	5107.000	893	2973	1
2026.07.16	09:08:00	5107.000	5107.000	5103.500	5105.500	1442	6612	1
2026.07.16	09:09:00	5105.500	5106.000	5104.000	5105.000	857	5234	1
2026.07.16	09:10:00	5105.000	5107.500	5105.000	5107.000	983	3800	1
2026.07.16	09:11:00	5107.000	5108.000	5106.000	5106.000	1087	3986	1
2026.07.16	09:12:00	5106.500	5110.000	5106.000	5109.500	2083	9603	1
2026.07.16	09:13:00	5109.000	5110.500	5108.500	5109.500	1658	6999	1
2026.07.16	09:14:00	5110.000	5110.000	5108.500	5109.000	684	2076	1
2026.07.16	09:15:00	5109.000	5110.500	5108.000	5109.000	1272	5553	1
2026.07.16	09:16:00	5109.000	5111.500	5109.000	5111.000	1311	5021	1
2026.07.16	09:17:00	5110.500	5111.000	5109.500	5110.000	999	4713	1
2026.07.16	09:18:00	5110.500	5111.000	5108.000	5110.000	1237	7094	1
2026.07.16	09:19:00	5110.000	5111.000	5107.500	5108.000	1282	5731	1
2026.07.16	09:20:00	5108.500	5108.500	5105.500	5106.500	2463	8686	1
2026.07.16	09:21:00	5107.000	5110.500	5106.000	5108.000	2356	8845	1
2026.07.16	09:22:00	5108.000	5109.000	5107.500	5108.000	699	2016	1
2026.07.16	09:23:00	5108.000	5108.500	5106.500	5107.500	828	5491	1
2026.07.16	09:24:00	5107.500	5108.500	5107.000	5108.000	480	2126	1
2026.07.16	09:25:00	5108.500	5110.000	5108.000	5109.500	859	2718	1
2026.07.16	09:26:00	5109.500	5109.500	5108.000	5109.000	519	1807	1
2026.07.16	09:27:00	5108.500	5109.000	5106.500	5107.000	832	3405	1
2026.07.16	09:28:00	5107.000	5108.000	5106.500	5107.000	406	1626	1
2026.07.16	09:29:00	5106.500	5107.500	5105.500	5105.500	559	1839	1
2026.07.16	09:30:00	5106.000	5108.000	5105.000	5106.000	1702	6325	1
2026.07.16	09:31:00	5106.500	5108.000	5105.500	5107.500	670	2237	1
2026.07.16	09:32:00	5107.500	5111.000	5107.000	5111.000	1912	7102	1
2026.07.16	09:33:00	5111.000	5112.000	5109.500	5112.000	1889	9580	1
2026.07.16	09:34:00	5112.000	5114.000	5111.500	5113.000	2010	7173	1
2026.07.16	09:35:00	5113.500	5114.000	5112.500	5113.500	1440	5262	1
2026.07.16	09:36:00	5113.500	5114.000	5110.000	5113.500	2624	10221	1
2026.07.16	09:37:00	5113.500	5117.500	5113.000	5116.000	4233	17598	1
2026.07.16	09:38:00	5116.000	5116.500	5112.500	5113.500	1656	5336	1
2026.07.16	09:39:00	5114.000	5115.500	5113.500	5115.000	735	1919	1
2026.07.16	09:40:00	5115.500	5116.500	5114.000	5116.500	1215	4648	1
2026.07.16	09:41:00	5116.000	5117.500	5115.500	5116.500	1636	6569	1
2026.07.16	09:42:00	5116.500	5117.500	5115.500	5116.000	1792	9184	1
2026.07.16	09:43:00	5116.000	5118.500	5115.000	5118.000	1813	10639	1
2026.07.16	09:44:00	5118.000	5120.000	5117.000	5118.000	2614	10338	1
2026.07.16	09:45:00	5118.500	5119.000	5117.500	5118.000	1399	5012	1
2026.07.16	09:46:00	5118.500	5119.000	5115.000	5115.000	1927	7098	1
2026.07.16	09:47:00	5115.500	5117.000	5112.500	5114.000	2587	9879	1
2026.07.16	09:48:00	5114.000	5114.500	5112.000	5114.500	1191	4882	1
2026.07.16	09:49:00	5114.500	5115.000	5113.500	5114.000	824	3843	1
2026.07.16	09:50:00	5113.500	5114.500	5112.500	5114.000	557	2068	1
2026.07.16	09:51:00	5113.500	5116.000	5113.500	5114.000	1190	4899	1
2026.07.16	09:52:00	5113.500	5114.000	5113.000	5113.500	547	1636	1
2026.07.16	09:53:00	5114.000	5114.000	5111.500	5113.500	1563	6834	1
2026.07.16	09:54:00	5113.500	5116.000	5113.000	5116.000	810	2343	1
2026.07.16	09:55:00	5115.500	5117.000	5115.000	5116.000	977	2138	1
2026.07.16	09:56:00	5115.500	5119.500	5115.500	5119.500	1407	4273	1
2026.07.16	09:57:00	5119.000	5120.000	5117.500	5118.000	1446	6151	1
2026.07.16	09:58:00	5118.000	5118.500	5117.000	5117.500	900	3389	1
2026.07.16	09:59:00	5117.500	5119.000	5117.000	5117.500	501	1815	1
2026.07.16	10:00:00	5118.000	5118.500	5116.000	5118.500	1577	7722	1
2026.07.16	10:01:00	5118.500	5120.000	5117.000	5118.000	2097	8604	1
2026.07.16	10:02:00	5117.500	5118.500	5116.000	5118.000	980	4169	1
2026.07.16	10:03:00	5118.000	5118.500	5117.000	5117.000	997	5289	1
2026.07.16	10:04:00	5117.000	5118.000	5116.500	5117.000	690	2649	1
2026.07.16	10:05:00	5117.000	5117.500	5116.000	5116.000	610	2934	1
2026.07.16	10:06:00	5116.500	5118.000	5115.000	5117.500	1372	4916	1
2026.07.16	10:07:00	5118.000	5119.500	5117.000	5117.500	986	3710	1
2026.07.16	10:08:00	5117.500	5117.500	5115.000	5116.000	979	3673	1
2026.07.16	10:09:00	5115.500	5116.500	5115.000	5116.000	494	1917	1
2026.07.16	10:10:00	5116.000	5118.000	5116.000	5116.500	572	1990	1
2026.07.16	10:11:00	5116.500	5117.500	5115.000	5115.500	602	2165	1
2026.07.16	10:12:00	5115.500	5116.500	5115.000	5115.000	531	1453	1
2026.07.16	10:13:00	5115.500	5116.500	5115.000	5116.500	464	1546	1
2026.07.16	10:14:00	5116.500	5118.000	5116.000	5117.500	832	4351	1
2026.07.16	10:15:00	5117.500	5118.000	5116.000	5117.000	727	3628	1
2026.07.16	10:16:00	5116.500	5119.000	5116.500	5118.000	1237	5360	1
2026.07.16	10:17:00	5118.000	5118.500	5117.500	5118.000	448	1458	1
2026.07.16	10:18:00	5118.000	5119.000	5117.000	5119.000	404	1427	1
2026.07.16	10:19:00	5118.500	5119.500	5116.500	5117.000	1195	6134	1
2026.07.16	10:20:00	5117.000	5118.000	5117.000	5117.000	493	1698	1
2026.07.16	10:21:00	5117.500	5118.000	5116.500	5117.000	769	5834	1
2026.07.16	10:22:00	5117.000	5117.000	5115.000	5116.500	1393	7970	1
2026.07.16	10:23:00	5116.000	5117.500	5116.000	5116.500	622	2499	1
2026.07.16	10:24:00	5116.500	5118.000	5115.500	5118.000	644	1907	1
2026.07.16	10:25:00	5118.000	5118.500	5117.000	5118.500	754	2554	1
2026.07.16	10:26:00	5118.500	5119.000	5117.500	5118.000	773	2117	1
2026.07.16	10:27:00	5118.000	5118.000	5116.000	5116.500	854	3345	1
2026.07.16	10:28:00	5116.500	5117.000	5116.000	5116.500	689	3114	1
2026.07.16	10:29:00	5117.000	5117.500	5116.000	5117.000	789	2233	1
2026.07.16	10:30:00	5116.500	5117.500	5115.500	5117.000	1567	7326	1
2026.07.16	10:31:00	5117.000	5118.000	5116.500	5117.500	749	2232	1
2026.07.16	10:32:00	5117.500	5119.000	5116.500	5117.500	1342	5813	1
2026.07.16	10:33:00	5118.000	5120.000	5117.500	5119.500	1960	13629	1
2026.07.16	10:34:00	5119.500	5122.000	5119.000	5121.500	3206	12765	1
2026.07.16	10:35:00	5121.500	5123.000	5119.500	5119.500	2745	10979	1
2026.07.16	10:36:00	5120.000	5120.500	5118.000	5119.000	2448	14214	1
2026.07.16	10:37:00	5119.500	5120.500	5119.000	5119.500	651	3755	1
2026.07.16	10:38:00	5120.000	5122.000	5120.000	5120.500	1027	4539	1
2026.07.16	10:39:00	5120.500	5122.000	5120.500	5121.500	529	1493	1
2026.07.16	10:40:00	5121.500	5122.000	5120.000	5120.500	940	3375	1
2026.07.16	10:41:00	5120.500	5121.000	5119.500	5120.000	1065	6517	1
2026.07.16	10:42:00	5119.500	5120.500	5119.500	5120.500	582	1903	1
2026.07.16	10:43:00	5120.500	5121.000	5117.500	5119.000	1898	9010	1
2026.07.16	10:44:00	5119.500	5122.000	5119.000	5122.000	1258	4016	1
2026.07.16	10:45:00	5121.500	5122.500	5121.000	5122.000	786	2527	1
2026.07.16	10:46:00	5122.000	5122.500	5121.000	5122.000	555	1515	1
2026.07.16	10:47:00	5122.000	5122.000	5119.500	5120.000	1431	6763	1
2026.07.16	10:48:00	5120.000	5121.500	5120.000	5121.000	810	4367	1
2026.07.16	10:49:00	5120.500	5121.500	5120.500	5120.500	473	1657	1
2026.07.16	10:50:00	5121.000	5121.000	5117.000	5117.500	1737	6775	1
2026.07.16	10:51:00	5118.000	5119.000	5117.000	5118.000	797	2733	1
2026.07.16	10:52:00	5118.000	5118.500	5117.000	5117.500	706	2666	1
2026.07.16	10:53:00	5118.000	5118.000	5116.500	5117.000	729	2327	1
2026.07.16	10:54:00	5117.000	5119.000	5116.500	5118.000	782	4892	1
2026.07.16	10:55:00	5118.000	5120.000	5118.000	5120.000	780	3357	1
2026.07.16	10:56:00	5120.000	5120.500	5119.000	5119.000	602	2028	1
2026.07.16	10:57:00	5119.000	5120.500	5118.500	5120.000	577	2455	1
2026.07.16	10:58:00	5120.000	5120.500	5119.000	5119.500	414	1571	1
2026.07.16	10:59:00	5119.500	5120.000	5119.000	5119.000	581	3258	1
2026.07.16	11:00:00	5119.000	5119.500	5116.500	5116.500	2252	10212	1
2026.07.16	11:01:00	5116.500	5117.000	5115.000	5115.500	1767	6198	1
2026.07.16	11:02:00	5115.500	5116.500	5114.500	5115.000	1779	7452	1
2026.07.16	11:03:00	5115.000	5118.000	5115.000	5117.000	920	2572	1
2026.07.16	11:04:00	5117.500	5118.000	5116.500	5117.500	738	2124	1
2026.07.16	11:05:00	5117.500	5118.000	5116.500	5116.500	443	1074	1
2026.07.16	11:06:00	5117.000	5118.500	5116.500	5117.500	580	2022	1
2026.07.16	11:07:00	5118.000	5118.000	5117.000	5117.500	490	2690	1
2026.07.16	11:08:00	5117.500	5118.000	5117.000	5117.500	459	2345	1
2026.07.16	11:09:00	5117.000	5117.500	5115.000	5115.500	1198	5677	1
2026.07.16	11:10:00	5115.500	5117.000	5114.500	5116.500	1045	5627	1
2026.07.16	11:11:00	5116.000	5117.500	5116.000	5116.500	889	3304	1
2026.07.16	11:12:00	5116.500	5118.000	5116.000	5117.500	662	3173	1
2026.07.16	11:13:00	5117.500	5117.500	5116.500	5117.000	334	1223	1
2026.07.16	11:14:00	5117.500	5117.500	5116.500	5117.000	276	850	1
2026.07.16	11:15:00	5116.500	5117.500	5116.000	5116.500	384	1299	1
2026.07.16	11:16:00	5117.000	5117.000	5114.500	5115.000	885	3488	1
2026.07.16	11:17:00	5115.000	5116.000	5113.500	5114.500	1955	8257	1
2026.07.16	11:18:00	5114.500	5114.500	5113.000	5114.500	1333	4147	1
2026.07.16	11:19:00	5114.000	5115.000	5113.500	5114.000	633	2537	1
2026.07.16	11:20:00	5113.500	5115.000	5113.500	5114.500	524	1687	1
2026.07.16	11:21:00	5114.500	5116.000	5114.500	5115.500	830	4216	1
2026.07.16	11:22:00	5116.000	5117.000	5115.500	5116.000	779	2363	1
2026.07.16	11:23:00	5116.500	5117.500	5116.000	5117.500	513	1168	1
2026.07.16	11:24:00	5117.500	5118.500	5116.500	5118.000	935	3768	1
2026.07.16	11:25:00	5118.000	5118.500	5116.500	5117.500	646	1977	1
2026.07.16	11:26:00	5117.500	5117.500	5117.000	5117.500	205	919	1
2026.07.16	11:27:00	5117.500	5118.000	5116.500	5117.000	478	1407	1
2026.07.16	11:28:00	5116.500	5117.500	5116.000	5116.500	649	4020	1
2026.07.16	11:29:00	5116.500	5118.500	5116.500	5118.000	653	2725	1
2026.07.16	11:30:00	5118.500	5119.000	5117.000	5118.500	1007	4227	1
2026.07.16	11:31:00	5118.000	5119.000	5117.500	5118.500	326	1819	1
2026.07.16	11:32:00	5118.000	5119.500	5118.000	5119.000	1049	3604	1
2026.07.16	11:33:00	5119.000	5120.500	5118.500	5119.500	1042	4125	1
2026.07.16	11:34:00	5119.500	5120.000	5119.000	5120.000	580	2449	1
2026.07.16	11:35:00	5120.000	5122.500	5119.500	5121.500	1558	6475	1
2026.07.16	11:36:00	5121.500	5122.500	5120.500	5122.000	1077	4420	1
2026.07.16	11:37:00	5122.000	5122.500	5121.000	5121.500	676	3314	1
2026.07.16	11:38:00	5121.000	5122.000	5120.000	5120.500	837	3739	1
2026.07.16	11:39:00	5120.500	5124.500	5120.500	5123.500	2799	13914	1
2026.07.16	11:40:00	5123.500	5124.000	5123.000	5123.000	664	2862	1
2026.07.16	11:41:00	5123.500	5124.000	5122.500	5124.000	611	2727	1
2026.07.16	11:42:00	5124.000	5124.000	5123.000	5124.000	391	1187	1
2026.07.16	11:43:00	5124.000	5124.000	5122.000	5122.000	661	2709	1
2026.07.16	11:44:00	5122.000	5123.000	5121.500	5121.500	536	1554	1
2026.07.16	11:45:00	5122.000	5122.000	5120.500	5120.500	968	2943	1
2026.07.16	11:46:00	5120.500	5121.500	5120.500	5120.500	598	2743	1
2026.07.16	11:47:00	5120.500	5121.500	5120.500	5121.500	481	1440	1
2026.07.16	11:48:00	5121.000	5123.000	5120.500	5122.500	770	4616	1
2026.07.16	11:49:00	5123.000	5123.000	5121.500	5121.500	457	1918	1
2026.07.16	11:50:00	5121.500	5123.000	5121.000	5122.500	410	1709	1
2026.07.16	11:51:00	5122.500	5123.000	5121.500	5121.500	367	1293	1
2026.07.16	11:52:00	5122.000	5122.500	5121.500	5122.000	329	789	1
2026.07.16	11:53:00	5122.500	5122.500	5121.500	5122.000	186	447	1
2026.07.16	11:54:00	5122.000	5122.500	5121.500	5121.500	270	799	1
2026.07.16	11:55:00	5122.000	5123.500	5122.000	5122.500	687	2998	1
2026.07.16	11:56:00	5123.000	5123.000	5122.000	5122.500	190	3123	1
2026.07.16	11:57:00	5122.500	5123.000	5119.000	5119.000	1718	7774	1
2026.07.16	11:58:00	5119.000	5120.500	5118.000	5119.000	1422	5778	1
2026.07.16	11:59:00	5119.500	5121.000	5119.000	5120.000	941	4575	1
2026.07.16	12:00:00	5120.500	5121.500	5119.500	5119.500	809	3764	1
2026.07.16	12:01:00	5119.500	5120.500	5119.000	5120.000	647	4679	1
2026.07.16	12:02:00	5120.000	5120.500	5119.000	5120.500	587	3580	1
2026.07.16	12:03:00	5120.500	5120.500	5119.000	5119.000	399	1531	1
2026.07.16	12:04:00	5119.000	5119.500	5118.500	5119.000	364	970	1
2026.07.16	12:05:00	5119.000	5119.500	5118.500	5119.500	346	1757	1
2026.07.16	12:06:00	5119.500	5121.000	5119.500	5120.000	634	2181	1
2026.07.16	12:07:00	5120.500	5120.500	5119.500	5120.000	314	1402	1
2026.07.16	12:08:00	5120.500	5121.000	5119.500	5120.500	256	1522	1
2026.07.16	12:09:00	5121.000	5121.000	5119.500	5119.500	335	1216	1
2026.07.16	12:10:00	5119.500	5121.000	5119.500	5120.500	334	1093	1
2026.07.16	12:11:00	5120.500	5120.500	5119.000	5119.000	350	1344	1
2026.07.16	12:12:00	5119.000	5120.000	5119.000	5119.500	217	982	1
2026.07.16	12:13:00	5119.500	5120.000	5118.500	5120.000	404	1123	1
2026.07.16	12:14:00	5120.000	5121.000	5118.500	5118.500	609	2588	1
2026.07.16	12:15:00	5118.500	5119.000	5117.500	5118.000	847	2761	1
2026.07.16	12:16:00	5117.500	5118.500	5117.000	5118.000	575	1788	1
2026.07.16	12:17:00	5117.500	5118.000	5116.500	5117.000	698	2024	1
2026.07.16	12:18:00	5117.500	5118.000	5116.500	5117.500	523	2387	1
2026.07.16	12:19:00	5117.500	5117.500	5114.500	5115.500	1929	8558	1
2026.07.16	12:20:00	5116.000	5116.000	5114.500	5115.000	495	1648	1
2026.07.16	12:21:00	5115.000	5115.000	5110.500	5112.500	3512	14940	1
2026.07.16	12:22:00	5112.000	5114.500	5112.000	5113.500	1257	5924	1
2026.07.16	12:23:00	5113.500	5114.000	5112.500	5113.500	687	1710	1
2026.07.16	12:24:00	5114.000	5114.500	5113.000	5113.500	563	2742	1
2026.07.16	12:25:00	5113.500	5114.000	5111.000	5111.500	1093	8185	1
2026.07.16	12:26:00	5111.500	5114.500	5111.500	5114.000	841	3893	1
2026.07.16	12:27:00	5113.500	5114.000	5112.500	5113.000	394	1804	1
2026.07.16	12:28:00	5113.000	5114.000	5112.500	5113.500	279	526	1
2026.07.16	12:29:00	5113.500	5114.000	5112.500	5112.500	458	2120	1
2026.07.16	12:30:00	5112.500	5114.500	5112.500	5113.500	830	3434	1
2026.07.16	12:31:00	5113.500	5114.500	5113.000	5114.000	148	395	1
2026.07.16	12:32:00	5114.500	5115.000	5113.500	5114.000	655	3052	1
2026.07.16	12:33:00	5114.000	5114.000	5113.000	5113.000	252	692	1
2026.07.16	12:34:00	5112.500	5115.000	5112.000	5114.500	1021	6652	1
2026.07.16	12:35:00	5114.500	5115.500	5114.500	5115.500	692	3155	1
2026.07.16	12:36:00	5115.500	5116.000	5115.000	5115.500	760	4383	1
2026.07.16	12:37:00	5115.500	5116.000	5115.000	5115.500	266	678	1
2026.07.16	12:38:00	5115.000	5115.500	5113.500	5114.000	746	3308	1
2026.07.16	12:39:00	5114.000	5114.500	5113.000	5113.000	398	784	1
2026.07.16	12:40:00	5113.000	5114.000	5113.000	5113.000	338	1737	1
2026.07.16	12:41:00	5113.500	5113.500	5112.000	5113.000	722	3078	1
2026.07.16	12:42:00	5113.500	5113.500	5112.500	5113.000	180	951	1
2026.07.16	12:43:00	5113.000	5114.000	5112.500	5114.000	243	1056	1
2026.07.16	12:44:00	5113.500	5114.000	5113.000	5113.500	150	287	1
2026.07.16	12:45:00	5113.500	5114.000	5113.000	5113.000	110	292	1
2026.07.16	12:46:00	5113.000	5114.000	5112.500	5113.500	178	1599	1
2026.07.16	12:47:00	5113.500	5113.500	5112.500	5113.000	118	442	1
2026.07.16	12:48:00	5113.500	5113.500	5113.000	5113.000	106	197	1
2026.07.16	12:49:00	5113.000	5113.500	5112.000	5112.500	372	2026	1
2026.07.16	12:50:00	5112.500	5113.000	5112.000	5112.000	276	876	1
2026.07.16	12:51:00	5112.000	5113.000	5112.000	5113.000	178	518	1
2026.07.16	12:52:00	5113.000	5113.000	5112.500	5113.000	519	1414	1
2026.07.16	12:53:00	5113.000	5113.500	5112.500	5113.000	201	908	1
2026.07.16	12:54:00	5113.000	5113.500	5112.500	5113.000	86	172	1
2026.07.16	12:55:00	5113.000	5113.500	5112.500	5113.000	265	1354	1
2026.07.16	12:56:00	5113.000	5114.000	5112.500	5114.000	316	706	1
2026.07.16	12:57:00	5113.500	5114.000	5112.500	5113.500	359	1509	1
2026.07.16	12:58:00	5113.500	5113.500	5112.500	5113.500	288	1447	1
2026.07.16	12:59:00	5113.000	5113.500	5112.500	5113.000	172	861	1
2026.07.16	13:00:00	5112.500	5113.000	5112.000	5113.000	381	2471	1
2026.07.16	13:01:00	5112.500	5113.000	5112.500	5113.000	279	784	1
2026.07.16	13:02:00	5112.500	5113.500	5112.500	5113.000	430	1960	1
2026.07.16	13:03:00	5113.500	5114.000	5113.000	5113.500	132	687	1
2026.07.16	13:04:00	5113.000	5116.000	5113.000	5115.500	1058	5940	1
2026.07.16	13:05:00	5116.000	5117.000	5115.000	5116.000	1247	5287	1
2026.07.16	13:06:00	5116.500	5116.500	5115.000	5115.500	461	1627	1
2026.07.16	13:07:00	5115.500	5115.500	5114.500	5115.500	308	1302	1
2026.07.16	13:08:00	5115.000	5115.500	5114.000	5115.000	295	904	1
2026.07.16	13:09:00	5115.000	5115.500	5114.500	5115.000	201	485	1
2026.07.16	13:10:00	5115.000	5116.500	5115.000	5116.500	276	1154	1
2026.07.16	13:11:00	5116.500	5117.000	5115.500	5116.000	518	2940	1
2026.07.16	13:12:00	5116.000	5117.000	5116.000	5116.500	157	394	1
2026.07.16	13:13:00	5116.500	5118.000	5116.500	5118.000	902	3823	1
2026.07.16	13:14:00	5117.500	5118.500	5117.000	5118.000	716	3518	1
2026.07.16	13:15:00	5117.500	5120.000	5117.500	5119.500	1464	6094	1
2026.07.16	13:16:00	5119.000	5119.500	5118.500	5118.500	391	1846	1
2026.07.16	13:17:00	5118.500	5119.500	5118.000	5119.000	352	1172	1
2026.07.16	13:18:00	5119.500	5120.000	5118.500	5119.500	343	7162	1
2026.07.16	13:19:00	5119.000	5119.500	5118.000	5119.500	534	3072	1
2026.07.16	13:20:00	5119.500	5121.500	5119.000	5121.500	1289	4777	1
2026.07.16	13:21:00	5121.500	5123.000	5120.500	5122.000	1345	6788	1
2026.07.16	13:22:00	5122.500	5123.000	5121.500	5121.500	440	1260	1
2026.07.16	13:23:00	5121.500	5123.000	5121.500	5123.000	270	1489	1
2026.07.16	13:24:00	5122.500	5123.500	5122.000	5122.500	528	1711	1
2026.07.16	13:25:00	5122.000	5123.000	5121.000	5121.000	604	2860	1
2026.07.16	13:26:00	5121.000	5122.000	5120.000	5120.000	663	2220	1
2026.07.16	13:27:00	5120.500	5121.000	5120.000	5120.000	395	1355	1
2026.07.16	13:28:00	5120.000	5120.000	5119.000	5119.000	567	1967	1
2026.07.16	13:29:00	5119.000	5121.000	5119.000	5120.000	443	2030	1
2026.07.16	13:30:00	5120.500	5120.500	5119.500	5119.500	262	813	1
2026.07.16	13:31:00	5119.500	5120.500	5119.500	5119.500	427	1019	1
2026.07.16	13:32:00	5120.000	5120.000	5119.500	5120.000	283	655	1
2026.07.16	13:33:00	5120.000	5121.000	5119.000	5119.000	378	2518	1
2026.07.16	13:34:00	5119.500	5119.500	5118.000	5118.500	847	4250	1
2026.07.16	13:35:00	5118.500	5119.500	5118.500	5118.500	273	1015	1
2026.07.16	13:36:00	5118.500	5119.500	5118.000	5119.000	421	1396	1
2026.07.16	13:37:00	5119.000	5119.000	5117.500	5117.500	345	1618	1
2026.07.16	13:38:00	5118.000	5118.500	5117.500	5118.500	365	2290	1
2026.07.16	13:39:00	5118.500	5118.500	5118.000	5118.000	125	476	1
2026.07.16	13:40:00	5118.500	5119.000	5118.000	5119.000	341	2552	1
2026.07.16	13:41:00	5119.000	5119.500	5118.500	5119.500	212	706	1
2026.07.16	13:42:00	5119.500	5120.000	5119.000	5119.000	338	1668	1
2026.07.16	13:43:00	5119.000	5119.500	5119.000	5119.500	122	638	1
2026.07.16	13:44:00	5119.000	5119.500	5118.500	5119.000	139	460	1
2026.07.16	13:45:00	5119.000	5119.500	5118.500	5119.500	120	407	1
2026.07.16	13:46:00	5119.500	5120.000	5118.500	5119.000	266	1376	1
2026.07.16	13:47:00	5119.000	5119.500	5118.500	5118.500	312	1078	1
2026.07.16	13:48:00	5119.000	5119.500	5118.500	5118.500	160	1589	1
2026.07.16	13:49:00	5119.000	5119.500	5118.000	5119.000	311	1231	1
2026.07.16	13:50:00	5119.500	5119.500	5118.500	5119.000	70	192	1
2026.07.16	13:51:00	5118.500	5119.000	5117.500	5118.000	370	1610	1
2026.07.16	13:52:00	5118.500	5118.500	5117.500	5117.500	109	455	1
2026.07.16	13:53:00	5118.000	5118.000	5117.500	5117.500	66	271	1
2026.07.16	13:54:00	5118.000	5118.000	5117.000	5117.500	460	1934	1
2026.07.16	13:55:00	5117.500	5118.000	5116.500	5117.500	542	2033	1
2026.07.16	13:56:00	5117.500	5118.000	5117.000	5117.500	228	1013	1
2026.07.16	13:57:00	5118.000	5118.000	5116.500	5117.000	424	2224	1
2026.07.16	13:58:00	5117.000	5117.500	5117.000	5117.500	144	721	1
2026.07.16	13:59:00	5117.500	5117.500	5116.500	5116.500	129	2207	1
2026.07.16	14:00:00	5117.000	5118.000	5116.500	5117.500	389	2016	1
2026.07.16	14:01:00	5117.500	5118.000	5117.000	5117.500	352	1048	1
2026.07.16	14:02:00	5118.000	5118.500	5117.500	5118.500	191	873	1
2026.07.16	14:03:00	5118.500	5119.000	5118.000	5119.000	443	1744	1
2026.07.16	14:04:00	5119.000	5119.000	5118.000	5118.000	177	685	1
2026.07.16	14:05:00	5118.500	5123.000	5118.000	5123.000	2238	12075	1
2026.07.16	14:06:00	5123.000	5127.500	5122.500	5127.000	4909	25525	1
2026.07.16	14:07:00	5126.500	5127.000	5124.500	5125.500	1241	6686	1
2026.07.16	14:08:00	5125.500	5128.500	5125.000	5127.500	1377	6854	1
2026.07.16	14:09:00	5127.000	5129.500	5126.500	5127.500	1983	12015	1
2026.07.16	14:10:00	5127.000	5128.000	5126.000	5126.500	963	6547	1
2026.07.16	14:11:00	5126.500	5128.000	5124.000	5127.500	2342	15650	1
2026.07.16	14:12:00	5128.000	5132.500	5127.500	5131.000	4314	31992	1
2026.07.16	14:13:00	5130.500	5134.000	5130.000	5132.500	2403	12956	1
2026.07.16	14:14:00	5133.000	5133.500	5131.500	5132.500	875	4133	1
2026.07.16	14:15:00	5132.500	5133.000	5130.000	5130.000	984	3061	1
2026.07.16	14:16:00	5130.500	5130.500	5128.500	5129.000	1189	6608	1
2026.07.16	14:17:00	5129.000	5129.000	5128.500	5128.500	289	1286	1
2026.07.16	14:18:00	5129.000	5129.500	5128.000	5128.500	714	2886	1
2026.07.16	14:19:00	5128.500	5128.500	5127.500	5127.500	477	1570	1
2026.07.16	14:20:00	5127.500	5127.500	5126.500	5126.500	763	3184	1
2026.07.16	14:21:00	5127.000	5127.500	5126.000	5126.500	481	2094	1
2026.07.16	14:22:00	5126.500	5127.500	5126.500	5127.500	301	1112	1
2026.07.16	14:23:00	5127.500	5127.500	5126.500	5126.500	261	569	1
2026.07.16	14:24:00	5127.000	5129.000	5126.500	5129.000	526	1955	1
2026.07.16	14:25:00	5129.000	5129.500	5128.000	5128.500	422	984	1
2026.07.16	14:26:00	5129.000	5129.500	5128.500	5128.500	276	1317	1
2026.07.16	14:27:00	5129.000	5129.500	5127.500	5127.500	328	1504	1
2026.07.16	14:28:00	5127.500	5128.000	5127.000	5128.000	337	2006	1
2026.07.16	14:29:00	5127.500	5127.500	5126.000	5126.000	450	1637	1
2026.07.16	14:30:00	5126.000	5126.500	5125.500	5125.500	524	3079	1
2026.07.16	14:31:00	5125.500	5126.000	5125.000	5125.000	378	1218	1
2026.07.16	14:32:00	5125.500	5127.000	5125.000	5127.000	412	1566	1
2026.07.16	14:33:00	5127.000	5127.000	5126.000	5127.000	187	1227	1
2026.07.16	14:34:00	5126.500	5127.000	5126.000	5126.000	286	1280	1
2026.07.16	14:35:00	5126.000	5126.500	5125.500	5126.000	233	1400	1
2026.07.16	14:36:00	5126.500	5127.500	5126.500	5127.500	398	1748	1
2026.07.16	14:37:00	5127.500	5128.000	5127.000	5127.500	179	337	1
2026.07.16	14:38:00	5128.000	5129.000	5127.500	5128.500	726	3579	1
2026.07.16	14:39:00	5128.500	5129.500	5128.500	5129.500	328	1537	1
2026.07.16	14:40:00	5129.500	5129.500	5128.500	5128.500	552	1981	1
2026.07.16	14:41:00	5128.500	5129.500	5128.000	5129.000	443	1025	1
2026.07.16	14:42:00	5129.000	5129.500	5127.500	5129.000	624	3008	1
2026.07.16	14:43:00	5129.500	5129.500	5128.500	5129.000	247	881	1
2026.07.16	14:44:00	5129.000	5129.000	5128.500	5128.500	153	797	1
2026.07.16	14:45:00	5128.500	5129.000	5128.000	5129.000	295	766	1
2026.07.16	14:46:00	5129.000	5129.500	5128.000	5128.000	223	796	1
2026.07.16	14:47:00	5128.500	5128.500	5126.500	5127.000	500	1800	1
2026.07.16	14:48:00	5126.500	5127.000	5125.500	5125.500	446	2100	1
2026.07.16	14:49:00	5125.500	5126.500	5125.500	5126.000	414	1822	1
2026.07.16	14:50:00	5126.000	5126.000	5125.500	5126.000	140	408	1
2026.07.16	14:51:00	5126.000	5126.000	5125.000	5126.000	453	1740	1
2026.07.16	14:52:00	5125.500	5126.000	5125.500	5126.000	71	139	1
2026.07.16	14:53:00	5125.500	5126.000	5125.000	5125.000	268	1017	1
2026.07.16	14:54:00	5125.000	5126.000	5124.500	5125.500	620	2487	1
2026.07.16	14:55:00	5125.500	5127.000	5125.500	5126.000	772	2571	1
2026.07.16	14:56:00	5126.500	5127.000	5126.000	5126.500	204	534	1
2026.07.16	14:57:00	5127.000	5127.500	5126.000	5126.500	466	1864	1
2026.07.16	14:58:00	5127.000	5127.000	5126.500	5126.500	64	143	1
2026.07.16	14:59:00	5127.000	5127.000	5126.000	5126.500	168	398	1
2026.07.16	15:00:00	5126.000	5127.500	5126.000	5126.500	455	1398	1
2026.07.16	15:01:00	5126.500	5127.000	5126.000	5126.500	133	14850	1
2026.07.16	15:02:00	5127.000	5127.500	5126.500	5127.000	132	260	1
2026.07.16	15:03:00	5126.500	5127.500	5126.500	5127.000	234	431	1
2026.07.16	15:04:00	5127.000	5127.500	5126.500	5127.500	301	1263	1
2026.07.16	15:05:00	5127.500	5127.500	5126.500	5127.000	562	1796	1
2026.07.16	15:06:00	5126.500	5128.000	5126.500	5127.500	318	1470	1
2026.07.16	15:07:00	5127.000	5127.500	5126.000	5126.000	638	3677	1
2026.07.16	15:08:00	5126.000	5126.500	5125.500	5125.500	211	742	1
2026.07.16	15:09:00	5126.000	5126.000	5123.000	5125.000	1879	7884	1
2026.07.16	15:10:00	5125.000	5125.000	5124.000	5124.500	412	1816	1
2026.07.16	15:11:00	5124.500	5124.500	5123.000	5123.500	841	3720	1
2026.07.16	15:12:00	5123.000	5123.500	5122.500	5122.500	589	1823	1
2026.07.16	15:13:00	5123.000	5123.500	5122.000	5122.000	560	1942	1
2026.07.16	15:14:00	5122.500	5123.500	5122.000	5122.500	416	1201	1
2026.07.16	15:15:00	5122.500	5124.000	5122.500	5123.500	324	889	1
2026.07.16	15:16:00	5123.500	5123.500	5123.000	5123.500	209	843	1
2026.07.16	15:17:00	5123.500	5123.500	5123.000	5123.000	140	458	1
2026.07.16	15:18:00	5123.500	5124.000	5123.000	5123.500	406	1775	1
2026.07.16	15:19:00	5123.500	5123.500	5121.500	5122.000	707	3116	1
2026.07.16	15:20:00	5122.000	5123.000	5121.500	5121.500	282	1212	1
2026.07.16	15:21:00	5122.000	5122.000	5121.500	5122.000	307	2575	1
2026.07.16	15:22:00	5121.500	5122.000	5120.000	5121.000	1456	7156	1
2026.07.16	15:23:00	5121.500	5121.500	5120.000	5120.500	948	5382	1
2026.07.16	15:24:00	5121.000	5121.000	5120.000	5120.500	559	2945	1
2026.07.16	15:25:00	5120.500	5121.000	5120.000	5120.000	593	2948	1
2026.07.16	15:26:00	5120.000	5121.000	5119.000	5119.500	1221	10732	1
2026.07.16	15:27:00	5119.500	5120.500	5119.000	5120.000	310	2718	1
2026.07.16	15:28:00	5119.500	5120.500	5119.500	5120.000	365	4235	1
2026.07.16	15:29:00	5120.000	5120.500	5119.500	5120.000	561	4474	1
2026.07.16	15:30:00	5120.000	5120.500	5119.500	5120.500	487	2470	1
2026.07.16	15:31:00	5120.000	5122.000	5120.000	5121.500	814	3330	1
2026.07.16	15:32:00	5121.000	5122.000	5121.000	5121.500	506	2229	1
2026.07.16	15:33:00	5122.000	5122.000	5120.500	5121.500	355	1082	1
2026.07.16	15:34:00	5121.500	5122.000	5121.000	5121.500	121	1084	1
2026.07.16	15:35:00	5121.500	5122.000	5121.500	5121.500	186	781	1
2026.07.16	15:36:00	5121.500	5122.000	5120.500	5121.500	428	1732	1
2026.07.16	15:37:00	5121.000	5121.500	5119.000	5119.000	763	3724	1
2026.07.16	15:38:00	5119.000	5120.000	5119.000	5120.000	204	854	1
2026.07.16	15:39:00	5120.000	5120.000	5119.000	5119.500	193	659	1
2026.07.16	15:40:00	5119.500	5120.000	5119.000	5120.000	124	380	1
2026.07.16	15:41:00	5120.000	5120.000	5119.500	5119.500	142	1132	1
2026.07.16	15:42:00	5119.500	5120.500	5119.000	5120.000	440	2798	1
2026.07.16	15:43:00	5120.000	5120.000	5119.000	5119.500	208	600	1
2026.07.16	15:44:00	5120.000	5120.000	5119.000	5119.500	218	1685	1
2026.07.16	15:45:00	5119.500	5120.000	5119.000	5120.000	251	1225	1
2026.07.16	15:46:00	5120.000	5120.000	5119.500	5120.000	95	416	1
2026.07.16	15:47:00	5120.000	5121.000	5120.000	5120.500	403	3554	1
2026.07.16	15:48:00	5120.500	5121.000	5120.000	5120.000	239	1759	1
2026.07.16	15:49:00	5120.500	5120.500	5119.500	5120.000	132	541	1
2026.07.16	15:50:00	5120.000	5120.000	5119.000	5119.500	445	2469	1
2026.07.16	15:51:00	5120.000	5121.000	5119.500	5120.500	437	2618	1
2026.07.16	15:52:00	5121.000	5122.500	5120.500	5122.000	910	4255	1
2026.07.16	15:53:00	5122.500	5122.500	5121.000	5121.000	629	2629	1
2026.07.16	15:54:00	5121.500	5121.500	5120.500	5121.500	609	2002	1
2026.07.16	15:55:00	5121.000	5121.500	5121.000	5121.500	351	1312	1
2026.07.16	15:56:00	5121.000	5122.000	5120.000	5120.500	903	3575	1
2026.07.16	15:57:00	5120.000	5121.000	5119.500	5120.500	718	2380	1
2026.07.16	15:58:00	5120.500	5121.000	5120.000	5120.000	593	1881	1
2026.07.16	15:59:00	5120.000	5120.500	5119.000	5119.500	742	2691	1
2026.07.16	16:00:00	5119.500	5120.500	5119.000	5119.500	331	2421	1
2026.07.16	16:01:00	5120.000	5120.000	5118.500	5118.500	555	2536	1
2026.07.16	16:02:00	5119.000	5119.500	5118.500	5118.500	308	1747	1
2026.07.16	16:03:00	5118.500	5119.500	5118.500	5119.000	306	1367	1
2026.07.16	16:04:00	5119.500	5120.000	5119.000	5119.500	179	609	1
2026.07.16	16:05:00	5119.500	5120.500	5119.500	5120.000	256	1052	1
2026.07.16	16:06:00	5120.000	5121.500	5120.000	5121.500	384	1404	1
2026.07.16	16:07:00	5121.000	5122.000	5121.000	5122.000	278	1300	1
2026.07.16	16:08:00	5122.000	5122.000	5121.500	5121.500	338	1235	1
2026.07.16	16:09:00	5121.500	5122.500	5121.500	5122.500	251	765	1
2026.07.16	16:10:00	5122.500	5122.500	5121.500	5122.000	249	899	1
2026.07.16	16:11:00	5121.500	5122.500	5121.500	5122.500	133	694	1
2026.07.16	16:12:00	5122.000	5122.500	5121.000	5121.000	389	1671	1
2026.07.16	16:13:00	5121.000	5122.000	5121.000	5121.500	127	345	1
2026.07.16	16:14:00	5121.500	5121.500	5121.000	5121.000	118	675	1
2026.07.16	16:15:00	5121.500	5121.500	5120.500	5121.000	376	2249	1
2026.07.16	16:16:00	5121.000	5121.500	5121.000	5121.000	156	704	1
2026.07.16	16:17:00	5121.000	5121.500	5120.500	5121.500	155	779	1
2026.07.16	16:18:00	5121.000	5121.000	5119.500	5120.000	435	2460	1
2026.07.16	16:19:00	5120.000	5120.000	5119.000	5119.500	248	661	1
2026.07.16	16:20:00	5119.500	5120.000	5118.500	5120.000	428	1740	1
2026.07.16	16:21:00	5120.000	5120.000	5119.000	5119.500	152	1238	1
2026.07.16	16:22:00	5119.500	5120.500	5119.000	5120.000	296	1253	1
2026.07.16	16:23:00	5120.000	5121.500	5120.000	5121.000	395	1500	1
2026.07.16	16:24:00	5121.000	5121.500	5120.500	5121.500	203	1128	1
2026.07.16	16:25:00	5121.000	5121.500	5121.000	5121.500	122	461	1
2026.07.16	16:26:00	5121.500	5121.500	5121.000	5121.000	139	490	1
2026.07.16	16:27:00	5121.500	5122.000	5121.000	5121.000	316	1224	1
2026.07.16	16:28:00	5121.500	5121.500	5121.000	5121.000	27	72	1
2026.07.16	16:29:00	5121.000	5121.500	5121.000	5121.000	145	567	1
2026.07.16	16:30:00	5121.500	5122.000	5120.500	5121.000	326	1120	1
2026.07.16	16:31:00	5121.500	5122.000	5121.000	5121.000	186	903	1
2026.07.16	16:32:00	5121.000	5122.000	5121.000	5121.000	93	288	1
2026.07.16	16:33:00	5121.500	5121.500	5121.000	5121.500	207	733	1
2026.07.16	16:34:00	5121.500	5122.000	5121.000	5121.500	259	913	1
2026.07.16	16:35:00	5122.000	5123.000	5121.500	5122.500	732	2420	1
2026.07.16	16:36:00	5122.500	5122.500	5121.000	5121.000	174	575	1
2026.07.16	16:37:00	5121.000	5122.000	5121.000	5121.500	291	2712	1
2026.07.16	16:38:00	5122.000	5122.500	5121.000	5121.500	509	2513	1
2026.07.16	16:39:00	5121.000	5121.500	5121.000	5121.500	74	304	1
2026.07.16	16:40:00	5121.500	5122.000	5121.000	5122.000	367	2087	1
2026.07.16	16:41:00	5121.500	5121.500	5120.500	5120.500	213	805	1
2026.07.16	16:42:00	5121.000	5121.500	5120.500	5121.000	237	502	1
2026.07.16	16:43:00	5121.000	5121.500	5121.000	5121.000	249	923	1
2026.07.16	16:44:00	5121.500	5122.000	5121.000	5122.000	240	677	1
2026.07.16	16:45:00	5122.000	5122.000	5121.500	5121.500	55	127	1
2026.07.16	16:46:00	5121.500	5122.000	5121.500	5122.000	63	842	1
2026.07.16	16:47:00	5122.000	5122.500	5121.500	5122.000	261	2149	1
2026.07.16	16:48:00	5122.000	5122.500	5121.500	5122.500	207	474	1
2026.07.16	16:49:00	5122.500	5122.500	5121.500	5122.000	239	1108	1
2026.07.16	16:50:00	5122.000	5122.000	5121.000	5121.500	437	1149	1
2026.07.16	16:51:00	5121.500	5121.500	5120.000	5120.500	366	2130	1
2026.07.16	16:52:00	5120.500	5121.000	5120.000	5120.500	329	1472	1
2026.07.16	16:53:00	5120.000	5121.000	5120.000	5120.500	268	591	1
2026.07.16	16:54:00	5120.000	5120.500	5119.500	5119.500	236	1222	1
2026.07.16	16:55:00	5119.500	5120.000	5119.000	5120.000	476	1425	1
2026.07.16	16:56:00	5120.000	5120.000	5118.000	5118.500	782	3930	1
2026.07.16	16:57:00	5118.000	5119.000	5118.000	5119.000	256	764	1
2026.07.16	16:58:00	5119.000	5119.500	5118.000	5119.000	504	2652	1
2026.07.16	16:59:00	5119.000	5119.000	5117.500	5117.500	810	3527	1
2026.07.16	17:00:00	5118.000	5118.500	5117.500	5118.500	306	975	1
2026.07.16	17:01:00	5118.500	5118.500	5116.500	5117.000	913	3599	1
2026.07.16	17:02:00	5117.000	5117.500	5116.500	5117.000	253	893	1
2026.07.16	17:03:00	5117.000	5117.000	5115.000	5116.000	806	4291	1
2026.07.16	17:04:00	5116.000	5117.000	5115.500	5116.000	433	1830	1
2026.07.16	17:05:00	5116.000	5116.500	5116.000	5116.500	128	656	1
2026.07.16	17:06:00	5116.500	5117.000	5116.000	5116.500	270	1781	1
2026.07.16	17:07:00	5117.000	5117.000	5116.500	5116.500	239	1963	1
2026.07.16	17:08:00	5117.000	5117.000	5115.500	5116.500	356	2475	1
2026.07.16	17:09:00	5116.000	5116.500	5115.500	5116.000	141	457	1
2026.07.16	17:10:00	5116.000	5116.000	5115.000	5115.500	252	1263	1
2026.07.16	17:11:00	5115.500	5116.000	5115.000	5115.500	288	1409	1
2026.07.16	17:12:00	5115.000	5116.500	5115.000	5116.500	264	1369	1
2026.07.16	17:13:00	5116.000	5117.500	5116.000	5117.000	365	1774	1
2026.07.16	17:14:00	5116.500	5117.000	5116.000	5116.500	224	1601	1
2026.07.16	17:15:00	5117.000	5117.000	5116.500	5117.000	161	562	1
2026.07.16	17:16:00	5117.000	5117.500	5116.500	5116.500	196	1358	1
2026.07.16	17:17:00	5116.500	5117.000	5116.000	5117.000	154	544	1
2026.07.16	17:18:00	5116.500	5117.000	5116.500	5116.500	219	1034	1
2026.07.16	17:19:00	5116.500	5117.500	5116.500	5117.000	133	1100	1
2026.07.16	17:20:00	5117.000	5117.500	5116.000	5117.000	270	2441	1
2026.07.16	17:21:00	5117.000	5118.000	5116.500	5118.000	237	833	1
2026.07.16	17:22:00	5117.500	5118.000	5117.000	5118.000	258	2027	1
2026.07.16	17:23:00	5118.000	5118.500	5117.500	5118.500	258	1472	1
2026.07.16	17:24:00	5118.000	5119.000	5118.000	5119.000	188	971	1
2026.07.16	17:25:00	5118.500	5119.000	5118.000	5118.500	138	505	1
2026.07.16	17:26:00	5118.500	5118.500	5118.000	5118.500	32	90	1
2026.07.16	17:27:00	5118.000	5118.500	5117.500	5117.500	112	399	1
2026.07.16	17:28:00	5117.500	5118.000	5117.500	5118.000	52	173	1
2026.07.16	17:29:00	5117.500	5118.000	5117.500	5117.500	34	75	1
2026.07.16	17:30:00	5118.000	5118.000	5117.000	5118.000	216	1028	1
2026.07.16	17:31:00	5117.500	5118.000	5117.500	5117.500	55	281	1
2026.07.16	17:32:00	5117.500	5118.000	5117.500	5117.500	40	284	1
2026.07.16	17:33:00	5118.000	5119.000	5117.500	5118.500	245	1756	1
2026.07.16	17:34:00	5118.500	5119.000	5118.000	5118.000	176	910	1
2026.07.16	17:35:00	5118.000	5118.500	5117.500	5117.500	156	1160	1
2026.07.16	17:36:00	5117.500	5118.000	5117.500	5117.500	61	340	1
2026.07.16	17:37:00	5117.500	5117.500	5116.500	5117.000	334	2333	1
2026.07.16	17:38:00	5117.000	5117.000	5116.500	5117.000	71	481	1
2026.07.16	17:39:00	5116.500	5117.000	5116.500	5117.000	44	268	1
2026.07.16	17:40:00	5116.500	5117.000	5116.500	5116.500	50	229	1
2026.07.16	17:41:00	5116.500	5117.000	5116.500	5117.000	58	424	1
2026.07.16	17:42:00	5116.500	5117.500	5116.500	5117.000	307	3605	1
2026.07.16	17:43:00	5117.000	5118.000	5117.000	5117.500	164	1137	1
2026.07.16	17:44:00	5117.500	5118.000	5117.500	5118.000	76	304	1
2026.07.16	17:45:00	5118.000	5118.000	5117.000	5118.000	209	1937	1
2026.07.16	17:46:00	5117.500	5118.000	5117.500	5117.500	25	47	1
2026.07.16	17:47:00	5117.500	5118.500	5117.500	5118.000	152	528	1
2026.07.16	17:48:00	5118.000	5118.500	5117.500	5117.500	102	265	1
2026.07.16	17:49:00	5117.500	5118.000	5117.500	5118.000	28	121	1
2026.07.16	17:50:00	5117.500	5120.000	5117.500	5120.000	534	2516	1
2026.07.16	17:51:00	5119.500	5120.000	5119.500	5119.500	143	482	1
2026.07.16	17:52:00	5120.000	5124.000	5120.000	5122.500	1590	9345	1
2026.07.16	17:53:00	5122.500	5123.000	5121.500	5122.000	219	687	1
2026.07.16	17:54:00	5122.000	5122.000	5120.000	5121.000	237	740	1
2026.07.16	17:55:00	5120.500	5121.500	5120.500	5121.000	179	1441	1
2026.07.16	17:56:00	5120.500	5121.000	5120.000	5120.500	103	553	1
2026.07.16	17:57:00	5120.500	5121.000	5120.000	5120.500	142	859	1
2026.07.16	17:58:00	5121.000	5121.500	5120.500	5120.500	118	416	1
2026.07.16	17:59:00	5120.500	5121.500	5120.500	5121.000	98	814	1
2026.07.16	18:00:00	5121.000	5121.000	5120.000	5120.500	85	520	1
2026.07.16	18:01:00	5120.000	5120.500	5120.000	5120.500	54	106	1
2026.07.16	18:02:00	5120.500	5120.500	5119.500	5119.500	111	465	1
2026.07.16	18:03:00	5120.000	5120.000	5119.000	5120.000	122	458	1
2026.07.16	18:04:00	5120.000	5120.500	5119.500	5120.000	73	213	1
2026.07.16	18:05:00	5120.000	5120.000	5119.500	5120.000	14	54	1
2026.07.16	18:06:00	5120.000	5120.000	5119.500	5120.000	38	83	1
2026.07.16	18:07:00	5119.500	5119.500	5118.000	5119.000	186	1162	1
2026.07.16	18:08:00	5119.000	5119.000	5118.500	5119.000	72	308	1
2026.07.16	18:09:00	5118.500	5119.500	5118.500	5119.500	103	614	1
2026.07.16	18:10:00	5119.000	5120.000	5119.000	5119.500	125	519	1
2026.07.16	18:11:00	5119.000	5119.500	5119.000	5119.500	57	279	1
2026.07.16	18:12:00	5119.500	5120.000	5119.500	5120.000	86	328	1
2026.07.16	18:13:00	5119.500	5120.000	5119.500	5119.500	27	137	1
2026.07.16	18:14:00	5119.500	5119.500	5119.000	5119.000	128	1073	1
2026.07.16	18:15:00	5119.500	5119.500	5118.000	5118.500	264	1180	1
2026.07.16	18:16:00	5118.500	5119.500	5118.000	5118.000	156	824	1
2026.07.16	18:17:00	5118.000	5119.000	5118.000	5118.500	47	227	1
2026.07.16	18:18:00	5118.500	5119.500	5118.500	5119.000	120	522	1
2026.07.16	18:19:00	5118.500	5119.500	5118.000	5119.000	147	601	1
2026.07.16	18:20:00	5118.500	5119.500	5118.000	5119.500	173	982	1
2026.07.16	18:21:00	5119.000	5119.500	5118.500	5118.500	99	276	1
2026.07.16	18:22:00	5118.500	5119.500	5118.500	5119.000	77	216	1
2026.07.16	18:23:00	5118.500	5119.500	5118.500	5119.500	40	186	1
2026.07.16	18:24:00	5119.000	5120.000	5119.000	5119.500	41	170	1
2026.07.16	18:25:00	5119.500	5120.000	5118.500	5118.500	533	1031	1
2026.07.16	18:26:00	5119.000	5120.000	5118.500	5119.500	60	362	1
2026.07.16	18:27:00	5119.000	5119.500	5118.500	5118.500	19	173	1
2026.07.16	18:28:00	5119.000	5119.000	5118.500	5118.500	18	48	1
2026.07.16	18:29:00	5118.500	5122.500	5118.000	5121.500	110	859	1
2026.07.17	09:00:00	5133.000	5133.000	5130.000	5131.000	825	4721	1
2026.07.17	09:01:00	5131.500	5132.000	5125.000	5128.500	5862	22362	1
2026.07.17	09:02:00	5128.000	5134.000	5128.000	5129.000	4428	17275	1
2026.07.17	09:03:00	5128.500	5131.000	5128.000	5128.000	1943	7606	1
2026.07.17	09:04:00	5128.000	5129.500	5127.000	5129.000	1894	6382	1
2026.07.17	09:05:00	5128.500	5131.000	5126.000	5130.500	2631	11498	1
2026.07.17	09:06:00	5130.500	5131.500	5129.000	5131.500	1626	6142	1
2026.07.17	09:07:00	5131.000	5134.000	5130.500	5134.000	1915	6188	1
2026.07.17	09:08:00	5134.000	5134.000	5131.500	5133.000	1427	5130	1
2026.07.17	09:09:00	5133.500	5136.000	5133.000	5133.500	2841	11842	1
2026.07.17	09:10:00	5133.500	5134.000	5131.000	5131.500	1533	4979	1
2026.07.17	09:11:00	5131.500	5135.500	5131.000	5133.500	1983	10352	1
2026.07.17	09:12:00	5134.000	5135.000	5132.500	5133.500	1091	4381	1
2026.07.17	09:13:00	5133.500	5135.500	5133.500	5134.500	1010	3931	1
2026.07.17	09:14:00	5134.500	5135.000	5132.500	5133.500	917	2681	1
2026.07.17	09:15:00	5133.000	5133.500	5131.000	5131.500	1200	5023	1
2026.07.17	09:16:00	5131.500	5133.000	5131.000	5132.000	1223	5225	1
2026.07.17	09:17:00	5132.500	5133.500	5131.000	5133.000	937	3862	1
2026.07.17	09:18:00	5133.000	5134.000	5133.000	5133.500	646	2537	1
2026.07.17	09:19:00	5133.500	5136.000	5133.000	5135.500	1256	5011	1
2026.07.17	09:20:00	5136.000	5137.500	5135.500	5137.000	2474	8542	1
2026.07.17	09:21:00	5136.500	5137.000	5135.000	5135.500	1345	4510	1
2026.07.17	09:22:00	5136.000	5137.000	5134.000	5134.500	1212	4669	1
2026.07.17	09:23:00	5134.500	5135.500	5133.000	5135.000	1709	6217	1
2026.07.17	09:24:00	5135.000	5135.000	5132.500	5133.000	895	3190	1
2026.07.17	09:25:00	5133.000	5134.500	5132.000	5134.000	1134	3479	1
2026.07.17	09:26:00	5134.000	5134.500	5132.000	5132.500	527	1364	1
2026.07.17	09:27:00	5132.500	5134.000	5132.500	5133.000	427	891	1
2026.07.17	09:28:00	5133.500	5134.000	5133.000	5133.000	437	1651	1
2026.07.17	09:29:00	5133.000	5135.000	5133.000	5134.500	677	5617	1
2026.07.17	09:30:00	5134.500	5136.000	5134.000	5135.500	859	4557	1
2026.07.17	09:31:00	5136.000	5139.000	5135.500	5138.000	2683	8661	1
2026.07.17	09:32:00	5138.000	5140.000	5137.000	5138.500	1931	7144	1
2026.07.17	09:33:00	5138.500	5139.500	5136.500	5138.000	2046	10060	1
2026.07.17	09:34:00	5138.000	5140.000	5138.000	5139.000	1076	4367	1
2026.07.17	09:35:00	5139.000	5140.000	5138.500	5139.500	1062	4606	1
2026.07.17	09:36:00	5139.000	5141.000	5138.500	5139.500	1510	6954	1
2026.07.17	09:37:00	5139.500	5141.000	5139.500	5139.500	1209	5670	1
2026.07.17	09:38:00	5140.000	5140.000	5137.000	5138.000	2249	10546	1
2026.07.17	09:39:00	5138.000	5139.500	5138.000	5138.000	570	2084	1
2026.07.17	09:40:00	5138.000	5139.000	5137.000	5137.000	826	2532	1
2026.07.17	09:41:00	5137.000	5137.500	5135.500	5135.500	1664	4996	1
2026.07.17	09:42:00	5135.500	5136.500	5134.000	5134.000	1844	7088	1
2026.07.17	09:43:00	5134.000	5134.500	5132.500	5133.000	2251	8774	1
2026.07.17	09:44:00	5133.000	5136.000	5133.000	5135.500	1529	5494	1
2026.07.17	09:45:00	5136.000	5137.000	5134.000	5135.000	1333	5527	1
2026.07.17	09:46:00	5134.500	5134.500	5132.500	5133.000	1065	3612	1
2026.07.17	09:47:00	5133.000	5134.000	5132.000	5134.000	878	2686	1
2026.07.17	09:48:00	5133.500	5134.500	5132.500	5134.500	609	3032	1
2026.07.17	09:49:00	5134.000	5134.500	5132.000	5132.000	842	4000	1
2026.07.17	09:50:00	5131.500	5133.000	5130.000	5130.000	2334	10225	1
2026.07.17	09:51:00	5130.000	5134.500	5130.000	5134.000	1756	6944	1
2026.07.17	09:52:00	5134.500	5136.000	5133.500	5135.500	1815	8366	1
2026.07.17	09:53:00	5135.000	5136.000	5134.500	5136.000	732	3407	1
2026.07.17	09:54:00	5135.500	5137.500	5134.000	5137.000	2350	11122	1
2026.07.17	09:55:00	5137.000	5137.000	5136.000	5137.000	727	2939	1
2026.07.17	09:56:00	5136.500	5137.000	5135.500	5136.500	621	4539	1
2026.07.17	09:57:00	5136.500	5138.000	5136.000	5138.000	929	3828	1
2026.07.17	09:58:00	5138.000	5139.000	5137.000	5138.000	2449	12263	1
2026.07.17	09:59:00	5138.500	5139.500	5137.500	5138.000	1327	4207	1
2026.07.17	10:00:00	5137.500	5139.000	5136.500	5137.500	1452	5045	1
2026.07.17	10:01:00	5137.000	5143.500	5137.000	5142.500	4880	19609	1
2026.07.17	10:02:00	5142.500	5143.500	5140.500	5141.000	2531	10086	1
2026.07.17	10:03:00	5141.500	5144.500	5141.000	5143.000	2853	14977	1
2026.07.17	10:04:00	5143.000	5145.500	5141.500	5142.500	3369	16324	1
2026.07.17	10:05:00	5142.500	5144.500	5142.000	5143.000	1874	13181	1
2026.07.17	10:06:00	5142.500	5144.000	5141.000	5144.000	2236	12460	1
2026.07.17	10:07:00	5144.000	5144.000	5142.000	5142.500	818	3459	1
2026.07.17	10:08:00	5142.000	5144.000	5142.000	5143.000	932	19751	1
2026.07.17	10:09:00	5143.500	5143.500	5142.500	5143.500	445	1903	1
2026.07.17	10:10:00	5143.500	5144.500	5142.000	5144.000	1010	5018	1
2026.07.17	10:11:00	5144.000	5144.000	5141.000	5141.000	1017	4320	1
2026.07.17	10:12:00	5141.000	5142.000	5139.500	5140.000	2038	8785	1
2026.07.17	10:13:00	5140.000	5140.000	5137.500	5138.000	1936	7615	1
2026.07.17	10:14:00	5138.500	5142.000	5138.000	5142.000	1879	9214	1
2026.07.17	10:15:00	5142.000	5142.500	5140.000	5142.000	1131	4487	1
2026.07.17	10:16:00	5142.000	5142.000	5140.000	5141.000	584	1753	1
2026.07.17	10:17:00	5141.000	5143.500	5140.500	5143.000	1289	5172	1
2026.07.17	10:18:00	5142.500	5144.500	5142.000	5143.500	1143	4005	1
2026.07.17	10:19:00	5143.500	5144.500	5142.500	5143.000	689	2491	1
2026.07.17	10:20:00	5143.500	5144.000	5142.000	5144.000	1449	5509	1
2026.07.17	10:21:00	5144.000	5146.000	5143.500	5146.000	2211	7402	1
2026.07.17	10:22:00	5146.000	5147.000	5145.500	5146.500	1739	7631	1
2026.07.17	10:23:00	5146.500	5150.500	5145.500	5148.000	4014	13811	1
2026.07.17	10:24:00	5148.000	5148.500	5147.500	5148.000	1074	4382	1
2026.07.17	10:25:00	5148.000	5148.500	5144.500	5146.000	2210	8181	1
2026.07.17	10:26:00	5146.000	5146.000	5143.500	5144.000	1483	6082	1
2026.07.17	10:27:00	5144.000	5147.500	5144.000	5147.500	1605	6149	1
2026.07.17	10:28:00	5147.500	5147.500	5143.000	5144.500	2331	11747	1
2026.07.17	10:29:00	5145.000	5147.500	5144.500	5147.500	1179	5588	1
2026.07.17	10:30:00	5147.000	5149.000	5146.500	5148.500	1996	7309	1
2026.07.17	10:31:00	5148.500	5149.000	5145.000	5145.500	1719	5024	1
2026.07.17	10:32:00	5146.000	5146.000	5144.000	5145.000	1256	4569	1
2026.07.17	10:33:00	5145.000	5147.000	5144.500	5147.000	988	4003	1
2026.07.17	10:34:00	5147.000	5150.500	5147.000	5150.000	2058	10175	1
2026.07.17	10:35:00	5150.500	5151.000	5148.500	5150.500	1438	6578	1
2026.07.17	10:36:00	5150.000	5150.500	5146.500	5150.000	1866	7525	1
2026.07.17	10:37:00	5150.000	5150.000	5147.500	5148.000	1061	3023	1
2026.07.17	10:38:00	5148.500	5149.500	5148.000	5149.000	894	3620	1
2026.07.17	10:39:00	5149.000	5151.000	5147.500	5149.000	1389	5912	1
2026.07.17	10:40:00	5149.500	5150.000	5146.000	5148.000	1758	6846	1
2026.07.17	10:41:00	5148.000	5149.000	5147.000	5148.000	740	2374	1
2026.07.17	10:42:00	5148.000	5150.500	5148.000	5149.000	1340	5894	1
2026.07.17	10:43:00	5149.500	5149.500	5147.500	5148.000	845	2888	1
2026.07.17	10:44:00	5148.500	5150.500	5147.500	5147.500	2041	9967	1
2026.07.17	10:45:00	5147.500	5149.000	5146.000	5146.000	1720	6667	1
2026.07.17	10:46:00	5146.000	5149.000	5146.000	5148.000	947	3751	1
2026.07.17	10:47:00	5148.000	5149.500	5146.500	5147.000	962	3307	1
2026.07.17	10:48:00	5147.500	5149.000	5147.000	5147.500	514	1423	1
2026.07.17	10:49:00	5147.500	5148.000	5146.000	5147.500	1122	3553	1
2026.07.17	10:50:00	5147.500	5148.000	5144.000	5145.000	1994	6782	1
2026.07.17	10:51:00	5144.500	5147.000	5144.500	5145.000	776	2497	1
2026.07.17	10:52:00	5145.000	5146.000	5143.500	5144.000	1282	4832	1
2026.07.17	10:53:00	5143.500	5145.000	5142.000	5143.000	1917	7615	1
2026.07.17	10:54:00	5142.500	5144.500	5142.000	5144.500	1586	4935	1
2026.07.17	10:55:00	5144.500	5144.500	5142.500	5142.500	956	3190	1
2026.07.17	10:56:00	5143.000	5143.500	5140.500	5141.500	1992	7827	1
2026.07.17	10:57:00	5141.500	5142.500	5140.500	5140.500	1006	3501	1
2026.07.17	10:58:00	5141.000	5142.000	5140.500	5141.000	975	2596	1
2026.07.17	10:59:00	5141.000	5141.000	5138.000	5140.000	2442	8734	1
2026.07.17	11:00:00	5139.500	5140.000	5137.500	5138.000	1661	9968	1
2026.07.17	11:01:00	5138.500	5140.500	5137.500	5139.500	1579	6102	1
2026.07.17	11:02:00	5139.500	5140.000	5138.500	5138.500	1035	4135	1
2026.07.17	11:03:00	5139.000	5140.000	5138.000	5139.500	749	2221	1
2026.07.17	11:04:00	5139.500	5139.500	5138.000	5138.500	702	3078	1
2026.07.17	11:05:00	5138.500	5141.000	5138.000	5140.500	1981	13192	1
2026.07.17	11:06:00	5140.500	5142.000	5138.500	5140.000	1705	7955	1
2026.07.17	11:07:00	5140.000	5140.500	5138.500	5139.500	988	21183	1
2026.07.17	11:08:00	5139.000	5140.000	5139.000	5140.000	620	1865	1
2026.07.17	11:09:00	5139.500	5140.500	5139.000	5140.000	704	2713	1
2026.07.17	11:10:00	5140.000	5141.000	5139.500	5141.000	787	2601	1
2026.07.17	11:11:00	5141.000	5141.000	5139.000	5139.000	804	2244	1
2026.07.17	11:12:00	5139.000	5140.000	5138.500	5139.500	716	2857	1
2026.07.17	11:13:00	5139.500	5139.500	5138.500	5139.000	467	1453	1
2026.07.17	11:14:00	5139.000	5140.500	5139.000	5140.000	559	2747	1
2026.07.17	11:15:00	5139.500	5140.000	5135.500	5135.500	2720	9359	1
2026.07.17	11:16:00	5135.500	5138.000	5135.000	5136.000	1590	5994	1
2026.07.17	11:17:00	5135.500	5136.000	5133.500	5134.500	2361	9017	1
2026.07.17	11:18:00	5134.500	5135.500	5134.000	5134.000	641	2264	1
2026.07.17	11:19:00	5134.000	5136.000	5134.000	5135.500	790	3154	1
2026.07.17	11:20:00	5135.000	5136.000	5131.000	5133.500	3021	13260	1
2026.07.17	11:21:00	5133.000	5135.500	5133.000	5135.500	1221	4540	1
2026.07.17	11:22:00	5135.500	5136.000	5134.000	5136.000	1059	2954	1
2026.07.17	11:23:00	5136.000	5136.000	5134.000	5134.000	578	2067	1
2026.07.17	11:24:00	5134.500	5135.000	5133.000	5134.000	801	2470	1
2026.07.17	11:25:00	5133.500	5134.000	5131.500	5132.500	1182	5084	1
2026.07.17	11:26:00	5132.500	5134.000	5132.500	5132.500	679	1839	1
2026.07.17	11:27:00	5132.500	5134.000	5132.500	5133.500	532	1422	1
2026.07.17	11:28:00	5133.000	5134.000	5132.500	5133.500	833	3370	1
2026.07.17	11:29:00	5133.000	5135.000	5133.000	5134.000	1000	5011	1
2026.07.17	11:30:00	5133.500	5134.500	5132.000	5133.500	886	3454	1
2026.07.17	11:31:00	5133.500	5134.000	5132.500	5133.000	720	4213	1
2026.07.17	11:32:00	5133.000	5134.000	5132.000	5132.500	816	3432	1
2026.07.17	11:33:00	5132.000	5134.000	5131.500	5133.500	825	4051	1
2026.07.17	11:34:00	5133.500	5133.500	5131.500	5133.000	648	2296	1
2026.07.17	11:35:00	5133.000	5133.500	5132.000	5132.000	502	2009	1
2026.07.17	11:36:00	5132.000	5132.500	5130.500	5132.000	1660	7472	1
2026.07.17	11:37:00	5132.500	5133.000	5131.500	5132.500	609	1795	1
2026.07.17	11:38:00	5132.500	5132.500	5130.000	5131.500	1151	3847	1
2026.07.17	11:39:00	5131.000	5132.500	5131.000	5131.500	567	1261	1
2026.07.17	11:40:00	5132.000	5132.500	5131.500	5132.000	396	1024	1
2026.07.17	11:41:00	5132.000	5132.500	5131.500	5132.000	438	1507	1
2026.07.17	11:42:00	5132.000	5133.500	5132.000	5133.000	709	3739	1
2026.07.17	11:43:00	5133.000	5133.500	5132.000	5132.500	518	1209	1
2026.07.17	11:44:00	5132.500	5133.000	5131.000	5131.500	678	3100	1
2026.07.17	11:45:00	5131.500	5132.500	5130.500	5131.500	708	1957	1
2026.07.17	11:46:00	5131.500	5132.000	5130.000	5130.500	744	2310	1
2026.07.17	11:47:00	5130.500	5131.000	5129.500	5130.000	1788	7308	1
2026.07.17	11:48:00	5130.500	5130.500	5129.500	5130.500	586	1683	1
2026.07.17	11:49:00	5130.500	5130.500	5129.500	5129.500	401	1460	1
2026.07.17	11:50:00	5130.000	5130.000	5126.500	5126.500	2751	10159	1
2026.07.17	11:51:00	5126.500	5128.000	5126.000	5128.000	1617	6334	1
2026.07.17	11:52:00	5128.000	5129.000	5127.000	5129.000	880	3501	1
2026.07.17	11:53:00	5129.000	5129.000	5127.500	5128.500	523	1816	1
2026.07.17	11:54:00	5129.000	5129.000	5128.000	5128.500	429	1220	1
2026.07.17	11:55:00	5128.000	5131.000	5128.000	5129.500	2208	10788	1
2026.07.17	11:56:00	5130.000	5132.500	5129.500	5132.500	1451	6064	1
2026.07.17	11:57:00	5132.500	5133.500	5132.000	5133.000	1903	9332	1
2026.07.17	11:58:00	5133.500	5134.000	5132.000	5132.500	955	3594	1
2026.07.17	11:59:00	5132.500	5133.000	5130.500	5131.000	1032	4066	1
2026.07.17	12:00:00	5131.000	5133.000	5130.500	5132.500	1896	27381	1
2026.07.17	12:01:00	5132.500	5133.000	5131.500	5132.000	791	4992	1
2026.07.17	12:02:00	5132.500	5134.000	5132.000	5132.500	853	3985	1
2026.07.17	12:03:00	5133.000	5133.000	5130.500	5131.500	717	3701	1
2026.07.17	12:04:00	5131.500	5131.500	5128.500	5130.000	1821	6238	1
2026.07.17	12:05:00	5130.000	5130.500	5128.000	5128.500	1040	3221	1
2026.07.17	12:06:00	5129.000	5131.000	5128.500	5130.000	640	1986	1
2026.07.17	12:07:00	5130.500	5131.000	5129.500	5130.000	443	1023	1
2026.07.17	12:08:00	5130.000	5130.000	5128.500	5129.500	474	1266	1
2026.07.17	12:09:00	5129.500	5130.000	5129.000	5129.500	263	1173	1
2026.07.17	12:10:00	5129.000	5130.500	5128.500	5130.500	636	2604	1
2026.07.17	12:11:00	5130.000	5131.500	5129.500	5130.500	594	2431	1
2026.07.17	12:12:00	5130.500	5131.500	5130.000	5131.000	709	1978	1
2026.07.17	12:13:00	5131.500	5133.000	5131.000	5133.000	1045	3876	1
2026.07.17	12:14:00	5133.000	5133.000	5131.000	5131.500	555	2688	1
2026.07.17	12:15:00	5131.000	5132.000	5130.000	5131.000	719	2457	1
2026.07.17	12:16:00	5131.000	5131.000	5130.500	5130.500	207	518	1
2026.07.17	12:17:00	5131.000	5131.000	5129.500	5130.000	405	1093	1
2026.07.17	12:18:00	5130.500	5130.500	5128.500	5128.500	752	3127	1
2026.07.17	12:19:00	5128.500	5129.000	5127.500	5128.000	882	3510	1
2026.07.17	12:20:00	5128.500	5129.000	5127.500	5128.500	872	3015	1
2026.07.17	12:21:00	5128.000	5129.000	5128.000	5129.000	349	1802	1
2026.07.17	12:22:00	5128.500	5129.000	5127.000	5128.500	806	2711	1
2026.07.17	12:23:00	5128.500	5129.500	5128.000	5129.500	562	1979	1
2026.07.17	12:24:00	5129.500	5129.500	5128.500	5128.500	216	529	1
2026.07.17	12:25:00	5129.000	5131.000	5128.500	5130.500	1003	5132	1
2026.07.17	12:26:00	5130.500	5131.500	5129.500	5130.000	873	3757	1
2026.07.17	12:27:00	5129.500	5130.000	5128.500	5129.000	263	1198	1
2026.07.17	12:28:00	5129.000	5130.000	5129.000	5129.000	277	835	1
2026.07.17	12:29:00	5129.000	5129.500	5128.000	5128.500	393	2076	1
2026.07.17	12:30:00	5128.500	5129.000	5127.500	5127.500	668	2352	1
2026.07.17	12:31:00	5127.500	5128.500	5127.500	5128.500	214	840	1
2026.07.17	12:32:00	5128.500	5131.500	5128.000	5129.500	1932	9371	1
2026.07.17	12:33:00	5129.000	5130.500	5128.500	5130.000	427	2736	1
2026.07.17	12:34:00	5130.000	5132.000	5130.000	5131.000	807	3059	1
2026.07.17	12:35:00	5131.000	5132.000	5130.500	5131.000	455	1887	1
2026.07.17	12:36:00	5130.500	5131.000	5129.500	5129.500	477	1849	1
2026.07.17	12:37:00	5130.000	5130.000	5129.000	5129.500	265	616	1
2026.07.17	12:38:00	5129.000	5130.000	5129.000	5129.500	274	774	1
2026.07.17	12:39:00	5129.000	5129.500	5128.000	5129.000	446	1804	1
2026.07.17	12:40:00	5128.500	5129.500	5128.500	5129.000	321	984	1
2026.07.17	12:41:00	5129.500	5130.000	5128.500	5130.000	447	1705	1
2026.07.17	12:42:00	5130.000	5130.000	5128.500	5129.500	535	2860	1
2026.07.17	12:43:00	5129.500	5130.000	5129.000	5129.000	151	361	1
2026.07.17	12:44:00	5129.500	5129.500	5129.000	5129.000	323	1228	1
2026.07.17	12:45:00	5129.000	5130.000	5129.000	5129.500	206	482	1
2026.07.17	12:46:00	5129.000	5130.000	5128.000	5128.500	380	1705	1
2026.07.17	12:47:00	5129.000	5130.500	5128.500	5129.500	590	2841	1
2026.07.17	12:48:00	5130.000	5131.000	5130.000	5130.000	520	2522	1
2026.07.17	12:49:00	5130.000	5130.500	5129.500	5130.000	193	387	1
2026.07.17	12:50:00	5129.500	5130.000	5129.000	5129.500	260	686	1
2026.07.17	12:51:00	5129.500	5129.500	5128.500	5129.000	191	552	1
2026.07.17	12:52:00	5128.500	5129.000	5127.500	5127.500	452	1526	1
2026.07.17	12:53:00	5127.500	5128.000	5126.500	5127.000	1089	4613	1
2026.07.17	12:54:00	5127.000	5127.500	5127.000	5127.500	193	544	1
2026.07.17	12:55:00	5127.500	5128.000	5127.000	5127.000	346	1038	1
2026.07.17	12:56:00	5127.000	5128.000	5127.000	5127.500	391	2145	1
2026.07.17	12:57:00	5127.500	5128.500	5127.000	5127.500	375	1764	1
2026.07.17	12:58:00	5128.000	5128.000	5126.500	5126.500	631	2139	1
2026.07.17	12:59:00	5127.000	5127.000	5125.500	5126.000	1088	4404	1
2026.07.17	13:00:00	5126.000	5127.000	5126.000	5127.000	310	994	1
2026.07.17	13:01:00	5126.500	5128.500	5126.000	5127.500	1823	7600	1
2026.07.17	13:02:00	5127.500	5129.500	5127.000	5129.000	800	3974	1
2026.07.17	13:03:00	5129.500	5131.500	5129.000	5129.000	2319	11256	1
2026.07.17	13:04:00	5129.500	5130.000	5128.500	5129.000	389	1494	1
2026.07.17	13:05:00	5128.500	5130.000	5128.500	5130.000	484	1848	1
2026.07.17	13:06:00	5130.000	5130.000	5128.000	5128.500	703	4660	1
2026.07.17	13:07:00	5128.500	5130.000	5126.500	5127.000	1475	17839	1
2026.07.17	13:08:00	5127.000	5128.500	5127.000	5127.000	546	17270	1
2026.07.17	13:09:00	5127.500	5127.500	5125.500	5126.500	874	3696	1
2026.07.17	13:10:00	5126.500	5126.500	5126.000	5126.500	217	638	1
2026.07.17	13:11:00	5126.000	5126.500	5125.000	5126.000	1148	6119	1
2026.07.17	13:12:00	5126.000	5127.000	5125.500	5126.000	466	1091	1
2026.07.17	13:13:00	5126.000	5126.000	5124.500	5125.000	722	3078	1
2026.07.17	13:14:00	5125.000	5127.000	5124.500	5126.500	828	3510	1
2026.07.17	13:15:00	5126.500	5127.500	5126.000	5127.500	745	3022	1
2026.07.17	13:16:00	5127.500	5128.000	5126.500	5127.500	431	1891	1
2026.07.17	13:17:00	5127.500	5128.000	5127.000	5127.500	409	1211	1
2026.07.17	13:18:00	5127.500	5127.500	5126.500	5127.000	228	655	1
2026.07.17	13:19:00	5126.500	5127.500	5126.500	5127.000	162	401	1
2026.07.17	13:20:00	5127.500	5127.500	5127.000	5127.500	259	416	1
2026.07.17	13:21:00	5127.000	5128.000	5127.000	5128.000	354	1310	1
2026.07.17	13:22:00	5128.000	5129.000	5127.500	5129.000	582	2521	1
2026.07.17	13:23:00	5128.500	5129.000	5128.000	5128.500	381	1368	1
2026.07.17	13:24:00	5128.500	5128.500	5128.000	5128.500	276	980	1
2026.07.17	13:25:00	5128.500	5129.000	5128.000	5129.000	259	616	1
2026.07.17	13:26:00	5129.000	5129.500	5128.000	5128.500	454	1493	1
2026.07.17	13:27:00	5128.000	5128.500	5127.500	5128.000	317	1242	1
2026.07.17	13:28:00	5128.000	5128.000	5127.000	5127.500	409	1879	1
2026.07.17	13:29:00	5127.500	5128.000	5127.000	5127.500	219	831	1
2026.07.17	13:30:00	5128.000	5128.500	5127.500	5128.000	284	785	1
2026.07.17	13:31:00	5128.500	5128.500	5127.500	5127.500	250	542	1
2026.07.17	13:32:00	5128.000	5128.500	5127.000	5127.500	373	1567	1
2026.07.17	13:33:00	5127.000	5127.500	5126.000	5126.000	817	3099	1
2026.07.17	13:34:00	5126.000	5127.500	5126.000	5127.500	370	1137	1
2026.07.17	13:35:00	5127.000	5128.000	5127.000	5128.000	277	796	1
2026.07.17	13:36:00	5128.000	5128.500	5127.500	5128.500	487	2167	1
2026.07.17	13:37:00	5128.500	5129.500	5128.500	5129.000	796	4006	1
2026.07.17	13:38:00	5129.000	5130.000	5128.500	5130.000	723	2833	1
2026.07.17	13:39:00	5130.000	5130.500	5129.500	5130.000	650	2548	1
2026.07.17	13:40:00	5130.000	5130.500	5129.500	5129.500	466	1957	1
2026.07.17	13:41:00	5130.000	5130.500	5129.500	5130.000	285	1062	1
2026.07.17	13:42:00	5130.000	5130.000	5129.000	5129.500	300	1523	1
2026.07.17	13:43:00	5130.000	5130.000	5129.000	5129.000	394	2978	1
2026.07.17	13:44:00	5129.500	5129.500	5128.500	5129.000	286	877	1
2026.07.17	13:45:00	5129.000	5129.500	5128.500	5129.500	210	626	1
2026.07.17	13:46:00	5129.500	5129.500	5129.000	5129.000	60	122	1
2026.07.17	13:47:00	5129.500	5130.500	5129.500	5130.000	424	1368	1
2026.07.17	13:48:00	5130.500	5130.500	5129.000	5129.500	336	1510	1
2026.07.17	13:49:00	5129.500	5130.000	5128.500	5129.000	457	2445	1
2026.07.17	13:50:00	5129.000	5130.500	5129.000	5130.000	466	1964	1
2026.07.17	13:51:00	5130.500	5130.500	5129.500	5129.500	345	957	1
2026.07.17	13:52:00	5130.000	5130.000	5129.500	5130.000	145	715	1
2026.07.17	13:53:00	5130.000	5131.000	5129.500	5129.500	419	2690	1
2026.07.17	13:54:00	5129.500	5130.500	5129.500	5130.000	429	1644	1
2026.07.17	13:55:00	5130.000	5130.000	5129.500	5130.000	229	1092	1
2026.07.17	13:56:00	5129.500	5131.500	5129.500	5131.500	628	2833	1
2026.07.17	13:57:00	5131.500	5131.500	5130.500	5131.000	402	1290	1
2026.07.17	13:58:00	5131.000	5131.000	5130.500	5130.500	145	573	1
2026.07.17	13:59:00	5130.500	5131.500	5130.500	5131.000	272	1513	1
2026.07.17	14:00:00	5131.000	5131.000	5129.500	5130.000	308	1230	1
2026.07.17	14:01:00	5129.500	5130.000	5129.000	5129.000	815	4318	1
2026.07.17	14:02:00	5129.000	5130.000	5129.000	5129.000	391	2784	1
2026.07.17	14:03:00	5129.000	5129.500	5128.500	5129.000	316	1119	1
2026.07.17	14:04:00	5128.500	5129.000	5128.000	5128.500	322	1392	1
2026.07.17	14:05:00	5129.000	5129.000	5128.000	5128.500	171	401	1
2026.07.17	14:06:00	5129.000	5129.000	5128.500	5128.500	94	191	1
2026.07.17	14:07:00	5129.000	5129.000	5128.000	5129.000	326	2722	1
2026.07.17	14:08:00	5129.000	5129.000	5128.000	5128.500	399	1978	1
2026.07.17	14:09:00	5128.500	5129.000	5127.500	5128.000	680	2638	1
2026.07.17	14:10:00	5128.000	5129.000	5128.000	5129.000	251	1515	1
2026.07.17	14:11:00	5129.000	5129.000	5128.500	5129.000	173	855	1
2026.07.17	14:12:00	5129.000	5129.500	5128.500	5129.000	516	2391	1
2026.07.17	14:13:00	5129.000	5129.500	5128.500	5129.500	330	1147	1
2026.07.17	14:14:00	5129.500	5129.500	5128.500	5129.000	256	509	1
2026.07.17	14:15:00	5129.500	5129.500	5128.000	5129.000	416	1398	1
2026.07.17	14:16:00	5129.000	5129.000	5127.500	5127.500	380	1269	1
2026.07.17	14:17:00	5127.500	5128.500	5127.500	5128.500	250	2648	1
2026.07.17	14:18:00	5128.500	5129.000	5128.500	5129.000	95	224	1
2026.07.17	14:19:00	5129.000	5129.000	5128.500	5128.500	260	995	1
2026.07.17	14:20:00	5128.500	5129.500	5128.500	5128.500	155	810	1
2026.07.17	14:21:00	5128.500	5129.000	5128.000	5128.500	158	249	1
2026.07.17	14:22:00	5128.000	5128.500	5128.000	5128.000	75	165	1
2026.07.17	14:23:00	5128.000	5128.500	5127.500	5128.000	326	909	1
2026.07.17	14:24:00	5128.000	5128.500	5127.500	5128.500	101	197	1
2026.07.17	14:25:00	5128.500	5128.500	5128.000	5128.000	67	117	1
2026.07.17	14:26:00	5128.000	5129.000	5128.000	5128.500	293	984	1
2026.07.17	14:27:00	5128.500	5129.000	5127.500	5128.500	224	1554	1
2026.07.17	14:28:00	5128.000	5128.500	5128.000	5128.000	109	373	1
2026.07.17	14:29:00	5128.500	5128.500	5128.000	5128.000	92	379	1
2026.07.17	14:30:00	5128.000	5129.000	5128.000	5128.500	292	2169	1
2026.07.17	14:31:00	5128.500	5129.000	5128.500	5128.500	86	123	1
2026.07.17	14:32:00	5128.500	5129.500	5128.500	5129.000	557	1411	1
2026.07.17	14:33:00	5129.000	5129.500	5128.500	5129.000	160	547	1
2026.07.17	14:34:00	5129.500	5129.500	5128.500	5128.500	221	364	1
2026.07.17	14:35:00	5128.500	5129.500	5128.500	5129.500	470	1697	1
2026.07.17	14:36:00	5129.500	5130.000	5129.000	5130.000	285	800	1
2026.07.17	14:37:00	5130.000	5130.000	5129.000	5129.500	208	584	1
2026.07.17	14:38:00	5129.000	5130.500	5129.000	5130.000	580	2500	1
2026.07.17	14:39:00	5130.000	5130.500	5130.000	5130.500	98	350	1
2026.07.17	14:40:00	5130.500	5130.500	5130.000	5130.000	365	1287	1
2026.07.17	14:41:00	5130.500	5131.000	5129.500	5130.000	377	1356	1
2026.07.17	14:42:00	5130.000	5130.000	5129.000	5129.000	310	1436	1
2026.07.17	14:43:00	5129.500	5130.000	5129.000	5130.000	126	864	1
2026.07.17	14:44:00	5130.000	5130.000	5128.500	5129.000	366	2063	1
2026.07.17	14:45:00	5128.500	5129.000	5126.500	5127.000	1264	5772	1
2026.07.17	14:46:00	5127.500	5128.000	5127.000	5127.500	304	1841	1
2026.07.17	14:47:00	5127.500	5127.500	5124.500	5124.500	1572	7656	1
2026.07.17	14:48:00	5125.000	5125.000	5123.500	5124.000	1532	7288	1
2026.07.17	14:49:00	5124.500	5125.500	5122.500	5123.000	1389	6361	1
2026.07.17	14:50:00	5123.000	5124.500	5122.500	5124.500	670	3959	1
2026.07.17	14:51:00	5124.500	5125.000	5124.000	5125.000	256	1416	1
2026.07.17	14:52:00	5125.000	5125.500	5124.500	5125.500	513	3221	1
2026.07.17	14:53:00	5125.000	5126.000	5125.000	5125.500	525	2343	1
2026.07.17	14:54:00	5125.500	5126.000	5125.000	5125.000	287	1403	1
2026.07.17	14:55:00	5125.500	5126.500	5125.000	5125.500	595	2121	1
2026.07.17	14:56:00	5125.500	5126.000	5125.000	5125.500	290	1352	1
2026.07.17	14:57:00	5125.500	5125.500	5124.500	5124.500	216	1052	1
2026.07.17	14:58:00	5124.500	5126.000	5124.500	5125.500	568	2249	1
2026.07.17	14:59:00	5125.500	5126.500	5124.500	5126.500	578	3639	1
2026.07.17	15:00:00	5126.000	5128.000	5126.000	5128.000	1661	7865	1
2026.07.17	15:01:00	5128.000	5129.000	5127.500	5128.500	1051	5421	1
2026.07.17	15:02:00	5128.500	5129.000	5126.000	5126.000	678	3870	1
2026.07.17	15:03:00	5126.000	5126.500	5124.500	5125.000	935	6094	1
2026.07.17	15:04:00	5124.500	5126.000	5124.500	5126.000	375	2326	1
2026.07.17	15:05:00	5126.000	5126.000	5123.500	5125.000	1271	8160	1
2026.07.17	15:06:00	5125.000	5126.500	5125.000	5126.000	553	2946	1
2026.07.17	15:07:00	5126.000	5127.500	5126.000	5127.000	504	2592	1
2026.07.17	15:08:00	5127.500	5129.000	5127.000	5128.500	1376	4232	1
2026.07.17	15:09:00	5128.000	5129.500	5128.000	5128.500	607	2516	1
2026.07.17	15:10:00	5128.500	5129.000	5127.500	5128.000	1155	3461	1
2026.07.17	15:11:00	5128.000	5128.500	5127.500	5127.500	291	1349	1
2026.07.17	15:12:00	5128.000	5129.000	5128.000	5128.500	274	1448	1
2026.07.17	15:13:00	5128.500	5129.000	5127.500	5128.000	306	1191	1
2026.07.17	15:14:00	5128.000	5128.500	5127.500	5128.000	180	390	1
2026.07.17	15:15:00	5128.000	5128.500	5127.000	5128.500	464	1030	1
2026.07.17	15:16:00	5128.000	5128.500	5126.000	5127.000	721	5345	1
2026.07.17	15:17:00	5126.500	5127.000	5126.000	5126.000	205	1023	1
2026.07.17	15:18:00	5126.500	5126.500	5125.000	5125.000	710	3770	1
2026.07.17	15:19:00	5125.000	5126.500	5125.000	5126.000	517	3725	1
2026.07.17	15:20:00	5126.000	5126.500	5125.500	5126.500	156	945	1
2026.07.17	15:21:00	5126.000	5126.500	5125.000	5126.000	328	1972	1
2026.07.17	15:22:00	5125.500	5126.000	5125.000	5125.000	264	1657	1
2026.07.17	15:23:00	5125.000	5125.500	5124.000	5125.500	588	2388	1
2026.07.17	15:24:00	5125.000	5126.000	5125.000	5126.000	225	684	1
2026.07.17	15:25:00	5126.000	5126.500	5125.500	5126.500	235	493	1
2026.07.17	15:26:00	5126.500	5126.500	5126.000	5126.500	120	398	1
2026.07.17	15:27:00	5126.500	5127.000	5126.000	5127.000	236	796	1
2026.07.17	15:28:00	5127.000	5127.000	5126.000	5126.500	146	306	1
2026.07.17	15:29:00	5126.500	5126.500	5125.500	5126.000	182	777	1
2026.07.17	15:30:00	5125.500	5126.500	5125.000	5126.000	471	1968	1
2026.07.17	15:31:00	5125.500	5126.500	5125.500	5126.500	247	993	1
2026.07.17	15:32:00	5126.500	5127.000	5125.500	5126.500	301	736	1
2026.07.17	15:33:00	5126.500	5127.000	5126.000	5126.500	267	1012	1
2026.07.17	15:34:00	5127.000	5127.500	5126.500	5126.500	529	1532	1
2026.07.17	15:35:00	5127.000	5127.000	5126.500	5126.500	179	950	1
2026.07.17	15:36:00	5126.000	5126.500	5125.000	5126.000	364	2093	1
2026.07.17	15:37:00	5126.000	5126.000	5124.500	5125.500	496	4006	1
2026.07.17	15:38:00	5125.500	5126.000	5125.000	5125.500	246	580	1
2026.07.17	15:39:00	5125.500	5126.000	5125.000	5126.000	138	812	1
2026.07.17	15:40:00	5125.500	5128.000	5125.000	5127.500	944	6322	1
2026.07.17	15:41:00	5127.000	5128.500	5127.000	5128.000	431	1336	1
2026.07.17	15:42:00	5127.500	5128.500	5127.000	5127.500	456	2744	1
2026.07.17	15:43:00	5127.500	5128.000	5127.000	5128.000	186	812	1
2026.07.17	15:44:00	5128.000	5128.500	5126.500	5127.000	483	3047	1
2026.07.17	15:45:00	5126.500	5127.500	5126.500	5127.500	119	882	1
2026.07.17	15:46:00	5127.000	5127.500	5126.500	5127.000	195	618	1
2026.07.17	15:47:00	5127.000	5128.000	5126.500	5127.500	318	3643	1
2026.07.17	15:48:00	5128.000	5128.500	5128.000	5128.500	422	1569	1
2026.07.17	15:49:00	5128.500	5128.500	5127.000	5128.000	750	6130	1
2026.07.17	15:50:00	5128.000	5128.500	5127.500	5128.500	550	3349	1
2026.07.17	15:51:00	5128.500	5128.500	5127.000	5127.500	450	2016	1
2026.07.17	15:52:00	5128.000	5128.000	5127.500	5128.000	239	984	1
2026.07.17	15:53:00	5128.000	5128.500	5127.000	5127.500	543	2418	1
2026.07.17	15:54:00	5127.000	5128.500	5127.000	5128.000	215	837	1
2026.07.17	15:55:00	5127.500	5128.500	5127.500	5128.500	366	1230	1
2026.07.17	15:56:00	5128.500	5128.500	5128.000	5128.000	442	715	1
2026.07.17	15:57:00	5128.000	5128.500	5127.500	5128.000	428	1851	1
2026.07.17	15:58:00	5128.000	5128.500	5127.500	5128.500	436	1244	1
2026.07.17	15:59:00	5128.500	5129.000	5127.500	5129.000	791	4725	1
2026.07.17	16:00:00	5129.000	5129.000	5127.500	5128.000	310	1344	1
2026.07.17	16:01:00	5128.500	5128.500	5127.500	5127.500	171	956	1
2026.07.17	16:02:00	5128.000	5128.500	5127.500	5128.500	460	2321	1
2026.07.17	16:03:00	5128.500	5128.500	5128.000	5128.000	87	610	1
2026.07.17	16:04:00	5128.500	5129.500	5128.500	5129.000	455	1513	1
2026.07.17	16:05:00	5129.000	5129.000	5128.000	5128.500	531	2413	1
2026.07.17	16:06:00	5128.000	5128.500	5128.000	5128.500	153	409	1
2026.07.17	16:07:00	5128.500	5129.000	5128.000	5129.000	207	1245	1
2026.07.17	16:08:00	5128.500	5129.000	5128.000	5129.000	239	1017	1
2026.07.17	16:09:00	5128.500	5129.000	5128.000	5128.500	279	1108	1
2026.07.17	16:10:00	5128.000	5129.000	5128.000	5129.000	220	1007	1
2026.07.17	16:11:00	5128.500	5129.000	5127.500	5128.000	445	2477	1
2026.07.17	16:12:00	5127.500	5128.500	5127.500	5128.000	384	2028	1
2026.07.17	16:13:00	5128.500	5128.500	5127.500	5128.000	200	691	1
2026.07.17	16:14:00	5128.000	5128.500	5127.500	5128.000	302	1406	1
2026.07.17	16:15:00	5127.500	5128.500	5127.500	5128.500	124	319	1
2026.07.17	16:16:00	5128.000	5129.500	5128.000	5128.500	479	2405	1
2026.07.17	16:17:00	5129.000	5129.500	5128.500	5129.000	503	2746	1
2026.07.17	16:18:00	5129.500	5129.500	5128.500	5129.000	354	1922	1
2026.07.17	16:19:00	5129.000	5129.000	5128.500	5129.000	113	418	1
2026.07.17	16:20:00	5129.000	5129.000	5128.000	5128.500	390	1569	1
2026.07.17	16:21:00	5128.000	5128.500	5128.000	5128.500	137	625	1
2026.07.17	16:22:00	5128.500	5129.000	5128.000	5128.500	177	661	1
2026.07.17	16:23:00	5129.000	5129.000	5128.500	5129.000	103	637	1
2026.07.17	16:24:00	5128.500	5129.000	5126.000	5127.000	1374	8948	1
2026.07.17	16:25:00	5127.500	5128.500	5127.000	5127.500	354	1345	1
2026.07.17	16:26:00	5128.000	5128.000	5127.000	5128.000	252	3401	1
2026.07.17	16:27:00	5128.000	5128.500	5126.500	5126.500	440	2975	1
2026.07.17	16:28:00	5126.500	5127.500	5126.000	5127.000	482	2254	1
2026.07.17	16:29:00	5126.500	5127.500	5126.500	5127.000	380	1675	1
2026.07.17	16:30:00	5127.500	5127.500	5126.000	5126.500	582	2730	1
2026.07.17	16:31:00	5127.000	5127.000	5126.500	5126.500	80	431	1
2026.07.17	16:32:00	5127.000	5128.000	5126.500	5128.000	281	1241	1
2026.07.17	16:33:00	5127.500	5128.000	5127.000	5127.500	161	431	1
2026.07.17	16:34:00	5127.500	5127.500	5127.000	5127.000	236	1064	1
2026.07.17	16:35:00	5127.500	5127.500	5127.000	5127.000	145	714	1
2026.07.17	16:36:00	5126.500	5127.000	5126.000	5126.000	254	788	1
2026.07.17	16:37:00	5126.000	5127.500	5126.000	5127.500	275	602	1
2026.07.17	16:38:00	5127.500	5127.500	5127.000	5127.000	124	307	1
2026.07.17	16:39:00	5127.500	5128.000	5127.000	5128.000	591	3629	1
2026.07.17	16:40:00	5127.500	5128.500	5127.500	5127.500	458	1952	1
2026.07.17	16:41:00	5128.000	5128.000	5126.500	5127.000	220	599	1
2026.07.17	16:42:00	5126.500	5127.500	5126.000	5126.500	330	1348	1
2026.07.17	16:43:00	5126.000	5126.500	5126.000	5126.000	235	1342	1
2026.07.17	16:44:00	5126.500	5126.500	5126.000	5126.000	184	622	1
2026.07.17	16:45:00	5126.500	5126.500	5126.000	5126.500	370	1755	1
2026.07.17	16:46:00	5126.500	5126.500	5125.000	5126.000	694	4227	1
2026.07.17	16:47:00	5126.500	5126.500	5126.000	5126.500	40	62	1
2026.07.17	16:48:00	5126.000	5126.500	5126.000	5126.500	151	2140	1
2026.07.17	16:49:00	5126.000	5127.000	5125.500	5126.500	293	2652	1
2026.07.17	16:50:00	5126.500	5127.000	5126.000	5127.000	267	1005	1
2026.07.17	16:51:00	5127.000	5127.500	5126.500	5127.500	492	4568	1
2026.07.17	16:52:00	5127.500	5127.500	5126.500	5127.000	234	1324	1
2026.07.17	16:53:00	5127.000	5127.500	5126.500	5127.500	88	597	1
2026.07.17	16:54:00	5127.000	5127.500	5127.000	5127.500	353	1676	1
2026.07.17	16:55:00	5127.000	5127.500	5127.000	5127.500	383	2321	1
2026.07.17	16:56:00	5127.500	5128.000	5127.000	5127.500	397	1798	1
2026.07.17	16:57:00	5127.500	5128.000	5127.000	5128.000	336	1767	1
2026.07.17	16:58:00	5128.000	5128.000	5127.000	5127.000	264	1583	1
2026.07.17	16:59:00	5127.500	5128.000	5127.000	5127.500	294	1763	1
2026.07.17	17:00:00	5128.000	5129.500	5127.500	5128.500	1071	4971	1
2026.07.17	17:01:00	5128.500	5128.500	5126.500	5126.500	326	1632	1
2026.07.17	17:02:00	5126.500	5127.500	5126.500	5126.500	131	616	1
2026.07.17	17:03:00	5126.500	5127.000	5126.500	5127.000	85	433	1
2026.07.17	17:04:00	5126.500	5127.000	5126.500	5127.000	61	203	1
2026.07.17	17:05:00	5127.000	5127.000	5125.500	5125.500	330	1975	1
2026.07.17	17:06:00	5126.000	5126.500	5125.500	5126.500	171	1917	1
2026.07.17	17:07:00	5126.000	5127.000	5126.000	5126.500	124	574	1
2026.07.17	17:08:00	5127.000	5127.000	5125.500	5126.000	378	2716	1
2026.07.17	17:09:00	5126.000	5126.500	5125.500	5126.000	252	999	1
2026.07.17	17:10:00	5126.000	5127.000	5126.000	5126.500	115	595	1
2026.07.17	17:11:00	5126.500	5127.500	5126.000	5127.500	249	2045	1
2026.07.17	17:12:00	5127.500	5129.500	5127.500	5128.500	542	3149	1
2026.07.17	17:13:00	5128.500	5129.000	5127.500	5128.000	204	984	1
2026.07.17	17:14:00	5128.000	5128.000	5127.000	5127.500	145	779	1
2026.07.17	17:15:00	5127.500	5128.500	5127.500	5128.000	100	560	1
2026.07.17	17:16:00	5128.500	5129.000	5127.500	5128.500	313	3645	1
2026.07.17	17:17:00	5128.500	5129.000	5128.500	5128.500	165	689	1
2026.07.17	17:18:00	5128.500	5129.000	5128.500	5128.500	61	224	1
2026.07.17	17:19:00	5128.500	5129.000	5128.500	5129.000	260	1011	1
2026.07.17	17:20:00	5129.500	5129.500	5128.500	5129.000	295	1598	1
2026.07.17	17:21:00	5129.000	5129.500	5129.000	5129.000	84	190	1
2026.07.17	17:22:00	5129.500	5130.000	5129.000	5129.500	279	988	1
2026.07.17	17:23:00	5129.000	5129.500	5128.500	5129.000	172	894	1
2026.07.17	17:24:00	5129.500	5129.500	5128.500	5128.500	66	431	1
2026.07.17	17:25:00	5128.500	5129.000	5128.500	5129.000	26	81	1
2026.07.17	17:26:00	5129.000	5129.000	5128.500	5128.500	65	1360	1
2026.07.17	17:27:00	5129.000	5129.000	5128.500	5128.500	156	1659	1
2026.07.17	17:28:00	5128.500	5129.000	5128.000	5129.000	68	528	1
2026.07.17	17:29:00	5128.500	5129.000	5128.500	5129.000	115	928	1
2026.07.17	17:30:00	5129.000	5129.500	5128.500	5129.000	433	2268	1
2026.07.17	17:31:00	5129.500	5130.500	5128.500	5130.500	578	4300	1
2026.07.17	17:32:00	5130.000	5130.500	5130.000	5130.500	79	374	1
2026.07.17	17:33:00	5130.500	5130.500	5129.000	5129.500	203	1969	1
2026.07.17	17:34:00	5129.000	5129.500	5129.000	5129.500	54	124	1
2026.07.17	17:35:00	5129.000	5130.000	5128.500	5129.000	180	1160	1
2026.07.17	17:36:00	5128.500	5129.500	5128.500	5128.500	116	637	1
2026.07.17	17:37:00	5128.500	5129.000	5128.500	5129.000	88	241	1
2026.07.17	17:38:00	5129.000	5129.500	5129.000	5129.000	95	591	1
2026.07.17	17:39:00	5129.000	5129.500	5128.000	5128.000	235	1798	1
2026.07.17	17:40:00	5128.000	5129.000	5128.000	5128.500	138	821	1
2026.07.17	17:41:00	5129.000	5129.000	5128.500	5129.000	29	63	1
2026.07.17	17:42:00	5129.000	5129.500	5129.000	5129.500	121	516	1
2026.07.17	17:43:00	5129.000	5131.500	5129.000	5131.000	626	3570	1
2026.07.17	17:44:00	5130.500	5131.000	5130.000	5130.000	199	1237	1
2026.07.17	17:45:00	5130.500	5130.500	5130.000	5130.000	124	675	1
2026.07.17	17:46:00	5130.000	5130.500	5130.000	5130.500	76	567	1
2026.07.17	17:47:00	5130.500	5130.500	5129.500	5129.500	95	414	1
2026.07.17	17:48:00	5129.500	5130.000	5129.500	5129.500	56	325	1
2026.07.17	17:49:00	5129.500	5130.000	5129.500	5129.500	135	714	1
2026.07.17	17:50:00	5130.000	5132.500	5129.500	5130.500	877	6572	1
2026.07.17	17:51:00	5130.500	5131.000	5130.000	5130.500	144	839	1
2026.07.17	17:52:00	5131.000	5131.000	5129.500	5130.000	277	1886	1
2026.07.17	17:53:00	5130.000	5130.000	5129.000	5129.500	120	644	1
2026.07.17	17:54:00	5129.000	5130.000	5129.000	5130.000	110	577	1
2026.07.17	17:55:00	5129.500	5130.000	5129.000	5129.000	110	7417	1
2026.07.17	17:56:00	5129.500	5130.000	5129.000	5129.500	121	509	1
2026.07.17	17:57:00	5129.500	5130.000	5129.500	5130.000	51	202	1
2026.07.17	17:58:00	5129.500	5130.000	5129.500	5129.500	75	184	1
2026.07.17	17:59:00	5129.500	5131.000	5129.500	5130.000	329	1654	1
2026.07.17	18:00:00	5130.000	5131.000	5130.000	5130.000	83	317	1
2026.07.17	18:01:00	5130.500	5131.500	5130.000	5130.500	111	563	1
2026.07.17	18:02:00	5131.000	5131.000	5130.000	5130.000	64	247	1
2026.07.17	18:03:00	5130.500	5130.500	5128.000	5129.000	261	1217	1
2026.07.17	18:04:00	5129.000	5129.000	5128.500	5128.500	55	148	1
2026.07.17	18:05:00	5128.500	5129.500	5128.500	5129.000	78	218	1
2026.07.17	18:06:00	5128.500	5129.000	5128.000	5129.000	115	509	1
2026.07.17	18:07:00	5128.500	5129.000	5128.000	5128.500	79	428	1
2026.07.17	18:08:00	5128.500	5129.000	5127.500	5127.500	186	668	1
2026.07.17	18:09:00	5128.000	5128.000	5126.500	5127.000	250	1049	1
2026.07.17	18:10:00	5127.000	5127.500	5125.500	5125.500	290	1125	1
2026.07.17	18:11:00	5126.000	5127.000	5125.500	5126.500	221	464	1
2026.07.17	18:12:00	5127.000	5127.000	5126.500	5126.500	98	271	1
2026.07.17	18:13:00	5126.500	5126.500	5125.000	5126.500	195	996	1
2026.07.17	18:14:00	5126.500	5126.500	5125.500	5126.000	107	211	1
2026.07.17	18:15:00	5126.500	5126.500	5125.000	5125.500	298	1365	1
2026.07.17	18:16:00	5126.000	5126.000	5125.500	5126.000	74	409	1
2026.07.17	18:17:00	5126.000	5126.500	5125.500	5126.000	75	571	1
2026.07.17	18:18:00	5126.000	5126.500	5125.500	5126.500	143	395	1
2026.07.17	18:19:00	5126.500	5127.500	5126.000	5127.500	277	1393	1
2026.07.17	18:20:00	5127.000	5127.500	5126.000	5126.500	121	535	1
2026.07.17	18:21:00	5127.000	5127.000	5126.000	5126.000	117	243	1
2026.07.17	18:22:00	5127.000	5127.000	5126.000	5127.000	126	387	1
2026.07.17	18:23:00	5127.000	5128.000	5127.000	5127.500	98	442	1
2026.07.17	18:24:00	5127.500	5128.000	5126.500	5128.000	50	271	1
2026.07.17	18:25:00	5127.500	5128.000	5126.500	5127.000	667	1556	1
2026.07.17	18:26:00	5126.500	5128.500	5126.500	5128.500	64	286	1
2026.07.17	18:27:00	5128.500	5129.500	5128.000	5129.500	53	353	1
2026.07.17	18:28:00	5129.000	5130.500	5129.000	5130.000	52	238	1
2026.07.17	18:29:00	5130.000	5130.000	5127.000	5128.000	76	533	1
2026.07.20	09:00:00	5122.000	5125.500	5122.000	5122.000	1844	5255	1
2026.07.20	09:01:00	5122.000	5124.000	5119.500	5121.500	4475	16572	1
2026.07.20	09:02:00	5122.000	5130.500	5121.000	5130.500	5079	15766	1
2026.07.20	09:03:00	5130.500	5131.000	5123.500	5125.000	3833	11156	1
2026.07.20	09:04:00	5125.000	5126.500	5123.000	5125.500	1836	5745	1
2026.07.20	09:05:00	5125.500	5126.500	5124.500	5125.500	894	2596	1
2026.07.20	09:06:00	5125.500	5125.500	5120.500	5121.500	2668	9601	1
2026.07.20	09:07:00	5121.500	5124.000	5121.000	5123.500	1466	4246	1
2026.07.20	09:08:00	5123.500	5124.000	5121.000	5121.500	1056	3362	1
2026.07.20	09:09:00	5122.000	5122.000	5119.500	5120.000	2210	8355	1
2026.07.20	09:10:00	5119.500	5123.500	5119.500	5123.000	1829	6590	1
2026.07.20	09:11:00	5122.500	5123.000	5120.000	5120.000	1053	5281	1
2026.07.20	09:12:00	5120.500	5123.000	5120.000	5120.500	1069	3805	1
2026.07.20	09:13:00	5120.500	5122.500	5120.000	5121.500	644	3460	1
2026.07.20	09:14:00	5122.000	5124.500	5121.500	5121.500	1450	4811	1
2026.07.20	09:15:00	5121.500	5124.000	5121.000	5123.000	856	2715	1
2026.07.20	09:16:00	5123.000	5124.000	5121.500	5123.000	1046	3945	1
2026.07.20	09:17:00	5123.000	5124.000	5123.000	5123.500	519	1865	1
2026.07.20	09:18:00	5123.000	5124.000	5121.000	5121.000	1388	7798	1
2026.07.20	09:19:00	5121.000	5123.500	5121.000	5123.000	785	2644	1
2026.07.20	09:20:00	5123.500	5124.500	5122.500	5123.000	890	2449	1
2026.07.20	09:21:00	5123.500	5126.500	5123.000	5125.500	2121	8732	1
2026.07.20	09:22:00	5125.000	5126.000	5123.500	5125.000	1193	5034	1
2026.07.20	09:23:00	5124.500	5125.000	5121.000	5122.500	2377	11374	1
2026.07.20	09:24:00	5122.500	5122.500	5121.000	5122.500	795	2993	1
2026.07.20	09:25:00	5122.000	5122.500	5118.000	5118.000	2776	10247	1
2026.07.20	09:26:00	5118.000	5120.500	5116.500	5119.500	3542	18244	1
2026.07.20	09:27:00	5119.000	5120.500	5117.000	5119.000	2031	13566	1
2026.07.20	09:28:00	5119.000	5119.500	5116.000	5117.000	1922	10674	1
2026.07.20	09:29:00	5117.500	5118.000	5116.000	5117.000	1216	13358	1
2026.07.20	09:30:00	5116.500	5117.000	5114.000	5114.500	2726	10210	1
2026.07.20	09:31:00	5115.000	5117.000	5114.500	5116.500	1380	6652	1
2026.07.20	09:32:00	5117.000	5119.500	5116.500	5118.500	2026	9651	1
2026.07.20	09:33:00	5118.000	5118.500	5115.500	5116.500	1429	7627	1
2026.07.20	09:34:00	5116.500	5120.000	5116.500	5117.000	1703	10014	1
2026.07.20	09:35:00	5117.000	5117.500	5115.000	5115.000	1230	6660	1
2026.07.20	09:36:00	5115.000	5117.000	5115.000	5116.500	620	2377	1
2026.07.20	09:37:00	5117.000	5117.000	5116.000	5116.000	357	842	1
2026.07.20	09:38:00	5116.000	5117.000	5116.000	5116.500	402	1543	1
2026.07.20	09:39:00	5116.500	5117.500	5115.500	5117.500	952	6806	1
2026.07.20	09:40:00	5117.500	5118.000	5116.500	5118.000	605	2025	1
2026.07.20	09:41:00	5117.500	5118.000	5115.000	5116.000	714	4655	1
2026.07.20	09:42:00	5115.500	5117.000	5115.500	5116.500	316	932	1
2026.07.20	09:43:00	5116.500	5117.500	5115.500	5117.500	392	3106	1
2026.07.20	09:44:00	5117.000	5119.000	5117.000	5119.000	940	3615	1
2026.07.20	09:45:00	5119.000	5119.000	5116.500	5117.500	805	3520	1
2026.07.20	09:46:00	5117.500	5118.000	5116.500	5116.500	447	2977	1
2026.07.20	09:47:00	5116.500	5117.000	5113.000	5113.000	2747	10412	1
2026.07.20	09:48:00	5113.000	5114.500	5113.000	5114.000	1501	6230	1
2026.07.20	09:49:00	5114.000	5115.000	5113.500	5114.500	636	4183	1
2026.07.20	09:50:00	5114.500	5115.000	5113.500	5114.000	1082	7676	1
2026.07.20	09:51:00	5114.000	5114.500	5113.500	5113.500	534	2944	1
2026.07.20	09:52:00	5114.000	5114.000	5112.500	5113.000	1008	3881	1
2026.07.20	09:53:00	5113.500	5113.500	5111.000	5111.500	1672	6049	1
2026.07.20	09:54:00	5111.000	5112.000	5108.500	5111.000	3464	13849	1
2026.07.20	09:55:00	5110.500	5111.000	5109.000	5110.000	1246	6973	1
2026.07.20	09:56:00	5109.500	5110.500	5109.000	5109.000	842	3814	1
2026.07.20	09:57:00	5109.000	5110.000	5108.500	5108.500	902	5180	1
2026.07.20	09:58:00	5109.000	5110.000	5108.000	5109.000	1298	5150	1
2026.07.20	09:59:00	5109.000	5112.500	5109.000	5111.000	2154	10819	1
2026.07.20	10:00:00	5111.500	5111.500	5107.500	5109.000	2067	9616	1
2026.07.20	10:01:00	5109.000	5110.000	5107.000	5107.500	1818	7785	1
2026.07.20	10:02:00	5107.500	5108.000	5106.000	5107.000	1591	5757	1
2026.07.20	10:03:00	5107.000	5109.500	5107.000	5108.500	1577	9468	1
2026.07.20	10:04:00	5108.500	5109.000	5107.500	5107.500	823	4713	1
2026.07.20	10:05:00	5107.500	5108.000	5106.500	5108.000	825	4193	1
2026.07.20	10:06:00	5108.000	5108.500	5107.500	5108.000	716	3238	1
2026.07.20	10:07:00	5108.000	5108.000	5107.000	5107.000	516	1791	1
2026.07.20	10:08:00	5107.000	5107.500	5106.000	5106.000	614	5083	1
2026.07.20	10:09:00	5106.000	5107.000	5105.500	5107.000	1301	5619	1
2026.07.20	10:10:00	5107.000	5107.500	5106.000	5106.000	576	2269	1
2026.07.20	10:11:00	5106.000	5106.500	5105.000	5105.500	1232	4413	1
2026.07.20	10:12:00	5105.500	5106.000	5105.000	5106.000	948	3837	1
2026.07.20	10:13:00	5105.500	5108.000	5105.000	5107.000	1762	7636	1
2026.07.20	10:14:00	5107.500	5108.500	5106.500	5107.000	787	3322	1
2026.07.20	10:15:00	5107.000	5108.500	5107.000	5107.500	929	7392	1
2026.07.20	10:16:00	5108.000	5108.000	5106.500	5106.500	532	2065	1
2026.07.20	10:17:00	5107.000	5107.000	5105.500	5106.000	762	3742	1
2026.07.20	10:18:00	5106.500	5107.500	5106.000	5107.500	488	1728	1
2026.07.20	10:19:00	5107.500	5108.000	5106.500	5107.500	520	1428	1
2026.07.20	10:20:00	5108.000	5108.000	5105.500	5106.000	840	3132	1
2026.07.20	10:21:00	5106.000	5106.500	5101.500	5101.500	4634	20409	1
2026.07.20	10:22:00	5101.500	5102.500	5100.000	5102.000	3230	14482	1
2026.07.20	10:23:00	5102.000	5102.500	5101.000	5102.000	716	3454	1
2026.07.20	10:24:00	5102.000	5103.000	5100.000	5102.000	1543	6797	1
2026.07.20	10:25:00	5102.000	5102.500	5100.500	5101.500	710	3473	1
2026.07.20	10:26:00	5101.500	5101.500	5100.000	5100.500	847	3247	1
2026.07.20	10:27:00	5101.000	5101.500	5100.500	5101.000	863	3682	1
2026.07.20	10:28:00	5101.000	5102.500	5100.500	5102.000	763	6171	1
2026.07.20	10:29:00	5102.000	5103.000	5101.500	5102.500	1333	6863	1
2026.07.20	10:30:00	5102.000	5103.500	5101.500	5101.500	1272	5142	1
2026.07.20	10:31:00	5101.500	5102.500	5100.500	5101.000	752	2525	1
2026.07.20	10:32:00	5101.000	5102.000	5101.000	5102.000	591	1796	1
2026.07.20	10:33:00	5102.000	5102.500	5100.000	5101.500	929	3739	1
2026.07.20	10:34:00	5102.000	5103.000	5101.000	5103.000	932	4697	1
2026.07.20	10:35:00	5103.000	5103.500	5101.500	5102.500	845	3021	1
2026.07.20	10:36:00	5102.500	5103.000	5101.000	5102.500	1019	4162	1
2026.07.20	10:37:00	5103.000	5103.500	5102.500	5103.500	892	3969	1
2026.07.20	10:38:00	5103.500	5103.500	5100.000	5101.000	2106	14167	1
2026.07.20	10:39:00	5101.000	5101.500	5100.000	5100.000	676	3696	1
2026.07.20	10:40:00	5100.500	5101.000	5097.500	5099.000	4019	20563	1
2026.07.20	10:41:00	5099.000	5099.500	5098.500	5099.000	998	5904	1
2026.07.20	10:42:00	5099.000	5100.000	5098.500	5098.500	995	5060	1
2026.07.20	10:43:00	5099.000	5100.500	5098.500	5100.000	1351	7830	1
2026.07.20	10:44:00	5100.500	5101.500	5099.500	5100.500	1515	8235	1
2026.07.20	10:45:00	5100.500	5102.000	5100.000	5101.500	1161	5086	1
2026.07.20	10:46:00	5102.000	5102.500	5101.000	5102.000	1136	4823	1
2026.07.20	10:47:00	5102.500	5102.500	5100.500	5101.500	965	2926	1
2026.07.20	10:48:00	5101.500	5102.500	5101.000	5102.000	492	2427	1
2026.07.20	10:49:00	5102.000	5102.000	5100.500	5100.500	746	4273	1
2026.07.20	10:50:00	5100.500	5101.000	5098.500	5100.500	1473	6671	1
2026.07.20	10:51:00	5100.500	5100.500	5099.000	5099.500	453	2175	1
2026.07.20	10:52:00	5099.500	5100.500	5099.000	5099.500	451	1783	1
2026.07.20	10:53:00	5100.000	5101.500	5100.000	5100.500	794	3492	1
2026.07.20	10:54:00	5100.000	5101.500	5099.500	5101.500	674	3300	1
2026.07.20	10:55:00	5101.500	5101.500	5100.000	5101.000	466	2975	1
2026.07.20	10:56:00	5101.500	5102.000	5100.000	5102.000	596	2892	1
2026.07.20	10:57:00	5101.500	5103.000	5101.000	5102.000	1032	5261	1
2026.07.20	10:58:00	5101.500	5102.500	5101.000	5101.500	791	3276	1
2026.07.20	10:59:00	5101.000	5102.500	5100.500	5102.000	384	1882	1
2026.07.20	11:00:00	5102.000	5102.500	5100.500	5101.500	551	1481	1
2026.07.20	11:01:00	5101.500	5103.500	5101.000	5102.000	1274	7016	1
2026.07.20	11:02:00	5102.000	5103.500	5101.000	5102.500	725	5058	1
2026.07.20	11:03:00	5102.500	5103.500	5101.000	5102.000	679	3238	1
2026.07.20	11:04:00	5102.500	5103.000	5102.000	5102.500	374	2259	1
2026.07.20	11:05:00	5102.000	5102.500	5101.000	5102.500	590	2614	1
2026.07.20	11:06:00	5102.500	5103.500	5102.000	5102.500	747	3651	1
2026.07.20	11:07:00	5102.500	5103.000	5102.000	5102.500	363	1461	1
2026.07.20	11:08:00	5102.000	5103.000	5102.000	5103.000	260	1154	1
2026.07.20	11:09:00	5103.000	5104.500	5102.500	5104.500	1164	6611	1
2026.07.20	11:10:00	5104.500	5105.500	5102.000	5102.000	2166	9851	1
2026.07.20	11:11:00	5102.500	5102.500	5100.000	5100.500	2655	12204	1
2026.07.20	11:12:00	5100.500	5101.000	5099.000	5100.500	1953	10560	1
2026.07.20	11:13:00	5100.500	5104.000	5100.000	5102.500	2437	13320	1
2026.07.20	11:14:00	5103.000	5104.000	5102.000	5104.000	632	2406	1
2026.07.20	11:15:00	5103.500	5104.000	5102.000	5103.500	639	2591	1
2026.07.20	11:16:00	5103.500	5103.500	5101.500	5102.500	829	4349	1
2026.07.20	11:17:00	5102.500	5103.500	5102.000	5103.000	514	2599	1
2026.07.20	11:18:00	5103.000	5105.000	5103.000	5103.000	1317	6718	1
2026.07.20	11:19:00	5103.500	5104.000	5101.000	5101.000	1495	8868	1
2026.07.20	11:20:00	5101.000	5103.000	5101.000	5102.500	575	2247	1
2026.07.20	11:21:00	5102.500	5103.500	5102.000	5102.500	509	2402	1
2026.07.20	11:22:00	5103.000	5103.000	5101.500	5101.500	525	1387	1
2026.07.20	11:23:00	5102.000	5102.500	5100.500	5101.000	1176	7290	1
2026.07.20	11:24:00	5101.000	5102.000	5100.500	5101.500	568	2418	1
2026.07.20	11:25:00	5101.500	5102.000	5100.500	5101.500	638	3947	1
2026.07.20	11:26:00	5101.500	5101.500	5099.500	5100.500	719	4252	1
2026.07.20	11:27:00	5100.500	5100.500	5099.000	5099.500	975	5655	1
2026.07.20	11:28:00	5099.500	5101.000	5099.000	5100.500	584	2581	1
2026.07.20	11:29:00	5101.000	5101.500	5099.500	5101.000	462	2013	1
2026.07.20	11:30:00	5101.000	5102.000	5100.500	5101.000	647	3111	1
2026.07.20	11:31:00	5101.500	5102.000	5101.000	5101.500	225	988	1
2026.07.20	11:32:00	5102.000	5102.500	5101.000	5101.500	689	3269	1
2026.07.20	11:33:00	5101.000	5102.000	5099.500	5100.500	706	5306	1
2026.07.20	11:34:00	5100.500	5101.000	5099.500	5100.000	396	1461	1
2026.07.20	11:35:00	5100.000	5102.500	5100.000	5102.500	865	3908	1
2026.07.20	11:36:00	5102.500	5102.500	5101.500	5102.000	721	3611	1
2026.07.20	11:37:00	5101.500	5102.500	5101.500	5102.000	291	1075	1
2026.07.20	11:38:00	5102.000	5102.000	5101.000	5101.500	234	755	1
2026.07.20	11:39:00	5101.500	5102.000	5101.000	5101.500	168	737	1
2026.07.20	11:40:00	5101.000	5104.500	5101.000	5104.500	1641	9490	1
2026.07.20	11:41:00	5104.000	5105.000	5103.000	5104.000	1141	5066	1
2026.07.20	11:42:00	5104.500	5106.000	5104.000	5105.500	1399	4991	1
2026.07.20	11:43:00	5105.000	5105.500	5104.500	5105.500	710	3879	1
2026.07.20	11:44:00	5105.000	5105.500	5103.500	5104.000	645	2662	1
2026.07.20	11:45:00	5104.000	5104.500	5102.000	5103.000	791	2113	1
2026.07.20	11:46:00	5103.000	5103.500	5102.500	5103.000	492	2288	1
2026.07.20	11:47:00	5103.000	5103.000	5100.500	5101.500	981	3492	1
2026.07.20	11:48:00	5101.500	5102.000	5100.500	5102.000	660	3564	1
2026.07.20	11:49:00	5101.500	5102.500	5100.500	5102.500	725	3590	1
2026.07.20	11:50:00	5102.500	5102.500	5101.500	5101.500	515	4225	1
2026.07.20	11:51:00	5102.000	5102.000	5100.000	5101.000	639	2805	1
2026.07.20	11:52:00	5101.000	5101.500	5100.500	5101.000	388	2399	1
2026.07.20	11:53:00	5101.500	5102.000	5100.500	5102.000	448	2247	1
2026.07.20	11:54:00	5102.000	5102.000	5100.500	5101.500	251	759	1
2026.07.20	11:55:00	5102.000	5103.500	5101.500	5102.500	794	3426	1
2026.07.20	11:56:00	5102.500	5103.500	5102.500	5103.500	450	2284	1
2026.07.20	11:57:00	5103.500	5104.500	5101.500	5102.000	757	3085	1
2026.07.20	11:58:00	5102.000	5103.500	5101.500	5102.500	707	4137	1
2026.07.20	11:59:00	5102.500	5105.000	5102.500	5104.500	966	5516	1
2026.07.20	12:00:00	5104.500	5106.000	5104.000	5104.500	1777	8078	1
2026.07.20	12:01:00	5105.000	5106.500	5104.500	5104.500	1471	8161	1
2026.07.20	12:02:00	5104.500	5106.000	5104.500	5105.500	495	2526	1
2026.07.20	12:03:00	5106.000	5107.000	5105.500	5106.000	960	4927	1
2026.07.20	12:04:00	5106.000	5106.500	5105.500	5106.000	380	1509	1
2026.07.20	12:05:00	5106.000	5106.500	5104.500	5106.000	676	2968	1
2026.07.20	12:06:00	5106.500	5106.500	5105.500	5106.000	503	1684	1
2026.07.20	12:07:00	5106.500	5107.000	5105.000	5105.000	399	2135	1
2026.07.20	12:08:00	5105.500	5107.000	5104.000	5104.500	1195	4537	1
2026.07.20	12:09:00	5104.500	5105.000	5102.000	5103.500	1799	8354	1
2026.07.20	12:10:00	5103.500	5107.000	5103.500	5107.000	1068	5704	1
2026.07.20	12:11:00	5107.000	5108.000	5106.500	5107.500	1268	5096	1
2026.07.20	12:12:00	5107.500	5108.000	5107.000	5108.000	524	2784	1
2026.07.20	12:13:00	5108.000	5109.000	5107.500	5108.500	1314	5475	1
2026.07.20	12:14:00	5109.000	5111.000	5108.500	5110.000	1668	8336	1
2026.07.20	12:15:00	5110.500	5110.500	5109.000	5109.500	998	4476	1
2026.07.20	12:16:00	5109.500	5110.000	5106.500	5107.000	1568	7677	1
2026.07.20	12:17:00	5107.000	5107.500	5105.000	5106.000	2008	11232	1
2026.07.20	12:18:00	5106.000	5107.000	5105.000	5105.500	783	3782	1
2026.07.20	12:19:00	5105.500	5106.500	5105.000	5105.500	548	2642	1
2026.07.20	12:20:00	5105.000	5106.500	5105.000	5106.000	637	4052	1
2026.07.20	12:21:00	5106.000	5106.000	5104.000	5105.000	593	2064	1
2026.07.20	12:22:00	5104.500	5105.000	5104.000	5104.500	539	1428	1
2026.07.20	12:23:00	5105.000	5105.000	5104.000	5104.500	316	1192	1
2026.07.20	12:24:00	5105.000	5105.000	5104.500	5105.000	190	749	1
2026.07.20	12:25:00	5105.000	5105.500	5104.500	5104.500	302	1441	1
2026.07.20	12:26:00	5104.500	5105.000	5104.500	5105.000	154	389	1
2026.07.20	12:27:00	5104.500	5105.000	5103.000	5104.500	922	3135	1
2026.07.20	12:28:00	5104.000	5104.500	5103.500	5104.000	287	1169	1
2026.07.20	12:29:00	5103.500	5104.000	5103.000	5103.000	395	2382	1
2026.07.20	12:30:00	5103.000	5103.500	5101.500	5102.000	1495	5333	1
2026.07.20	12:31:00	5102.000	5103.000	5102.000	5102.500	337	920	1
2026.07.20	12:32:00	5103.000	5103.000	5102.500	5102.500	286	1299	1
2026.07.20	12:33:00	5102.500	5103.000	5102.000	5102.000	174	300	1
2026.07.20	12:34:00	5102.500	5104.000	5102.000	5103.500	752	3153	1
2026.07.20	12:35:00	5103.500	5104.000	5103.000	5103.500	372	1766	1
2026.07.20	12:36:00	5103.500	5104.000	5103.000	5103.500	162	410	1
2026.07.20	12:37:00	5103.500	5104.000	5103.000	5104.000	390	1510	1
2026.07.20	12:38:00	5104.000	5104.500	5103.000	5103.000	454	1129	1
2026.07.20	12:39:00	5103.500	5104.500	5103.000	5104.000	257	5808	1
2026.07.20	12:40:00	5104.000	5104.500	5104.000	5104.500	257	812	1
2026.07.20	12:41:00	5104.500	5105.500	5104.000	5105.500	464	1798	1
2026.07.20	12:42:00	5105.500	5106.000	5105.000	5106.000	369	1265	1
2026.07.20	12:43:00	5105.500	5106.000	5104.500	5105.000	198	559	1
2026.07.20	12:44:00	5105.500	5105.500	5104.500	5105.000	137	510	1
2026.07.20	12:45:00	5105.000	5106.000	5104.500	5106.000	386	1054	1
2026.07.20	12:46:00	5106.000	5106.000	5105.500	5106.000	120	564	1
2026.07.20	12:47:00	5105.500	5106.000	5105.000	5105.500	418	2872	1
2026.07.20	12:48:00	5105.500	5106.000	5105.500	5106.000	90	253	1
2026.07.20	12:49:00	5105.500	5106.000	5104.500	5105.000	486	3686	1
2026.07.20	12:50:00	5105.000	5105.500	5104.000	5104.000	364	922	1
2026.07.20	12:51:00	5104.000	5104.500	5103.500	5104.500	675	4343	1
2026.07.20	12:52:00	5104.000	5105.000	5104.000	5104.000	160	352	1
2026.07.20	12:53:00	5104.500	5104.500	5102.000	5102.000	838	3466	1
2026.07.20	12:54:00	5102.500	5103.000	5100.000	5101.500	2213	15395	1
2026.07.20	12:55:00	5101.500	5102.000	5098.500	5099.500	1906	9602	1
2026.07.20	12:56:00	5099.000	5100.000	5098.000	5100.000	1127	7276	1
2026.07.20	12:57:00	5100.000	5101.000	5099.500	5101.000	613	2649	1
2026.07.20	12:58:00	5101.000	5101.000	5100.000	5100.500	311	1401	1
2026.07.20	12:59:00	5100.500	5101.000	5100.000	5101.000	224	1109	1
2026.07.20	13:00:00	5101.000	5102.500	5101.000	5102.500	705	4404	1
2026.07.20	13:01:00	5102.500	5102.500	5100.500	5100.500	426	1938	1
2026.07.20	13:02:00	5100.500	5102.000	5100.500	5100.500	477	3109	1
2026.07.20	13:03:00	5101.000	5101.500	5100.000	5101.000	477	3748	1
2026.07.20	13:04:00	5100.500	5101.500	5100.500	5101.000	169	842	1
2026.07.20	13:05:00	5101.000	5101.500	5100.500	5100.500	429	2407	1
2026.07.20	13:06:00	5100.500	5101.000	5100.500	5100.500	285	915	1
2026.07.20	13:07:00	5100.500	5101.000	5100.500	5100.500	158	553	1
2026.07.20	13:08:00	5100.500	5101.000	5100.500	5100.500	297	1558	1
2026.07.20	13:09:00	5100.500	5101.000	5100.500	5101.000	139	266	1
2026.07.20	13:10:00	5101.000	5101.000	5100.500	5101.000	206	327	1
2026.07.20	13:11:00	5101.000	5101.000	5100.500	5100.500	300	1238	1
2026.07.20	13:12:00	5100.000	5101.000	5100.000	5100.500	213	1555	1
2026.07.20	13:13:00	5100.000	5100.500	5099.000	5099.000	414	1469	1
2026.07.20	13:14:00	5099.000	5100.000	5099.000	5099.000	184	652	1
2026.07.20	13:15:00	5099.500	5099.500	5098.500	5099.000	309	1036	1
2026.07.20	13:16:00	5099.500	5099.500	5098.500	5099.000	171	645	1
2026.07.20	13:17:00	5099.000	5099.000	5097.000	5098.000	1747	9155	1
2026.07.20	13:18:00	5098.000	5098.000	5097.000	5098.000	505	3300	1
2026.07.20	13:19:00	5098.000	5099.000	5097.500	5098.500	355	2220	1
2026.07.20	13:20:00	5098.500	5099.500	5098.500	5099.500	423	1180	1
2026.07.20	13:21:00	5099.000	5099.500	5098.500	5099.000	209	1332	1
2026.07.20	13:22:00	5099.000	5099.500	5098.500	5099.000	213	918	1
2026.07.20	13:23:00	5099.000	5099.500	5098.500	5099.000	229	995	1
2026.07.20	13:24:00	5099.000	5100.500	5099.000	5100.000	638	3044	1
2026.07.20	13:25:00	5100.000	5100.500	5099.500	5100.000	459	2184	1
2026.07.20	13:26:00	5100.000	5101.000	5099.500	5100.000	732	4273	1
2026.07.20	13:27:00	5100.000	5100.000	5098.500	5098.500	523	1492	1
2026.07.20	13:28:00	5099.000	5099.500	5099.000	5099.500	170	672	1
2026.07.20	13:29:00	5099.500	5099.500	5099.000	5099.000	141	612	1
2026.07.20	13:30:00	5099.000	5099.500	5098.500	5099.500	178	496	1
2026.07.20	13:31:00	5099.500	5099.500	5099.000	5099.000	128	426	1
2026.07.20	13:32:00	5099.000	5100.000	5099.000	5099.500	221	1127	1
2026.07.20	13:33:00	5099.500	5100.500	5099.000	5100.500	230	894	1
2026.07.20	13:34:00	5100.500	5100.500	5099.000	5100.000	327	1448	1
2026.07.20	13:35:00	5100.000	5100.500	5100.000	5100.000	233	1712	1
2026.07.20	13:36:00	5100.000	5100.500	5100.000	5100.000	116	394	1
2026.07.20	13:37:00	5100.500	5100.500	5100.000	5100.000	144	640	1
2026.07.20	13:38:00	5099.500	5100.500	5099.500	5100.500	97	216	1
2026.07.20	13:39:00	5100.500	5101.500	5100.000	5101.500	946	4252	1
2026.07.20	13:40:00	5101.000	5101.500	5100.500	5101.000	186	495	1
2026.07.20	13:41:00	5101.500	5107.000	5100.500	5103.000	4506	22064	1
2026.07.20	13:42:00	5103.000	5103.500	5102.000	5103.000	815	3760	1
2026.07.20	13:43:00	5103.500	5103.500	5102.000	5102.500	617	3508	1
2026.07.20	13:44:00	5102.500	5103.000	5101.000	5101.500	533	2382	1
2026.07.20	13:45:00	5101.500	5105.000	5101.000	5104.500	1250	8225	1
2026.07.20	13:46:00	5104.500	5105.000	5102.500	5103.000	625	3604	1
2026.07.20	13:47:00	5103.000	5105.000	5103.000	5104.500	459	4819	1
2026.07.20	13:48:00	5104.500	5105.000	5104.000	5104.000	209	992	1
2026.07.20	13:49:00	5104.000	5104.500	5103.500	5103.500	207	912	1
2026.07.20	13:50:00	5103.500	5106.000	5103.500	5105.500	587	3896	1
2026.07.20	13:51:00	5105.500	5106.500	5105.500	5106.000	684	3778	1
2026.07.20	13:52:00	5106.000	5106.500	5105.500	5106.000	378	1204	1
2026.07.20	13:53:00	5106.500	5107.500	5106.000	5106.000	619	2429	1
2026.07.20	13:54:00	5106.000	5107.000	5106.000	5106.500	413	1645	1
2026.07.20	13:55:00	5106.500	5107.500	5106.000	5106.500	783	3728	1
2026.07.20	13:56:00	5106.500	5109.500	5106.000	5109.500	1474	10458	1
2026.07.20	13:57:00	5109.000	5111.000	5108.500	5109.000	2308	11770	1
2026.07.20	13:58:00	5109.500	5110.000	5108.500	5109.000	575	2531	1
2026.07.20	13:59:00	5108.500	5109.500	5107.500	5109.000	792	6075	1
2026.07.20	14:00:00	5109.000	5109.500	5107.500	5109.000	547	4035	1
2026.07.20	14:01:00	5109.000	5110.000	5108.000	5108.500	783	5164	1
2026.07.20	14:02:00	5108.500	5110.500	5108.500	5109.500	558	5211	1
2026.07.20	14:03:00	5109.500	5110.500	5109.000	5110.000	450	4550	1
2026.07.20	14:04:00	5110.500	5111.500	5110.000	5111.500	868	3991	1
2026.07.20	14:05:00	5111.000	5111.500	5110.000	5110.000	551	2569	1
2026.07.20	14:06:00	5110.000	5111.000	5110.000	5110.500	308	1695	1
2026.07.20	14:07:00	5110.000	5111.000	5109.500	5110.500	326	1906	1
2026.07.20	14:08:00	5110.500	5110.500	5109.000	5109.000	435	1713	1
2026.07.20	14:09:00	5109.000	5110.000	5108.000	5108.500	577	3040	1
2026.07.20	14:10:00	5108.500	5109.000	5108.500	5108.500	164	636	1
2026.07.20	14:11:00	5108.500	5109.500	5108.000	5109.500	425	2683	1
2026.07.20	14:12:00	5109.500	5110.000	5108.500	5108.500	277	994	1
2026.07.20	14:13:00	5109.000	5109.500	5108.500	5109.000	118	378	1
2026.07.20	14:14:00	5109.000	5110.500	5109.000	5109.500	389	2704	1
2026.07.20	14:15:00	5110.000	5110.000	5109.000	5109.500	301	852	1
2026.07.20	14:16:00	5110.000	5110.500	5109.500	5110.000	456	2517	1
2026.07.20	14:17:00	5109.500	5110.500	5109.500	5109.500	161	960	1
2026.07.20	14:18:00	5109.500	5110.000	5108.500	5109.000	284	1518	1
2026.07.20	14:19:00	5109.500	5109.500	5108.500	5109.000	111	594	1
2026.07.20	14:20:00	5108.500	5109.000	5108.500	5109.000	227	828	1
2026.07.20	14:21:00	5108.500	5109.000	5108.500	5109.000	77	186	1
2026.07.20	14:22:00	5108.500	5109.000	5107.000	5108.000	871	3841	1
2026.07.20	14:23:00	5108.000	5108.500	5106.500	5106.500	722	5530	1
2026.07.20	14:24:00	5106.500	5108.500	5106.500	5108.000	410	1840	1
2026.07.20	14:25:00	5108.500	5109.500	5107.500	5108.500	698	4119	1
2026.07.20	14:26:00	5108.500	5108.500	5107.500	5108.000	285	2138	1
2026.07.20	14:27:00	5108.500	5109.000	5108.000	5108.500	253	1489	1
2026.07.20	14:28:00	5108.000	5109.000	5108.000	5108.000	208	1469	1
2026.07.20	14:29:00	5108.000	5108.500	5108.000	5108.500	137	806	1
2026.07.20	14:30:00	5108.500	5109.000	5108.000	5108.500	141	750	1
2026.07.20	14:31:00	5108.000	5109.000	5108.000	5108.500	354	1823	1
2026.07.20	14:32:00	5108.000	5108.500	5106.500	5106.500	390	1695	1
2026.07.20	14:33:00	5106.500	5107.500	5106.000	5106.500	638	2885	1
2026.07.20	14:34:00	5106.500	5107.500	5106.000	5107.500	368	1929	1
2026.07.20	14:35:00	5107.500	5108.000	5107.000	5107.500	282	1174	1
2026.07.20	14:36:00	5108.000	5109.000	5107.500	5109.000	713	5193	1
2026.07.20	14:37:00	5108.500	5110.000	5108.500	5108.500	577	2391	1
2026.07.20	14:38:00	5108.500	5109.000	5108.000	5108.500	164	790	1
2026.07.20	14:39:00	5108.500	5108.500	5107.500	5108.500	283	1310	1
2026.07.20	14:40:00	5108.500	5108.500	5107.500	5107.500	195	906	1
2026.07.20	14:41:00	5107.500	5108.500	5107.500	5107.500	368	2407	1
2026.07.20	14:42:00	5107.500	5108.500	5107.500	5107.500	178	883	1
2026.07.20	14:43:00	5107.500	5109.000	5107.000	5108.500	492	3349	1
2026.07.20	14:44:00	5108.500	5109.000	5107.500	5107.500	141	906	1
2026.07.20	14:45:00	5107.500	5108.000	5107.500	5107.500	74	159	1
2026.07.20	14:46:00	5108.000	5108.000	5107.500	5108.000	143	709	1
2026.07.20	14:47:00	5107.500	5108.500	5107.500	5108.500	174	655	1
2026.07.20	14:48:00	5108.500	5109.000	5108.000	5108.000	324	1315	1
2026.07.20	14:49:00	5108.000	5109.000	5108.000	5109.000	265	1088	1
2026.07.20	14:50:00	5108.500	5108.500	5108.000	5108.500	324	1658	1
2026.07.20	14:51:00	5108.500	5109.000	5108.000	5108.000	274	2280	1
2026.07.20	14:52:00	5108.000	5108.500	5107.500	5107.500	162	848	1
2026.07.20	14:53:00	5107.500	5108.000	5106.000	5106.500	847	3055	1
2026.07.20	14:54:00	5106.500	5106.500	5105.500	5105.500	636	3699	1
2026.07.20	14:55:00	5106.000	5107.000	5105.500	5107.000	507	2710	1
2026.07.20	14:56:00	5107.000	5107.000	5106.000	5106.500	621	3790	1
2026.07.20	14:57:00	5106.500	5107.000	5106.500	5106.500	214	813	1
2026.07.20	14:58:00	5106.500	5107.000	5105.500	5106.000	533	2783	1
2026.07.20	14:59:00	5106.500	5107.000	5106.000	5106.000	183	1005	1
2026.07.20	15:00:00	5106.000	5106.500	5105.500	5105.500	361	1462	1
2026.07.20	15:01:00	5105.500	5106.000	5105.000	5106.000	381	1363	1
2026.07.20	15:02:00	5105.500	5106.500	5105.500	5106.000	316	903	1
2026.07.20	15:03:00	5105.500	5106.000	5105.000	5105.500	170	360	1
2026.07.20	15:04:00	5105.500	5106.000	5105.000	5106.000	141	361	1
2026.07.20	15:05:00	5105.500	5106.500	5105.500	5106.500	266	1004	1
2026.07.20	15:06:00	5106.500	5106.500	5106.000	5106.500	137	223	1
2026.07.20	15:07:00	5106.500	5107.000	5106.000	5106.500	367	2491	1
2026.07.20	15:08:00	5106.500	5107.000	5106.000	5106.500	145	812	1
2026.07.20	15:09:00	5107.000	5107.000	5105.500	5106.000	196	777	1
2026.07.20	15:10:00	5106.500	5107.000	5106.000	5106.500	174	661	1
2026.07.20	15:11:00	5106.500	5106.500	5105.500	5106.500	223	604	1
2026.07.20	15:12:00	5106.000	5106.500	5105.500	5105.500	391	1815	1
2026.07.20	15:13:00	5106.000	5107.000	5105.500	5106.500	253	1095	1
2026.07.20	15:14:00	5106.500	5107.000	5106.000	5107.000	135	402	1
2026.07.20	15:15:00	5106.500	5107.000	5105.500	5106.000	211	1341	1
2026.07.20	15:16:00	5105.500	5106.000	5105.000	5106.000	257	786	1
2026.07.20	15:17:00	5105.500	5106.000	5105.500	5106.000	151	899	1
2026.07.20	15:18:00	5105.500	5106.000	5105.000	5105.500	328	1614	1
2026.07.20	15:19:00	5105.000	5106.500	5105.000	5106.000	281	1587	1
2026.07.20	15:20:00	5106.000	5106.500	5105.500	5106.500	115	539	1
2026.07.20	15:21:00	5106.000	5106.500	5105.500	5106.500	460	2754	1
2026.07.20	15:22:00	5106.000	5107.500	5106.000	5107.000	862	5518	1
2026.07.20	15:23:00	5107.000	5107.500	5106.500	5107.000	300	1753	1
2026.07.20	15:24:00	5106.500	5107.500	5106.500	5107.500	194	525	1
2026.07.20	15:25:00	5107.500	5107.500	5106.000	5107.000	217	652	1
2026.07.20	15:26:00	5106.500	5107.000	5106.000	5106.000	88	387	1
2026.07.20	15:27:00	5106.500	5107.000	5105.500	5106.000	305	1545	1
2026.07.20	15:28:00	5106.000	5106.500	5105.000	5106.000	409	1756	1
2026.07.20	15:29:00	5105.500	5107.000	5105.000	5106.500	413	3099	1
2026.07.20	15:30:00	5106.500	5107.500	5106.500	5107.500	411	2396	1
2026.07.20	15:31:00	5107.500	5107.500	5107.000	5107.000	262	1588	1
2026.07.20	15:32:00	5107.500	5108.000	5106.500	5107.500	487	3222	1
2026.07.20	15:33:00	5107.000	5108.000	5107.000	5107.000	162	641	1
2026.07.20	15:34:00	5107.000	5109.500	5107.000	5109.000	887	3000	1
2026.07.20	15:35:00	5108.500	5109.000	5107.500	5107.500	303	796	1
2026.07.20	15:36:00	5107.500	5109.000	5107.500	5108.500	469	3121	1
2026.07.20	15:37:00	5108.000	5109.000	5108.000	5108.500	143	395	1
2026.07.20	15:38:00	5108.500	5108.500	5107.500	5108.000	281	2934	1
2026.07.20	15:39:00	5108.000	5108.500	5107.500	5108.000	433	2841	1
2026.07.20	15:40:00	5107.500	5108.000	5107.000	5107.500	450	3504	1
2026.07.20	15:41:00	5107.500	5108.000	5106.500	5107.000	530	2037	1
2026.07.20	15:42:00	5106.500	5107.500	5105.500	5106.500	801	5207	1
2026.07.20	15:43:00	5107.000	5107.000	5106.000	5107.000	132	1128	1
2026.07.20	15:44:00	5107.000	5107.500	5106.500	5107.000	253	1371	1
2026.07.20	15:45:00	5107.000	5107.500	5106.000	5106.000	404	1965	1
2026.07.20	15:46:00	5106.500	5107.500	5106.000	5106.500	419	2134	1
2026.07.20	15:47:00	5106.500	5106.500	5105.500	5105.500	199	912	1
2026.07.20	15:48:00	5105.500	5106.500	5105.500	5106.000	260	898	1
2026.07.20	15:49:00	5106.000	5106.500	5105.500	5105.500	436	1794	1
2026.07.20	15:50:00	5106.000	5106.500	5105.000	5106.000	661	3720	1
2026.07.20	15:51:00	5106.000	5107.000	5106.000	5107.000	411	1643	1
2026.07.20	15:52:00	5107.000	5107.000	5105.500	5105.500	616	2475	1
2026.07.20	15:53:00	5105.500	5106.000	5105.000	5105.500	646	3630	1
2026.07.20	15:54:00	5105.000	5105.500	5104.500	5105.500	741	3098	1
2026.07.20	15:55:00	5105.500	5106.500	5105.500	5106.500	641	3479	1
2026.07.20	15:56:00	5106.500	5107.500	5106.000	5107.500	1126	6873	1
2026.07.20	15:57:00	5107.000	5107.500	5107.000	5107.500	570	2148	1
2026.07.20	15:58:00	5107.500	5107.500	5106.000	5106.500	660	3435	1
2026.07.20	15:59:00	5106.500	5106.500	5105.000	5105.500	1200	6328	1
2026.07.20	16:00:00	5105.500	5106.000	5104.000	5104.000	903	4050	1
2026.07.20	16:01:00	5104.000	5105.000	5103.500	5104.000	1079	4840	1
2026.07.20	16:02:00	5104.500	5105.000	5103.500	5103.500	600	3104	1
2026.07.20	16:03:00	5103.500	5104.500	5102.500	5103.000	880	3366	1
2026.07.20	16:04:00	5103.000	5104.000	5103.000	5103.000	407	2341	1
2026.07.20	16:05:00	5103.500	5103.500	5102.000	5103.000	1464	8166	1
2026.07.20	16:06:00	5103.000	5104.000	5102.500	5103.500	318	1211	1
2026.07.20	16:07:00	5103.500	5104.500	5103.000	5104.500	226	1416	1
2026.07.20	16:08:00	5104.500	5106.000	5104.000	5105.000	905	4901	1
2026.07.20	16:09:00	5105.000	5105.500	5104.000	5104.500	418	1887	1
2026.07.20	16:10:00	5104.500	5105.000	5104.000	5104.000	245	1265	1
2026.07.20	16:11:00	5104.500	5105.500	5104.000	5105.000	318	1175	1
2026.07.20	16:12:00	5105.500	5106.000	5105.000	5106.000	177	863	1
2026.07.20	16:13:00	5106.000	5107.000	5105.500	5106.500	543	2676	1
2026.07.20	16:14:00	5106.500	5107.000	5105.500	5106.000	383	1774	1
2026.07.20	16:15:00	5106.500	5107.000	5105.500	5106.500	450	2437	1
2026.07.20	16:16:00	5106.000	5106.500	5106.000	5106.500	119	516	1
2026.07.20	16:17:00	5106.500	5108.000	5106.000	5108.000	643	4009	1
2026.07.20	16:18:00	5108.000	5108.500	5107.000	5107.500	783	4134	1
2026.07.20	16:19:00	5108.000	5109.000	5107.000	5108.500	850	3837	1
2026.07.20	16:20:00	5109.000	5109.000	5106.500	5108.000	630	2792	1
2026.07.20	16:21:00	5108.000	5109.000	5107.000	5108.000	481	2285	1
2026.07.20	16:22:00	5108.500	5108.500	5107.500	5108.000	523	1438	1
2026.07.20	16:23:00	5107.500	5108.000	5107.000	5107.000	427	1913	1
2026.07.20	16:24:00	5107.000	5107.000	5106.000	5106.000	536	2608	1
2026.07.20	16:25:00	5106.500	5107.000	5106.000	5106.500	184	1265	1
2026.07.20	16:26:00	5106.000	5107.000	5106.000	5107.000	171	986	1
2026.07.20	16:27:00	5107.000	5107.500	5106.500	5107.000	327	1236	1
2026.07.20	16:28:00	5107.000	5107.000	5106.000	5107.000	287	1456	1
2026.07.20	16:29:00	5106.500	5107.500	5104.000	5104.500	2337	11182	1
2026.07.20	16:30:00	5104.500	5105.500	5104.000	5105.000	666	2706	1
2026.07.20	16:31:00	5105.500	5106.000	5104.500	5105.000	605	4355	1
2026.07.20	16:32:00	5105.000	5105.000	5104.000	5104.000	140	390	1
2026.07.20	16:33:00	5104.000	5104.500	5104.000	5104.000	262	1507	1
2026.07.20	16:34:00	5103.500	5105.000	5103.500	5105.000	385	1508	1
2026.07.20	16:35:00	5105.000	5105.500	5104.500	5105.000	383	2383	1
2026.07.20	16:36:00	5105.500	5106.000	5104.500	5105.000	425	2240	1
2026.07.20	16:37:00	5105.000	5106.000	5105.000	5105.000	151	394	1
2026.07.20	16:38:00	5105.500	5105.500	5104.500	5104.500	179	712	1
2026.07.20	16:39:00	5105.000	5108.000	5104.500	5107.000	1275	8580	1
2026.07.20	16:40:00	5107.000	5107.000	5105.500	5105.500	380	2446	1
2026.07.20	16:41:00	5106.000	5106.000	5105.000	5105.000	209	731	1
2026.07.20	16:42:00	5105.500	5106.000	5105.000	5105.500	200	969	1
2026.07.20	16:43:00	5105.500	5106.000	5105.000	5105.000	94	224	1
2026.07.20	16:44:00	5105.500	5105.500	5105.000	5105.500	33	107	1
2026.07.20	16:45:00	5105.000	5106.000	5105.000	5106.000	183	611	1
2026.07.20	16:46:00	5105.500	5106.000	5105.000	5105.000	248	2978	1
2026.07.20	16:47:00	5105.000	5105.500	5104.500	5105.000	202	975	1
2026.07.20	16:48:00	5104.500	5105.500	5104.500	5105.500	157	689	1
2026.07.20	16:49:00	5105.000	5105.500	5104.000	5104.500	403	1829	1
2026.07.20	16:50:00	5105.000	5105.500	5104.000	5104.500	447	1579	1
2026.07.20	16:51:00	5105.000	5105.000	5104.000	5104.500	174	711	1
2026.07.20	16:52:00	5104.000	5105.000	5104.000	5104.500	338	958	1
2026.07.20	16:53:00	5104.500	5105.000	5104.000	5104.500	303	955	1
2026.07.20	16:54:00	5104.500	5105.000	5104.000	5104.500	226	611	1
2026.07.20	16:55:00	5105.000	5106.000	5105.000	5105.000	277	893	1
2026.07.20	16:56:00	5105.500	5106.000	5104.500	5104.500	341	1352	1
2026.07.20	16:57:00	5105.000	5105.000	5104.000	5104.000	344	2109	1
2026.07.20	16:58:00	5104.000	5105.000	5104.000	5105.000	109	304	1
2026.07.20	16:59:00	5105.000	5105.500	5104.500	5104.500	311	1959	1
2026.07.20	17:00:00	5104.500	5105.500	5104.000	5104.500	473	1723	1
2026.07.20	17:01:00	5105.000	5105.500	5104.000	5104.500	221	791	1
2026.07.20	17:02:00	5104.000	5105.000	5104.000	5105.000	95	614	1
2026.07.20	17:03:00	5104.500	5105.500	5104.500	5105.000	147	845	1
2026.07.20	17:04:00	5105.500	5105.500	5105.000	5105.000	65	176	1
2026.07.20	17:05:00	5105.500	5105.500	5105.000	5105.500	210	830	1
2026.07.20	17:06:00	5105.500	5107.000	5105.000	5106.500	570	3053	1
2026.07.20	17:07:00	5106.500	5108.000	5106.500	5107.500	367	1515	1
2026.07.20	17:08:00	5107.500	5108.000	5107.500	5108.000	327	1593	1
2026.07.20	17:09:00	5107.500	5108.500	5107.000	5107.500	342	2637	1
2026.07.20	17:10:00	5107.500	5108.500	5107.500	5108.500	279	1756	1
2026.07.20	17:11:00	5108.500	5108.500	5106.500	5106.500	449	3009	1
2026.07.20	17:12:00	5106.500	5107.000	5105.500	5106.500	383	2430	1
2026.07.20	17:13:00	5106.500	5106.500	5106.000	5106.500	186	1207	1
2026.07.20	17:14:00	5106.500	5107.000	5106.000	5106.500	148	702	1
2026.07.20	17:15:00	5106.500	5106.500	5105.000	5106.000	305	1894	1
2026.07.20	17:16:00	5106.000	5107.000	5105.500	5106.500	180	1089	1
2026.07.20	17:17:00	5106.000	5107.000	5106.000	5106.500	86	475	1
2026.07.20	17:18:00	5106.500	5107.500	5106.500	5107.500	146	964	1
2026.07.20	17:19:00	5107.000	5107.500	5106.500	5107.000	157	867	1
2026.07.20	17:20:00	5107.500	5108.000	5107.000	5108.000	122	1040	1
2026.07.20	17:21:00	5108.000	5108.000	5107.000	5107.500	141	739	1
2026.07.20	17:22:00	5107.500	5108.000	5107.000	5108.000	170	902	1
2026.07.20	17:23:00	5107.500	5107.500	5106.000	5106.000	228	1466	1
2026.07.20	17:24:00	5106.000	5106.500	5106.000	5106.500	44	144	1
2026.07.20	17:25:00	5106.500	5107.000	5105.500	5107.000	202	1414	1
2026.07.20	17:26:00	5107.000	5107.500	5106.500	5106.500	216	1398	1
2026.07.20	17:27:00	5107.000	5107.000	5106.500	5106.500	22	59	1
2026.07.20	17:28:00	5107.000	5107.000	5106.500	5107.000	15	94	1
2026.07.20	17:29:00	5106.500	5107.000	5106.000	5107.000	196	1336	1
2026.07.20	17:30:00	5106.500	5107.000	5106.000	5107.000	230	547	1
2026.07.20	17:31:00	5106.500	5107.000	5106.000	5106.500	81	388	1
2026.07.20	17:32:00	5106.500	5106.500	5105.500	5106.000	126	631	1
2026.07.20	17:33:00	5106.000	5106.500	5105.500	5106.000	105	1120	1
2026.07.20	17:34:00	5106.000	5106.500	5105.000	5105.000	219	2222	1
2026.07.20	17:35:00	5105.500	5105.500	5105.000	5105.000	153	1845	1
2026.07.20	17:36:00	5105.500	5106.500	5105.000	5106.000	130	1643	1
2026.07.20	17:37:00	5106.000	5108.000	5106.000	5107.500	345	1960	1
2026.07.20	17:38:00	5107.000	5107.500	5107.000	5107.000	126	1014	1
2026.07.20	17:39:00	5107.000	5107.500	5106.500	5107.000	89	662	1
2026.07.20	17:40:00	5107.000	5107.500	5106.500	5106.500	120	723	1
2026.07.20	17:41:00	5107.000	5107.000	5106.500	5107.000	94	264	1
2026.07.20	17:42:00	5106.500	5107.500	5106.500	5107.000	51	150	1
2026.07.20	17:43:00	5107.000	5107.500	5107.000	5107.000	90	393	1
2026.07.20	17:44:00	5107.000	5107.500	5107.000	5107.500	43	187	1
2026.07.20	17:45:00	5107.500	5107.500	5107.000	5107.500	104	404	1
2026.07.20	17:46:00	5107.500	5108.000	5107.500	5107.500	182	647	1
2026.07.20	17:47:00	5107.000	5107.500	5106.500	5107.500	139	739	1
2026.07.20	17:48:00	5107.000	5107.000	5106.500	5107.000	55	201	1
2026.07.20	17:49:00	5107.000	5107.500	5107.000	5107.000	51	514	1
2026.07.20	17:50:00	5107.000	5107.500	5107.000	5107.000	29	115	1
2026.07.20	17:51:00	5107.500	5107.500	5106.500	5107.000	146	784	1
2026.07.20	17:52:00	5107.000	5107.000	5106.500	5107.000	51	111	1
2026.07.20	17:53:00	5106.500	5107.500	5106.500	5107.000	111	590	1
2026.07.20	17:54:00	5107.000	5107.500	5106.500	5107.500	62	219	1
2026.07.20	17:55:00	5107.500	5107.500	5106.500	5107.000	126	542	1
2026.07.20	17:56:00	5107.000	5107.000	5106.500	5106.500	57	183	1
2026.07.20	17:57:00	5106.500	5107.000	5106.500	5106.500	69	208	1
2026.07.20	17:58:00	5107.000	5107.000	5106.500	5107.000	56	157	1
2026.07.20	17:59:00	5107.000	5107.500	5105.500	5105.500	271	1310	1
2026.07.20	18:00:00	5106.000	5106.000	5105.000	5106.000	232	1345	1
2026.07.20	18:01:00	5106.000	5107.500	5105.500	5107.500	129	503	1
2026.07.20	18:02:00	5107.000	5107.500	5107.000	5107.000	57	192	1
2026.07.20	18:03:00	5107.000	5107.500	5106.500	5106.500	46	134	1
2026.07.20	18:04:00	5107.000	5107.000	5106.500	5107.000	41	113	1
2026.07.20	18:05:00	5107.000	5107.000	5106.000	5106.500	88	324	1
2026.07.20	18:06:00	5107.000	5107.000	5106.000	5106.000	138	889	1
2026.07.20	18:07:00	5106.000	5107.000	5106.000	5106.500	88	404	1
2026.07.20	18:08:00	5107.000	5107.000	5106.500	5107.000	68	243	1
2026.07.20	18:09:00	5107.000	5107.000	5106.000	5106.500	95	354	1
2026.07.20	18:10:00	5106.500	5106.500	5105.500	5105.500	109	469	1
2026.07.20	18:11:00	5105.500	5106.500	5105.500	5106.000	82	332	1
2026.07.20	18:12:00	5106.000	5106.000	5105.500	5105.500	70	338	1
2026.07.20	18:13:00	5106.000	5106.000	5105.000	5105.500	124	653	1
2026.07.20	18:14:00	5105.500	5106.000	5105.000	5106.000	127	1203	1
2026.07.20	18:15:00	5106.000	5106.000	5105.500	5106.000	276	1316	1
2026.07.20	18:16:00	5106.000	5106.000	5105.500	5105.500	160	1061	1
2026.07.20	18:17:00	5106.000	5106.500	5105.500	5105.500	196	1136	1
2026.07.20	18:18:00	5106.000	5106.500	5105.500	5106.000	129	834	1
2026.07.20	18:19:00	5106.000	5107.000	5105.500	5106.500	245	987	1
2026.07.20	18:20:00	5106.500	5107.000	5105.000	5105.500	201	2095	1
2026.07.20	18:21:00	5105.500	5106.000	5105.500	5106.000	94	378	1
2026.07.20	18:22:00	5106.000	5106.500	5105.500	5106.000	111	485	1
2026.07.20	18:23:00	5106.000	5106.500	5106.000	5106.500	88	735	1
2026.07.20	18:24:00	5106.500	5106.500	5105.500	5106.000	28	404	1
2026.07.20	18:25:00	5106.000	5107.000	5105.500	5107.000	727	2147	1
2026.07.20	18:26:00	5107.000	5107.000	5106.000	5107.000	46	748	1
2026.07.20	18:27:00	5106.000	5107.000	5106.000	5106.500	8	93	1
2026.07.20	18:28:00	5106.500	5107.000	5106.000	5106.000	37	358	1
2026.07.20	18:29:00	5106.000	5107.000	5106.000	5106.500	81	813	1
2026.07.21	09:00:00	5095.000	5099.000	5094.000	5095.500	1480	12528	1
2026.07.21	09:01:00	5095.000	5098.000	5091.000	5096.500	4958	24068	1
2026.07.21	09:02:00	5096.500	5097.000	5094.500	5096.500	1995	7204	1
2026.07.21	09:03:00	5096.000	5096.500	5093.000	5094.500	2050	8267	1
2026.07.21	09:04:00	5094.500	5096.500	5094.500	5095.000	1059	3272	1
2026.07.21	09:05:00	5095.500	5096.500	5094.500	5096.500	1308	5089	1
2026.07.21	09:06:00	5096.500	5096.500	5094.000	5094.500	1084	5289	1
2026.07.21	09:07:00	5094.500	5095.000	5092.500	5093.500	1758	7052	1
2026.07.21	09:08:00	5094.000	5094.000	5091.500	5092.500	1497	6966	1
2026.07.21	09:09:00	5093.000	5093.500	5091.500	5092.500	845	3830	1
2026.07.21	09:10:00	5093.000	5093.000	5090.500	5091.500	2050	8315	1
2026.07.21	09:11:00	5092.000	5093.000	5091.000	5092.000	709	3436	1
2026.07.21	09:12:00	5092.500	5092.500	5088.000	5088.000	2684	9310	1
2026.07.21	09:13:00	5088.500	5089.000	5087.000	5087.500	2409	9495	1
2026.07.21	09:14:00	5087.000	5089.000	5087.000	5088.500	904	2847	1
2026.07.21	09:15:00	5088.000	5092.500	5088.000	5092.500	2800	10208	1
2026.07.21	09:16:00	5092.000	5093.500	5091.500	5092.000	1803	6265	1
2026.07.21	09:17:00	5091.500	5092.000	5089.000	5089.500	1931	9742	1
2026.07.21	09:18:00	5090.000	5091.000	5089.000	5091.000	894	3363	1
2026.07.21	09:19:00	5091.000	5091.500	5090.000	5091.500	596	2185	1
2026.07.21	09:20:00	5091.500	5091.500	5089.000	5089.500	962	3930	1
2026.07.21	09:21:00	5090.000	5090.000	5089.000	5089.500	499	1616	1
2026.07.21	09:22:00	5089.500	5090.000	5088.500	5090.000	588	2140	1
2026.07.21	09:23:00	5090.000	5092.000	5089.500	5091.000	1196	4505	1
2026.07.21	09:24:00	5091.000	5091.000	5087.500	5088.500	1726	7311	1
2026.07.21	09:25:00	5088.500	5089.500	5087.500	5089.000	1024	5126	1
2026.07.21	09:26:00	5089.500	5089.500	5088.500	5089.500	951	3702	1
2026.07.21	09:27:00	5089.500	5089.500	5087.500	5088.000	889	3421	1
2026.07.21	09:28:00	5088.500	5090.000	5088.000	5089.500	543	2376	1
2026.07.21	09:29:00	5089.500	5091.000	5089.000	5090.500	1020	4204	1
2026.07.21	09:30:00	5090.000	5090.500	5088.500	5089.500	792	2454	1
2026.07.21	09:31:00	5089.000	5090.000	5088.500	5089.000	456	1846	1
2026.07.21	09:32:00	5089.000	5089.000	5087.000	5087.500	1146	4202	1
2026.07.21	09:33:00	5088.000	5090.500	5087.500	5090.500	1103	5136	1
2026.07.21	09:34:00	5090.000	5090.500	5086.000	5086.500	2307	9779	1
2026.07.21	09:35:00	5086.500	5088.500	5086.500	5087.000	1086	5098	1
2026.07.21	09:36:00	5087.500	5088.500	5087.000	5088.500	584	2361	1
2026.07.21	09:37:00	5088.000	5089.000	5087.000	5087.000	486	1616	1
2026.07.21	09:38:00	5087.000	5088.000	5086.000	5088.000	1023	3977	1
2026.07.21	09:39:00	5088.000	5088.000	5084.500	5085.500	2197	8561	1
2026.07.21	09:40:00	5085.500	5088.000	5085.500	5087.500	1133	4483	1
2026.07.21	09:41:00	5087.500	5089.000	5086.500	5088.000	982	3861	1
2026.07.21	09:42:00	5088.500	5088.500	5087.000	5087.500	565	2085	1
2026.07.21	09:43:00	5087.500	5090.000	5086.000	5088.500	2034	8374	1
2026.07.21	09:44:00	5089.000	5089.500	5085.500	5086.500	1237	5573	1
2026.07.21	09:45:00	5086.000	5086.500	5084.000	5085.500	2174	9187	1
2026.07.21	09:46:00	5085.500	5086.000	5085.000	5086.000	895	3669	1
2026.07.21	09:47:00	5086.000	5086.500	5083.500	5084.000	1181	4989	1
2026.07.21	09:48:00	5083.500	5084.500	5082.500	5083.500	1940	9347	1
2026.07.21	09:49:00	5083.000	5085.000	5082.500	5084.000	1465	7550	1
2026.07.21	09:50:00	5084.000	5085.500	5083.500	5084.500	1003	4401	1
2026.07.21	09:51:00	5085.000	5087.500	5084.000	5087.000	2033	9081	1
2026.07.21	09:52:00	5086.500	5088.000	5086.000	5087.000	1649	6466	1
2026.07.21	09:53:00	5087.000	5088.000	5086.500	5087.500	1014	4611	1
2026.07.21	09:54:00	5087.000	5087.500	5086.000	5087.000	884	5227	1
2026.07.21	09:55:00	5087.000	5088.000	5086.500	5088.000	868	3855	1
2026.07.21	09:56:00	5087.500	5089.000	5087.500	5088.500	943	4187	1
2026.07.21	09:57:00	5088.500	5088.500	5086.000	5086.500	976	5337	1
2026.07.21	09:58:00	5086.000	5086.500	5085.500	5085.500	969	4048	1
2026.07.21	09:59:00	5086.000	5088.000	5085.500	5087.500	854	3608	1
2026.07.21	10:00:00	5087.000	5090.000	5086.500	5089.500	2362	9859	1
2026.07.21	10:01:00	5089.500	5090.000	5088.500	5089.000	932	3740	1
2026.07.21	10:02:00	5089.000	5091.000	5089.000	5091.000	1750	8989	1
2026.07.21	10:03:00	5091.000	5091.000	5090.000	5090.500	977	3456	1
2026.07.21	10:04:00	5091.000	5092.000	5089.500	5090.500	1923	6985	1
2026.07.21	10:05:00	5091.000	5091.000	5088.500	5089.000	1105	6623	1
2026.07.21	10:06:00	5089.500	5089.500	5088.000	5088.500	824	2794	1
2026.07.21	10:07:00	5088.500	5090.000	5088.000	5090.000	1012	5415	1
2026.07.21	10:08:00	5090.000	5091.000	5089.000	5090.000	630	2396	1
2026.07.21	10:09:00	5090.000	5090.500	5089.000	5090.500	530	2879	1
2026.07.21	10:10:00	5090.500	5090.500	5089.000	5089.500	627	2397	1
2026.07.21	10:11:00	5090.000	5090.500	5089.000	5089.500	420	4248	1
2026.07.21	10:12:00	5089.000	5090.000	5088.500	5088.500	413	1708	1
2026.07.21	10:13:00	5089.000	5090.000	5088.500	5089.500	248	626	1
2026.07.21	10:14:00	5089.500	5090.000	5088.000	5089.000	500	1612	1
2026.07.21	10:15:00	5089.000	5089.500	5088.500	5089.000	252	1215	1
2026.07.21	10:16:00	5088.500	5090.000	5088.500	5089.000	573	1756	1
2026.07.21	10:17:00	5089.000	5089.500	5088.500	5089.000	250	915	1
2026.07.21	10:18:00	5088.500	5089.500	5087.000	5087.500	1513	7172	1
2026.07.21	10:19:00	5088.000	5088.000	5086.500	5087.000	989	4772	1
2026.07.21	10:20:00	5087.500	5089.000	5086.000	5089.000	1503	6175	1
2026.07.21	10:21:00	5089.000	5090.000	5088.500	5090.000	1645	6917	1
2026.07.21	10:22:00	5089.500	5091.000	5088.500	5090.500	1307	7761	1
2026.07.21	10:23:00	5090.500	5091.500	5090.000	5090.000	1128	3474	1
2026.07.21	10:24:00	5090.000	5091.500	5090.000	5090.000	1173	5408	1
2026.07.21	10:25:00	5090.500	5091.000	5089.000	5090.000	1205	6223	1
2026.07.21	10:26:00	5090.000	5091.000	5089.000	5090.500	721	4629	1
2026.07.21	10:27:00	5090.500	5091.500	5090.500	5091.500	822	3374	1
2026.07.21	10:28:00	5091.000	5092.000	5090.000	5091.500	870	2425	1
2026.07.21	10:29:00	5091.500	5092.000	5090.500	5091.500	972	3761	1
2026.07.21	10:30:00	5091.500	5092.000	5090.000	5091.000	1399	8114	1
2026.07.21	10:31:00	5091.000	5091.500	5089.000	5090.500	1412	5487	1
2026.07.21	10:32:00	5090.500	5091.000	5089.000	5090.000	707	2524	1
2026.07.21	10:33:00	5090.500	5092.500	5089.500	5091.000	1277	4127	1
2026.07.21	10:34:00	5090.500	5091.500	5090.000	5091.000	564	1743	1
2026.07.21	10:35:00	5091.500	5092.000	5090.000	5090.500	988	2923	1
2026.07.21	10:36:00	5091.000	5092.000	5090.000	5092.000	620	2579	1
2026.07.21	10:37:00	5092.000	5095.500	5091.500	5095.000	3878	13760	1
2026.07.21	10:38:00	5094.500	5095.000	5093.500	5094.000	1182	5017	1
2026.07.21	10:39:00	5093.500	5096.500	5093.500	5096.000	1838	7336	1
2026.07.21	10:40:00	5095.500	5097.000	5095.000	5097.000	1902	7772	1
2026.07.21	10:41:00	5096.500	5099.500	5096.500	5098.500	3303	12627	1
2026.07.21	10:42:00	5098.500	5100.000	5095.500	5096.500	2602	12021	1
2026.07.21	10:43:00	5096.500	5097.000	5095.500	5096.500	1506	7853	1
2026.07.21	10:44:00	5097.000	5097.500	5094.000	5094.000	2333	10804	1
2026.07.21	10:45:00	5094.000	5095.500	5093.500	5094.000	1377	4985	1
2026.07.21	10:46:00	5094.500	5094.500	5092.500	5093.500	1887	7125	1
2026.07.21	10:47:00	5093.500	5094.000	5092.000	5092.000	1215	6262	1
2026.07.21	10:48:00	5092.000	5092.500	5088.500	5089.500	3272	11430	1
2026.07.21	10:49:00	5089.000	5090.000	5087.500	5088.000	1631	6751	1
2026.07.21	10:50:00	5088.500	5091.000	5088.000	5090.500	1478	5920	1
2026.07.21	10:51:00	5090.500	5094.000	5090.000	5094.000	2371	7751	1
2026.07.21	10:52:00	5093.500	5094.000	5092.500	5093.500	950	3316	1
2026.07.21	10:53:00	5093.500	5094.000	5092.000	5092.000	717	3411	1
2026.07.21	10:54:00	5092.500	5093.500	5092.000	5092.500	477	1666	1
2026.07.21	10:55:00	5092.500	5093.500	5092.000	5093.500	401	1407	1
2026.07.21	10:56:00	5093.500	5095.500	5093.000	5095.000	1965	9541	1
2026.07.21	10:57:00	5095.000	5096.000	5094.500	5095.500	1087	5742	1
2026.07.21	10:58:00	5095.000	5097.000	5095.000	5096.000	999	6507	1
2026.07.21	10:59:00	5095.500	5096.500	5095.000	5096.000	601	3373	1
2026.07.21	11:00:00	5096.000	5096.500	5094.500	5096.000	1337	5885	1
2026.07.21	11:01:00	5096.000	5096.500	5095.500	5095.500	728	4437	1
2026.07.21	11:02:00	5096.000	5096.000	5094.500	5095.500	825	7351	1
2026.07.21	11:03:00	5095.500	5095.500	5093.500	5094.000	1168	5638	1
2026.07.21	11:04:00	5094.000	5095.000	5092.500	5092.500	1027	5063	1
2026.07.21	11:05:00	5093.000	5093.000	5092.000	5093.000	1152	5163	1
2026.07.21	11:06:00	5093.000	5093.500	5091.500	5092.000	1055	4077	1
2026.07.21	11:07:00	5092.000	5093.000	5091.000	5092.000	857	3250	1
2026.07.21	11:08:00	5092.000	5092.500	5091.000	5092.000	443	1879	1
2026.07.21	11:09:00	5092.000	5093.000	5092.000	5093.000	488	2627	1
2026.07.21	11:10:00	5093.000	5093.000	5091.000	5091.500	539	1677	1
2026.07.21	11:11:00	5091.000	5092.000	5090.500	5091.500	1186	5701	1
2026.07.21	11:12:00	5091.500	5092.000	5090.500	5092.000	441	1158	1
2026.07.21	11:13:00	5092.000	5092.000	5089.000	5089.500	1495	5845	1
2026.07.21	11:14:00	5089.000	5090.500	5088.000	5090.000	1548	8167	1
2026.07.21	11:15:00	5090.000	5091.500	5089.500	5091.000	792	2821	1
2026.07.21	11:16:00	5091.500	5091.500	5090.000	5090.000	425	1734	1
2026.07.21	11:17:00	5090.500	5091.500	5088.500	5089.000	983	6445	1
2026.07.21	11:18:00	5089.500	5090.000	5089.000	5089.500	511	2671	1
2026.07.21	11:19:00	5090.000	5090.500	5089.500	5090.000	606	3846	1
2026.07.21	11:20:00	5090.000	5091.000	5089.500	5091.000	564	2915	1
2026.07.21	11:21:00	5091.000	5091.500	5090.000	5091.500	695	2501	1
2026.07.21	11:22:00	5091.500	5092.000	5089.500	5090.000	1045	4649	1
2026.07.21	11:23:00	5090.000	5091.500	5089.500	5091.500	743	3824	1
2026.07.21	11:24:00	5091.500	5094.500	5091.000	5093.000	2053	8452	1
2026.07.21	11:25:00	5092.500	5094.000	5091.000	5092.000	1136	5279	1
2026.07.21	11:26:00	5092.000	5093.500	5091.500	5092.500	427	2467	1
2026.07.21	11:27:00	5092.500	5093.500	5092.000	5092.500	519	3873	1
2026.07.21	11:28:00	5092.500	5093.000	5091.000	5091.500	394	2644	1
2026.07.21	11:29:00	5092.000	5092.500	5091.000	5091.500	534	3605	1
2026.07.21	11:30:00	5091.000	5091.500	5088.000	5088.500	1734	8030	1
2026.07.21	11:31:00	5088.500	5089.000	5087.500	5089.000	1229	7081	1
2026.07.21	11:32:00	5089.000	5092.000	5089.000	5092.000	1659	10695	1
2026.07.21	11:33:00	5092.000	5092.000	5090.000	5090.500	1639	9401	1
2026.07.21	11:34:00	5090.500	5091.500	5090.000	5090.500	1167	5078	1
2026.07.21	11:35:00	5091.000	5091.500	5090.500	5091.000	633	4147	1
2026.07.21	11:36:00	5091.000	5091.500	5090.500	5091.000	242	1374	1
2026.07.21	11:37:00	5091.500	5093.000	5091.500	5092.500	800	4486	1
2026.07.21	11:38:00	5092.500	5092.500	5091.500	5091.500	470	1546	1
2026.07.21	11:39:00	5092.000	5093.500	5092.000	5093.000	722	2780	1
2026.07.21	11:40:00	5093.000	5093.000	5091.000	5093.000	560	2859	1
2026.07.21	11:41:00	5093.000	5093.000	5092.000	5092.500	566	2869	1
2026.07.21	11:42:00	5092.500	5093.000	5091.000	5092.000	399	1508	1
2026.07.21	11:43:00	5092.000	5092.000	5090.000	5090.500	739	2414	1
2026.07.21	11:44:00	5091.000	5091.500	5090.000	5091.000	352	1565	1
2026.07.21	11:45:00	5090.500	5091.500	5090.000	5091.000	314	798	1
2026.07.21	11:46:00	5090.500	5091.500	5090.500	5091.000	432	1925	1
2026.07.21	11:47:00	5091.000	5091.500	5090.000	5090.000	338	1890	1
2026.07.21	11:48:00	5090.000	5090.500	5087.500	5089.500	2749	11691	1
2026.07.21	11:49:00	5089.500	5091.000	5089.000	5089.500	770	3409	1
2026.07.21	11:50:00	5089.500	5091.000	5089.500	5090.500	389	1513	1
2026.07.21	11:51:00	5091.000	5093.500	5090.500	5093.000	1227	5915	1
2026.07.21	11:52:00	5093.000	5093.500	5092.000	5092.500	552	2627	1
2026.07.21	11:53:00	5093.000	5093.500	5092.000	5093.000	735	2556	1
2026.07.21	11:54:00	5092.500	5093.000	5092.000	5092.500	432	2533	1
2026.07.21	11:55:00	5092.500	5093.000	5091.000	5092.000	785	3595	1
2026.07.21	11:56:00	5092.500	5095.500	5092.000	5095.000	2097	7972	1
2026.07.21	11:57:00	5095.500	5095.500	5093.500	5094.500	822	5008	1
2026.07.21	11:58:00	5094.000	5094.000	5092.500	5093.000	850	3160	1
2026.07.21	11:59:00	5093.000	5093.500	5092.500	5093.000	881	5036	1
2026.07.21	12:00:00	5093.500	5094.500	5092.500	5093.000	1184	6720	1
2026.07.21	12:01:00	5093.000	5095.000	5093.000	5095.000	976	4974	1
2026.07.21	12:02:00	5095.000	5095.000	5094.000	5094.500	530	2267	1
2026.07.21	12:03:00	5094.500	5095.000	5093.500	5094.000	456	1677	1
2026.07.21	12:04:00	5094.000	5094.500	5093.000	5093.000	411	1770	1
2026.07.21	12:05:00	5093.000	5094.000	5093.000	5094.000	401	1084	1
2026.07.21	12:06:00	5093.500	5095.000	5092.500	5094.500	478	1698	1
2026.07.21	12:07:00	5095.000	5095.000	5092.500	5093.500	1031	5069	1
2026.07.21	12:08:00	5094.000	5094.500	5093.000	5094.000	435	1825	1
2026.07.21	12:09:00	5093.500	5095.000	5093.500	5095.000	481	1968	1
2026.07.21	12:10:00	5094.500	5095.000	5092.500	5092.500	444	1728	1
2026.07.21	12:11:00	5092.500	5094.000	5092.500	5094.000	777	3849	1
2026.07.21	12:12:00	5094.000	5094.000	5092.500	5093.500	325	1760	1
2026.07.21	12:13:00	5093.500	5094.000	5093.000	5093.500	232	1981	1
2026.07.21	12:14:00	5093.500	5093.500	5091.500	5091.500	721	3119	1
2026.07.21	12:15:00	5091.500	5092.500	5091.500	5091.500	381	1701	1
2026.07.21	12:16:00	5091.500	5092.000	5091.000	5091.500	572	2583	1
2026.07.21	12:17:00	5091.500	5092.000	5090.500	5090.500	613	2530	1
2026.07.21	12:18:00	5091.000	5091.500	5090.500	5091.000	439	1782	1
2026.07.21	12:19:00	5091.000	5091.500	5090.000	5091.000	577	2865	1
2026.07.21	12:20:00	5090.500	5091.500	5090.000	5090.500	331	1340	1
2026.07.21	12:21:00	5090.500	5091.500	5089.500	5090.500	993	4201	1
2026.07.21	12:22:00	5091.000	5091.000	5090.000	5090.500	557	2484	1
2026.07.21	12:23:00	5090.000	5091.500	5090.000	5091.500	577	2336	1
2026.07.21	12:24:00	5091.500	5091.500	5090.000	5090.500	183	562	1
2026.07.21	12:25:00	5090.500	5090.500	5089.500	5090.000	288	1267	1
2026.07.21	12:26:00	5090.500	5090.500	5090.000	5090.000	198	872	1
2026.07.21	12:27:00	5090.000	5090.500	5090.000	5090.500	100	379	1
2026.07.21	12:28:00	5090.500	5090.500	5089.500	5090.000	348	1551	1
2026.07.21	12:29:00	5090.500	5091.000	5090.000	5091.000	208	950	1
2026.07.21	12:30:00	5091.000	5091.500	5090.500	5091.000	421	1501	1
2026.07.21	12:31:00	5091.000	5091.000	5090.000	5090.500	251	1065	1
2026.07.21	12:32:00	5091.000	5091.500	5090.500	5091.500	291	1620	1
2026.07.21	12:33:00	5091.000	5092.500	5091.000	5091.000	767	3049	1
2026.07.21	12:34:00	5091.000	5091.000	5089.500	5089.500	435	1485	1
2026.07.21	12:35:00	5090.000	5091.000	5089.500	5091.000	459	2071	1
2026.07.21	12:36:00	5091.000	5091.000	5090.000	5090.500	162	1026	1
2026.07.21	12:37:00	5090.500	5091.000	5090.000	5090.500	304	1099	1
2026.07.21	12:38:00	5090.500	5091.000	5090.000	5091.000	154	638	1
2026.07.21	12:39:00	5091.000	5091.500	5090.500	5091.000	126	817	1
2026.07.21	12:40:00	5091.500	5091.500	5090.000	5090.500	331	1451	1
2026.07.21	12:41:00	5090.500	5091.000	5090.000	5091.000	215	486	1
2026.07.21	12:42:00	5091.000	5091.000	5090.500	5091.000	71	227	1
2026.07.21	12:43:00	5090.500	5091.500	5090.500	5091.500	223	931	1
2026.07.21	12:44:00	5091.500	5091.500	5090.000	5091.000	474	1660	1
2026.07.21	12:45:00	5091.000	5091.500	5090.500	5091.000	230	1344	1
2026.07.21	12:46:00	5091.000	5091.000	5090.000	5090.000	458	1873	1
2026.07.21	12:47:00	5090.000	5090.500	5090.000	5090.000	216	949	1
2026.07.21	12:48:00	5090.000	5090.500	5089.000	5089.500	784	3111	1
2026.07.21	12:49:00	5090.000	5090.000	5088.500	5089.000	392	1211	1
2026.07.21	12:50:00	5089.500	5089.500	5088.500	5088.500	411	1561	1
2026.07.21	12:51:00	5088.500	5090.000	5088.500	5089.500	196	1141	1
2026.07.21	12:52:00	5089.000	5090.000	5089.000	5089.500	145	984	1
2026.07.21	12:53:00	5090.000	5090.000	5088.500	5089.500	375	1946	1
2026.07.21	12:54:00	5089.500	5089.500	5089.000	5089.500	303	1884	1
2026.07.21	12:55:00	5089.500	5089.500	5088.500	5089.000	221	901	1
2026.07.21	12:56:00	5089.000	5089.000	5088.000	5089.000	634	2176	1
2026.07.21	12:57:00	5089.000	5089.000	5088.500	5089.000	222	1035	1
2026.07.21	12:58:00	5089.000	5089.000	5088.500	5089.000	108	564	1
2026.07.21	12:59:00	5089.500	5090.000	5089.000	5090.000	410	2235	1
2026.07.21	13:00:00	5090.000	5090.500	5089.500	5090.000	421	1860	1
2026.07.21	13:01:00	5090.500	5090.500	5089.500	5090.500	144	679	1
2026.07.21	13:02:00	5090.500	5090.500	5090.000	5090.500	497	3119	1
2026.07.21	13:03:00	5090.500	5090.500	5090.000	5090.500	224	1768	1
2026.07.21	13:04:00	5090.000	5090.500	5089.000	5089.000	199	1105	1
2026.07.21	13:05:00	5089.000	5090.000	5088.500	5088.500	352	2408	1
2026.07.21	13:06:00	5088.500	5089.000	5088.000	5089.000	319	1645	1
2026.07.21	13:07:00	5089.000	5089.000	5088.500	5089.000	213	423	1
2026.07.21	13:08:00	5089.000	5089.500	5088.500	5089.500	205	1322	1
2026.07.21	13:09:00	5089.500	5089.500	5089.000	5089.000	163	805	1
2026.07.21	13:10:00	5089.500	5089.500	5088.500	5089.000	239	1074	1
2026.07.21	13:11:00	5089.000	5090.000	5088.500	5090.000	258	2550	1
2026.07.21	13:12:00	5089.500	5090.000	5089.500	5089.500	128	633	1
2026.07.21	13:13:00	5089.500	5090.000	5089.500	5089.500	51	206	1
2026.07.21	13:14:00	5090.000	5090.000	5089.500	5089.500	171	763	1
2026.07.21	13:15:00	5090.000	5091.000	5089.500	5091.000	335	1360	1
2026.07.21	13:16:00	5091.000	5091.000	5089.500	5089.500	297	1088	1
2026.07.21	13:17:00	5089.500	5090.000	5089.500	5089.500	56	484	1
2026.07.21	13:18:00	5090.000	5090.000	5089.000	5089.000	379	1795	1
2026.07.21	13:19:00	5089.000	5090.000	5089.000	5089.500	149	558	1
2026.07.21	13:20:00	5089.500	5090.000	5089.500	5089.500	140	680	1
2026.07.21	13:21:00	5090.000	5091.000	5089.500	5089.500	495	4377	1
2026.07.21	13:22:00	5090.000	5090.000	5088.500	5089.000	285	1429	1
2026.07.21	13:23:00	5089.000	5089.000	5088.500	5088.500	55	257	1
2026.07.21	13:24:00	5088.500	5089.000	5088.000	5088.000	395	1893	1
2026.07.21	13:25:00	5088.000	5088.500	5088.000	5088.500	446	1636	1
2026.07.21	13:26:00	5089.000	5089.000	5088.500	5088.500	183	502	1
2026.07.21	13:27:00	5089.000	5090.000	5088.500	5089.000	352	1745	1
2026.07.21	13:28:00	5089.000	5090.000	5089.000	5089.500	248	537	1
2026.07.21	13:29:00	5089.500	5090.000	5089.000	5089.000	117	1130	1
2026.07.21	13:30:00	5089.500	5090.500	5089.000	5089.500	475	3872	1
2026.07.21	13:31:00	5089.000	5089.500	5089.000	5089.000	67	227	1
2026.07.21	13:32:00	5089.500	5089.500	5088.500	5088.500	413	1980	1
2026.07.21	13:33:00	5089.000	5089.000	5088.000	5088.500	201	746	1
2026.07.21	13:34:00	5088.500	5088.500	5087.500	5088.000	356	1292	1
2026.07.21	13:35:00	5088.000	5089.000	5088.000	5088.500	498	1680	1
2026.07.21	13:36:00	5088.500	5089.500	5088.500	5089.000	89	293	1
2026.07.21	13:37:00	5089.000	5089.500	5089.000	5089.000	50	154	1
2026.07.21	13:38:00	5089.500	5089.500	5089.000	5089.500	138	4579	1
2026.07.21	13:39:00	5089.000	5089.500	5089.000	5089.000	60	96	1
2026.07.21	13:40:00	5089.000	5089.500	5088.500	5088.500	311	944	1
2026.07.21	13:41:00	5089.000	5089.500	5088.500	5089.000	325	1721	1
2026.07.21	13:42:00	5089.000	5089.000	5088.500	5088.500	33	163	1
2026.07.21	13:43:00	5088.500	5089.000	5088.500	5088.500	216	962	1
2026.07.21	13:44:00	5089.000	5089.500	5089.000	5089.000	43	59	1
2026.07.21	13:45:00	5089.500	5089.500	5089.000	5089.000	375	691	1
2026.07.21	13:46:00	5088.500	5089.000	5088.000	5088.500	184	521	1
2026.07.21	13:47:00	5088.500	5089.000	5088.500	5088.500	116	377	1
2026.07.21	13:48:00	5089.000	5089.000	5088.500	5088.500	109	653	1
2026.07.21	13:49:00	5088.500	5089.000	5088.000	5088.500	241	700	1
2026.07.21	13:50:00	5088.000	5088.500	5087.500	5088.000	330	766	1
2026.07.21	13:51:00	5088.000	5088.500	5088.000	5088.000	86	185	1
2026.07.21	13:52:00	5088.000	5088.500	5087.500	5087.500	377	974	1
2026.07.21	13:53:00	5087.500	5088.500	5087.500	5088.000	123	526	1
2026.07.21	13:54:00	5088.000	5088.500	5087.500	5088.000	125	632	1
2026.07.21	13:55:00	5088.000	5088.000	5087.500	5088.000	293	1365	1
2026.07.21	13:56:00	5088.000	5088.500	5087.500	5088.000	127	469	1
2026.07.21	13:57:00	5088.000	5088.000	5086.500	5087.000	1094	5901	1
2026.07.21	13:58:00	5086.500	5087.500	5086.500	5086.500	439	1424	1
2026.07.21	13:59:00	5086.500	5087.500	5086.500	5087.000	190	994	1
2026.07.21	14:00:00	5087.000	5088.000	5087.000	5087.000	599	3926	1
2026.07.21	14:01:00	5087.000	5088.000	5086.500	5086.500	746	6913	1
2026.07.21	14:02:00	5086.500	5087.000	5085.000	5085.000	2672	8800	1
2026.07.21	14:03:00	5085.000	5086.000	5084.000	5084.500	2016	11060	1
2026.07.21	14:04:00	5084.500	5085.500	5084.000	5085.500	629	4068	1
2026.07.21	14:05:00	5085.000	5086.000	5084.500	5085.000	549	4083	1
2026.07.21	14:06:00	5085.500	5086.000	5085.000	5085.000	421	3239	1
2026.07.21	14:07:00	5085.000	5085.000	5083.000	5083.500	873	3754	1
2026.07.21	14:08:00	5083.500	5083.500	5081.000	5083.000	2629	14194	1
2026.07.21	14:09:00	5083.000	5083.500	5082.500	5083.000	671	4316	1
2026.07.21	14:10:00	5083.000	5083.500	5080.500	5082.500	1361	8362	1
2026.07.21	14:11:00	5082.500	5083.500	5081.500	5083.000	565	2333	1
2026.07.21	14:12:00	5082.500	5083.500	5082.000	5082.000	411	1834	1
2026.07.21	14:13:00	5082.500	5083.500	5082.000	5083.000	415	2329	1
2026.07.21	14:14:00	5083.500	5083.500	5083.000	5083.000	438	1618	1
2026.07.21	14:15:00	5083.000	5084.000	5082.500	5083.500	362	1300	1
2026.07.21	14:16:00	5083.500	5084.000	5083.000	5084.000	247	1572	1
2026.07.21	14:17:00	5084.000	5084.500	5083.000	5084.500	843	4000	1
2026.07.21	14:18:00	5084.500	5085.000	5084.000	5084.500	341	2307	1
2026.07.21	14:19:00	5084.500	5085.500	5084.500	5085.500	712	3524	1
2026.07.21	14:20:00	5085.000	5085.500	5085.000	5085.000	412	1950	1
2026.07.21	14:21:00	5085.000	5085.500	5084.000	5084.000	506	3227	1
2026.07.21	14:22:00	5084.000	5086.000	5084.000	5086.000	1160	9740	1
2026.07.21	14:23:00	5085.500	5086.500	5084.500	5084.500	1197	9755	1
2026.07.21	14:24:00	5085.000	5085.000	5084.000	5084.000	299	2308	1
2026.07.21	14:25:00	5084.500	5085.000	5083.500	5084.500	321	1588	1
2026.07.21	14:26:00	5084.500	5084.500	5081.500	5082.500	1367	8460	1
2026.07.21	14:27:00	5082.500	5083.000	5081.000	5081.500	741	3392	1
2026.07.21	14:28:00	5081.500	5085.000	5081.500	5084.000	1309	7958	1
2026.07.21	14:29:00	5084.500	5085.000	5083.500	5083.500	246	1455	1
2026.07.21	14:30:00	5083.500	5084.000	5082.500	5083.000	398	1244	1
2026.07.21	14:31:00	5083.500	5084.500	5083.500	5083.500	439	2509	1
2026.07.21	14:32:00	5083.500	5084.000	5083.500	5084.000	112	257	1
2026.07.21	14:33:00	5084.000	5084.500	5083.000	5084.000	496	3741	1
2026.07.21	14:34:00	5084.000	5084.000	5082.000	5082.500	697	4822	1
2026.07.21	14:35:00	5082.000	5083.500	5082.000	5083.500	357	2132	1
2026.07.21	14:36:00	5083.500	5084.000	5083.000	5084.000	300	2145	1
2026.07.21	14:37:00	5084.000	5084.000	5083.500	5084.000	224	913	1
2026.07.21	14:38:00	5084.000	5084.000	5083.000	5083.500	107	249	1
2026.07.21	14:39:00	5083.500	5084.500	5083.500	5083.500	261	750	1
2026.07.21	14:40:00	5084.000	5084.000	5083.500	5084.000	105	250	1
2026.07.21	14:41:00	5084.000	5084.500	5083.500	5084.000	225	1141	1
2026.07.21	14:42:00	5084.500	5084.500	5084.000	5084.000	119	433	1
2026.07.21	14:43:00	5084.500	5084.500	5084.000	5084.000	156	993	1
2026.07.21	14:44:00	5083.500	5084.000	5083.000	5083.500	224	996	1
2026.07.21	14:45:00	5083.500	5084.500	5083.500	5084.500	137	476	1
2026.07.21	14:46:00	5084.000	5084.500	5084.000	5084.500	100	264	1
2026.07.21	14:47:00	5084.500	5085.000	5084.000	5084.000	360	1886	1
2026.07.21	14:48:00	5084.500	5084.500	5083.000	5083.500	330	1737	1
2026.07.21	14:49:00	5083.000	5084.000	5083.000	5084.000	233	951	1
2026.07.21	14:50:00	5083.500	5084.000	5083.000	5083.000	139	599	1
2026.07.21	14:51:00	5083.000	5083.500	5082.500	5083.000	368	1718	1
2026.07.21	14:52:00	5083.000	5083.000	5081.500	5083.000	585	2167	1
2026.07.21	14:53:00	5083.000	5083.000	5082.000	5083.000	209	1050	1
2026.07.21	14:54:00	5082.500	5083.000	5082.000	5082.500	258	2123	1
2026.07.21	14:55:00	5082.500	5083.000	5082.000	5082.000	192	749	1
2026.07.21	14:56:00	5082.000	5083.000	5081.500	5083.000	236	1060	1
2026.07.21	14:57:00	5082.500	5083.000	5081.500	5082.000	330	2410	1
2026.07.21	14:58:00	5082.000	5082.500	5081.000	5082.500	474	2463	1
2026.07.21	14:59:00	5082.000	5082.500	5081.500	5082.000	262	1314	1
2026.07.21	15:00:00	5081.500	5083.000	5081.500	5082.500	291	1441	1
2026.07.21	15:01:00	5083.000	5083.000	5082.500	5083.000	240	1359	1
2026.07.21	15:02:00	5083.000	5083.000	5082.000	5082.500	212	583	1
2026.07.21	15:03:00	5082.500	5083.000	5082.500	5082.500	219	1187	1
2026.07.21	15:04:00	5083.000	5083.500	5082.500	5083.000	262	1148	1
2026.07.21	15:05:00	5083.500	5084.000	5083.000	5084.000	423	2141	1
2026.07.21	15:06:00	5084.000	5084.500	5083.500	5084.000	620	4930	1
2026.07.21	15:07:00	5084.000	5084.000	5083.000	5083.500	262	1468	1
2026.07.21	15:08:00	5083.500	5084.000	5083.000	5084.000	248	1045	1
2026.07.21	15:09:00	5083.500	5084.000	5083.000	5083.500	263	1020	1
2026.07.21	15:10:00	5083.500	5083.500	5082.000	5083.000	293	1888	1
2026.07.21	15:11:00	5083.000	5083.000	5082.000	5082.500	256	1816	1
2026.07.21	15:12:00	5082.000	5082.500	5082.000	5082.500	120	502	1
2026.07.21	15:13:00	5082.000	5082.000	5081.500	5082.000	268	1550	1
2026.07.21	15:14:00	5081.500	5082.500	5081.000	5081.500	657	4552	1
2026.07.21	15:15:00	5082.000	5082.500	5081.500	5081.500	262	1270	1
2026.07.21	15:16:00	5082.000	5082.000	5081.500	5081.500	71	284	1
2026.07.21	15:17:00	5081.500	5082.500	5081.500	5082.500	113	392	1
2026.07.21	15:18:00	5082.000	5082.500	5081.500	5082.000	253	1562	1
2026.07.21	15:19:00	5082.000	5082.500	5082.000	5082.000	49	118	1
2026.07.21	15:20:00	5082.500	5083.000	5081.500	5081.500	205	587	1
2026.07.21	15:21:00	5081.500	5082.500	5081.500	5082.500	300	1652	1
2026.07.21	15:22:00	5082.500	5083.000	5082.000	5083.000	393	1399	1
2026.07.21	15:23:00	5083.000	5083.000	5082.500	5083.000	74	459	1
2026.07.21	15:24:00	5083.000	5083.500	5082.500	5083.000	506	2990	1
2026.07.21	15:25:00	5082.500	5083.000	5082.000	5082.500	278	1608	1
2026.07.21	15:26:00	5082.000	5082.500	5082.000	5082.500	148	1014	1
2026.07.21	15:27:00	5083.000	5083.000	5081.500	5081.500	149	1131	1
2026.07.21	15:28:00	5082.000	5082.500	5081.500	5082.500	211	1565	1
2026.07.21	15:29:00	5082.500	5082.500	5081.500	5082.000	265	1012	1
2026.07.21	15:30:00	5081.500	5082.000	5080.000	5080.500	1163	6052	1
2026.07.21	15:31:00	5080.000	5087.000	5080.000	5085.000	3686	23944	1
2026.07.21	15:32:00	5084.500	5087.000	5083.500	5085.500	1569	9581	1
2026.07.21	15:33:00	5085.500	5086.000	5084.500	5085.000	654	4016	1
2026.07.21	15:34:00	5084.500	5085.000	5084.000	5084.500	370	1526	1
2026.07.21	15:35:00	5084.500	5085.500	5084.500	5085.000	473	1948	1
2026.07.21	15:36:00	5085.000	5085.500	5084.500	5084.500	163	1167	1
2026.07.21	15:37:00	5084.500	5085.500	5084.500	5085.000	295	1329	1
2026.07.21	15:38:00	5085.000	5085.500	5084.500	5084.500	314	1507	1
2026.07.21	15:39:00	5084.500	5085.500	5084.500	5085.000	698	4808	1
2026.07.21	15:40:00	5085.000	5085.000	5084.500	5084.500	99	252	1
2026.07.21	15:41:00	5085.000	5085.500	5084.500	5085.000	284	2361	1
2026.07.21	15:42:00	5085.000	5085.500	5085.000	5085.000	205	1037	1
2026.07.21	15:43:00	5085.500	5085.500	5084.500	5084.500	223	867	1
2026.07.21	15:44:00	5084.500	5085.000	5084.500	5085.000	128	628	1
2026.07.21	15:45:00	5084.500	5085.500	5084.500	5085.000	171	624	1
2026.07.21	15:46:00	5085.000	5085.500	5084.000	5084.000	241	915	1
2026.07.21	15:47:00	5084.000	5085.000	5084.000	5084.500	220	1275	1
2026.07.21	15:48:00	5084.500	5084.500	5083.000	5083.500	871	5846	1
2026.07.21	15:49:00	5083.000	5084.000	5083.000	5084.000	454	3118	1
2026.07.21	15:50:00	5084.000	5084.500	5083.000	5083.000	525	2673	1
2026.07.21	15:51:00	5083.000	5084.000	5082.500	5082.500	835	8687	1
2026.07.21	15:52:00	5082.500	5085.000	5082.500	5085.000	959	6444	1
2026.07.21	15:53:00	5085.000	5085.000	5084.000	5084.500	585	2670	1
2026.07.21	15:54:00	5084.000	5085.000	5084.000	5084.500	232	1557	1
2026.07.21	15:55:00	5084.500	5085.000	5084.500	5085.000	305	1244	1
2026.07.21	15:56:00	5085.000	5085.000	5084.000	5085.000	364	1330	1
2026.07.21	15:57:00	5085.000	5085.000	5084.000	5084.000	477	1296	1
2026.07.21	15:58:00	5084.000	5084.500	5084.000	5084.000	239	712	1
2026.07.21	15:59:00	5084.500	5084.500	5083.500	5084.000	660	2107	1
2026.07.21	16:00:00	5083.500	5084.000	5083.000	5084.000	647	3457	1
2026.07.21	16:01:00	5083.500	5084.000	5083.500	5083.500	71	213	1
2026.07.21	16:02:00	5083.500	5083.500	5082.500	5082.500	468	4232	1
2026.07.21	16:03:00	5083.000	5083.000	5082.500	5083.000	141	1868	1
2026.07.21	16:04:00	5083.000	5083.000	5082.500	5082.500	237	775	1
2026.07.21	16:05:00	5083.000	5083.500	5082.500	5083.000	466	2229	1
2026.07.21	16:06:00	5082.500	5083.500	5082.500	5083.500	460	3136	1
2026.07.21	16:07:00	5083.500	5084.000	5083.000	5083.500	381	5466	1
2026.07.21	16:08:00	5083.500	5084.000	5083.000	5084.000	126	472	1
2026.07.21	16:09:00	5084.000	5084.000	5083.000	5084.000	281	1683	1
2026.07.21	16:10:00	5084.000	5084.500	5083.500	5084.000	210	960	1
2026.07.21	16:11:00	5084.500	5084.500	5084.000	5084.000	88	479	1
2026.07.21	16:12:00	5084.000	5084.500	5084.000	5084.000	57	145	1
2026.07.21	16:13:00	5084.000	5084.500	5083.500	5084.000	271	1805	1
2026.07.21	16:14:00	5084.000	5084.000	5083.500	5084.000	275	1014	1
2026.07.21	16:15:00	5083.500	5084.000	5083.500	5084.000	175	1024	1
2026.07.21	16:16:00	5084.000	5084.500	5083.500	5084.500	540	4000	1
2026.07.21	16:17:00	5084.500	5084.500	5083.500	5084.000	177	928	1
2026.07.21	16:18:00	5084.000	5084.000	5083.500	5083.500	156	370	1
2026.07.21	16:19:00	5084.000	5084.500	5083.500	5083.500	177	778	1
2026.07.21	16:20:00	5084.000	5084.500	5083.500	5084.000	124	670	1
2026.07.21	16:21:00	5084.000	5084.500	5083.500	5084.000	193	819	1
2026.07.21	16:22:00	5084.000	5084.500	5084.000	5084.000	112	790	1
2026.07.21	16:23:00	5084.500	5084.500	5084.000	5084.000	125	420	1
2026.07.21	16:24:00	5084.000	5084.500	5084.000	5084.000	57	135	1
2026.07.21	16:25:00	5084.000	5084.500	5083.500	5083.500	203	783	1
2026.07.21	16:26:00	5084.000	5084.500	5083.500	5083.500	302	863	1
2026.07.21	16:27:00	5084.000	5084.000	5083.500	5084.000	163	827	1
2026.07.21	16:28:00	5084.000	5084.500	5083.500	5084.500	131	633	1
2026.07.21	16:29:00	5084.500	5084.500	5084.000	5084.000	66	288	1
2026.07.21	16:30:00	5084.500	5085.000	5084.000	5084.500	297	1238	1
2026.07.21	16:31:00	5084.500	5085.000	5084.000	5084.500	263	796	1
2026.07.21	16:32:00	5084.500	5084.500	5084.000	5084.000	220	1096	1
2026.07.21	16:33:00	5084.000	5084.500	5084.000	5084.500	39	252	1
2026.07.21	16:34:00	5084.500	5084.500	5083.500	5083.500	87	757	1
2026.07.21	16:35:00	5083.500	5084.500	5083.500	5084.000	276	893	1
2026.07.21	16:36:00	5083.500	5084.500	5083.500	5084.000	77	360	1
2026.07.21	16:37:00	5084.000	5084.500	5084.000	5084.000	33	156	1
2026.07.21	16:38:00	5084.500	5085.000	5084.000	5084.500	207	1689	1
2026.07.21	16:39:00	5084.000	5085.000	5084.000	5084.500	225	1887	1
2026.07.21	16:40:00	5084.500	5085.500	5084.500	5085.000	343	2010	1
2026.07.21	16:41:00	5085.000	5085.500	5084.500	5084.500	278	1820	1
2026.07.21	16:42:00	5084.500	5085.500	5084.500	5085.000	295	1470	1
2026.07.21	16:43:00	5085.000	5085.500	5084.500	5085.500	523	3625	1
2026.07.21	16:44:00	5085.000	5085.000	5084.500	5085.000	77	303	1
2026.07.21	16:45:00	5085.000	5085.000	5084.500	5084.500	217	1721	1
2026.07.21	16:46:00	5085.000	5085.000	5084.500	5084.500	114	700	1
2026.07.21	16:47:00	5085.000	5085.000	5084.500	5084.500	114	945	1
2026.07.21	16:48:00	5084.000	5084.500	5084.000	5084.000	115	937	1
2026.07.21	16:49:00	5084.000	5084.500	5084.000	5084.000	38	220	1
2026.07.21	16:50:00	5084.500	5084.500	5084.000	5084.000	123	553	1
2026.07.21	16:51:00	5084.500	5085.000	5084.000	5084.500	503	4235	1
2026.07.21	16:52:00	5084.500	5085.000	5084.500	5084.500	97	626	1
2026.07.21	16:53:00	5085.000	5085.500	5084.500	5085.000	442	2292	1
2026.07.21	16:54:00	5085.000	5086.000	5085.000	5085.500	466	3485	1
2026.07.21	16:55:00	5085.000	5087.000	5085.000	5086.500	849	4197	1
2026.07.21	16:56:00	5086.500	5087.000	5086.000	5086.500	696	4098	1
2026.07.21	16:57:00	5087.000	5088.000	5086.500	5087.500	1062	6569	1
2026.07.21	16:58:00	5087.500	5087.500	5086.500	5087.000	447	5147	1
2026.07.21	16:59:00	5086.500	5087.000	5086.500	5086.500	346	2220	1
2026.07.21	17:00:00	5086.500	5087.000	5086.500	5087.000	183	757	1
2026.07.21	17:01:00	5087.000	5087.000	5086.000	5086.500	200	1202	1
2026.07.21	17:02:00	5086.500	5087.000	5086.000	5086.500	146	1121	1
2026.07.21	17:03:00	5086.500	5087.000	5086.500	5087.000	64	580	1
2026.07.21	17:04:00	5087.000	5087.000	5086.500	5086.500	92	732	1
2026.07.21	17:05:00	5086.500	5087.000	5086.500	5086.500	68	677	1
2026.07.21	17:06:00	5087.000	5087.000	5086.500	5086.500	77	451	1
2026.07.21	17:07:00	5087.000	5087.000	5086.000	5086.500	336	4672	1
2026.07.21	17:08:00	5087.000	5087.000	5086.000	5086.000	94	382	1
2026.07.21	17:09:00	5086.500	5086.500	5085.500	5085.500	264	2064	1
2026.07.21	17:10:00	5085.500	5086.000	5085.000	5086.000	329	1815	1
2026.07.21	17:11:00	5086.000	5086.000	5085.500	5086.000	166	2267	1
2026.07.21	17:12:00	5086.000	5086.500	5085.500	5086.000	114	328	1
2026.07.21	17:13:00	5086.000	5086.000	5085.000	5085.000	303	2797	1
2026.07.21	17:14:00	5085.000	5086.000	5085.000	5085.500	99	1122	1
2026.07.21	17:15:00	5086.000	5086.000	5085.500	5086.000	43	436	1
2026.07.21	17:16:00	5086.000	5086.000	5085.500	5085.500	91	471	1
2026.07.21	17:17:00	5085.500	5086.000	5085.000	5085.000	205	2151	1
2026.07.21	17:18:00	5085.000	5085.500	5083.500	5084.500	914	7900	1
2026.07.21	17:19:00	5084.500	5085.000	5084.000	5084.500	82	348	1
2026.07.21	17:20:00	5085.000	5085.000	5084.500	5085.000	116	252	1
2026.07.21	17:21:00	5085.000	5085.500	5084.500	5085.000	174	1075	1
2026.07.21	17:22:00	5084.500	5085.500	5084.500	5084.500	166	867	1
2026.07.21	17:23:00	5084.500	5085.000	5084.500	5085.000	110	741	1
2026.07.21	17:24:00	5084.500	5085.000	5084.500	5084.500	42	286	1
2026.07.21	17:25:00	5085.000	5085.500	5085.000	5085.000	52	517	1
2026.07.21	17:26:00	5085.500	5086.500	5085.000	5086.000	336	5057	1
2026.07.21	17:27:00	5086.500	5086.500	5085.500	5086.000	84	515	1
2026.07.21	17:28:00	5086.000	5086.000	5085.000	5085.000	157	1256	1
2026.07.21	17:29:00	5085.000	5085.500	5085.000	5085.000	56	382	1
2026.07.21	17:30:00	5085.000	5085.500	5085.000	5085.000	250	758	1
2026.07.21	17:31:00	5085.000	5085.500	5085.000	5085.500	106	1018	1
2026.07.21	17:32:00	5085.500	5086.000	5085.500	5086.000	43	177	1
2026.07.21	17:33:00	5086.000	5086.000	5085.500	5085.500	41	226	1
2026.07.21	17:34:00	5085.500	5086.000	5085.500	5086.000	102	428	1
2026.07.21	17:35:00	5085.500	5086.500	5085.500	5086.000	75	858	1
2026.07.21	17:36:00	5086.000	5086.500	5086.000	5086.500	88	616	1
2026.07.21	17:37:00	5086.000	5087.000	5086.000	5087.000	167	659	1
2026.07.21	17:38:00	5086.500	5087.000	5086.000	5086.000	76	562	1
2026.07.21	17:39:00	5086.500	5086.500	5086.000	5086.500	58	398	1
2026.07.21	17:40:00	5087.000	5087.000	5086.500	5086.500	52	543	1
2026.07.21	17:41:00	5086.500	5087.000	5086.500	5086.500	52	397	1
2026.07.21	17:42:00	5087.000	5087.000	5086.500	5086.500	176	1745	1
2026.07.21	17:43:00	5086.000	5087.500	5086.000	5087.000	278	4195	1
2026.07.21	17:44:00	5086.500	5088.000	5086.500	5088.000	214	1979	1
2026.07.21	17:45:00	5087.500	5088.000	5087.500	5087.500	254	2570	1
2026.07.21	17:46:00	5087.000	5087.500	5086.500	5087.000	244	2010	1
2026.07.21	17:47:00	5086.500	5087.000	5086.500	5086.500	97	609	1
2026.07.21	17:48:00	5086.500	5087.000	5086.000	5086.500	239	2782	1
2026.07.21	17:49:00	5086.000	5087.000	5086.000	5086.000	144	709	1
2026.07.21	17:50:00	5086.500	5087.000	5086.000	5086.500	135	2176	1
2026.07.21	17:51:00	5086.500	5087.000	5086.000	5086.500	182	1143	1
2026.07.21	17:52:00	5086.500	5087.000	5086.500	5086.500	145	1124	1
2026.07.21	17:53:00	5086.500	5087.000	5086.500	5087.000	75	622	1
2026.07.21	17:54:00	5087.000	5087.000	5086.500	5086.500	53	845	1
2026.07.21	17:55:00	5086.500	5087.000	5086.000	5086.000	126	1513	1
2026.07.21	17:56:00	5086.500	5086.500	5086.000	5086.000	52	486	1
2026.07.21	17:57:00	5086.000	5087.000	5086.000	5086.500	84	571	1
2026.07.21	17:58:00	5087.000	5087.000	5086.500	5086.500	136	1090	1
2026.07.21	17:59:00	5086.500	5087.000	5086.500	5086.500	83	660	1
2026.07.21	18:00:00	5086.500	5087.000	5086.500	5086.500	54	197	1
2026.07.21	18:01:00	5086.500	5087.500	5086.500	5087.500	108	700	1
2026.07.21	18:02:00	5087.500	5087.500	5087.000	5087.000	34	108	1
2026.07.21	18:03:00	5087.000	5087.000	5086.500	5086.500	79	670	1
2026.07.21	18:04:00	5086.500	5087.500	5086.500	5087.500	63	258	1
2026.07.21	18:05:00	5087.500	5089.500	5087.000	5089.000	761	5298	1
2026.07.21	18:06:00	5088.500	5089.500	5088.000	5088.500	190	1560	1
2026.07.21	18:07:00	5088.000	5088.500	5088.000	5088.000	54	441	1
2026.07.21	18:08:00	5088.000	5088.500	5088.000	5088.500	36	112	1
2026.07.21	18:09:00	5088.500	5088.500	5088.000	5088.500	113	454	1
2026.07.21	18:10:00	5089.000	5089.000	5088.000	5088.500	98	388	1
2026.07.21	18:11:00	5089.000	5089.000	5088.500	5089.000	95	2151	1
2026.07.21	18:12:00	5089.000	5089.000	5088.500	5089.000	53	678	1
2026.07.21	18:13:00	5089.000	5089.000	5088.000	5088.500	105	847	1
2026.07.21	18:14:00	5088.500	5088.500	5087.500	5087.500	213	500	1
2026.07.21	18:15:00	5088.000	5088.500	5087.500	5088.000	184	537	1
2026.07.21	18:16:00	5088.000	5088.500	5087.500	5088.000	76	245	1
2026.07.21	18:17:00	5087.500	5088.000	5087.500	5087.500	59	140	1
2026.07.21	18:18:00	5087.500	5088.500	5087.500	5088.000	99	416	1
2026.07.21	18:19:00	5088.500	5088.500	5088.000	5088.000	106	466	1
2026.07.21	18:20:00	5088.500	5088.500	5087.500	5088.500	181	1201	1
2026.07.21	18:21:00	5088.500	5088.500	5087.500	5088.000	98	328	1
2026.07.21	18:22:00	5088.500	5088.500	5088.000	5088.000	43	162	1
2026.07.21	18:23:00	5088.000	5089.000	5087.500	5088.500	123	1709	1
2026.07.21	18:24:00	5088.500	5088.500	5088.000	5088.000	56	177	1
2026.07.21	18:25:00	5088.000	5088.500	5087.000	5088.500	381	1436	1
2026.07.21	18:26:00	5088.500	5088.500	5087.500	5088.000	45	311	1
2026.07.21	18:27:00	5087.500	5088.500	5087.500	5088.000	31	176	1
2026.07.21	18:28:00	5088.000	5088.500	5087.500	5087.500	50	193	1
2026.07.21	18:29:00	5087.500	5088.000	5086.500	5086.500	94	1167	1
2026.07.22	09:00:00	5090.000	5092.000	5089.500	5090.500	717	4295	1
2026.07.22	09:01:00	5090.500	5092.500	5087.500	5089.500	4388	16954	1
2026.07.22	09:02:00	5090.000	5094.000	5088.500	5093.500	3512	11806	1
2026.07.22	09:03:00	5093.000	5093.000	5089.500	5091.000	2256	7375	1
2026.07.22	09:04:00	5091.500	5092.500	5089.500	5092.000	1225	5001	1
2026.07.22	09:05:00	5092.000	5092.500	5089.500	5089.500	1133	3437	1
2026.07.22	09:06:00	5090.000	5091.500	5089.000	5091.000	1132	4167	1
2026.07.22	09:07:00	5091.500	5093.500	5090.500	5092.000	1623	6765	1
2026.07.22	09:08:00	5091.500	5093.500	5091.000	5091.000	888	4444	1
2026.07.22	09:09:00	5091.000	5092.500	5090.000	5091.000	1020	6867	1
2026.07.22	09:10:00	5091.000	5091.000	5087.000	5087.000	2196	9098	1
2026.07.22	09:11:00	5087.000	5088.000	5085.000	5086.000	2344	8242	1
2026.07.22	09:12:00	5085.500	5088.000	5085.500	5087.500	1864	9701	1
2026.07.22	09:13:00	5087.500	5087.500	5086.000	5086.500	670	8338	1
2026.07.22	09:14:00	5086.500	5088.000	5086.000	5088.000	988	4485	1
2026.07.22	09:15:00	5087.500	5089.000	5087.500	5089.000	972	4174	1
2026.07.22	09:16:00	5088.500	5090.500	5087.500	5089.500	1593	7313	1
2026.07.22	09:17:00	5090.000	5090.000	5089.000	5089.500	773	3977	1
2026.07.22	09:18:00	5089.500	5089.500	5087.000	5088.500	1124	5353	1
2026.07.22	09:19:00	5088.000	5089.500	5088.000	5089.000	765	3959	1
2026.07.22	09:20:00	5089.000	5090.500	5088.500	5089.000	1343	6569	1
2026.07.22	09:21:00	5089.000	5091.500	5089.000	5091.500	1265	4472	1
2026.07.22	09:22:00	5091.500	5093.000	5089.500	5092.500	1904	10357	1
2026.07.22	09:23:00	5092.500	5093.500	5091.000	5093.000	1403	6031	1
2026.07.22	09:24:00	5093.000	5093.000	5090.500	5092.500	1046	4391	1
2026.07.22	09:25:00	5093.000	5095.500	5092.500	5094.000	2649	11623	1
2026.07.22	09:26:00	5094.000	5095.500	5093.500	5094.000	1202	6056	1
2026.07.22	09:27:00	5094.000	5095.000	5093.500	5093.500	973	5827	1
2026.07.22	09:28:00	5093.500	5095.000	5092.500	5093.000	1107	4260	1
2026.07.22	09:29:00	5092.500	5095.000	5092.500	5095.000	892	3611	1
2026.07.22	09:30:00	5095.000	5095.000	5090.500	5091.000	2352	9837	1
2026.07.22	09:31:00	5091.000	5092.000	5089.000	5091.500	2233	10010	1
2026.07.22	09:32:00	5091.000	5092.000	5090.000	5092.000	955	4948	1
2026.07.22	09:33:00	5092.000	5092.000	5090.500	5091.500	507	2508	1
2026.07.22	09:34:00	5091.000	5091.500	5090.000	5091.500	464	1333	1
2026.07.22	09:35:00	5091.000	5091.000	5089.000	5090.500	1040	4694	1
2026.07.22	09:36:00	5090.500	5090.500	5088.000	5088.000	1247	6043	1
2026.07.22	09:37:00	5088.500	5090.500	5088.000	5090.000	1006	5127	1
2026.07.22	09:38:00	5090.000	5091.500	5089.500	5091.000	1200	6764	1
2026.07.22	09:39:00	5090.500	5091.000	5090.000	5090.000	702	3369	1
2026.07.22	09:40:00	5090.000	5091.000	5089.500	5090.000	509	2326	1
2026.07.22	09:41:00	5090.000	5090.500	5087.500	5089.000	1542	6565	1
2026.07.22	09:42:00	5089.000	5090.000	5088.500	5089.500	633	3400	1
2026.07.22	09:43:00	5089.500	5091.000	5089.000	5090.500	963	3834	1
2026.07.22	09:44:00	5090.000	5091.500	5090.000	5090.000	849	4329	1
2026.07.22	09:45:00	5090.500	5092.000	5090.000	5091.500	784	3333	1
2026.07.22	09:46:00	5091.500	5092.000	5091.000	5092.000	478	2236	1
2026.07.22	09:47:00	5092.000	5092.000	5090.500	5091.500	669	2933	1
2026.07.22	09:48:00	5091.500	5093.000	5091.000	5092.000	922	3276	1
2026.07.22	09:49:00	5092.000	5092.000	5091.000	5091.500	271	1412	1
2026.07.22	09:50:00	5091.500	5092.000	5089.500	5092.000	1028	5478	1
2026.07.22	09:51:00	5092.000	5092.500	5091.500	5091.500	338	689	1
2026.07.22	09:52:00	5092.000	5092.000	5089.500	5089.500	647	3128	1
2026.07.22	09:53:00	5090.000	5090.000	5087.000	5088.500	2699	14662	1
2026.07.22	09:54:00	5089.000	5089.000	5088.000	5088.000	374	928	1
2026.07.22	09:55:00	5088.500	5089.000	5088.000	5089.000	397	1379	1
2026.07.22	09:56:00	5088.500	5096.000	5088.500	5094.500	4437	24671	1
2026.07.22	09:57:00	5094.500	5095.000	5090.000	5090.500	2758	10189	1
2026.07.22	09:58:00	5090.000	5093.000	5088.500	5090.000	2179	9953	1
2026.07.22	09:59:00	5090.000	5091.000	5089.500	5091.000	770	2300	1
2026.07.22	10:00:00	5091.000	5091.000	5088.000	5088.500	1459	7350	1
2026.07.22	10:01:00	5089.000	5090.500	5088.500	5090.000	992	4523	1
2026.07.22	10:02:00	5090.000	5090.500	5088.000	5089.500	744	3850	1
2026.07.22	10:03:00	5089.000	5090.500	5088.500	5089.500	662	4573	1
2026.07.22	10:04:00	5089.500	5090.000	5088.500	5089.500	544	2262	1
2026.07.22	10:05:00	5089.500	5090.000	5088.500	5089.500	402	2098	1
2026.07.22	10:06:00	5089.500	5089.500	5088.500	5089.500	480	2234	1
2026.07.22	10:07:00	5089.500	5090.000	5089.000	5089.500	520	2040	1
2026.07.22	10:08:00	5089.500	5090.500	5089.000	5090.000	274	1159	1
2026.07.22	10:09:00	5089.500	5089.500	5087.000	5087.500	1356	6454	1
2026.07.22	10:10:00	5087.500	5087.500	5084.500	5084.500	3335	14072	1
2026.07.22	10:11:00	5084.500	5085.000	5083.000	5083.500	2238	9689	1
2026.07.22	10:12:00	5084.000	5085.000	5083.000	5084.000	1469	6674	1
2026.07.22	10:13:00	5084.000	5084.000	5082.000	5084.000	1956	10999	1
2026.07.22	10:14:00	5084.000	5084.500	5083.000	5083.000	640	2165	1
2026.07.22	10:15:00	5083.000	5085.000	5083.000	5083.500	894	2702	1
2026.07.22	10:16:00	5083.500	5084.000	5082.500	5082.500	485	2259	1
2026.07.22	10:17:00	5082.500	5083.500	5082.000	5082.500	642	2838	1
2026.07.22	10:18:00	5083.000	5083.500	5082.500	5083.500	448	2034	1
2026.07.22	10:19:00	5083.000	5083.500	5080.000	5080.000	2253	11203	1
2026.07.22	10:20:00	5080.500	5081.000	5078.500	5080.000	2916	14511	1
2026.07.22	10:21:00	5080.000	5081.000	5079.000	5081.000	1240	4696	1
2026.07.22	10:22:00	5081.000	5081.000	5079.000	5079.000	783	1943	1
2026.07.22	10:23:00	5078.500	5079.500	5074.500	5075.500	3996	16829	1
2026.07.22	10:24:00	5076.000	5077.500	5075.000	5075.500	1991	8885	1
2026.07.22	10:25:00	5076.000	5078.000	5075.500	5077.000	1331	5994	1
2026.07.22	10:26:00	5077.000	5077.500	5075.500	5076.500	732	4062	1
2026.07.22	10:27:00	5076.500	5077.500	5076.000	5077.500	660	3712	1
2026.07.22	10:28:00	5077.000	5079.000	5076.500	5078.500	1600	7549	1
2026.07.22	10:29:00	5079.000	5080.000	5078.500	5079.000	1429	5506	1
2026.07.22	10:30:00	5079.000	5079.500	5076.000	5076.500	2178	7199	1
2026.07.22	10:31:00	5076.500	5077.000	5073.500	5074.000	2988	11549	1
2026.07.22	10:32:00	5074.000	5078.000	5073.500	5076.500	2180	8941	1
2026.07.22	10:33:00	5076.500	5078.000	5075.500	5078.000	1315	6149	1
2026.07.22	10:34:00	5077.500	5078.000	5075.500	5075.500	1038	5278	1
2026.07.22	10:35:00	5076.000	5077.500	5075.500	5077.000	795	3437	1
2026.07.22	10:36:00	5076.500	5077.000	5075.000	5076.000	675	2015	1
2026.07.22	10:37:00	5076.000	5077.000	5076.000	5076.000	439	1094	1
2026.07.22	10:38:00	5076.500	5077.000	5075.500	5076.000	876	2680	1
2026.07.22	10:39:00	5076.000	5076.500	5074.500	5075.000	1508	5710	1
2026.07.22	10:40:00	5075.500	5076.000	5074.500	5074.500	949	3879	1
2026.07.22	10:41:00	5074.500	5075.000	5073.500	5073.500	1432	6570	1
2026.07.22	10:42:00	5073.500	5074.000	5071.500	5072.500	2968	10847	1
2026.07.22	10:43:00	5073.000	5073.000	5068.000	5069.000	4397	24929	1
2026.07.22	10:44:00	5069.000	5069.000	5066.000	5068.500	3053	14322	1
2026.07.22	10:45:00	5068.000	5068.500	5066.500	5066.500	1305	5765	1
2026.07.22	10:46:00	5067.000	5068.500	5065.000	5068.000	2360	10286	1
2026.07.22	10:47:00	5067.500	5068.000	5065.500	5067.000	1078	6929	1
2026.07.22	10:48:00	5067.000	5068.000	5065.500	5065.500	1386	6637	1
2026.07.22	10:49:00	5065.500	5069.000	5065.000	5069.000	2071	14148	1
2026.07.22	10:50:00	5069.000	5070.000	5067.500	5068.000	1275	5929	1
2026.07.22	10:51:00	5067.500	5069.000	5067.500	5068.500	897	4981	1
2026.07.22	10:52:00	5068.500	5069.000	5066.500	5067.000	1117	4472	1
2026.07.22	10:53:00	5067.000	5069.500	5067.000	5069.000	723	2732	1
2026.07.22	10:54:00	5069.500	5070.000	5068.500	5069.500	1286	4875	1
2026.07.22	10:55:00	5069.500	5070.000	5068.000	5069.000	884	3196	1
2026.07.22	10:56:00	5069.500	5070.500	5067.500	5067.500	1682	9105	1
2026.07.22	10:57:00	5068.000	5068.500	5067.000	5068.500	718	2543	1
2026.07.22	10:58:00	5068.000	5069.000	5067.500	5068.500	457	1394	1
2026.07.22	10:59:00	5068.500	5069.000	5068.000	5069.000	432	2323	1
2026.07.22	11:00:00	5068.500	5069.000	5067.000	5067.500	660	2759	1
2026.07.22	11:01:00	5067.500	5068.000	5065.500	5066.000	1606	8737	1
2026.07.22	11:02:00	5066.000	5066.500	5061.000	5063.500	5699	31822	1
2026.07.22	11:03:00	5063.000	5064.000	5061.500	5062.000	1444	8234	1
2026.07.22	11:04:00	5062.500	5064.500	5062.000	5064.500	1087	5396	1
2026.07.22	11:05:00	5064.500	5066.000	5064.000	5065.500	1983	13478	1
2026.07.22	11:06:00	5065.500	5068.000	5065.000	5067.500	1624	9592	1
2026.07.22	11:07:00	5067.000	5068.500	5066.500	5068.000	1152	5680	1
2026.07.22	11:08:00	5068.000	5070.500	5068.000	5070.000	2297	9918	1
2026.07.22	11:09:00	5070.000	5070.500	5068.000	5069.500	1141	6333	1
2026.07.22	11:10:00	5069.500	5071.000	5068.500	5070.500	1254	5789	1
2026.07.22	11:11:00	5070.500	5071.000	5069.000	5070.000	711	3288	1
2026.07.22	11:12:00	5070.500	5071.000	5069.000	5069.500	903	4931	1
2026.07.22	11:13:00	5070.000	5070.000	5069.000	5070.000	600	4844	1
2026.07.22	11:14:00	5070.000	5070.500	5068.500	5070.500	853	5171	1
2026.07.22	11:15:00	5070.000	5070.500	5069.000	5069.000	430	2072	1
2026.07.22	11:16:00	5069.000	5070.000	5068.000	5068.500	896	5215	1
2026.07.22	11:17:00	5069.000	5069.500	5068.500	5069.000	228	1107	1
2026.07.22	11:18:00	5069.000	5070.000	5068.000	5068.500	1137	6628	1
2026.07.22	11:19:00	5068.500	5069.000	5067.500	5068.000	866	4440	1
2026.07.22	11:20:00	5068.500	5068.500	5066.500	5067.000	1075	6972	1
2026.07.22	11:21:00	5067.500	5068.500	5066.500	5068.000	824	6834	1
2026.07.22	11:22:00	5068.000	5069.500	5067.500	5068.500	885	6058	1
2026.07.22	11:23:00	5069.000	5071.500	5069.000	5069.500	1743	7912	1
2026.07.22	11:24:00	5070.000	5072.000	5069.500	5071.500	1130	4587	1
2026.07.22	11:25:00	5071.000	5071.500	5069.500	5070.000	859	4420	1
2026.07.22	11:26:00	5070.500	5071.500	5070.000	5071.000	988	3965	1
2026.07.22	11:27:00	5071.000	5071.500	5069.000	5069.500	1262	6833	1
2026.07.22	11:28:00	5070.000	5070.500	5069.000	5069.500	430	1425	1
2026.07.22	11:29:00	5069.500	5070.500	5069.000	5069.500	481	2313	1
2026.07.22	11:30:00	5069.500	5070.500	5069.000	5070.000	624	2066	1
2026.07.22	11:31:00	5070.000	5070.500	5067.500	5068.000	1045	4665	1
2026.07.22	11:32:00	5067.500	5068.500	5067.500	5068.500	674	2044	1
2026.07.22	11:33:00	5068.000	5069.500	5068.000	5069.000	515	3372	1
2026.07.22	11:34:00	5069.000	5069.000	5067.500	5068.000	566	3138	1
2026.07.22	11:35:00	5068.500	5069.000	5068.000	5069.000	276	978	1
2026.07.22	11:36:00	5068.500	5069.000	5068.000	5068.500	637	2034	1
2026.07.22	11:37:00	5068.000	5070.500	5068.000	5070.000	808	4213	1
2026.07.22	11:38:00	5070.000	5071.000	5069.000	5069.500	756	3568	1
2026.07.22	11:39:00	5069.500	5069.500	5068.000	5068.000	407	1467	1
2026.07.22	11:40:00	5068.500	5068.500	5067.500	5068.000	793	4126	1
2026.07.22	11:41:00	5068.000	5069.000	5067.500	5069.000	360	2433	1
2026.07.22	11:42:00	5069.500	5069.500	5067.500	5068.000	415	1507	1
2026.07.22	11:43:00	5068.500	5069.000	5068.000	5068.500	320	1796	1
2026.07.22	11:44:00	5068.500	5069.500	5067.500	5069.000	579	3468	1
2026.07.22	11:45:00	5069.000	5069.500	5069.000	5069.500	505	1652	1
2026.07.22	11:46:00	5069.500	5070.000	5069.000	5069.000	220	626	1
2026.07.22	11:47:00	5069.500	5069.500	5069.000	5069.000	173	580	1
2026.07.22	11:48:00	5069.000	5071.000	5068.500	5071.000	975	5429	1
2026.07.22	11:49:00	5070.500	5072.500	5070.500	5072.500	1716	8162	1
2026.07.22	11:50:00	5072.500	5073.500	5072.000	5072.500	1945	6786	1
2026.07.22	11:51:00	5072.500	5073.500	5072.000	5073.000	581	2308	1
2026.07.22	11:52:00	5073.000	5074.500	5072.500	5074.500	846	3416	1
2026.07.22	11:53:00	5074.000	5074.500	5072.500	5073.000	572	2619	1
2026.07.22	11:54:00	5073.000	5073.500	5071.500	5072.000	990	5897	1
2026.07.22	11:55:00	5072.000	5074.000	5072.000	5072.500	684	2278	1
2026.07.22	11:56:00	5072.500	5073.500	5072.500	5073.000	303	892	1
2026.07.22	11:57:00	5073.000	5073.000	5072.000	5072.500	371	1637	1
2026.07.22	11:58:00	5072.000	5072.500	5071.000	5071.500	686	3563	1
2026.07.22	11:59:00	5071.500	5072.500	5071.000	5072.000	532	2540	1
2026.07.22	12:00:00	5072.500	5074.000	5072.000	5073.500	1009	5584	1
2026.07.22	12:01:00	5073.000	5074.000	5073.000	5074.000	755	4546	1
2026.07.22	12:02:00	5074.000	5076.000	5073.500	5075.000	2208	11261	1
2026.07.22	12:03:00	5075.000	5075.000	5073.000	5073.000	748	3022	1
2026.07.22	12:04:00	5073.500	5074.500	5073.000	5074.000	514	2454	1
2026.07.22	12:05:00	5074.000	5074.000	5072.500	5073.000	830	3541	1
2026.07.22	12:06:00	5073.000	5074.000	5073.000	5073.500	516	1946	1
2026.07.22	12:07:00	5074.000	5074.500	5073.000	5073.500	759	2861	1
2026.07.22	12:08:00	5073.500	5074.000	5073.000	5073.500	296	1568	1
2026.07.22	12:09:00	5074.000	5074.000	5073.000	5073.500	361	1851	1
2026.07.22	12:10:00	5073.500	5074.000	5073.500	5073.500	380	1927	1
2026.07.22	12:11:00	5074.000	5076.500	5074.000	5075.000	1593	6873	1
2026.07.22	12:12:00	5075.000	5076.000	5075.000	5075.000	397	1680	1
2026.07.22	12:13:00	5075.000	5076.000	5075.000	5076.000	126	549	1
2026.07.22	12:14:00	5075.500	5076.000	5075.000	5075.500	894	2149	1
2026.07.22	12:15:00	5076.000	5076.000	5075.000	5075.500	357	2891	1
2026.07.22	12:16:00	5075.000	5076.000	5074.500	5075.500	378	2047	1
2026.07.22	12:17:00	5076.000	5076.000	5074.500	5075.500	381	1987	1
2026.07.22	12:18:00	5076.000	5076.000	5075.500	5076.000	167	845	1
2026.07.22	12:19:00	5076.000	5076.000	5075.000	5075.500	401	1222	1
2026.07.22	12:20:00	5075.500	5075.500	5074.500	5074.500	258	1012	1
2026.07.22	12:21:00	5074.500	5076.000	5074.000	5075.000	955	5794	1
2026.07.22	12:22:00	5075.000	5075.000	5073.500	5073.500	539	3179	1
2026.07.22	12:23:00	5073.500	5075.000	5073.500	5074.000	420	2839	1
2026.07.22	12:24:00	5074.000	5074.500	5072.500	5073.000	974	3793	1
2026.07.22	12:25:00	5073.000	5074.500	5072.500	5073.500	920	5693	1
2026.07.22	12:26:00	5073.500	5075.000	5073.500	5075.000	333	1815	1
2026.07.22	12:27:00	5074.500	5075.500	5074.000	5075.000	361	1930	1
2026.07.22	12:28:00	5075.500	5075.500	5075.000	5075.500	135	1032	1
2026.07.22	12:29:00	5075.500	5076.000	5071.500	5072.500	1861	14997	1
2026.07.22	12:30:00	5072.500	5074.000	5072.000	5073.000	933	5384	1
2026.07.22	12:31:00	5072.500	5073.500	5072.000	5072.500	467	1550	1
2026.07.22	12:32:00	5072.500	5073.000	5072.000	5072.000	351	998	1
2026.07.22	12:33:00	5072.500	5073.500	5072.000	5073.500	455	2038	1
2026.07.22	12:34:00	5073.000	5073.500	5072.500	5073.000	307	3126	1
2026.07.22	12:35:00	5073.000	5073.500	5072.500	5073.500	214	1894	1
2026.07.22	12:36:00	5073.000	5073.500	5072.500	5072.500	273	807	1
2026.07.22	12:37:00	5072.500	5073.000	5072.000	5072.000	338	2522	1
2026.07.22	12:38:00	5072.500	5072.500	5069.000	5070.000	2462	11547	1
2026.07.22	12:39:00	5070.500	5071.500	5069.500	5071.500	744	5721	1
2026.07.22	12:40:00	5071.500	5071.500	5070.500	5070.500	367	1412	1
2026.07.22	12:41:00	5071.000	5071.000	5069.500	5069.500	380	2542	1
2026.07.22	12:42:00	5070.000	5070.500	5069.500	5069.500	426	1676	1
2026.07.22	12:43:00	5070.000	5070.000	5069.000	5069.500	554	2855	1
2026.07.22	12:44:00	5069.500	5071.000	5069.000	5071.000	321	1406	1
2026.07.22	12:45:00	5070.500	5071.500	5070.000	5070.000	565	3437	1
2026.07.22	12:46:00	5070.500	5071.500	5070.000	5071.000	318	1860	1
2026.07.22	12:47:00	5071.000	5071.500	5070.500	5071.000	476	1327	1
2026.07.22	12:48:00	5071.500	5071.500	5070.000	5070.500	305	934	1
2026.07.22	12:49:00	5070.000	5070.500	5069.000	5069.500	335	1409	1
2026.07.22	12:50:00	5069.500	5070.000	5068.500	5069.000	698	3426	1
2026.07.22	12:51:00	5069.000	5070.000	5069.000	5070.000	176	814	1
2026.07.22	12:52:00	5070.000	5070.000	5068.500	5070.000	275	1710	1
2026.07.22	12:53:00	5070.000	5070.500	5069.500	5070.000	351	1895	1
2026.07.22	12:54:00	5070.000	5070.000	5069.500	5070.000	181	688	1
2026.07.22	12:55:00	5070.500	5071.000	5070.000	5070.000	461	2086	1
2026.07.22	12:56:00	5070.000	5070.500	5070.000	5070.000	201	792	1
2026.07.22	12:57:00	5070.500	5070.500	5069.000	5069.500	321	1548	1
2026.07.22	12:58:00	5069.500	5070.000	5069.500	5069.500	146	682	1
2026.07.22	12:59:00	5069.500	5070.500	5069.500	5070.000	266	1468	1
2026.07.22	13:00:00	5070.500	5070.500	5068.500	5069.500	529	2340	1
2026.07.22	13:01:00	5069.000	5070.500	5069.000	5069.500	624	5328	1
2026.07.22	13:02:00	5069.500	5070.000	5069.500	5070.000	157	1113	1
2026.07.22	13:03:00	5070.000	5070.500	5069.500	5070.500	433	4212	1
2026.07.22	13:04:00	5070.000	5071.000	5070.000	5071.000	433	3211	1
2026.07.22	13:05:00	5071.000	5071.500	5070.500	5071.000	485	1876	1
2026.07.22	13:06:00	5070.500	5071.000	5070.000	5070.500	175	499	1
2026.07.22	13:07:00	5070.500	5074.000	5069.500	5072.000	3054	15081	1
2026.07.22	13:08:00	5072.500	5073.000	5071.500	5072.000	447	2415	1
2026.07.22	13:09:00	5072.000	5072.500	5071.000	5072.000	368	1965	1
2026.07.22	13:10:00	5072.500	5073.000	5072.000	5072.500	190	699	1
2026.07.22	13:11:00	5072.000	5072.500	5072.000	5072.000	268	417	1
2026.07.22	13:12:00	5072.000	5073.000	5071.000	5073.000	573	2715	1
2026.07.22	13:13:00	5073.000	5073.000	5070.500	5071.000	521	3222	1
2026.07.22	13:14:00	5071.000	5071.500	5070.000	5070.500	785	4593	1
2026.07.22	13:15:00	5070.500	5071.000	5070.500	5070.500	297	1463	1
2026.07.22	13:16:00	5070.500	5072.000	5070.500	5071.000	437	1225	1
2026.07.22	13:17:00	5071.500	5071.500	5070.500	5070.500	238	1735	1
2026.07.22	13:18:00	5070.500	5071.000	5070.500	5070.500	126	262	1
2026.07.22	13:19:00	5071.000	5071.000	5070.000	5070.000	144	793	1
2026.07.22	13:20:00	5070.000	5070.500	5070.000	5070.000	619	2553	1
2026.07.22	13:21:00	5070.000	5071.000	5070.000	5071.000	159	1232	1
2026.07.22	13:22:00	5070.500	5071.500	5070.500	5071.000	221	1306	1
2026.07.22	13:23:00	5071.500	5071.500	5070.500	5071.000	345	1472	1
2026.07.22	13:24:00	5071.500	5071.500	5070.500	5071.000	99	1154	1
2026.07.22	13:25:00	5071.000	5071.000	5070.000	5071.000	179	748	1
2026.07.22	13:26:00	5070.500	5071.500	5070.500	5071.000	194	534	1
2026.07.22	13:27:00	5071.000	5071.000	5070.500	5070.500	41	88	1
2026.07.22	13:28:00	5071.000	5071.000	5070.500	5070.500	120	325	1
2026.07.22	13:29:00	5070.500	5071.000	5070.500	5071.000	54	113	1
2026.07.22	13:30:00	5071.000	5071.000	5070.000	5070.500	78	615	1
2026.07.22	13:31:00	5070.000	5070.500	5069.000	5069.500	494	3486	1
2026.07.22	13:32:00	5069.500	5070.500	5069.500	5069.500	355	1591	1
2026.07.22	13:33:00	5069.500	5070.500	5069.500	5070.000	235	487	1
2026.07.22	13:34:00	5070.500	5071.000	5070.000	5071.000	233	1465	1
2026.07.22	13:35:00	5070.500	5071.000	5070.500	5070.500	130	581	1
2026.07.22	13:36:00	5071.000	5071.000	5070.500	5070.500	140	454	1
2026.07.22	13:37:00	5070.500	5071.000	5068.500	5069.000	1101	5746	1
2026.07.22	13:38:00	5069.000	5070.000	5068.500	5069.000	392	3629	1
2026.07.22	13:39:00	5069.000	5069.500	5068.500	5069.000	450	3719	1
2026.07.22	13:40:00	5069.500	5069.500	5068.500	5069.000	278	1165	1
2026.07.22	13:41:00	5069.000	5069.500	5068.500	5069.000	119	660	1
2026.07.22	13:42:00	5069.000	5069.000	5068.000	5068.000	401	1704	1
2026.07.22	13:43:00	5068.000	5068.500	5068.000	5068.000	137	527	1
2026.07.22	13:44:00	5068.000	5069.500	5068.000	5069.500	308	2646	1
2026.07.22	13:45:00	5069.000	5070.000	5069.000	5069.000	411	2477	1
2026.07.22	13:46:00	5069.000	5069.500	5068.000	5069.000	249	1403	1
2026.07.22	13:47:00	5068.500	5069.000	5067.500	5068.500	837	3268	1
2026.07.22	13:48:00	5068.500	5068.500	5068.000	5068.000	223	1068	1
2026.07.22	13:49:00	5068.000	5069.000	5068.000	5068.500	190	643	1
2026.07.22	13:50:00	5068.000	5069.000	5068.000	5068.000	189	981	1
2026.07.22	13:51:00	5068.000	5069.000	5068.000	5069.000	204	1509	1
2026.07.22	13:52:00	5069.000	5069.000	5068.500	5068.500	142	700	1
2026.07.22	13:53:00	5069.000	5069.000	5068.000	5068.500	468	3055	1
2026.07.22	13:54:00	5068.500	5070.000	5068.500	5069.500	398	1951	1
2026.07.22	13:55:00	5069.000	5069.500	5068.500	5068.500	216	855	1
2026.07.22	13:56:00	5068.500	5069.000	5068.500	5068.500	84	267	1
2026.07.22	13:57:00	5069.000	5069.000	5068.500	5069.000	27	63	1
2026.07.22	13:58:00	5068.500	5069.500	5068.500	5069.500	623	2252	1
2026.07.22	13:59:00	5069.500	5069.500	5069.000	5069.500	52	184	1
2026.07.22	14:00:00	5069.500	5070.000	5069.000	5069.000	543	2012	1
2026.07.22	14:01:00	5069.500	5070.000	5069.000	5069.500	193	1621	1
2026.07.22	14:02:00	5069.500	5070.500	5068.500	5070.000	533	2839	1
2026.07.22	14:03:00	5070.000	5070.500	5069.000	5069.500	768	5857	1
2026.07.22	14:04:00	5069.500	5071.000	5069.000	5069.500	465	2473	1
2026.07.22	14:05:00	5069.000	5070.000	5067.000	5067.500	1319	8772	1
2026.07.22	14:06:00	5067.500	5067.500	5065.500	5067.000	2002	9017	1
2026.07.22	14:07:00	5067.000	5068.500	5067.000	5068.000	415	2847	1
2026.07.22	14:08:00	5068.000	5068.000	5066.500	5067.000	374	2467	1
2026.07.22	14:09:00	5067.000	5067.000	5065.500	5066.000	393	2433	1
2026.07.22	14:10:00	5066.000	5067.000	5065.500	5066.500	429	2822	1
2026.07.22	14:11:00	5067.000	5067.500	5066.500	5067.500	213	995	1
2026.07.22	14:12:00	5067.000	5067.500	5066.000	5066.500	342	2469	1
2026.07.22	14:13:00	5066.500	5067.000	5066.000	5067.000	393	2046	1
2026.07.22	14:14:00	5066.500	5068.000	5066.500	5067.500	350	2166	1
2026.07.22	14:15:00	5067.500	5068.500	5067.500	5068.000	310	830	1
2026.07.22	14:16:00	5067.500	5068.000	5067.000	5067.500	367	3443	1
2026.07.22	14:17:00	5067.500	5067.500	5066.500	5067.000	380	2270	1
2026.07.22	14:18:00	5067.000	5068.500	5066.500	5068.500	356	3296	1
2026.07.22	14:19:00	5068.500	5068.500	5067.500	5068.000	152	621	1
2026.07.22	14:20:00	5068.000	5068.000	5066.500	5067.000	200	537	1
2026.07.22	14:21:00	5067.000	5067.000	5066.500	5066.500	277	1459	1
2026.07.22	14:22:00	5067.000	5067.000	5066.500	5066.500	146	758	1
2026.07.22	14:23:00	5066.500	5067.500	5066.500	5067.500	137	531	1
2026.07.22	14:24:00	5067.500	5068.000	5067.000	5067.500	174	919	1
2026.07.22	14:25:00	5068.000	5068.000	5067.000	5067.500	108	281	1
2026.07.22	14:26:00	5067.500	5067.500	5066.500	5066.500	217	819	1
2026.07.22	14:27:00	5066.500	5067.500	5066.500	5067.500	131	529	1
2026.07.22	14:28:00	5067.500	5067.500	5066.500	5067.500	105	657	1
2026.07.22	14:29:00	5067.000	5068.000	5067.000	5067.000	159	374	1
2026.07.22	14:30:00	5067.000	5067.500	5066.500	5067.000	229	1260	1
2026.07.22	14:31:00	5066.500	5067.000	5066.000	5066.000	414	1633	1
2026.07.22	14:32:00	5066.500	5067.500	5066.000	5066.500	383	2163	1
2026.07.22	14:33:00	5066.000	5066.500	5065.500	5066.000	370	3576	1
2026.07.22	14:34:00	5066.000	5067.500	5066.000	5067.000	404	3298	1
2026.07.22	14:35:00	5067.000	5068.500	5067.000	5068.500	629	3636	1
2026.07.22	14:36:00	5068.500	5069.000	5068.000	5069.000	415	1505	1
2026.07.22	14:37:00	5069.000	5069.000	5068.500	5068.500	152	662	1
2026.07.22	14:38:00	5068.500	5069.500	5068.000	5069.500	702	2870	1
2026.07.22	14:39:00	5069.500	5070.500	5068.500	5070.500	1085	6699	1
2026.07.22	14:40:00	5070.500	5071.500	5069.500	5070.000	1359	8557	1
2026.07.22	14:41:00	5070.000	5070.500	5069.500	5069.500	474	3187	1
2026.07.22	14:42:00	5069.500	5069.500	5068.500	5068.500	429	2486	1
2026.07.22	14:43:00	5069.000	5069.500	5068.500	5069.000	188	1414	1
2026.07.22	14:44:00	5069.500	5070.000	5069.000	5070.000	298	1715	1
2026.07.22	14:45:00	5069.500	5070.500	5069.500	5070.500	241	2002	1
2026.07.22	14:46:00	5070.000	5071.000	5070.000	5070.000	300	1010	1
2026.07.22	14:47:00	5070.000	5070.500	5069.000	5069.500	248	1492	1
2026.07.22	14:48:00	5069.500	5070.000	5069.000	5069.500	141	936	1
2026.07.22	14:49:00	5069.500	5070.000	5069.000	5070.000	217	679	1
2026.07.22	14:50:00	5070.000	5070.000	5069.500	5070.000	68	423	1
2026.07.22	14:51:00	5070.000	5070.000	5069.000	5069.000	273	1290	1
2026.07.22	14:52:00	5069.500	5070.500	5069.500	5069.500	239	1508	1
2026.07.22	14:53:00	5070.000	5070.500	5069.500	5070.000	186	811	1
2026.07.22	14:54:00	5070.500	5071.000	5070.000	5071.000	235	1125	1
2026.07.22	14:55:00	5071.000	5071.000	5070.000	5070.500	101	278	1
2026.07.22	14:56:00	5070.000	5071.000	5070.000	5071.000	216	948	1
2026.07.22	14:57:00	5070.500	5071.000	5070.000	5071.000	144	928	1
2026.07.22	14:58:00	5070.500	5071.000	5070.000	5070.500	170	617	1
2026.07.22	14:59:00	5071.000	5071.000	5070.000	5070.500	135	648	1
2026.07.22	15:00:00	5070.500	5071.000	5069.500	5070.500	357	2137	1
2026.07.22	15:01:00	5070.500	5071.500	5070.500	5071.000	301	1926	1
2026.07.22	15:02:00	5071.000	5071.000	5070.500	5070.500	95	622	1
2026.07.22	15:03:00	5070.500	5071.000	5070.000	5070.000	360	2093	1
2026.07.22	15:04:00	5070.000	5071.000	5070.000	5070.000	260	419	1
2026.07.22	15:05:00	5070.000	5070.500	5069.500	5070.500	326	1250	1
2026.07.22	15:06:00	5070.500	5071.000	5070.000	5070.500	171	534	1
2026.07.22	15:07:00	5070.000	5070.500	5070.000	5070.500	141	514	1
2026.07.22	15:08:00	5070.500	5071.000	5070.000	5070.500	185	746	1
2026.07.22	15:09:00	5071.000	5072.500	5070.500	5072.500	1007	5025	1
2026.07.22	15:10:00	5072.500	5073.000	5071.000	5071.500	605	1920	1
2026.07.22	15:11:00	5071.000	5072.000	5071.000	5071.000	336	1984	1
2026.07.22	15:12:00	5071.000	5072.000	5071.000	5071.500	193	706	1
2026.07.22	15:13:00	5071.500	5071.500	5071.000	5071.000	108	318	1
2026.07.22	15:14:00	5071.500	5071.500	5070.500	5070.500	148	480	1
2026.07.22	15:15:00	5071.000	5072.000	5070.500	5071.000	441	2280	1
2026.07.22	15:16:00	5071.000	5071.500	5071.000	5071.500	127	203	1
2026.07.22	15:17:00	5071.000	5071.000	5070.500	5071.000	109	612	1
2026.07.22	15:18:00	5070.500	5071.000	5069.500	5069.500	340	1620	1
2026.07.22	15:19:00	5069.500	5070.500	5069.500	5070.000	153	298	1
2026.07.22	15:20:00	5070.500	5071.000	5069.000	5069.000	529	2309	1
2026.07.22	15:21:00	5069.000	5070.500	5069.000	5070.000	316	1511	1
2026.07.22	15:22:00	5070.000	5070.000	5069.500	5070.000	146	443	1
2026.07.22	15:23:00	5069.500	5070.000	5069.000	5069.500	239	912	1
2026.07.22	15:24:00	5069.000	5070.000	5069.000	5069.500	239	1260	1
2026.07.22	15:25:00	5069.500	5070.000	5069.000	5069.500	160	545	1
2026.07.22	15:26:00	5069.500	5069.500	5068.000	5068.000	390	1641	1
2026.07.22	15:27:00	5068.500	5069.000	5067.500	5068.000	466	1458	1
2026.07.22	15:28:00	5068.500	5068.500	5068.000	5068.500	123	553	1
2026.07.22	15:29:00	5068.500	5069.000	5068.000	5068.500	170	870	1
2026.07.22	15:30:00	5068.000	5069.000	5068.000	5068.500	459	1723	1
2026.07.22	15:31:00	5068.500	5070.000	5068.500	5070.000	550	3723	1
2026.07.22	15:32:00	5070.000	5070.000	5069.000	5069.000	193	395	1
2026.07.22	15:33:00	5069.000	5069.500	5069.000	5069.000	154	2212	1
2026.07.22	15:34:00	5069.000	5069.500	5069.000	5069.500	164	795	1
2026.07.22	15:35:00	5069.500	5070.000	5069.000	5069.000	220	707	1
2026.07.22	15:36:00	5069.000	5069.000	5068.000	5068.500	220	723	1
2026.07.22	15:37:00	5068.500	5069.000	5068.000	5068.500	139	884	1
2026.07.22	15:38:00	5068.000	5069.000	5068.000	5068.500	98	377	1
2026.07.22	15:39:00	5069.000	5070.000	5067.500	5069.000	917	6104	1
2026.07.22	15:40:00	5069.000	5069.500	5068.500	5068.500	156	618	1
2026.07.22	15:41:00	5069.000	5069.500	5068.500	5069.000	423	2564	1
2026.07.22	15:42:00	5068.500	5069.000	5068.000	5068.000	323	1449	1
2026.07.22	15:43:00	5068.500	5069.000	5068.000	5068.500	204	1391	1
2026.07.22	15:44:00	5069.000	5069.000	5068.000	5068.500	154	1200	1
2026.07.22	15:45:00	5068.500	5069.000	5068.000	5068.000	244	945	1
2026.07.22	15:46:00	5068.500	5069.000	5068.000	5068.500	225	518	1
2026.07.22	15:47:00	5068.500	5069.000	5068.000	5068.000	378	1044	1
2026.07.22	15:48:00	5068.500	5069.000	5068.000	5068.500	248	550	1
2026.07.22	15:49:00	5069.000	5069.000	5068.500	5068.500	70	420	1
2026.07.22	15:50:00	5068.500	5069.000	5067.500	5069.000	1040	5938	1
2026.07.22	15:51:00	5068.500	5069.500	5068.500	5068.500	571	2889	1
2026.07.22	15:52:00	5068.500	5069.500	5068.000	5069.500	829	3746	1
2026.07.22	15:53:00	5069.500	5069.500	5068.000	5068.500	576	1866	1
2026.07.22	15:54:00	5068.500	5069.000	5068.000	5069.000	483	2482	1
2026.07.22	15:55:00	5069.000	5069.000	5068.500	5068.500	324	984	1
2026.07.22	15:56:00	5069.000	5069.000	5068.500	5068.500	336	1235	1
2026.07.22	15:57:00	5069.000	5069.000	5067.000	5067.500	834	3496	1
2026.07.22	15:58:00	5067.500	5068.500	5066.500	5068.000	1017	3959	1
2026.07.22	15:59:00	5068.000	5068.500	5067.500	5068.500	784	1648	1
2026.07.22	16:00:00	5068.500	5068.500	5067.000	5067.000	400	2643	1
2026.07.22	16:01:00	5067.000	5069.000	5067.000	5069.000	680	4259	1
2026.07.22	16:02:00	5069.000	5069.000	5067.500	5068.500	341	1831	1
2026.07.22	16:03:00	5068.000	5068.500	5067.500	5068.000	408	2214	1
2026.07.22	16:04:00	5068.000	5068.500	5067.500	5068.000	192	1140	1
2026.07.22	16:05:00	5068.500	5068.500	5067.000	5067.000	276	1737	1
2026.07.22	16:06:00	5067.500	5068.000	5067.000	5067.000	132	703	1
2026.07.22	16:07:00	5067.000	5067.500	5065.500	5065.500	1271	9124	1
2026.07.22	16:08:00	5066.000	5067.000	5065.000	5066.500	727	4609	1
2026.07.22	16:09:00	5067.000	5067.000	5066.000	5066.500	345	2702	1
2026.07.22	16:10:00	5066.500	5066.500	5065.500	5066.000	408	2164	1
2026.07.22	16:11:00	5066.500	5067.000	5066.000	5067.000	275	2685	1
2026.07.22	16:12:00	5067.000	5067.000	5066.000	5066.000	109	1095	1
2026.07.22	16:13:00	5066.000	5066.500	5066.000	5066.500	125	314	1
2026.07.22	16:14:00	5066.500	5066.500	5066.000	5066.000	183	758	1
2026.07.22	16:15:00	5066.000	5066.500	5065.000	5065.500	320	1572	1
2026.07.22	16:16:00	5066.000	5067.500	5065.000	5067.000	586	3881	1
2026.07.22	16:17:00	5066.500	5067.000	5066.000	5066.000	229	758	1
2026.07.22	16:18:00	5066.500	5066.500	5066.000	5066.500	117	1010	1
2026.07.22	16:19:00	5066.000	5066.500	5065.500	5066.000	167	471	1
2026.07.22	16:20:00	5066.000	5066.500	5065.500	5066.000	217	1143	1
2026.07.22	16:21:00	5066.000	5066.500	5065.500	5066.000	595	3674	1
2026.07.22	16:22:00	5066.000	5066.500	5066.000	5066.000	116	1340	1
2026.07.22	16:23:00	5066.500	5066.500	5065.500	5066.000	281	1947	1
2026.07.22	16:24:00	5065.500	5066.000	5065.500	5066.000	184	847	1
2026.07.22	16:25:00	5065.500	5066.000	5065.500	5065.500	75	609	1
2026.07.22	16:26:00	5065.500	5066.000	5064.000	5065.000	743	5857	1
2026.07.22	16:27:00	5064.500	5065.000	5063.500	5065.000	697	5281	1
2026.07.22	16:28:00	5065.000	5065.000	5064.000	5065.000	341	1480	1
2026.07.22	16:29:00	5065.000	5065.500	5064.500	5065.000	217	1084	1
2026.07.22	16:30:00	5065.000	5066.500	5064.500	5066.000	457	2627	1
2026.07.22	16:31:00	5065.500	5066.000	5065.500	5065.500	113	937	1
2026.07.22	16:32:00	5065.500	5066.500	5065.500	5066.000	266	1380	1
2026.07.22	16:33:00	5066.000	5066.500	5065.500	5066.000	167	692	1
2026.07.22	16:34:00	5066.500	5067.000	5066.000	5066.500	309	1438	1
2026.07.22	16:35:00	5066.500	5067.000	5066.500	5066.500	152	938	1
2026.07.22	16:36:00	5066.500	5067.000	5066.500	5066.500	91	241	1
2026.07.22	16:37:00	5066.500	5067.500	5066.500	5067.000	481	2422	1
2026.07.22	16:38:00	5067.000	5067.500	5066.500	5067.500	570	1827	1
2026.07.22	16:39:00	5067.500	5068.500	5067.000	5068.000	672	3524	1
2026.07.22	16:40:00	5068.500	5068.500	5068.000	5068.500	309	1350	1
2026.07.22	16:41:00	5068.500	5069.000	5067.500	5068.500	514	3110	1
2026.07.22	16:42:00	5068.500	5068.500	5067.500	5068.000	355	941	1
2026.07.22	16:43:00	5067.500	5068.000	5067.000	5067.000	144	847	1
2026.07.22	16:44:00	5067.500	5068.000	5067.000	5067.000	302	1081	1
2026.07.22	16:45:00	5067.000	5067.500	5066.500	5067.000	284	1559	1
2026.07.22	16:46:00	5067.500	5067.500	5067.000	5067.000	73	241	1
2026.07.22	16:47:00	5067.000	5067.500	5066.500	5066.500	170	850	1
2026.07.22	16:48:00	5066.500	5067.000	5066.500	5067.000	75	253	1
2026.07.22	16:49:00	5067.000	5067.000	5066.000	5066.000	322	1489	1
2026.07.22	16:50:00	5066.000	5067.500	5066.000	5066.500	411	2119	1
2026.07.22	16:51:00	5067.000	5067.000	5066.500	5067.000	126	704	1
2026.07.22	16:52:00	5067.000	5067.000	5065.500	5065.500	296	1405	1
2026.07.22	16:53:00	5065.500	5066.500	5065.500	5066.000	217	1895	1
2026.07.22	16:54:00	5066.500	5066.500	5066.000	5066.000	186	781	1
2026.07.22	16:55:00	5066.500	5066.500	5065.000	5065.000	407	3276	1
2026.07.22	16:56:00	5065.500	5065.500	5064.000	5064.500	806	3908	1
2026.07.22	16:57:00	5064.000	5065.500	5064.000	5065.000	319	1921	1
2026.07.22	16:58:00	5065.000	5065.500	5063.000	5063.500	1133	6585	1
2026.07.22	16:59:00	5063.500	5064.000	5063.000	5063.500	636	1696	1
2026.07.22	17:00:00	5063.000	5063.500	5062.500	5063.000	655	3055	1
2026.07.22	17:01:00	5062.500	5063.500	5061.000	5061.500	1080	7523	1
2026.07.22	17:02:00	5062.000	5062.500	5060.000	5062.500	1541	9469	1
2026.07.22	17:03:00	5062.500	5063.500	5062.000	5063.000	429	1759	1
2026.07.22	17:04:00	5063.000	5064.000	5063.000	5064.000	250	986	1
2026.07.22	17:05:00	5064.000	5065.500	5063.000	5064.000	624	3258	1
2026.07.22	17:06:00	5064.000	5064.500	5064.000	5064.000	191	1020	1
2026.07.22	17:07:00	5064.500	5064.500	5063.500	5064.000	217	1246	1
2026.07.22	17:08:00	5064.000	5064.500	5063.000	5063.000	268	2467	1
2026.07.22	17:09:00	5063.500	5063.500	5062.000	5063.000	443	2329	1
2026.07.22	17:10:00	5063.000	5063.000	5062.000	5062.000	161	1218	1
2026.07.22	17:11:00	5062.000	5063.000	5062.000	5062.000	194	1080	1
2026.07.22	17:12:00	5062.000	5063.500	5062.000	5063.500	167	1148	1
2026.07.22	17:13:00	5063.000	5063.500	5061.500	5061.500	497	4028	1
2026.07.22	17:14:00	5061.500	5062.000	5060.000	5061.000	602	3418	1
2026.07.22	17:15:00	5061.500	5061.500	5060.500	5061.000	163	603	1
2026.07.22	17:16:00	5061.000	5061.000	5060.500	5061.000	194	663	1
2026.07.22	17:17:00	5061.000	5061.500	5059.500	5061.000	597	4239	1
2026.07.22	17:18:00	5061.000	5062.000	5061.000	5062.000	230	1824	1
2026.07.22	17:19:00	5062.000	5062.500	5061.500	5061.500	130	699	1
2026.07.22	17:20:00	5062.000	5062.000	5061.500	5062.000	82	357	1
2026.07.22	17:21:00	5062.000	5063.000	5061.000	5063.000	317	2585	1
2026.07.22	17:22:00	5063.000	5063.000	5062.000	5062.500	119	575	1
2026.07.22	17:23:00	5062.000	5062.500	5061.500	5062.500	151	684	1
2026.07.22	17:24:00	5062.500	5063.000	5062.000	5062.500	120	334	1
2026.07.22	17:25:00	5062.500	5063.500	5062.500	5063.000	271	1353	1
2026.07.22	17:26:00	5063.500	5064.000	5063.000	5063.500	270	1345	1
2026.07.22	17:27:00	5063.000	5063.500	5062.000	5062.500	266	3071	1
2026.07.22	17:28:00	5062.000	5063.000	5062.000	5062.500	154	1507	1
2026.07.22	17:29:00	5063.000	5063.000	5062.000	5062.500	115	973	1
2026.07.22	17:30:00	5063.000	5063.000	5062.500	5063.000	118	543	1
2026.07.22	17:31:00	5062.500	5063.000	5062.000	5062.500	119	942	1
2026.07.22	17:32:00	5063.000	5064.000	5063.000	5063.500	199	1024	1
2026.07.22	17:33:00	5063.500	5063.500	5063.000	5063.500	75	680	1
2026.07.22	17:34:00	5063.000	5064.000	5063.000	5063.500	120	977	1
2026.07.22	17:35:00	5064.000	5064.500	5063.000	5063.000	314	1797	1
2026.07.22	17:36:00	5063.500	5063.500	5063.000	5063.500	84	1009	1
2026.07.22	17:37:00	5063.500	5064.000	5063.000	5063.500	63	674	1
2026.07.22	17:38:00	5064.000	5065.000	5064.000	5064.500	363	1860	1
2026.07.22	17:39:00	5064.500	5065.000	5064.000	5065.000	153	964	1
2026.07.22	17:40:00	5064.500	5065.500	5064.000	5065.000	569	4453	1
2026.07.22	17:41:00	5065.000	5066.000	5064.500	5065.500	407	2221	1
2026.07.22	17:42:00	5066.000	5066.000	5065.500	5065.500	268	1702	1
2026.07.22	17:43:00	5066.000	5066.000	5065.000	5066.000	121	967	1
2026.07.22	17:44:00	5065.500	5066.500	5065.500	5065.500	270	1626	1
2026.07.22	17:45:00	5066.000	5066.000	5065.500	5065.500	171	3257	1
2026.07.22	17:46:00	5065.500	5066.500	5065.500	5066.000	148	1300	1
2026.07.22	17:47:00	5066.500	5066.500	5065.500	5066.000	105	341	1
2026.07.22	17:48:00	5066.000	5066.500	5065.500	5066.000	177	908	1
2026.07.22	17:49:00	5066.000	5066.500	5066.000	5066.000	49	199	1
2026.07.22	17:50:00	5066.000	5067.500	5066.000	5067.000	571	3126	1
2026.07.22	17:51:00	5067.500	5067.500	5065.500	5067.000	321	3846	1
2026.07.22	17:52:00	5067.000	5067.000	5066.000	5066.000	152	900	1
2026.07.22	17:53:00	5066.000	5066.500	5066.000	5066.500	82	531	1
2026.07.22	17:54:00	5066.500	5066.500	5066.000	5066.000	58	139	1
2026.07.22	17:55:00	5066.000	5067.000	5066.000	5066.000	112	598	1
2026.07.22	17:56:00	5066.500	5067.000	5066.000	5067.000	127	775	1
2026.07.22	17:57:00	5067.000	5067.000	5066.000	5066.500	98	1489	1
2026.07.22	17:58:00	5067.000	5067.000	5065.500	5065.500	162	1204	1
2026.07.22	17:59:00	5065.500	5066.500	5064.500	5065.500	411	3835	1
2026.07.22	18:00:00	5065.000	5066.000	5065.000	5065.500	141	584	1
2026.07.22	18:01:00	5065.000	5066.000	5065.000	5065.000	70	602	1
2026.07.22	18:02:00	5065.500	5065.500	5065.000	5065.000	37	90	1
2026.07.22	18:03:00	5065.500	5066.500	5065.000	5065.500	184	748	1
2026.07.22	18:04:00	5066.000	5066.500	5066.000	5066.500	30	118	1
2026.07.22	18:05:00	5066.500	5066.500	5066.000	5066.000	106	237	1
2026.07.22	18:06:00	5066.500	5066.500	5065.500	5065.500	76	440	1
2026.07.22	18:07:00	5066.000	5066.500	5065.500	5066.000	75	532	1
2026.07.22	18:08:00	5066.000	5066.000	5065.000	5066.000	78	546	1
2026.07.22	18:09:00	5065.500	5066.000	5065.500	5066.000	18	75	1
2026.07.22	18:10:00	5065.500	5066.500	5065.500	5066.500	208	1216	1
2026.07.22	18:11:00	5066.500	5067.000	5065.500	5065.500	144	684	1
2026.07.22	18:12:00	5066.000	5066.000	5065.500	5066.000	61	235	1
2026.07.22	18:13:00	5066.000	5066.000	5064.500	5065.000	175	1867	1
2026.07.22	18:14:00	5065.000	5065.500	5064.500	5065.000	160	681	1
2026.07.22	18:15:00	5065.000	5066.000	5064.500	5065.500	228	1623	1
2026.07.22	18:16:00	5066.000	5066.000	5065.500	5066.000	139	437	1
2026.07.22	18:17:00	5065.500	5067.000	5065.500	5066.500	207	731	1
2026.07.22	18:18:00	5067.000	5067.500	5066.500	5067.000	365	2985	1
2026.07.22	18:19:00	5067.000	5067.500	5066.500	5066.500	210	1387	1
2026.07.22	18:20:00	5067.000	5067.500	5066.500	5067.000	209	496	1
2026.07.22	18:21:00	5067.000	5068.000	5066.500	5068.000	343	1726	1
2026.07.22	18:22:00	5068.000	5070.000	5067.000	5069.500	478	2182	1
2026.07.22	18:23:00	5069.500	5070.000	5069.000	5070.000	177	1846	1
2026.07.22	18:24:00	5069.500	5070.000	5069.500	5070.000	34	176	1
2026.07.22	18:25:00	5069.500	5070.500	5069.000	5070.500	681	2175	1
2026.07.22	18:26:00	5070.000	5070.500	5069.500	5070.500	134	1006	1
2026.07.22	18:27:00	5070.500	5071.000	5070.000	5070.500	82	546	1
2026.07.22	18:28:00	5070.500	5070.500	5068.000	5070.000	104	847	1
2026.07.22	18:29:00	5069.500	5070.000	5068.500	5070.000	86	399	1
2026.07.23	09:00:00	5087.000	5088.500	5084.000	5085.000	2827	11300	1
2026.07.23	09:01:00	5085.000	5088.500	5081.000	5081.500	5287	22829	1
2026.07.23	09:02:00	5082.000	5083.000	5079.500	5082.000	3823	15996	1
2026.07.23	09:03:00	5082.500	5083.500	5081.000	5082.000	1929	7351	1
2026.07.23	09:04:00	5082.000	5084.000	5080.500	5082.500	1493	4983	1
2026.07.23	09:05:00	5082.500	5085.000	5081.000	5085.000	1557	5600	1
2026.07.23	09:06:00	5085.000	5086.000	5084.000	5085.000	1875	9379	1
2026.07.23	09:07:00	5085.000	5086.000	5082.500	5085.000	2116	8969	1
2026.07.23	09:08:00	5084.500	5086.500	5083.000	5083.000	1391	6364	1
2026.07.23	09:09:00	5083.500	5084.000	5080.500	5082.000	2105	13325	1
2026.07.23	09:10:00	5082.500	5084.000	5081.000	5083.000	954	3853	1
2026.07.23	09:11:00	5083.000	5083.000	5081.500	5082.000	772	3974	1
2026.07.23	09:12:00	5082.500	5082.500	5081.500	5082.000	242	628	1
2026.07.23	09:13:00	5082.500	5084.000	5081.000	5083.000	816	6074	1
2026.07.23	09:14:00	5083.000	5083.500	5082.500	5083.000	224	784	1
2026.07.23	09:15:00	5083.000	5085.000	5082.000	5085.000	808	5817	1
2026.07.23	09:16:00	5084.500	5090.000	5084.000	5089.500	3239	15344	1
2026.07.23	09:17:00	5089.500	5091.500	5086.000	5088.500	2929	13959	1
2026.07.23	09:18:00	5088.000	5089.000	5086.000	5088.000	988	4917	1
2026.07.23	09:19:00	5087.500	5088.000	5086.500	5087.500	680	3320	1
2026.07.23	09:20:00	5087.000	5089.000	5087.000	5089.000	798	3390	1
2026.07.23	09:21:00	5089.000	5090.500	5086.500	5087.500	2024	7742	1
2026.07.23	09:22:00	5088.000	5089.000	5087.000	5087.500	924	5566	1
2026.07.23	09:23:00	5087.500	5089.000	5085.500	5087.000	1273	5697	1
2026.07.23	09:24:00	5086.500	5090.000	5086.500	5088.500	1607	9882	1
2026.07.23	09:25:00	5088.500	5089.000	5087.000	5087.500	568	1495	1
2026.07.23	09:26:00	5087.000	5089.000	5084.500	5085.000	2113	11501	1
2026.07.23	09:27:00	5085.500	5087.000	5084.000	5087.000	1254	4816	1
2026.07.23	09:28:00	5086.500	5088.000	5085.000	5086.000	1037	5706	1
2026.07.23	09:29:00	5085.500	5086.500	5085.000	5085.500	640	2684	1
2026.07.23	09:30:00	5086.000	5090.500	5085.500	5088.000	2251	11652	1
2026.07.23	09:31:00	5088.000	5090.500	5087.000	5087.000	1792	9120	1
2026.07.23	09:32:00	5087.000	5087.500	5086.000	5086.500	872	4327	1
2026.07.23	09:33:00	5086.500	5087.000	5084.000	5084.500	1546	5595	1
2026.07.23	09:34:00	5084.500	5086.000	5084.000	5085.000	786	4477	1
2026.07.23	09:35:00	5085.000	5087.000	5084.500	5085.000	983	4089	1
2026.07.23	09:36:00	5085.000	5088.000	5085.000	5087.500	814	2739	1
2026.07.23	09:37:00	5087.000	5089.000	5086.500	5086.500	1316	4908	1
2026.07.23	09:38:00	5086.500	5087.500	5086.000	5086.500	672	2625	1
2026.07.23	09:39:00	5087.000	5087.500	5085.500	5087.000	792	4872	1
2026.07.23	09:40:00	5087.500	5089.000	5087.000	5089.000	880	2496	1
2026.07.23	09:41:00	5089.000	5091.000	5088.500	5090.500	2182	9885	1
2026.07.23	09:42:00	5090.500	5093.000	5090.000	5092.500	2912	10708	1
2026.07.23	09:43:00	5092.500	5095.500	5092.000	5095.500	3008	12770	1
2026.07.23	09:44:00	5095.500	5095.500	5092.500	5093.500	1811	7110	1
2026.07.23	09:45:00	5093.500	5095.000	5093.500	5094.500	802	3504	1
2026.07.23	09:46:00	5094.000	5095.500	5093.500	5093.500	1397	7340	1
2026.07.23	09:47:00	5093.500	5095.500	5093.500	5095.000	750	2978	1
2026.07.23	09:48:00	5095.500	5096.500	5094.000	5094.500	1762	9100	1
2026.07.23	09:49:00	5094.500	5095.500	5092.000	5094.000	2452	14076	1
2026.07.23	09:50:00	5094.000	5096.500	5093.500	5094.500	1561	6792	1
2026.07.23	09:51:00	5094.000	5094.500	5091.000	5091.000	2146	7717	1
2026.07.23	09:52:00	5091.000	5091.500	5089.000	5090.000	2397	8339	1
2026.07.23	09:53:00	5089.500	5091.500	5089.000	5091.500	1338	3918	1
2026.07.23	09:54:00	5091.500	5093.500	5091.000	5092.500	1576	5969	1
2026.07.23	09:55:00	5093.000	5093.000	5090.000	5090.500	996	3284	1
2026.07.23	09:56:00	5090.000	5091.000	5090.000	5090.500	750	2804	1
2026.07.23	09:57:00	5091.000	5091.500	5089.500	5090.500	940	4684	1
2026.07.23	09:58:00	5090.500	5091.000	5088.000	5089.500	2675	11143	1
2026.07.23	09:59:00	5089.500	5090.500	5088.500	5089.000	925	4278	1
2026.07.23	10:00:00	5089.000	5090.500	5088.000	5089.000	1135	5554	1
2026.07.23	10:01:00	5088.500	5091.000	5088.500	5090.000	979	3415	1
2026.07.23	10:02:00	5090.500	5090.500	5088.500	5089.000	932	2731	1
2026.07.23	10:03:00	5089.500	5090.000	5087.000	5088.500	2118	7542	1
2026.07.23	10:04:00	5088.500	5088.500	5086.000	5087.000	1919	6717	1
2026.07.23	10:05:00	5086.500	5090.000	5086.500	5089.500	1865	8792	1
2026.07.23	10:06:00	5090.000	5093.000	5089.500	5091.500	2722	10700	1
2026.07.23	10:07:00	5091.500	5095.500	5091.500	5095.000	2226	7180	1
2026.07.23	10:08:00	5095.500	5096.500	5093.500	5094.000	2259	10132	1
2026.07.23	10:09:00	5094.000	5096.000	5093.500	5096.000	1469	9184	1
2026.07.23	10:10:00	5096.000	5100.000	5095.500	5098.500	4266	19392	1
2026.07.23	10:11:00	5098.500	5099.000	5097.000	5098.000	1880	10893	1
2026.07.23	10:12:00	5098.000	5100.000	5097.500	5098.500	1512	7096	1
2026.07.23	10:13:00	5098.500	5101.500	5098.500	5100.000	2653	13827	1
2026.07.23	10:14:00	5100.500	5101.000	5099.000	5100.000	1192	6909	1
2026.07.23	10:15:00	5100.500	5101.500	5099.000	5100.500	1460	6755	1
2026.07.23	10:16:00	5100.500	5101.500	5100.000	5100.500	1010	3981	1
2026.07.23	10:17:00	5100.000	5101.000	5098.000	5098.500	1291	4998	1
2026.07.23	10:18:00	5098.000	5099.500	5097.500	5099.000	1575	6826	1
2026.07.23	10:19:00	5099.000	5100.000	5098.000	5099.500	964	4542	1
2026.07.23	10:20:00	5100.000	5100.500	5099.000	5100.000	703	2675	1
2026.07.23	10:21:00	5100.500	5100.500	5099.000	5099.000	714	2678	1
2026.07.23	10:22:00	5099.500	5100.000	5097.500	5098.500	946	3885	1
2026.07.23	10:23:00	5099.000	5099.500	5098.000	5098.000	799	3904	1
2026.07.23	10:24:00	5098.000	5102.000	5098.000	5101.500	2035	10517	1
2026.07.23	10:25:00	5102.000	5102.500	5099.500	5101.000	1724	8533	1
2026.07.23	10:26:00	5101.500	5102.500	5099.000	5099.500	1151	5062	1
2026.07.23	10:27:00	5099.000	5100.000	5097.500	5098.500	1801	5936	1
2026.07.23	10:28:00	5098.000	5099.500	5097.500	5098.500	1065	4530	1
2026.07.23	10:29:00	5098.500	5099.000	5097.500	5097.500	721	3562	1
2026.07.23	10:30:00	5098.000	5098.000	5093.500	5096.000	4265	19596	1
2026.07.23	10:31:00	5096.000	5096.000	5091.500	5091.500	2403	10764	1
2026.07.23	10:32:00	5091.500	5093.500	5090.500	5091.000	2620	11092	1
2026.07.23	10:33:00	5091.000	5093.000	5090.500	5091.500	1661	7598	1
2026.07.23	10:34:00	5091.000	5092.500	5090.000	5090.500	1483	6841	1
2026.07.23	10:35:00	5090.000	5092.500	5089.500	5092.500	1947	9295	1
2026.07.23	10:36:00	5092.000	5093.000	5090.000	5091.000	1484	6122	1
2026.07.23	10:37:00	5091.000	5091.500	5088.500	5090.500	2188	9580	1
2026.07.23	10:38:00	5090.500	5091.000	5089.000	5091.000	860	4328	1
2026.07.23	10:39:00	5090.500	5093.000	5090.500	5091.500	1524	6807	1
2026.07.23	10:40:00	5092.000	5093.000	5091.000	5091.500	1137	4681	1
2026.07.23	10:41:00	5092.000	5092.500	5089.500	5091.000	1197	4306	1
2026.07.23	10:42:00	5091.000	5092.000	5089.500	5089.500	1159	4809	1
2026.07.23	10:43:00	5089.500	5090.500	5088.000	5089.500	1775	6124	1
2026.07.23	10:44:00	5089.500	5090.500	5088.500	5090.500	966	3171	1
2026.07.23	10:45:00	5090.000	5092.000	5090.000	5091.000	1044	4741	1
2026.07.23	10:46:00	5090.500	5091.500	5089.500	5090.000	796	2647	1
2026.07.23	10:47:00	5089.500	5090.500	5089.000	5090.000	717	2647	1
2026.07.23	10:48:00	5090.000	5092.000	5089.500	5090.000	1057	4101	1
2026.07.23	10:49:00	5090.500	5090.500	5088.500	5088.500	921	3790	1
2026.07.23	10:50:00	5089.000	5089.500	5088.000	5088.500	1117	3883	1
2026.07.23	10:51:00	5089.000	5090.000	5088.500	5089.000	585	1797	1
2026.07.23	10:52:00	5089.000	5091.000	5088.000	5090.500	1099	4853	1
2026.07.23	10:53:00	5091.000	5092.000	5090.000	5091.000	889	3473	1
2026.07.23	10:54:00	5091.500	5092.000	5090.000	5090.000	766	3176	1
2026.07.23	10:55:00	5090.500	5092.500	5089.500	5092.500	1209	4718	1
2026.07.23	10:56:00	5092.500	5095.500	5092.000	5095.000	3213	13960	1
2026.07.23	10:57:00	5094.500	5096.500	5094.000	5095.500	1808	9673	1
2026.07.23	10:58:00	5095.500	5097.000	5095.000	5097.000	1436	5222	1
2026.07.23	10:59:00	5097.000	5098.500	5096.000	5098.500	1044	3321	1
2026.07.23	11:00:00	5098.500	5098.500	5095.500	5096.500	1953	8622	1
2026.07.23	11:01:00	5097.000	5098.500	5096.500	5098.000	1153	4041	1
2026.07.23	11:02:00	5097.500	5098.000	5096.000	5097.500	909	3209	1
2026.07.23	11:03:00	5098.000	5098.000	5096.000	5098.000	1291	8884	1
2026.07.23	11:04:00	5098.000	5098.500	5095.500	5097.000	1648	6929	1
2026.07.23	11:05:00	5096.500	5097.500	5095.000	5096.000	1434	9741	1
2026.07.23	11:06:00	5096.000	5096.500	5095.000	5095.500	744	2722	1
2026.07.23	11:07:00	5096.000	5097.000	5094.500	5094.500	886	4785	1
2026.07.23	11:08:00	5095.000	5096.500	5094.000	5096.000	1106	5014	1
2026.07.23	11:09:00	5096.500	5097.500	5094.000	5094.000	1193	4638	1
2026.07.23	11:10:00	5094.500	5094.500	5092.000	5093.500	1686	5972	1
