<DATE>	<TIME>	<OPEN>	<HIGH>	<LOW>	<CLOSE>	<TICKVOL>	<VOL>	<SPREAD>
2026.07.01	09:00:00	174005	174230	173825	174000	13905	75780	1
2026.07.01	09:01:00	173990	174160	173705	173725	48778	111657	1
2026.07.01	09:02:00	173720	173845	173225	173490	52022	114506	1
2026.07.01	09:03:00	173490	173625	172930	173030	59792	128737	1
2026.07.01	09:04:00	173025	173270	172805	172835	52260	108950	1
2026.07.01	09:05:00	172830	172980	172710	172925	40286	97646	1
2026.07.01	09:06:00	172930	173180	172890	173015	38153	96109	1
2026.07.01	09:07:00	173015	173090	172850	173020	22418	51293	1
2026.07.01	09:08:00	173025	173255	172985	173200	25709	62226	1
2026.07.01	09:09:00	173200	173240	173130	173170	10066	26406	1
2026.07.01	09:10:00	173165	173230	172820	173160	30541	70964	1
2026.07.01	09:11:00	173150	173445	173025	173185	35090	86198	1
2026.07.01	09:12:00	173185	173345	173180	173300	15634	36725	1
2026.07.01	09:13:00	173305	173335	173205	173305	9301	23970	1
2026.07.01	09:14:00	173310	173320	173205	173235	5003	11585	1
2026.07.01	09:15:00	173230	173310	173100	173190	15984	35503	1
2026.07.01	09:16:00	173190	173235	173025	173060	19893	44830	1
2026.07.01	09:17:00	173060	173195	173010	173085	15247	35533	1
2026.07.01	09:18:00	173090	173095	172780	172810	30019	76043	1
2026.07.01	09:19:00	172810	172850	172640	172680	25655	66880	1
2026.07.01	09:20:00	172680	172740	172560	172660	26913	70730	1
2026.07.01	09:21:00	172660	172890	172645	172835	28453	72378	1
2026.07.01	09:22:00	172835	172880	172675	172770	20716	53180	1
2026.07.01	09:23:00	172770	172805	172720	172760	9396	25831	1
2026.07.01	09:24:00	172755	172810	172610	172695	17821	46482	1
2026.07.01	09:25:00	172695	172725	172630	172685	11267	32442	1
2026.07.01	09:26:00	172685	172765	172630	172745	15304	43180	1
2026.07.01	09:27:00	172745	172790	172625	172700	14461	40319	1
2026.07.01	09:28:00	172700	172700	172485	172540	25267	72885	1
2026.07.01	09:29:00	172535	172700	172530	172690	15355	43902	1
2026.07.01	09:30:00	172690	172720	172635	172670	11155	31983	1
2026.07.01	09:31:00	172675	172675	172505	172605	17710	50482	1
2026.07.01	09:32:00	172605	172695	172570	172680	13728	40034	1
2026.07.01	09:33:00	172680	172720	172565	172630	13554	41694	1
2026.07.01	09:34:00	172635	172640	172410	172485	25344	79711	1
2026.07.01	09:35:00	172485	172500	172425	172490	10601	32617	1
2026.07.01	09:36:00	172490	172515	172420	172465	9896	30454	1
2026.07.01	09:37:00	172465	172505	172360	172405	15027	45608	1
2026.07.01	09:38:00	172405	172435	172380	172410	7703	24924	1
2026.07.01	09:39:00	172405	172450	172370	172410	7838	23390	1
2026.07.01	09:40:00	172415	172425	172315	172370	14354	42528	1
2026.07.01	09:41:00	172365	172425	172330	172415	8568	27068	1
2026.07.01	09:42:00	172410	172460	172380	172405	10067	30132	1
2026.07.01	09:43:00	172405	172425	172335	172390	8343	27577	1
2026.07.01	09:44:00	172390	172400	172330	172375	6165	19378	1
2026.07.01	09:45:00	172380	172430	172340	172425	8194	26656	1
2026.07.01	09:46:00	172425	172430	172360	172385	5075	17316	1
2026.07.01	09:47:00	172385	172545	172340	172500	18490	55833	1
2026.07.01	09:48:00	172500	172525	172445	172490	10724	35046	1
2026.07.01	09:49:00	172485	172485	172385	172470	10635	35365	1
2026.07.01	09:50:00	172470	172570	172450	172545	16361	49577	1
2026.07.01	09:51:00	172545	172550	172190	172315	37486	109995	1
2026.07.01	09:52:00	172315	172410	172275	172390	14462	43600	1
2026.07.01	09:53:00	172400	172410	172365	172390	5663	19527	1
2026.07.01	09:54:00	172390	172550	172375	172505	17979	53468	1
2026.07.01	09:55:00	172500	172595	172465	172570	12281	39055	1
2026.07.01	09:56:00	172570	172635	172480	172605	15437	45120	1
2026.07.01	09:57:00	172605	172640	172580	172610	6727	20949	1
2026.07.01	09:58:00	172615	172660	172600	172630	6850	23335	1
2026.07.01	09:59:00	172635	172635	172275	172385	28189	84991	1
2026.07.01	10:00:00	172385	172410	172295	172360	13718	44566	1
2026.07.01	10:01:00	172355	172555	172335	172505	22797	68978	1
2026.07.01	10:02:00	172500	172590	172400	172465	17492	51612	1
2026.07.01	10:03:00	172460	172470	172235	172320	23336	73134	1
2026.07.01	10:04:00	172320	172415	172250	172340	13246	41553	1
2026.07.01	10:05:00	172340	172350	172125	172245	25093	79461	1
2026.07.01	10:06:00	172250	172310	172215	172275	10015	32203	1
2026.07.01	10:07:00	172275	172375	172245	172355	15311	47654	1
2026.07.01	10:08:00	172355	172365	172195	172260	13653	40812	1
2026.07.01	10:09:00	172260	172330	172220	172290	10454	32186	1
2026.07.01	10:10:00	172290	172390	172215	172285	19744	61941	1
2026.07.01	10:11:00	172285	172335	172175	172330	14216	42945	1
2026.07.01	10:12:00	172330	172485	172300	172390	23961	72890	1
2026.07.01	10:13:00	172390	172400	172095	172170	30520	95008	1
2026.07.01	10:14:00	172170	172370	172050	172340	33721	108106	1
2026.07.01	10:15:00	172345	172370	172230	172335	16356	55864	1
2026.07.01	10:16:00	172335	172360	172190	172360	15048	48905	1
2026.07.01	10:17:00	172360	172660	172310	172625	33699	107032	1
2026.07.01	10:18:00	172615	172630	172430	172510	21447	69483	1
2026.07.01	10:19:00	172510	172540	172415	172475	11420	37359	1
2026.07.01	10:20:00	172480	172615	172425	172555	15670	50367	1
2026.07.01	10:21:00	172550	172565	172395	172485	16483	53122	1
2026.07.01	10:22:00	172480	172690	172480	172675	16279	52482	1
2026.07.01	10:23:00	172675	172810	172630	172755	23815	79214	1
2026.07.01	10:24:00	172750	172875	172635	172650	29804	91890	1
2026.07.01	10:25:00	172645	172665	172455	172515	24622	74730	1
2026.07.01	10:26:00	172510	172695	172495	172660	17537	56474	1
2026.07.01	10:27:00	172665	172905	172635	172870	22671	72890	1
2026.07.01	10:28:00	172870	172965	172785	172840	23856	82568	1
2026.07.01	10:29:00	172835	172985	172660	172855	39865	135091	1
2026.07.01	10:30:00	172860	172945	172580	172820	39838	124589	1
2026.07.01	10:31:00	172815	173110	172780	173020	34642	113588	1
2026.07.01	10:32:00	173020	173085	172835	173070	28614	92851	1
2026.07.01	10:33:00	173075	173075	172780	172930	27614	90018	1
2026.07.01	10:34:00	172935	173185	172860	173170	25986	85752	1
2026.07.01	10:35:00	173165	173375	173155	173285	28587	97051	1
2026.07.01	10:36:00	173280	173650	173280	173610	34143	114968	1
2026.07.01	10:37:00	173605	173705	173475	173495	28859	98494	1
2026.07.01	10:38:00	173495	173650	173410	173640	24687	78858	1
2026.07.01	10:39:00	173635	173885	173625	173785	32104	113044	1
2026.07.01	10:40:00	173785	173940	173720	173850	23361	75716	1
2026.07.01	10:41:00	173850	173975	173835	173880	19816	65964	1
2026.07.01	10:42:00	173880	173945	173640	173705	24118	76349	1
2026.07.01	10:43:00	173700	173935	173460	173930	34793	112751	1
2026.07.01	10:44:00	173925	174120	173775	174040	31800	100812	1
2026.07.01	10:45:00	174045	174245	173960	174200	31794	98810	1
2026.07.01	10:46:00	174195	174270	174100	174235	18953	59376	1
2026.07.01	10:47:00	174230	174260	173850	173905	30913	97202	1
2026.07.01	10:48:00	173900	174045	173785	173995	23322	73126	1
2026.07.01	10:49:00	173990	174085	173920	173935	16384	53427	1
2026.07.01	10:50:00	173940	173960	173655	173750	26854	86722	1
2026.07.01	10:51:00	173745	173865	173685	173805	14005	49823	1
2026.07.01	10:52:00	173805	174000	173775	173865	21582	72074	1
2026.07.01	10:53:00	173860	173885	173580	173665	21679	69879	1
2026.07.01	10:54:00	173665	173815	173610	173745	13655	42275	1
2026.07.01	10:55:00	173745	173840	173675	173765	12504	41296	1
2026.07.01	10:56:00	173770	173840	173725	173765	7948	26054	1
2026.07.01	10:57:00	173765	173885	173735	173825	8958	28465	1
2026.07.01	10:58:00	173830	173980	173780	173900	14157	43067	1
2026.07.01	10:59:00	173900	173935	173780	173830	6745	23146	1
2026.07.01	11:00:00	173830	173960	173810	173825	10697	32152	1
2026.07.01	11:01:00	173825	173950	173720	173835	17025	51468	1
2026.07.01	11:02:00	173835	173950	173745	173835	12399	41393	1
2026.07.01	11:03:00	173835	173910	173705	173780	12168	39555	1
2026.07.01	11:04:00	173780	173835	173760	173790	6804	21542	1
2026.07.01	11:05:00	173795	173910	173730	173885	11040	38310	1
2026.07.01	11:06:00	173880	173935	173745	173890	13073	44354	1
2026.07.01	11:07:00	173890	173960	173860	173915	9210	31587	1
2026.07.01	11:08:00	173910	173935	173815	173855	10108	36361	1
2026.07.01	11:09:00	173855	173960	173805	173895	11772	38800	1
2026.07.01	11:10:00	173895	173925	173785	173800	9007	29600	1
2026.07.01	11:11:00	173800	173830	173720	173810	10941	37527	1
2026.07.01	11:12:00	173805	174035	173800	173980	18380	60065	1
2026.07.01	11:13:00	173985	174065	173925	174005	11403	39327	1
2026.07.01	11:14:00	174005	174120	173995	174025	12279	42030	1
2026.07.01	11:15:00	174025	174350	173985	174280	29579	101092	1
2026.07.01	11:16:00	174280	174465	174265	174350	27660	103304	1
2026.07.01	11:17:00	174355	174475	174250	174455	16725	58806	1
2026.07.01	11:18:00	174450	174480	174255	174300	14966	50205	1
2026.07.01	11:19:00	174300	174365	174215	174340	12137	43326	1
2026.07.01	11:20:00	174340	174435	174335	174420	11209	38852	1
2026.07.01	11:21:00	174415	174435	174285	174305	9604	31218	1
2026.07.01	11:22:00	174310	174325	174185	174225	14153	50047	1
2026.07.01	11:23:00	174225	174280	174005	174040	21710	78393	1
2026.07.01	11:24:00	174040	174110	173970	173990	13308	50842	1
2026.07.01	11:25:00	173990	174025	173935	174010	10995	39825	1
2026.07.01	11:26:00	174010	174060	173880	173940	16652	56716	1
2026.07.01	11:27:00	173940	174025	173900	174000	11276	41746	1
2026.07.01	11:28:00	174005	174175	173975	174150	13278	42643	1
2026.07.01	11:29:00	174150	174185	174055	174075	9925	35944	1
2026.07.01	11:30:00	174075	174165	174040	174130	9041	29926	1
2026.07.01	11:31:00	174135	174185	174075	174100	9422	33552	1
2026.07.01	11:32:00	174105	174150	173960	174020	13739	49975	1
2026.07.01	11:33:00	174020	174095	173970	174040	8805	30907	1
2026.07.01	11:34:00	174040	174185	174040	174175	8970	31040	1
2026.07.01	11:35:00	174170	174220	174025	174080	13096	44581	1
2026.07.01	11:36:00	174080	174140	174010	174140	8299	29054	1
2026.07.01	11:37:00	174140	174205	174120	174130	9540	34485	1
2026.07.01	11:38:00	174130	174175	174090	174155	5636	19856	1
2026.07.01	11:39:00	174155	174190	174040	174085	7125	23432	1
2026.07.01	11:40:00	174085	174165	174050	174125	6137	22811	1
2026.07.01	11:41:00	174125	174150	173975	174000	9237	30974	1
2026.07.01	11:42:00	174005	174035	173925	174010	8997	29882	1
2026.07.01	11:43:00	174005	174035	173955	174010	5910	21985	1
2026.07.01	11:44:00	174010	174045	173835	173865	13529	44661	1
2026.07.01	11:45:00	173865	173940	173845	173855	8392	29451	1
2026.07.01	11:46:00	173855	174000	173845	173980	8494	28557	1
2026.07.01	11:47:00	173980	174000	173855	173855	6713	23210	1
2026.07.01	11:48:00	173860	173860	173690	173735	19913	67078	1
2026.07.01	11:49:00	173735	173795	173675	173720	10202	37724	1
2026.07.01	11:50:00	173720	173795	173715	173795	6674	22323	1
2026.07.01	11:51:00	173795	173970	173785	173935	15656	53827	1
2026.07.01	11:52:00	173940	174100	173925	174065	16919	57849	1
2026.07.01	11:53:00	174060	174085	174020	174065	5751	21991	1
2026.07.01	11:54:00	174060	174075	173910	173930	10171	37475	1
2026.07.01	11:55:00	173930	173985	173860	173940	8255	29865	1
2026.07.01	11:56:00	173940	173975	173840	173865	7452	26436	1
2026.07.01	11:57:00	173860	173935	173805	173885	8778	29030	1
2026.07.01	11:58:00	173880	173900	173790	173835	5605	19568	1
2026.07.01	11:59:00	173840	173860	173660	173705	13133	48679	1
2026.07.01	12:00:00	173705	173760	173635	173710	11973	42847	1
2026.07.01	12:01:00	173705	173815	173660	173795	8235	31183	1
2026.07.01	12:02:00	173795	173835	173765	173775	5797	21039	1
2026.07.01	12:03:00	173775	173800	173715	173745	5808	20175	1
2026.07.01	12:04:00	173745	173825	173735	173785	4282	15177	1
2026.07.01	12:05:00	173780	173795	173720	173765	5098	17751	1
2026.07.01	12:06:00	173760	173825	173730	173800	4429	15834	1
2026.07.01	12:07:00	173805	173815	173625	173635	8543	28544	1
2026.07.01	12:08:00	173630	173685	173525	173610	15496	54611	1
2026.07.01	12:09:00	173610	173660	173550	173610	8576	32086	1
2026.07.01	12:10:00	173610	173650	173535	173615	8327	28341	1
2026.07.01	12:11:00	173615	173655	173525	173525	5518	19159	1
2026.07.01	12:12:00	173525	173600	173485	173585	9988	35946	1
2026.07.01	12:13:00	173585	173645	173535	173560	5948	20171	1
2026.07.01	12:14:00	173560	173640	173550	173625	4480	17134	1
2026.07.01	12:15:00	173625	173700	173595	173620	8307	27683	1
2026.07.01	12:16:00	173625	173630	173520	173530	6649	23987	1
2026.07.01	12:17:00	173525	173575	173475	173575	8150	28487	1
2026.07.01	12:18:00	173570	173655	173525	173640	6208	18781	1
2026.07.01	12:19:00	173640	173655	173560	173565	5548	20218	1
2026.07.01	12:20:00	173560	173600	173500	173515	6256	23788	1
2026.07.01	12:21:00	173515	173560	173500	173510	4022	14995	1
2026.07.01	12:22:00	173510	173555	173480	173520	4170	15386	1
2026.07.01	12:23:00	173520	173525	173465	173505	4687	16838	1
2026.07.01	12:24:00	173500	173660	173485	173640	9909	32922	1
2026.07.01	12:25:00	173640	173665	173610	173650	5100	18773	1
2026.07.01	12:26:00	173650	173800	173640	173795	13902	47903	1
2026.07.01	12:27:00	173795	173805	173610	173630	11145	40130	1
2026.07.01	12:28:00	173635	173650	173555	173615	7926	30829	1
2026.07.01	12:29:00	173610	173665	173610	173640	3629	15398	1
2026.07.01	12:30:00	173635	173660	173575	173625	4672	16970	1
2026.07.01	12:31:00	173625	173725	173600	173710	6519	22944	1
2026.07.01	12:32:00	173705	173750	173690	173730	5098	18421	1
2026.07.01	12:33:00	173725	173735	173635	173675	5038	16020	1
2026.07.01	12:34:00	173675	173800	173650	173765	8598	28776	1
2026.07.01	12:35:00	173760	173830	173730	173790	7935	24986	1
2026.07.01	12:36:00	173790	173970	173775	173955	14444	45496	1
2026.07.01	12:37:00	173955	174065	173950	174040	10577	36830	1
2026.07.01	12:38:00	174045	174085	174000	174030	6881	24074	1
2026.07.01	12:39:00	174025	174065	173975	174050	6127	21306	1
2026.07.01	12:40:00	174050	174165	174025	174150	11433	38555	1
2026.07.01	12:41:00	174150	174180	174085	174140	6364	21609	1
2026.07.01	12:42:00	174135	174295	174110	174285	10756	37729	1
2026.07.01	12:43:00	174280	174380	174270	174310	12643	44584	1
2026.07.01	12:44:00	174315	174410	174265	174370	9580	31860	1
2026.07.01	12:45:00	174370	174460	174355	174390	10064	35554	1
2026.07.01	12:46:00	174390	174445	174360	174395	5851	21017	1
2026.07.01	12:47:00	174395	174400	174250	174345	13113	40755	1
2026.07.01	12:48:00	174340	174370	174275	174305	5510	19221	1
2026.07.01	12:49:00	174305	174365	174265	174280	4746	16808	1
2026.07.01	12:50:00	174280	174350	174250	174260	6513	24291	1
2026.07.01	12:51:00	174260	174440	174245	174420	9970	34729	1
2026.07.01	12:52:00	174425	174540	174415	174485	11954	39615	1
2026.07.01	12:53:00	174485	174535	174425	174440	6475	20772	1
2026.07.01	12:54:00	174445	174500	174430	174470	4378	15028	1
2026.07.01	12:55:00	174470	174475	174360	174375	7701	25971	1
2026.07.01	12:56:00	174380	174445	174325	174400	7538	25337	1
2026.07.01	12:57:00	174405	174420	174260	174270	6816	23691	1
2026.07.01	12:58:00	174275	174315	174210	174255	8779	29886	1
2026.07.01	12:59:00	174260	174300	174220	174270	5038	18148	1
2026.07.01	13:00:00	174265	174380	174210	174375	9917	32807	1
2026.07.01	13:01:00	174375	174385	174340	174360	3561	12151	1
2026.07.01	13:02:00	174355	174415	174335	174405	6078	20586	1
2026.07.01	13:03:00	174405	174445	174295	174295	7649	26219	1
2026.07.01	13:04:00	174295	174360	174295	174350	2987	11773	1
2026.07.01	13:05:00	174345	174410	174325	174405	3945	13914	1
2026.07.01	13:06:00	174405	174495	174390	174460	7977	27067	1
2026.07.01	13:07:00	174460	174475	174410	174430	3665	13523	1
2026.07.01	13:08:00	174430	174435	174390	174410	3243	12569	1
2026.07.01	13:09:00	174410	174460	174370	174395	4376	16877	1
2026.07.01	13:10:00	174390	174415	174360	174380	2962	11476	1
2026.07.01	13:11:00	174380	174400	174365	174380	1697	6536	1
2026.07.01	13:12:00	174380	174450	174375	174430	3124	11025	1
2026.07.01	13:13:00	174425	174440	174400	174430	2239	8278	1
2026.07.01	13:14:00	174425	174440	174395	174410	1691	6721	1
2026.07.01	13:15:00	174415	174435	174390	174410	2162	7089	1
2026.07.01	13:16:00	174410	174445	174400	174425	2105	7086	1
2026.07.01	13:17:00	174420	174430	174380	174420	2667	9950	1
2026.07.01	13:18:00	174415	174445	174380	174410	2659	10322	1
2026.07.01	13:19:00	174405	174440	174365	174390	3543	12915	1
2026.07.01	13:20:00	174390	174420	174380	174400	1485	4795	1
2026.07.01	13:21:00	174395	174400	174320	174370	6558	22055	1
2026.07.01	13:22:00	174370	174395	174360	174375	2038	7486	1
2026.07.01	13:23:00	174375	174395	174320	174330	3181	11565	1
2026.07.01	13:24:00	174330	174355	174305	174345	3437	11208	1
2026.07.01	13:25:00	174345	174355	174310	174335	1730	5655	1
2026.07.01	13:26:00	174330	174345	174255	174265	4260	12022	1
2026.07.01	13:27:00	174260	174340	174260	174325	3702	12267	1
2026.07.01	13:28:00	174325	174365	174325	174355	2873	9907	1
2026.07.01	13:29:00	174360	174535	174350	174520	12128	40952	1
2026.07.01	13:30:00	174510	174615	174480	174575	15899	53457	1
2026.07.01	13:31:00	174575	174585	174465	174515	8836	30983	1
2026.07.01	13:32:00	174515	174530	174460	174505	4189	15299	1
2026.07.01	13:33:00	174505	174540	174495	174510	2628	9459	1
2026.07.01	13:34:00	174510	174530	174490	174510	1774	5879	1
2026.07.01	13:35:00	174515	174570	174495	174550	3875	12996	1
2026.07.01	13:36:00	174550	174570	174510	174530	3157	9554	1
2026.07.01	13:37:00	174530	174635	174530	174620	7953	25909	1
2026.07.01	13:38:00	174615	174640	174570	174590	5157	18812	1
2026.07.01	13:39:00	174585	174620	174555	174560	3439	11861	1
2026.07.01	13:40:00	174555	174595	174545	174560	3426	11612	1
2026.07.01	13:41:00	174550	174575	174535	174555	2368	8630	1
2026.07.01	13:42:00	174560	174635	174545	174615	4469	15792	1
2026.07.01	13:43:00	174610	174640	174575	174580	3870	13587	1
2026.07.01	13:44:00	174575	174600	174540	174550	3051	10314	1
2026.07.01	13:45:00	174550	174590	174520	174535	3948	12968	1
2026.07.01	13:46:00	174540	174600	174535	174590	2912	10242	1
2026.07.01	13:47:00	174595	174610	174535	174535	3391	11725	1
2026.07.01	13:48:00	174540	174545	174460	174495	7539	25375	1
2026.07.01	13:49:00	174490	174575	174490	174555	4837	16865	1
2026.07.01	13:50:00	174560	174590	174550	174560	2652	9294	1
2026.07.01	13:51:00	174560	174570	174500	174515	3390	12851	1
2026.07.01	13:52:00	174515	174525	174385	174420	9258	31558	1
2026.07.01	13:53:00	174415	174475	174385	174395	4902	16791	1
2026.07.01	13:54:00	174400	174420	174360	174380	5580	20104	1
2026.07.01	13:55:00	174375	174410	174295	174300	7907	26093	1
2026.07.01	13:56:00	174295	174380	174295	174375	5296	18755	1
2026.07.01	13:57:00	174375	174395	174270	174290	5904	21272	1
2026.07.01	13:58:00	174290	174335	174260	174265	5084	17287	1
2026.07.01	13:59:00	174270	174365	174265	174355	4779	16397	1
2026.07.01	14:00:00	174360	174435	174345	174400	7575	25438	1
2026.07.01	14:01:00	174395	174520	174390	174520	6710	22726	1
2026.07.01	14:02:00	174515	174605	174510	174565	10045	34169	1
2026.07.01	14:03:00	174565	174585	174540	174570	3247	11360	1
2026.07.01	14:04:00	174570	174685	174570	174635	11676	40063	1
2026.07.01	14:05:00	174630	174685	174600	174605	5196	17920	1
2026.07.01	14:06:00	174605	174610	174550	174565	5750	18984	1
2026.07.01	14:07:00	174565	174585	174495	174530	6345	20409	1
2026.07.01	14:08:00	174525	174530	174475	174495	3346	11221	1
2026.07.01	14:09:00	174495	174505	174460	174465	3774	12861	1
2026.07.01	14:10:00	174470	174530	174450	174520	4894	15120	1
2026.07.01	14:11:00	174515	174540	174485	174520	2836	9713	1
2026.07.01	14:12:00	174520	174565	174490	174535	4391	14627	1
2026.07.01	14:13:00	174530	174575	174500	174510	3641	11557	1
2026.07.01	14:14:00	174505	174525	174470	174475	2742	9172	1
2026.07.01	14:15:00	174475	174545	174460	174465	3981	12874	1
2026.07.01	14:16:00	174465	174520	174450	174520	3638	12612	1
2026.07.01	14:17:00	174520	174525	174460	174480	2328	7432	1
2026.07.01	14:18:00	174480	174485	174435	174470	3320	11358	1
2026.07.01	14:19:00	174465	174515	174460	174500	2226	6708	1
2026.07.01	14:20:00	174500	174530	174490	174505	2207	6952	1
2026.07.01	14:21:00	174500	174530	174490	174525	1446	4961	1
2026.07.01	14:22:00	174530	174560	174515	174535	3266	9825	1
2026.07.01	14:23:00	174535	174575	174520	174560	2284	7112	1
2026.07.01	14:24:00	174555	174625	174550	174575	6711	21961	1
2026.07.01	14:25:00	174575	174615	174575	174600	2036	6250	1
2026.07.01	14:26:00	174600	174610	174565	174570	2260	7753	1
2026.07.01	14:27:00	174570	174585	174545	174555	2250	6644	1
2026.07.01	14:28:00	174555	174565	174505	174540	4207	14167	1
2026.07.01	14:29:00	174540	174550	174490	174510	2544	8370	1
2026.07.01	14:30:00	174510	174530	174475	174485	3110	10596	1
2026.07.01	14:31:00	174480	174485	174400	174415	7655	25070	1
2026.07.01	14:32:00	174410	174430	174375	174420	5505	19985	1
2026.07.01	14:33:00	174420	174460	174410	174425	3726	12937	1
2026.07.01	14:34:00	174430	174525	174420	174490	6618	23247	1
2026.07.01	14:35:00	174490	174580	174490	174555	6965	22718	1
2026.07.01	14:36:00	174560	174600	174545	174570	4372	15638	1
2026.07.01	14:37:00	174575	174595	174560	174590	1739	5693	1
2026.07.01	14:38:00	174595	174605	174555	174565	2907	9966	1
2026.07.01	14:39:00	174560	174585	174505	174510	4573	14496	1
2026.07.01	14:40:00	174515	174545	174475	174485	5201	17085	1
2026.07.01	14:41:00	174485	174525	174470	174475	3056	11346	1
2026.07.01	14:42:00	174475	174600	174475	174585	6048	21066	1
2026.07.01	14:43:00	174585	174600	174560	174570	2760	9939	1
2026.07.01	14:44:00	174565	174580	174530	174575	2989	10489	1
2026.07.01	14:45:00	174570	174590	174530	174550	2451	8884	1
2026.07.01	14:46:00	174550	174555	174405	174410	10272	38882	1
2026.07.01	14:47:00	174415	174440	174275	174290	10396	37036	1
2026.07.01	14:48:00	174290	174350	174275	174350	5765	21606	1
2026.07.01	14:49:00	174350	174370	174120	174155	16034	56433	1
2026.07.01	14:50:00	174150	174200	174060	174080	11346	43285	1
2026.07.01	14:51:00	174075	174100	174005	174015	8091	29932	1
2026.07.01	14:52:00	174010	174135	174010	174105	6917	25017	1
2026.07.01	14:53:00	174105	174145	174070	174135	4516	15539	1
2026.07.01	14:54:00	174130	174145	174070	174095	3295	10628	1
2026.07.01	14:55:00	174090	174140	174065	174075	3898	12957	1
2026.07.01	14:56:00	174075	174160	174070	174135	3668	12198	1
2026.07.01	14:57:00	174130	174145	174110	174145	1699	5808	1
2026.07.01	14:58:00	174145	174150	174050	174065	4355	14203	1
2026.07.01	14:59:00	174070	174190	174065	174145	6077	20523	1
2026.07.01	15:00:00	174145	174275	174120	174275	9682	32940	1
2026.07.01	15:01:00	174275	174310	174195	174200	7901	27273	1
2026.07.01	15:02:00	174205	174265	174190	174220	3812	14402	1
2026.07.01	15:03:00	174220	174250	174170	174200	3360	10890	1
2026.07.01	15:04:00	174205	174240	174185	174215	2043	6968	1
2026.07.01	15:05:00	174215	174220	174105	174120	7474	24774	1
2026.07.01	15:06:00	174120	174150	174075	174115	6024	19801	1
2026.07.01	15:07:00	174120	174160	174115	174135	2730	8504	1
2026.07.01	15:08:00	174135	174170	174120	174130	2375	8087	1
2026.07.01	15:09:00	174125	174135	174085	174090	3214	12255	1
2026.07.01	15:10:00	174085	174105	174010	174025	6846	22676	1
2026.07.01	15:11:00	174030	174035	173915	173955	11785	38906	1
2026.07.01	15:12:00	173960	173995	173920	173990	5223	19337	1
2026.07.01	15:13:00	173990	174055	173970	174015	6982	22246	1
2026.07.01	15:14:00	174010	174040	173990	174015	2599	9127	1
2026.07.01	15:15:00	174010	174035	173940	173965	5404	18422	1
2026.07.01	15:16:00	173970	174010	173925	173980	4530	18014	1
2026.07.01	15:17:00	173985	173990	173915	173945	4536	15746	1
2026.07.01	15:18:00	173945	174020	173940	173995	4564	14480	1
2026.07.01	15:19:00	173990	174055	173985	174025	4401	14852	1
2026.07.01	15:20:00	174020	174110	174005	174070	8168	27367	1
2026.07.01	15:21:00	174070	174240	174050	174180	10710	38339	1
2026.07.01	15:22:00	174185	174225	174170	174205	3540	12532	1
2026.07.01	15:23:00	174200	174220	174135	174140	5370	27017	1
2026.07.01	15:24:00	174135	174150	174105	174125	3538	12483	1
2026.07.01	15:25:00	174120	174150	174095	174125	3244	11435	1
2026.07.01	15:26:00	174120	174125	174060	174075	3815	13177	1
2026.07.01	15:27:00	174070	174085	174025	174045	4447	14633	1
2026.07.01	15:28:00	174045	174075	174040	174075	3205	12955	1
2026.07.01	15:29:00	174075	174130	174055	174085	3617	11820	1
2026.07.01	15:30:00	174085	174115	174010	174085	6385	23917	1
2026.07.01	15:31:00	174085	174105	174070	174095	1847	6617	1
2026.07.01	15:32:00	174100	174140	174090	174100	3216	10302	1
2026.07.01	15:33:00	174105	174130	174045	174070	4040	15855	1
2026.07.01	15:34:00	174065	174075	174025	174050	3179	11609	1
2026.07.01	15:35:00	174050	174115	174025	174095	3806	13789	1
2026.07.01	15:36:00	174100	174130	174095	174110	2288	7973	1
2026.07.01	15:37:00	174110	174165	174080	174150	4258	14114	1
2026.07.01	15:38:00	174150	174150	174035	174095	5198	18161	1
2026.07.01	15:39:00	174095	174100	174035	174055	2586	9122	1
2026.07.01	15:40:00	174050	174080	174040	174070	1592	5627	1
2026.07.01	15:41:00	174075	174080	174045	174050	1290	4335	1
2026.07.01	15:42:00	174045	174085	174040	174065	1218	4282	1
2026.07.01	15:43:00	174065	174105	174065	174075	1826	6097	1
2026.07.01	15:44:00	174080	174125	174055	174115	2479	8394	1
2026.07.01	15:45:00	174110	174120	174055	174070	2308	7788	1
2026.07.01	15:46:00	174075	174090	174065	174080	870	2889	1
2026.07.01	15:47:00	174080	174085	174015	174040	3533	11289	1
2026.07.01	15:48:00	174040	174070	174025	174055	1672	5759	1
2026.07.01	15:49:00	174050	174060	174020	174040	1575	5982	1
2026.07.01	15:50:00	174040	174045	173990	174025	4329	13507	1
2026.07.01	15:51:00	174020	174040	174005	174010	1658	5927	1
2026.07.01	15:52:00	174010	174080	173995	174050	3888	13663	1
2026.07.01	15:53:00	174055	174060	174005	174025	2535	9819	1
2026.07.01	15:54:00	174025	174080	174020	174060	2626	9638	1
2026.07.01	15:55:00	174065	174095	174055	174085	2206	8211	1
2026.07.01	15:56:00	174085	174095	174065	174070	1210	4110	1
2026.07.01	15:57:00	174075	174095	174065	174095	1280	4413	1
2026.07.01	15:58:00	174090	174110	174075	174090	2343	8349	1
2026.07.01	15:59:00	174085	174115	174080	174105	1599	6085	1
2026.07.01	16:00:00	174105	174225	174090	174155	9351	30351	1
2026.07.01	16:01:00	174155	174175	174100	174100	3738	13592	1
2026.07.01	16:02:00	174100	174110	174045	174090	6433	24520	1
2026.07.01	16:03:00	174095	174095	174030	174050	3358	13571	1
2026.07.01	16:04:00	174050	174065	174015	174020	3432	13010	1
2026.07.01	16:05:00	174015	174055	174000	174045	3266	11398	1
2026.07.01	16:06:00	174045	174055	174035	174045	1210	3946	1
2026.07.01	16:07:00	174050	174105	174045	174070	3514	11930	1
2026.07.01	16:08:00	174070	174565	174065	174370	26690	96704	1
2026.07.01	16:09:00	174365	174400	174310	174330	5229	19208	1
2026.07.01	16:10:00	174330	174350	174305	174340	3477	11003	1
2026.07.01	16:11:00	174335	174345	174295	174340	2762	8766	1
2026.07.01	16:12:00	174335	174360	174260	174285	6143	20889	1
2026.07.01	16:13:00	174285	174295	174205	174235	6444	21453	1
2026.07.01	16:14:00	174235	174335	174220	174295	5504	18656	1
2026.07.01	16:15:00	174300	174375	174290	174330	5003	20499	1
2026.07.01	16:16:00	174330	174370	174305	174365	4499	17512	1
2026.07.01	16:17:00	174365	174435	174335	174390	6576	23214	1
2026.07.01	16:18:00	174390	174475	174370	174435	6616	26351	1
2026.07.01	16:19:00	174440	174475	174420	174435	3638	13245	1
2026.07.01	16:20:00	174440	174515	174370	174490	8219	27452	1
2026.07.01	16:21:00	174490	174510	174440	174450	3726	13717	1
2026.07.01	16:22:00	174445	174450	174400	174425	3181	10663	1
2026.07.01	16:23:00	174425	174440	174400	174430	1896	5764	1
2026.07.01	16:24:00	174435	174435	174360	174415	4512	14649	1
2026.07.01	16:25:00	174415	174430	174335	174345	5177	17895	1
2026.07.01	16:26:00	174350	174390	174345	174360	2406	7549	1
2026.07.01	16:27:00	174355	174435	174355	174420	3583	12353	1
2026.07.01	16:28:00	174415	174430	174395	174405	1746	6633	1
2026.07.01	16:29:00	174405	174435	174325	174335	3945	13718	1
2026.07.01	16:30:00	174335	174410	174305	174350	5669	20403	1
2026.07.01	16:31:00	174350	174370	174310	174350	2703	10150	1
2026.07.01	16:32:00	174355	174355	174250	174315	7406	26772	1
2026.07.01	16:33:00	174310	174335	174295	174300	2363	8036	1
2026.07.01	16:34:00	174300	174305	174185	174215	7361	26788	1
2026.07.01	16:35:00	174215	174285	174210	174270	4301	16115	1
2026.07.01	16:36:00	174265	174290	174220	174280	3204	11282	1
2026.07.01	16:37:00	174275	174370	174255	174345	6152	21444	1
2026.07.01	16:38:00	174345	174370	174325	174330	2832	9379	1
2026.07.01	16:39:00	174330	174365	174325	174340	1687	6047	1
2026.07.01	16:40:00	174345	174350	174300	174325	2974	10108	1
2026.07.01	16:41:00	174320	174355	174310	174340	2145	7523	1
2026.07.01	16:42:00	174340	174405	174335	174385	4606	16411	1
2026.07.01	16:43:00	174390	174425	174380	174390	3780	13650	1
2026.07.01	16:44:00	174390	174425	174375	174405	1900	6194	1
2026.07.01	16:45:00	174410	174455	174395	174445	3475	11235	1
2026.07.01	16:46:00	174445	174480	174420	174455	4329	13212	1
2026.07.01	16:47:00	174460	174470	174410	174420	2405	8148	1
2026.07.01	16:48:00	174415	174425	174380	174380	3666	12641	1
2026.07.01	16:49:00	174385	174400	174340	174360	3955	14170	1
2026.07.01	16:50:00	174360	174375	174315	174375	3917	14226	1
2026.07.01	16:51:00	174370	174395	174255	174270	5622	19274	1
2026.07.01	16:52:00	174270	174290	174235	174245	4563	17366	1
2026.07.01	16:53:00	174250	174285	174205	174270	4781	17259	1
2026.07.01	16:54:00	174270	174305	174220	174300	4201	16642	1
2026.07.01	16:55:00	174300	174310	174240	174275	3910	16533	1
2026.07.01	16:56:00	174270	174280	174230	174250	2017	6881	1
2026.07.01	16:57:00	174250	174255	174190	174220	3679	11908	1
2026.07.01	16:58:00	174220	174290	174220	174275	2896	10757	1
2026.07.01	16:59:00	174270	174305	174255	174280	3450	13898	1
2026.07.01	17:00:00	174280	174300	174180	174200	5732	22029	1
2026.07.01	17:01:00	174205	174230	174190	174210	1682	6652	1
2026.07.01	17:02:00	174210	174220	174105	174125	6135	22039	1
2026.07.01	17:03:00	174125	174295	174105	174250	7760	32866	1
2026.07.01	17:04:00	174245	174275	174240	174250	2196	8227	1
2026.07.01	17:05:00	174250	174410	174250	174370	8753	35098	1
2026.07.01	17:06:00	174370	174370	174320	174345	2488	9204	1
2026.07.01	17:07:00	174350	174360	174325	174345	1760	7265	1
2026.07.01	17:08:00	174345	174350	174300	174305	2478	10328	1
2026.07.01	17:09:00	174310	174320	174280	174300	1997	7468	1
2026.07.01	17:10:00	174295	174370	174295	174335	3092	12660	1
2026.07.01	17:11:00	174330	174385	174315	174360	2240	8190	1
2026.07.01	17:12:00	174365	174390	174335	174360	1800	6625	1
2026.07.01	17:13:00	174360	174380	174350	174360	933	3052	1
2026.07.01	17:14:00	174365	174370	174320	174325	1528	4908	1
2026.07.01	17:15:00	174325	174360	174315	174335	1614	5697	1
2026.07.01	17:16:00	174335	174335	174225	174245	4831	18431	1
2026.07.01	17:17:00	174250	174250	174205	174230	2324	8527	1
2026.07.01	17:18:00	174230	174240	174215	174235	1142	4270	1
2026.07.01	17:19:00	174235	174260	174235	174245	1329	4382	1
2026.07.01	17:20:00	174245	174250	174220	174235	934	3037	1
2026.07.01	17:21:00	174230	174260	174190	174210	2577	9602	1
2026.07.01	17:22:00	174205	174225	174190	174210	1157	4134	1
2026.07.01	17:23:00	174210	174240	174200	174240	1297	4658	1
2026.07.01	17:24:00	174240	174240	174210	174225	899	3964	1
2026.07.01	17:25:00	174220	174235	174215	174220	508	2016	1
2026.07.01	17:26:00	174220	174240	174215	174220	655	2288	1
2026.07.01	17:27:00	174220	174240	174215	174230	554	2073	1
2026.07.01	17:28:00	174225	174235	174195	174235	1114	4200	1
2026.07.01	17:29:00	174235	174255	174210	174235	1131	4117	1
2026.07.01	17:30:00	174235	174365	174225	174320	5501	21035	1
2026.07.01	17:31:00	174315	174350	174315	174330	1468	5451	1
2026.07.01	17:32:00	174335	174345	174310	174330	1066	4159	1
2026.07.01	17:33:00	174335	174335	174305	174325	774	2946	1
2026.07.01	17:34:00	174330	174335	174320	174330	390	1273	1
2026.07.01	17:35:00	174330	174330	174285	174305	1701	6176	1
2026.07.01	17:36:00	174305	174305	174270	174290	1171	3527	1
2026.07.01	17:37:00	174290	174335	174280	174330	1626	5561	1
2026.07.01	17:38:00	174330	174460	174315	174430	4902	18173	1
2026.07.01	17:39:00	174430	174475	174420	174450	2791	10864	1
2026.07.01	17:40:00	174450	174510	174430	174480	3556	13909	1
2026.07.01	17:41:00	174480	174530	174480	174495	2927	9722	1
2026.07.01	17:42:00	174500	174540	174495	174505	1932	5849	1
2026.07.01	17:43:00	174510	174520	174465	174480	2128	6980	1
2026.07.01	17:44:00	174485	174530	174465	174515	1861	5746	1
2026.07.01	17:45:00	174510	174520	174450	174460	2520	8407	1
2026.07.01	17:46:00	174460	174480	174440	174460	1432	4837	1
2026.07.01	17:47:00	174460	174470	174405	174430	2883	9376	1
2026.07.01	17:48:00	174430	174445	174415	174435	975	3189	1
2026.07.01	17:49:00	174430	174455	174430	174450	821	2607	1
2026.07.01	17:50:00	174450	174515	174425	174515	2347	8504	1
2026.07.01	17:51:00	174515	174620	174480	174580	6374	20950	1
2026.07.01	17:52:00	174580	174595	174555	174560	1830	4955	1
2026.07.01	17:53:00	174560	174580	174550	174570	1017	2792	1
2026.07.01	17:54:00	174575	174585	174505	174525	2420	7062	1
2026.07.01	17:55:00	174525	174555	174500	174545	1880	5968	1
2026.07.01	17:56:00	174540	174585	174515	174565	2001	7140	1
2026.07.01	17:57:00	174560	174575	174545	174555	664	1857	1
2026.07.01	17:58:00	174560	174645	174550	174560	3255	11555	1
2026.07.01	17:59:00	174555	174580	174525	174545	1486	5237	1
2026.07.01	18:00:00	174540	174560	174480	174505	2324	6880	1
2026.07.01	18:01:00	174505	174535	174475	174500	1289	3576	1
2026.07.01	18:02:00	174500	174515	174480	174510	835	2616	1
2026.07.01	18:03:00	174510	174510	174485	174510	472	1286	1
2026.07.01	18:04:00	174495	174510	174480	174510	639	2099	1
2026.07.01	18:05:00	174510	174510	174470	174495	1171	3407	1
2026.07.01	18:06:00	174490	174505	174475	174480	769	2204	1
2026.07.01	18:07:00	174480	174500	174470	174495	823	1938	1
2026.07.01	18:08:00	174495	174570	174490	174555	2474	7242	1
2026.07.01	18:09:00	174555	174585	174525	174550	1969	5105	1
2026.07.01	18:10:00	174555	174575	174520	174530	1631	4327	1
2026.07.01	18:11:00	174530	174540	174440	174455	3497	9525	1
2026.07.01	18:12:00	174455	174485	174430	174480	2394	5707	1
2026.07.01	18:13:00	174480	174500	174445	174490	1293	3252	1
2026.07.01	18:14:00	174485	174530	174465	174525	1773	5110	1
2026.07.01	18:15:00	174515	174545	174490	174535	2511	6029	1
2026.07.01	18:16:00	174535	174545	174475	174480	1731	4253	1
2026.07.01	18:17:00	174480	174480	174455	174465	695	1497	1
2026.07.01	18:18:00	174465	174530	174460	174520	1555	3860	1
2026.07.01	18:19:00	174520	174550	174515	174545	1603	5008	1
2026.07.01	18:20:00	174550	174575	174535	174560	1068	2881	1
2026.07.01	18:21:00	174555	174580	174535	174535	374	1287	1
2026.07.01	18:22:00	174545	174575	174510	174560	594	2070	1
2026.07.01	18:23:00	174550	174570	174520	174520	472	1816	1
2026.07.01	18:24:00	174520	174555	174510	174530	1645	22391	1
2026.07.02	09:00:00	174560	174600	174165	174220	15642	79414	1
2026.07.02	09:01:00	174220	174240	173910	174085	46739	94443	1
2026.07.02	09:02:00	174085	174435	174010	174405	37900	80592	1
2026.07.02	09:03:00	174400	174665	174365	174475	49350	107936	1
2026.07.02	09:04:00	174470	174885	174445	174730	50682	110817	1
2026.07.02	09:05:00	174730	174770	174260	174340	42125	101485	1
2026.07.02	09:06:00	174335	174540	174220	174510	28511	69750	1
2026.07.02	09:07:00	174510	174670	174430	174530	26935	65248	1
2026.07.02	09:08:00	174535	174660	174420	174610	16054	38834	1
2026.07.02	09:09:00	174610	174630	174485	174510	11796	30041	1
2026.07.02	09:10:00	174510	174745	174465	174630	24009	60916	1
2026.07.02	09:11:00	174630	174665	174540	174635	14301	39066	1
2026.07.02	09:12:00	174635	174675	174540	174585	9600	25408	1
2026.07.02	09:13:00	174585	174690	174530	174605	10316	29190	1
2026.07.02	09:14:00	174610	174690	174585	174630	6470	17872	1
2026.07.02	09:15:00	174630	174710	174630	174650	9410	27474	1
2026.07.02	09:16:00	174645	174855	174640	174805	18626	55133	1
2026.07.02	09:17:00	174800	174805	174650	174690	15106	43472	1
2026.07.02	09:18:00	174690	174715	174610	174665	10656	32638	1
2026.07.02	09:19:00	174665	174725	174510	174580	21512	63293	1
2026.07.02	09:20:00	174575	174620	174430	174580	19556	52619	1
2026.07.02	09:21:00	174580	174740	174570	174650	22397	69106	1
2026.07.02	09:22:00	174655	174730	174615	174685	8297	24522	1
2026.07.02	09:23:00	174680	174760	174600	174745	9447	27324	1
2026.07.02	09:24:00	174750	174790	174645	174670	11784	35149	1
2026.07.02	09:25:00	174670	174750	174645	174745	7401	22892	1
2026.07.02	09:26:00	174750	174980	174740	174795	23924	69818	1
2026.07.02	09:27:00	174795	174880	174770	174845	7034	19516	1
2026.07.02	09:28:00	174845	175000	174770	174970	11938	33909	1
2026.07.02	09:29:00	174970	175005	174875	174975	8888	29836	1
2026.07.02	09:30:00	174965	175840	174325	175830	83733	211073	1
2026.07.02	09:31:00	175825	175875	175550	175835	44952	112277	1
2026.07.02	09:32:00	175830	176140	175735	175985	44253	117701	1
2026.07.02	09:33:00	175985	176095	175845	176055	28018	75951	1
2026.07.02	09:34:00	176050	176185	176000	176125	21987	60252	1
2026.07.02	09:35:00	176120	176145	175970	176060	25427	66055	1
2026.07.02	09:36:00	176060	176245	176030	176180	21707	58261	1
2026.07.02	09:37:00	176180	176375	176160	176330	28338	82356	1
2026.07.02	09:38:00	176335	176455	176210	176430	25152	73537	1
2026.07.02	09:39:00	176425	176565	176415	176490	25533	76893	1
2026.07.02	09:40:00	176495	176550	176425	176440	15971	46128	1
2026.07.02	09:41:00	176445	176510	176310	176400	22812	64223	1
2026.07.02	09:42:00	176405	176655	176385	176495	28032	77982	1
2026.07.02	09:43:00	176495	176510	176310	176395	22186	60430	1
2026.07.02	09:44:00	176395	176400	176230	176355	19435	55799	1
2026.07.02	09:45:00	176360	176410	176160	176250	24289	69497	1
2026.07.02	09:46:00	176250	176285	176165	176195	9903	29977	1
2026.07.02	09:47:00	176190	176205	175880	175895	30444	94632	1
2026.07.02	09:48:00	175890	175960	175705	175835	36541	112787	1
2026.07.02	09:49:00	175840	175875	175680	175830	19206	57505	1
2026.07.02	09:50:00	175835	175910	175775	175820	12931	37305	1
2026.07.02	09:51:00	175815	175885	175710	175825	17111	48880	1
2026.07.02	09:52:00	175830	175935	175790	175805	12975	38002	1
2026.07.02	09:53:00	175805	175895	175735	175865	13827	39415	1
2026.07.02	09:54:00	175865	175915	175760	175785	10259	28038	1
2026.07.02	09:55:00	175785	175835	175750	175760	6885	19061	1
2026.07.02	09:56:00	175755	175770	175655	175750	15728	44082	1
2026.07.02	09:57:00	175750	175770	175595	175640	14063	43024	1
2026.07.02	09:58:00	175645	175740	175600	175620	12780	35284	1
2026.07.02	09:59:00	175615	175785	175610	175745	12965	37329	1
2026.07.02	10:00:00	175745	175890	175530	175600	42849	121286	1
2026.07.02	10:01:00	175595	175615	175275	175340	33816	106573	1
2026.07.02	10:02:00	175345	175650	175335	175460	32492	96758	1
2026.07.02	10:03:00	175465	175600	175395	175530	19981	56755	1
2026.07.02	10:04:00	175530	175635	175415	175610	17399	49110	1
2026.07.02	10:05:00	175610	175680	175560	175645	12143	34754	1
2026.07.02	10:06:00	175640	175750	175580	175665	19915	56699	1
2026.07.02	10:07:00	175665	175765	175605	175740	20367	61715	1
2026.07.02	10:08:00	175745	175825	175710	175710	17017	48322	1
2026.07.02	10:09:00	175710	175810	175620	175715	18224	52496	1
2026.07.02	10:10:00	175715	175810	175565	175585	20144	55768	1
2026.07.02	10:11:00	175580	175795	175580	175765	19236	57006	1
2026.07.02	10:12:00	175760	175885	175660	175800	27847	78640	1
2026.07.02	10:13:00	175800	175955	175740	175790	29882	86243	1
2026.07.02	10:14:00	175790	175820	175605	175775	20850	60385	1
2026.07.02	10:15:00	175780	175970	175775	175775	23959	70473	1
2026.07.02	10:16:00	175770	175860	175670	175830	17746	50762	1
2026.07.02	10:17:00	175835	175900	175680	175690	16156	47365	1
2026.07.02	10:18:00	175690	175750	175515	175655	22944	68871	1
2026.07.02	10:19:00	175660	175660	175490	175620	16229	47243	1
2026.07.02	10:20:00	175620	175635	175385	175420	19003	56218	1
2026.07.02	10:21:00	175415	175605	175375	175515	20368	66216	1
2026.07.02	10:22:00	175510	175520	175370	175440	13050	42833	1
2026.07.02	10:23:00	175435	175460	175285	175355	17002	57693	1
2026.07.02	10:24:00	175355	175565	175325	175510	18847	57948	1
2026.07.02	10:25:00	175505	175515	175255	175365	20675	67753	1
2026.07.02	10:26:00	175365	175375	175205	175230	15278	47678	1
2026.07.02	10:27:00	175235	175330	175135	175175	19860	64973	1
2026.07.02	10:28:00	175180	175205	175110	175155	13060	42464	1
2026.07.02	10:29:00	175150	175240	175070	175230	18223	56120	1
2026.07.02	10:30:00	175230	175470	175215	175335	38951	122100	1
2026.07.02	10:31:00	175335	175590	175305	175505	30008	92688	1
2026.07.02	10:32:00	175505	175670	175475	175630	24968	82167	1
2026.07.02	10:33:00	175630	175700	175510	175575	20396	66369	1
2026.07.02	10:34:00	175575	175640	175355	175575	27830	87333	1
2026.07.02	10:35:00	175575	175840	175530	175775	31740	95567	1
2026.07.02	10:36:00	175770	175995	175725	175905	30702	106602	1
2026.07.02	10:37:00	175900	175910	175680	175880	22979	71298	1
2026.07.02	10:38:00	175880	176310	175875	176235	39245	127483	1
2026.07.02	10:39:00	176235	176460	176160	176420	23757	81836	1
2026.07.02	10:40:00	176420	176570	176330	176530	33600	117548	1
2026.07.02	10:41:00	176530	176615	176445	176510	20641	71720	1
2026.07.02	10:42:00	176515	176615	176420	176480	24239	88704	1
2026.07.02	10:43:00	176475	176525	176370	176520	20720	75494	1
2026.07.02	10:44:00	176520	176860	176470	176805	34351	114410	1
2026.07.02	10:45:00	176805	177020	176750	176955	30308	103357	1
2026.07.02	10:46:00	176950	176960	176760	176895	22178	80332	1
2026.07.02	10:47:00	176895	177025	176865	176935	15920	55847	1
2026.07.02	10:48:00	176935	177055	176815	176905	23062	79959	1
2026.07.02	10:49:00	176910	176955	176525	176555	29887	99136	1
2026.07.02	10:50:00	176555	176690	176440	176680	28750	94861	1
2026.07.02	10:51:00	176680	176770	176550	176585	20154	67314	1
2026.07.02	10:52:00	176585	176620	176505	176530	11299	40164	1
2026.07.02	10:53:00	176525	176575	176450	176525	13083	41278	1
2026.07.02	10:54:00	176520	176545	176335	176420	18047	57056	1
2026.07.02	10:55:00	176415	176420	176230	176255	18176	60797	1
2026.07.02	10:56:00	176260	176270	176025	176040	21464	73669	1
2026.07.02	10:57:00	176040	176070	175880	175880	20570	71625	1
2026.07.02	10:58:00	175880	175880	175730	175735	16830	57388	1
2026.07.02	10:59:00	175730	175995	175730	175925	20594	63848	1
2026.07.02	11:00:00	175925	176135	175895	176115	21510	69056	1
2026.07.02	11:01:00	176115	176130	175870	175945	20326	67567	1
2026.07.02	11:02:00	175945	176170	175925	176050	17366	58965	1
2026.07.02	11:03:00	176055	176180	176015	176110	11958	40938	1
2026.07.02	11:04:00	176110	176120	175965	176065	10652	34924	1
2026.07.02	11:05:00	176065	176070	175865	175870	12700	41329	1
2026.07.02	11:06:00	175870	176005	175855	175945	12076	39281	1
2026.07.02	11:07:00	175940	176090	175925	175965	13898	38638	1
2026.07.02	11:08:00	175960	176085	175895	176055	11296	36756	1
2026.07.02	11:09:00	176050	176090	175855	175860	12256	40335	1
2026.07.02	11:10:00	175865	175875	175670	175735	20954	70533	1
2026.07.02	11:11:00	175735	175940	175730	175900	15092	49574	1
2026.07.02	11:12:00	175900	176010	175870	175970	10181	34014	1
2026.07.02	11:13:00	175970	176050	175875	175990	12894	44227	1
2026.07.02	11:14:00	175990	176085	175915	176000	11089	39357	1
2026.07.02	11:15:00	176000	176135	175945	175950	19292	65950	1
2026.07.02	11:16:00	175945	176090	175925	176035	9206	30129	1
2026.07.02	11:17:00	176035	176075	175940	175970	7070	23803	1
2026.07.02	11:18:00	175970	176005	175855	175915	10919	35534	1
2026.07.02	11:19:00	175920	175970	175870	175935	5615	17814	1
2026.07.02	11:20:00	175935	175940	175675	175735	17262	57097	1
2026.07.02	11:21:00	175735	175770	175645	175730	12066	41378	1
2026.07.02	11:22:00	175730	175825	175695	175815	11830	38201	1
2026.07.02	11:23:00	175820	175860	175530	175595	21209	68057	1
2026.07.02	11:24:00	175600	175670	175435	175480	18799	66605	1
2026.07.02	11:25:00	175475	175490	175360	175480	15035	53347	1
2026.07.02	11:26:00	175475	175535	175430	175475	11377	38792	1
2026.07.02	11:27:00	175475	175495	175235	175285	19761	67500	1
2026.07.02	11:28:00	175290	175330	175165	175190	15774	55910	1
2026.07.02	11:29:00	175190	175260	175180	175220	10376	37142	1
2026.07.02	11:30:00	175215	175345	175170	175245	19084	63227	1
2026.07.02	11:31:00	175245	175550	175240	175460	24006	86897	1
2026.07.02	11:32:00	175460	175580	175450	175500	11506	40210	1
2026.07.02	11:33:00	175505	175520	175155	175225	24453	80688	1
2026.07.02	11:34:00	175225	175340	175125	175180	25202	85364	1
2026.07.02	11:35:00	175180	175210	174980	175015	23496	81226	1
2026.07.02	11:36:00	175015	175125	175005	175075	13530	44338	1
2026.07.02	11:37:00	175070	175130	174930	174975	16298	53010	1
2026.07.02	11:38:00	174975	174985	174800	174860	17203	57858	1
2026.07.02	11:39:00	174860	174930	174840	174875	9600	31954	1
2026.07.02	11:40:00	174880	174910	174685	174745	18875	64048	1
2026.07.02	11:41:00	174745	174850	174705	174730	15273	56814	1
2026.07.02	11:42:00	174720	174810	174630	174735	18373	64093	1
2026.07.02	11:43:00	174735	174840	174695	174820	10488	33897	1
2026.07.02	11:44:00	174820	174925	174795	174830	13988	47265	1
2026.07.02	11:45:00	174830	174905	174760	174770	10355	32870	1
2026.07.02	11:46:00	174765	174955	174730	174945	15372	49287	1
2026.07.02	11:47:00	174945	175040	174835	174850	18051	59308	1
2026.07.02	11:48:00	174845	174880	174750	174855	13165	44689	1
2026.07.02	11:49:00	174860	175025	174850	174960	12826	44375	1
2026.07.02	11:50:00	174960	174970	174825	174865	9768	32505	1
2026.07.02	11:51:00	174865	174930	174760	174830	11616	39332	1
2026.07.02	11:52:00	174825	174890	174760	174840	9588	32669	1
2026.07.02	11:53:00	174840	174875	174760	174875	7548	24870	1
2026.07.02	11:54:00	174875	174930	174820	174825	9446	31554	1
2026.07.02	11:55:00	174830	174940	174785	174910	8899	27405	1
2026.07.02	11:56:00	174915	175005	174880	174910	9348	30694	1
2026.07.02	11:57:00	174915	174940	174830	174910	6815	23160	1
2026.07.02	11:58:00	174910	174940	174865	174905	4231	14617	1
2026.07.02	11:59:00	174905	175010	174890	174945	9889	33893	1
2026.07.02	12:00:00	174945	175060	174925	175050	10346	31262	1
2026.07.02	12:01:00	175055	175090	174990	175030	9271	33412	1
2026.07.02	12:02:00	175025	175105	174985	175035	8372	29005	1
2026.07.02	12:03:00	175035	175115	174945	174960	11589	41499	1
2026.07.02	12:04:00	174960	174985	174830	174830	13253	44398	1
2026.07.02	12:05:00	174835	174840	174605	174685	25715	90227	1
2026.07.02	12:06:00	174680	174735	174585	174605	11409	39007	1
2026.07.02	12:07:00	174605	174620	174420	174525	20281	68614	1
2026.07.02	12:08:00	174520	174600	174500	174525	9618	30882	1
2026.07.02	12:09:00	174525	174665	174515	174630	10190	33292	1
2026.07.02	12:10:00	174630	174690	174590	174625	8706	27571	1
2026.07.02	12:11:00	174625	174770	174600	174725	10301	31318	1
2026.07.02	12:12:00	174725	174770	174680	174690	6440	20671	1
2026.07.02	12:13:00	174690	174765	174670	174745	4749	14605	1
2026.07.02	12:14:00	174740	174750	174680	174700	4420	14729	1
2026.07.02	12:15:00	174700	174715	174570	174595	10733	34330	1
2026.07.02	12:16:00	174590	174595	174335	174375	21249	71619	1
2026.07.02	12:17:00	174375	174405	174240	174265	15183	53270	1
2026.07.02	12:18:00	174270	174370	174265	174345	9727	32012	1
2026.07.02	12:19:00	174340	174410	174320	174375	7309	25374	1
2026.07.02	12:20:00	174380	174440	174335	174425	9354	32086	1
2026.07.02	12:21:00	174430	174610	174415	174495	14974	53064	1
2026.07.02	12:22:00	174490	174615	174465	174610	7177	24441	1
2026.07.02	12:23:00	174610	174625	174530	174595	6435	21797	1
2026.07.02	12:24:00	174600	174805	174595	174765	15075	52558	1
2026.07.02	12:25:00	174770	174770	174650	174725	8440	29578	1
2026.07.02	12:26:00	174725	174840	174725	174750	11389	36342	1
2026.07.02	12:27:00	174750	174780	174700	174740	5839	19396	1
2026.07.02	12:28:00	174740	174785	174670	174765	6822	23088	1
2026.07.02	12:29:00	174770	174785	174555	174620	10692	35052	1
2026.07.02	12:30:00	174615	174800	174615	174780	11763	40103	1
2026.07.02	12:31:00	174780	174815	174740	174790	5818	19681	1
2026.07.02	12:32:00	174785	174805	174695	174770	6533	23654	1
2026.07.02	12:33:00	174770	174790	174690	174735	4297	13489	1
2026.07.02	12:34:00	174735	174755	174675	174690	4347	14373	1
2026.07.02	12:35:00	174685	174760	174685	174710	4789	16334	1
2026.07.02	12:36:00	174710	174785	174690	174740	5049	17630	1
2026.07.02	12:37:00	174740	174770	174685	174760	3850	13999	1
2026.07.02	12:38:00	174755	174810	174745	174775	4718	15595	1
2026.07.02	12:39:00	174775	174835	174740	174780	5518	17722	1
2026.07.02	12:40:00	174780	174785	174695	174750	6513	22229	1
2026.07.02	12:41:00	174750	174855	174720	174750	8153	29092	1
2026.07.02	12:42:00	174750	174760	174675	174700	5883	21797	1
2026.07.02	12:43:00	174705	174840	174695	174760	7060	25069	1
2026.07.02	12:44:00	174760	174880	174735	174770	8081	26352	1
2026.07.02	12:45:00	174770	174870	174755	174825	4452	14778	1
2026.07.02	12:46:00	174830	174855	174795	174805	3449	12106	1
2026.07.02	12:47:00	174810	174855	174780	174840	3559	11979	1
2026.07.02	12:48:00	174835	174840	174790	174810	2554	8412	1
2026.07.02	12:49:00	174805	174820	174705	174775	7574	23036	1
2026.07.02	12:50:00	174775	174775	174680	174750	6634	25554	1
2026.07.02	12:51:00	174755	174780	174720	174725	3283	10949	1
2026.07.02	12:52:00	174725	174765	174690	174710	3483	11723	1
2026.07.02	12:53:00	174715	174795	174705	174740	4412	16294	1
2026.07.02	12:54:00	174735	174865	174705	174850	6855	24098	1
2026.07.02	12:55:00	174850	174870	174715	174750	7434	25325	1
2026.07.02	12:56:00	174745	174785	174745	174780	2753	8938	1
2026.07.02	12:57:00	174780	174800	174690	174745	5456	18793	1
2026.07.02	12:58:00	174750	174800	174705	174780	4025	13683	1
2026.07.02	12:59:00	174785	174790	174735	174745	2075	7453	1
2026.07.02	13:00:00	174740	174965	174720	174960	15513	56196	1
2026.07.02	13:01:00	174960	175000	174870	174890	9734	32871	1
2026.07.02	13:02:00	174890	174910	174840	174845	4242	13580	1
2026.07.02	13:03:00	174850	174895	174820	174845	4003	13015	1
2026.07.02	13:04:00	174850	174895	174835	174875	2369	7339	1
2026.07.02	13:05:00	174875	174905	174840	174850	3238	10869	1
2026.07.02	13:06:00	174850	174925	174810	174900	5720	18476	1
2026.07.02	13:07:00	174900	174925	174815	174850	5095	19632	1
2026.07.02	13:08:00	174845	174900	174805	174845	5585	19633	1
2026.07.02	13:09:00	174840	174865	174670	174740	13571	47712	1
2026.07.02	13:10:00	174740	174875	174725	174830	8633	33651	1
2026.07.02	13:11:00	174830	174845	174775	174825	3953	13930	1
2026.07.02	13:12:00	174825	174960	174805	174935	7290	25743	1
2026.07.02	13:13:00	174935	174985	174845	174860	8262	31621	1
2026.07.02	13:14:00	174865	174900	174825	174875	4145	13846	1
2026.07.02	13:15:00	174880	174885	174785	174815	5132	18165	1
2026.07.02	13:16:00	174815	174870	174810	174840	2963	9781	1
2026.07.02	13:17:00	174845	174885	174800	174835	3316	10355	1
2026.07.02	13:18:00	174835	174865	174810	174845	2791	10126	1
2026.07.02	13:19:00	174840	174900	174815	174820	3490	11298	1
2026.07.02	13:20:00	174820	174880	174785	174865	4931	17395	1
2026.07.02	13:21:00	174870	174870	174785	174820	3095	10472	1
2026.07.02	13:22:00	174815	174835	174785	174800	2391	7859	1
2026.07.02	13:23:00	174805	174805	174525	174620	15636	57715	1
2026.07.02	13:24:00	174620	174685	174605	174665	8810	33727	1
2026.07.02	13:25:00	174665	174760	174660	174735	6733	23966	1
2026.07.02	13:26:00	174735	174745	174675	174720	3125	11975	1
2026.07.02	13:27:00	174720	174735	174650	174670	3915	15229	1
2026.07.02	13:28:00	174675	174750	174665	174670	4575	16156	1
2026.07.02	13:29:00	174670	174690	174570	174630	8175	27448	1
2026.07.02	13:30:00	174625	174645	174550	174595	6181	22548	1
2026.07.02	13:31:00	174590	174640	174545	174570	5151	20149	1
2026.07.02	13:32:00	174565	174740	174565	174685	12172	46398	1
2026.07.02	13:33:00	174685	174700	174635	174640	3641	14675	1
2026.07.02	13:34:00	174640	174660	174580	174640	5368	18634	1
2026.07.02	13:35:00	174640	174770	174610	174760	7069	24528	1
2026.07.02	13:36:00	174760	174765	174670	174685	4976	15275	1
2026.07.02	13:37:00	174690	174705	174585	174605	6033	20744	1
2026.07.02	13:38:00	174605	174625	174575	174605	3513	11706	1
2026.07.02	13:39:00	174605	174640	174570	174630	3658	12548	1
2026.07.02	13:40:00	174630	174725	174630	174720	6237	19970	1
2026.07.02	13:41:00	174720	174795	174710	174770	6776	24039	1
2026.07.02	13:42:00	174765	174800	174740	174765	4078	14550	1
2026.07.02	13:43:00	174770	174775	174700	174715	3797	12601	1
2026.07.02	13:44:00	174715	174790	174705	174760	3842	14193	1
2026.07.02	13:45:00	174765	174780	174670	174760	5979	20603	1
2026.07.02	13:46:00	174765	174780	174695	174695	3213	12311	1
2026.07.02	13:47:00	174695	174795	174695	174775	3813	13943	1
2026.07.02	13:48:00	174780	174790	174700	174750	3537	14040	1
2026.07.02	13:49:00	174750	174845	174740	174830	7484	30056	1
2026.07.02	13:50:00	174830	174835	174770	174815	4518	17002	1
2026.07.02	13:51:00	174820	174835	174765	174790	3140	12008	1
2026.07.02	13:52:00	174790	174795	174760	174775	2295	7741	1
2026.07.02	13:53:00	174775	174775	174680	174700	5791	22235	1
2026.07.02	13:54:00	174700	174720	174680	174695	2807	11182	1
2026.07.02	13:55:00	174690	174700	174605	174615	6570	23611	1
2026.07.02	13:56:00	174615	174620	174555	174595	6162	21680	1
2026.07.02	13:57:00	174590	174600	174485	174495	8796	32668	1
2026.07.02	13:58:00	174500	174545	174495	174505	4101	17079	1
2026.07.02	13:59:00	174505	174535	174475	174530	4773	17550	1
2026.07.02	14:00:00	174525	174675	174515	174640	12310	46618	1
2026.07.02	14:01:00	174645	174685	174600	174660	5431	21781	1
2026.07.02	14:02:00	174660	174775	174660	174690	9172	33373	1
2026.07.02	14:03:00	174685	174705	174640	174675	3802	14400	1
2026.07.02	14:04:00	174670	174690	174635	174680	3064	10975	1
2026.07.02	14:05:00	174675	174740	174620	174715	6633	25425	1
2026.07.02	14:06:00	174720	174815	174715	174775	7028	26470	1
2026.07.02	14:07:00	174775	174810	174760	174770	2619	8883	1
2026.07.02	14:08:00	174770	174800	174750	174775	2665	9150	1
2026.07.02	14:09:00	174770	174785	174690	174760	5100	18489	1
2026.07.02	14:10:00	174755	174805	174680	174725	6022	22162	1
2026.07.02	14:11:00	174730	174775	174695	174765	3402	12290	1
2026.07.02	14:12:00	174770	174800	174750	174755	3341	12013	1
2026.07.02	14:13:00	174755	174775	174710	174765	3080	11196	1
2026.07.02	14:14:00	174770	174790	174740	174760	2566	10506	1
2026.07.02	14:15:00	174760	174815	174715	174805	4983	17847	1
2026.07.02	14:16:00	174805	174810	174745	174755	2819	9615	1
2026.07.02	14:17:00	174760	174800	174735	174745	2721	9663	1
2026.07.02	14:18:00	174745	174790	174695	174750	4651	16235	1
2026.07.02	14:19:00	174750	174755	174700	174740	2845	9935	1
2026.07.02	14:20:00	174745	174770	174700	174720	2660	10030	1
2026.07.02	14:21:00	174725	174755	174695	174745	1946	6235	1
2026.07.02	14:22:00	174745	174750	174695	174700	1895	6160	1
2026.07.02	14:23:00	174700	174710	174605	174650	7902	26921	1
2026.07.02	14:24:00	174655	174665	174625	174650	2476	9199	1
2026.07.02	14:25:00	174645	174650	174585	174635	4917	17604	1
2026.07.02	14:26:00	174635	174660	174600	174620	2921	10319	1
2026.07.02	14:27:00	174615	174660	174615	174630	2130	7358	1
2026.07.02	14:28:00	174630	174675	174615	174670	2470	7406	1
2026.07.02	14:29:00	174665	174675	174605	174645	3238	11897	1
2026.07.02	14:30:00	174640	174675	174620	174645	2552	7546	1
2026.07.02	14:31:00	174645	174665	174615	174620	1940	6293	1
2026.07.02	14:32:00	174615	174730	174610	174715	5491	16690	1
2026.07.02	14:33:00	174720	174770	174700	174720	5463	18508	1
2026.07.02	14:34:00	174720	174730	174670	174670	3038	10635	1
2026.07.02	14:35:00	174670	174685	174625	174675	4115	14673	1
2026.07.02	14:36:00	174670	174685	174535	174575	8769	30905	1
2026.07.02	14:37:00	174570	174595	174525	174540	4969	18875	1
2026.07.02	14:38:00	174535	174585	174515	174565	4555	18395	1
2026.07.02	14:39:00	174565	174595	174550	174580	3165	17803	1
2026.07.02	14:40:00	174580	174605	174545	174600	3784	12345	1
2026.07.02	14:41:00	174605	174625	174585	174605	2916	9157	1
2026.07.02	14:42:00	174605	174670	174590	174665	4906	18851	1
2026.07.02	14:43:00	174670	174675	174590	174615	4181	14718	1
2026.07.02	14:44:00	174615	174645	174605	174630	1855	7132	1
2026.07.02	14:45:00	174630	174670	174620	174650	2456	8865	1
2026.07.02	14:46:00	174655	174690	174650	174690	3425	11883	1
2026.07.02	14:47:00	174690	174750	174655	174660	7171	25647	1
2026.07.02	14:48:00	174665	174750	174620	174725	6252	23257	1
2026.07.02	14:49:00	174730	174745	174695	174700	2274	8361	1
2026.07.02	14:50:00	174705	174710	174665	174685	3373	13114	1
2026.07.02	14:51:00	174680	174730	174670	174690	2700	9740	1
2026.07.02	14:52:00	174690	174705	174575	174575	8341	30259	1
2026.07.02	14:53:00	174575	174640	174560	174615	5009	17926	1
2026.07.02	14:54:00	174620	174665	174610	174635	2601	9241	1
2026.07.02	14:55:00	174635	174690	174600	174680	3995	14822	1
2026.07.02	14:56:00	174675	174700	174630	174685	4059	17190	1
2026.07.02	14:57:00	174685	174685	174610	174640	3255	13584	1
2026.07.02	14:58:00	174645	174655	174605	174635	2172	8260	1
2026.07.02	14:59:00	174630	174635	174550	174595	5376	19460	1
2026.07.02	15:00:00	174595	174630	174500	174620	10189	36537	1
2026.07.02	15:01:00	174615	174720	174600	174680	7382	27476	1
2026.07.02	15:02:00	174675	174720	174650	174700	4481	18037	1
2026.07.02	15:03:00	174695	174785	174690	174730	7329	25184	1
2026.07.02	15:04:00	174730	174750	174695	174715	3796	13599	1
2026.07.02	15:05:00	174715	174765	174700	174730	3640	12710	1
2026.07.02	15:06:00	174730	174860	174715	174815	8880	29671	1
2026.07.02	15:07:00	174810	174855	174685	174825	11177	50265	1
2026.07.02	15:08:00	174830	174870	174820	174840	4980	18079	1
2026.07.02	15:09:00	174840	174870	174825	174865	3188	12061	1
2026.07.02	15:10:00	174860	174880	174800	174820	5510	21590	1
2026.07.02	15:11:00	174825	174835	174775	174800	3998	14852	1
2026.07.02	15:12:00	174795	174825	174775	174795	2338	7738	1
2026.07.02	15:13:00	174800	174800	174725	174740	5861	20796	1
2026.07.02	15:14:00	174740	174750	174680	174700	5436	19076	1
2026.07.02	15:15:00	174700	174720	174675	174685	3285	11449	1
2026.07.02	15:16:00	174685	174700	174605	174655	6774	23997	1
2026.07.02	15:17:00	174655	174665	174620	174625	2676	10087	1
2026.07.02	15:18:00	174625	174650	174575	174630	5418	19207	1
2026.07.02	15:19:00	174630	174660	174615	174645	2790	9723	1
2026.07.02	15:20:00	174645	174710	174630	174680	4752	16937	1
2026.07.02	15:21:00	174680	174715	174660	174705	2794	10003	1
2026.07.02	15:22:00	174700	174765	174700	174735	5144	17456	1
2026.07.02	15:23:00	174735	174760	174725	174735	2028	7835	1
2026.07.02	15:24:00	174740	174775	174710	174760	3143	11487	1
2026.07.02	15:25:00	174755	174795	174740	174745	3279	10660	1
2026.07.02	15:26:00	174745	174765	174740	174755	1423	5005	1
2026.07.02	15:27:00	174755	174775	174715	174775	3470	12536	1
2026.07.02	15:28:00	174770	174840	174770	174815	6057	22059	1
2026.07.02	15:29:00	174810	174980	174800	174960	10822	40582	1
2026.07.02	15:30:00	174955	175125	174950	175060	14051	51449	1
2026.07.02	15:31:00	175060	175170	175050	175165	8231	29506	1
2026.07.02	15:32:00	175165	175225	175130	175200	9898	36707	1
2026.07.02	15:33:00	175205	175240	175155	175200	6093	21595	1
2026.07.02	15:34:00	175200	175225	175085	175130	9757	37915	1
2026.07.02	15:35:00	175130	175195	175125	175170	5050	18566	1
2026.07.02	15:36:00	175165	175180	175070	175095	6678	24540	1
2026.07.02	15:37:00	175090	175130	175060	175090	4355	16559	1
2026.07.02	15:38:00	175095	175130	175075	175080	3099	13130	1
2026.07.02	15:39:00	175080	175180	175055	175145	5775	21211	1
2026.07.02	15:40:00	175145	175165	175125	175140	2618	8597	1
2026.07.02	15:41:00	175145	175160	175115	175140	2199	7966	1
2026.07.02	15:42:00	175135	175160	175125	175140	1702	6012	1
2026.07.02	15:43:00	175140	175165	175115	175140	2562	9461	1
2026.07.02	15:44:00	175145	175235	175140	175160	8700	33655	1
2026.07.02	15:45:00	175160	175175	175125	175125	3315	12999	1
2026.07.02	15:46:00	175125	175145	175020	175035	9063	34451	1
2026.07.02	15:47:00	175035	175090	175030	175070	3865	15228	1
2026.07.02	15:48:00	175065	175265	175060	175230	11286	41261	1
2026.07.02	15:49:00	175225	175265	175205	175215	5959	24334	1
2026.07.02	15:50:00	175215	175225	175190	175200	2667	9562	1
2026.07.02	15:51:00	175205	175210	175165	175185	2885	12383	1
2026.07.02	15:52:00	175185	175240	175180	175210	3446	12445	1
2026.07.02	15:53:00	175215	175220	175175	175195	2148	7595	1
2026.07.02	15:54:00	175195	175200	175165	175185	2241	7675	1
2026.07.02	15:55:00	175185	175240	175175	175210	2994	10250	1
2026.07.02	15:56:00	175210	175305	175210	175250	7453	26231	1
2026.07.02	15:57:00	175245	175255	175220	175235	2108	7881	1
2026.07.02	15:58:00	175235	175255	175200	175220	2895	9317	1
2026.07.02	15:59:00	175215	175240	175195	175225	2620	10666	1
2026.07.02	16:00:00	175225	175265	175175	175180	4356	15625	1
2026.07.02	16:01:00	175185	175190	175140	175180	5742	19762	1
2026.07.02	16:02:00	175175	175230	175170	175185	3639	13243	1
2026.07.02	16:03:00	175190	175205	175120	175130	4557	16665	1
2026.07.02	16:04:00	175125	175130	175025	175040	8980	35074	1
2026.07.02	16:05:00	175040	175085	175035	175070	4796	17971	1
2026.07.02	16:06:00	175070	175130	175055	175115	5191	19858	1
2026.07.02	16:07:00	175115	175135	175060	175090	4405	17479	1
2026.07.02	16:08:00	175085	175105	175075	175090	1449	4727	1
2026.07.02	16:09:00	175090	175100	175005	175030	5152	19424	1
2026.07.02	16:10:00	175025	175045	174965	175010	6147	22241	1
2026.07.02	16:11:00	175010	175020	174975	174985	2677	10912	1
2026.07.02	16:12:00	174990	174990	174935	174945	5006	17860	1
2026.07.02	16:13:00	174940	174980	174915	174975	4988	18007	1
2026.07.02	16:14:00	174980	175000	174960	174970	3321	13164	1
2026.07.02	16:15:00	174970	174985	174950	174960	1823	6524	1
2026.07.02	16:16:00	174965	174965	174830	174880	8805	31839	1
2026.07.02	16:17:00	174885	174900	174865	174885	2421	9424	1
2026.07.02	16:18:00	174885	174920	174865	174915	2946	10589	1
2026.07.02	16:19:00	174910	174925	174900	174905	1740	5646	1
2026.07.02	16:20:00	174905	174920	174870	174900	2482	8530	1
2026.07.02	16:21:00	174900	174920	174885	174900	1662	6404	1
2026.07.02	16:22:00	174900	174925	174885	174905	2090	7451	1
2026.07.02	16:23:00	174905	174915	174875	174880	1689	6358	1
2026.07.02	16:24:00	174885	174885	174845	174865	3689	13168	1
2026.07.02	16:25:00	174870	174870	174695	174760	11650	49091	1
2026.07.02	16:26:00	174755	174820	174755	174815	4048	17223	1
2026.07.02	16:27:00	174810	174855	174810	174825	4091	15966	1
2026.07.02	16:28:00	174820	174835	174805	174825	1835	6908	1
2026.07.02	16:29:00	174825	174845	174790	174810	2851	10950	1
2026.07.02	16:30:00	174810	174825	174790	174825	2133	7464	1
2026.07.02	16:31:00	174825	174845	174815	174845	2309	7328	1
2026.07.02	16:32:00	174845	174875	174835	174860	3535	11413	1
2026.07.02	16:33:00	174860	174880	174825	174850	2511	7523	1
2026.07.02	16:34:00	174850	174870	174830	174840	1954	7114	1
2026.07.02	16:35:00	174845	174905	174820	174885	5400	19088	1
2026.07.02	16:36:00	174880	174905	174860	174885	2983	13099	1
2026.07.02	16:37:00	174880	174890	174865	174890	1362	4369	1
2026.07.02	16:38:00	174890	174905	174870	174895	1653	5580	1
2026.07.02	16:39:00	174890	174935	174890	174920	3268	11900	1
2026.07.02	16:40:00	174920	174975	174910	174970	5785	20855	1
2026.07.02	16:41:00	174965	174995	174945	174975	3104	11631	1
2026.07.02	16:42:00	174970	174980	174915	174935	4317	17987	1
2026.07.02	16:43:00	174935	175005	174930	174990	3632	13894	1
2026.07.02	16:44:00	174985	175015	174970	174985	2970	11266	1
2026.07.02	16:45:00	174985	174990	174940	174980	3394	12897	1
2026.07.02	16:46:00	174975	174990	174935	174950	2298	9062	1
2026.07.02	16:47:00	174950	174965	174865	174875	6528	24276	1
2026.07.02	16:48:00	174875	174890	174830	174855	5039	20666	1
2026.07.02	16:49:00	174850	174870	174830	174840	3278	14042	1
2026.07.02	16:50:00	174845	174910	174835	174870	6010	22673	1
2026.07.02	16:51:00	174870	174910	174845	174905	2994	9828	1
2026.07.02	16:52:00	174910	174945	174865	174885	5089	18491	1
2026.07.02	16:53:00	174890	174995	174870	174940	6587	29261	1
2026.07.02	16:54:00	174940	174995	174940	174985	3729	16890	1
2026.07.02	16:55:00	174980	175155	174970	175140	12098	48326	1
2026.07.02	16:56:00	175140	175195	175130	175175	4802	17988	1
2026.07.02	16:57:00	175175	175245	175170	175230	6074	25618	1
2026.07.02	16:58:00	175225	175235	175160	175230	5200	20080	1
2026.07.02	16:59:00	175235	175295	175225	175280	6613	23257	1
2026.07.02	17:00:00	175285	175315	175120	175195	11875	51320	1
2026.07.02	17:01:00	175195	175245	175165	175205	4174	16111	1
2026.07.02	17:02:00	175205	175215	175180	175200	1997	7919	1
2026.07.02	17:03:00	175200	175330	175200	175310	5640	21062	1
2026.07.02	17:04:00	175315	175385	175285	175335	6689	26372	1
2026.07.02	17:05:00	175340	175365	175310	175350	3415	14409	1
2026.07.02	17:06:00	175350	175400	175280	175280	5916	23545	1
2026.07.02	17:07:00	175280	175320	175260	175265	3139	10837	1
2026.07.02	17:08:00	175270	175320	175265	175310	2163	8608	1
2026.07.02	17:09:00	175310	175310	175270	175270	1512	6865	1
2026.07.02	17:10:00	175270	175290	175235	175255	3321	13099	1
2026.07.02	17:11:00	175255	175275	175235	175255	1499	5411	1
2026.07.02	17:12:00	175260	175325	175255	175295	2466	9123	1
2026.07.02	17:13:00	175300	175305	175285	175300	1461	5969	1
2026.07.02	17:14:00	175300	175310	175285	175290	934	3476	1
2026.07.02	17:15:00	175290	175315	175275	175280	1595	6191	1
2026.07.02	17:16:00	175280	175295	175270	175285	985	3338	1
2026.07.02	17:17:00	175285	175285	175250	175270	1329	3997	1
2026.07.02	17:18:00	175270	175295	175265	175275	1419	4906	1
2026.07.02	17:19:00	175275	175310	175265	175295	1548	4721	1
2026.07.02	17:20:00	175295	175305	175270	175270	1113	3750	1
2026.07.02	17:21:00	175275	175295	175260	175285	1543	5500	1
2026.07.02	17:22:00	175285	175320	175270	175290	1737	6643	1
2026.07.02	17:23:00	175290	175305	175280	175295	657	2786	1
2026.07.02	17:24:00	175290	175295	175250	175275	1521	5055	1
2026.07.02	17:25:00	175275	175290	175250	175285	1257	4558	1
2026.07.02	17:26:00	175285	175295	175260	175280	1029	3397	1
2026.07.02	17:27:00	175275	175325	175275	175305	2005	6461	1
2026.07.02	17:28:00	175310	175325	175295	175325	1261	4204	1
2026.07.02	17:29:00	175325	175380	175305	175360	4519	17120	1
2026.07.02	17:30:00	175365	175420	175360	175385	4410	17250	1
2026.07.02	17:31:00	175385	175415	175380	175400	1444	4921	1
2026.07.02	17:32:00	175400	175400	175355	175360	2357	8420	1
2026.07.02	17:33:00	175365	175370	175340	175345	2088	8315	1
2026.07.02	17:34:00	175350	175365	175340	175360	724	2620	1
2026.07.02	17:35:00	175360	175365	175345	175350	600	2079	1
2026.07.02	17:36:00	175355	175360	175345	175355	528	1853	1
2026.07.02	17:37:00	175355	175410	175345	175375	2185	7334	1
2026.07.02	17:38:00	175380	175385	175365	175365	674	2117	1
2026.07.02	17:39:00	175365	175370	175345	175365	925	3035	1
2026.07.02	17:40:00	175360	175370	175345	175350	856	2964	1
2026.07.02	17:41:00	175355	175395	175355	175375	1689	5170	1
2026.07.02	17:42:00	175370	175390	175370	175380	756	1881	1
2026.07.02	17:43:00	175385	175385	175365	175375	494	1278	1
2026.07.02	17:44:00	175375	175385	175365	175375	731	2196	1
2026.07.02	17:45:00	175370	175385	175365	175380	678	1831	1
2026.07.02	17:46:00	175380	175385	175370	175375	521	1466	1
2026.07.02	17:47:00	175375	175395	175355	175380	1695	4837	1
2026.07.02	17:48:00	175385	175390	175370	175370	568	1467	1
2026.07.02	17:49:00	175375	175385	175350	175365	1288	4209	1
2026.07.02	17:50:00	175370	175370	175300	175330	4648	14472	1
2026.07.02	17:51:00	175330	175380	175325	175370	2565	7105	1
2026.07.02	17:52:00	175370	175400	175355	175370	2532	7154	1
2026.07.02	17:53:00	175370	175400	175365	175400	1334	4044	1
2026.07.02	17:54:00	175395	175400	175375	175380	1107	2995	1
2026.07.02	17:55:00	175380	175395	175380	175385	1018	2272	1
2026.07.02	17:56:00	175390	175390	175335	175350	2433	7020	1
2026.07.02	17:57:00	175355	175365	175345	175350	918	2667	1
2026.07.02	17:58:00	175355	175360	175260	175305	4270	12872	1
2026.07.02	17:59:00	175305	175335	175265	175290	3099	8284	1
2026.07.02	18:00:00	175295	175320	175285	175310	1405	3428	1
2026.07.02	18:01:00	175310	175315	175290	175300	736	1589	1
2026.07.02	18:02:00	175305	175335	175300	175330	1463	3124	1
2026.07.02	18:03:00	175335	175355	175325	175330	1371	3530	1
2026.07.02	18:04:00	175335	175335	175280	175310	2213	4779	1
2026.07.02	18:05:00	175305	175335	175295	175305	1466	3360	1
2026.07.02	18:06:00	175305	175330	175295	175320	715	2084	1
2026.07.02	18:07:00	175320	175330	175310	175325	373	962	1
2026.07.02	18:08:00	175325	175335	175295	175305	739	2143	1
2026.07.02	18:09:00	175300	175325	175300	175305	736	1930	1
2026.07.02	18:10:00	175300	175305	175240	175280	3937	9650	1
2026.07.02	18:11:00	175280	175280	175250	175265	1007	2236	1
2026.07.02	18:12:00	175265	175275	175190	175210	3205	8345	1
2026.07.02	18:13:00	175205	175225	175185	175210	1904	4771	1
2026.07.02	18:14:00	175205	175240	175195	175225	1849	4757	1
2026.07.02	18:15:00	175220	175265	175200	175210	3186	6957	1
2026.07.02	18:16:00	175210	175210	175155	175180	1623	5052	1
2026.07.02	18:17:00	175180	175190	175140	175165	1220	4181	1
2026.07.02	18:18:00	175170	175235	175165	175230	1533	4092	1
2026.07.02	18:19:00	175235	175250	175220	175225	1296	4112	1
2026.07.02	18:20:00	175225	175225	175185	175200	848	2663	1
2026.07.02	18:21:00	175195	175210	175190	175195	198	770	1
2026.07.02	18:22:00	175200	175200	175140	175175	1385	4828	1
2026.07.02	18:23:00	175175	175175	175130	175140	1178	3343	1
2026.07.02	18:24:00	175140	175175	175105	175175	1241	22891	1
2026.07.03	09:02:00	175725	175795	175685	175685	7197	70537	1
2026.07.03	09:03:00	175690	175970	175630	175895	41292	97154	1
2026.07.03	09:04:00	175895	175955	175550	175810	35881	84463	1
2026.07.03	09:05:00	175805	176220	175785	176205	41523	109258	1
2026.07.03	09:06:00	176205	176370	176155	176330	33852	95672	1
2026.07.03	09:07:00	176325	176600	176300	176425	32387	88348	1
2026.07.03	09:08:00	176425	176685	176285	176655	37394	103436	1
2026.07.03	09:09:00	176650	176715	176420	176430	33541	94279	1
2026.07.03	09:10:00	176430	176470	176265	176315	32325	85051	1
2026.07.03	09:11:00	176320	176350	176135	176215	26183	75206	1
2026.07.03	09:12:00	176215	176390	176135	176370	21632	57827	1
2026.07.03	09:13:00	176370	176450	176290	176425	16143	43185	1
2026.07.03	09:14:00	176420	176490	176385	176465	14530	37579	1
2026.07.03	09:15:00	176470	176530	176445	176455	13957	37151	1
2026.07.03	09:16:00	176455	176465	176270	176285	23902	60798	1
2026.07.03	09:17:00	176290	176440	176280	176410	11760	31343	1
2026.07.03	09:18:00	176410	176475	176305	176430	17344	46236	1
2026.07.03	09:19:00	176425	176570	176425	176465	19498	50107	1
2026.07.03	09:20:00	176460	176505	176355	176460	18074	49371	1
2026.07.03	09:21:00	176465	176615	176390	176605	17948	48932	1
2026.07.03	09:22:00	176600	176645	176550	176605	13212	37806	1
2026.07.03	09:23:00	176600	176650	176465	176520	16476	49311	1
2026.07.03	09:24:00	176520	176575	176440	176560	12366	35983	1
2026.07.03	09:25:00	176560	176700	176550	176630	17121	55685	1
2026.07.03	09:26:00	176630	176650	176580	176610	6845	21396	1
2026.07.03	09:27:00	176610	176695	176595	176665	8484	26995	1
2026.07.03	09:28:00	176665	176775	176610	176625	21679	67898	1
2026.07.03	09:29:00	176625	176705	176595	176650	10478	32312	1
2026.07.03	09:30:00	176655	176740	176475	176490	24801	72165	1
2026.07.03	09:31:00	176490	176680	176490	176650	16591	48973	1
2026.07.03	09:32:00	176650	176690	176515	176545	13375	37842	1
2026.07.03	09:33:00	176540	176570	176405	176440	16069	45732	1
2026.07.03	09:34:00	176440	176485	176405	176435	8454	25356	1
2026.07.03	09:35:00	176435	176470	176375	176385	8803	25031	1
2026.07.03	09:36:00	176380	176510	176285	176495	28636	80356	1
2026.07.03	09:37:00	176495	176520	176435	176500	11655	34326	1
2026.07.03	09:38:00	176500	176605	176450	176565	16255	46047	1
2026.07.03	09:39:00	176560	176595	176480	176490	10545	30004	1
2026.07.03	09:40:00	176490	176520	176440	176490	9983	29627	1
2026.07.03	09:41:00	176485	176490	176370	176415	12759	38314	1
2026.07.03	09:42:00	176410	176425	176240	176285	20062	56562	1
2026.07.03	09:43:00	176285	176355	176260	176290	9266	26713	1
2026.07.03	09:44:00	176290	176335	176250	176270	4903	15558	1
2026.07.03	09:45:00	176275	176490	176255	176425	21848	67264	1
2026.07.03	09:46:00	176430	176485	176395	176420	8367	25150	1
2026.07.03	09:47:00	176420	176460	176370	176425	6439	19463	1
2026.07.03	09:48:00	176420	176445	176405	176430	2856	8950	1
2026.07.03	09:49:00	176435	176590	176430	176540	17383	50436	1
2026.07.03	09:50:00	176545	176705	176535	176670	24211	73999	1
2026.07.03	09:51:00	176670	176790	176635	176700	24172	72428	1
2026.07.03	09:52:00	176700	176760	176635	176695	12183	36080	1
2026.07.03	09:53:00	176695	176710	176515	176555	17864	51836	1
2026.07.03	09:54:00	176560	176655	176550	176605	8121	24748	1
2026.07.03	09:55:00	176605	176660	176525	176545	9953	29126	1
2026.07.03	09:56:00	176550	176585	176445	176465	13958	41733	1
2026.07.03	09:57:00	176465	176470	176365	176395	12008	33843	1
2026.07.03	09:58:00	176400	176515	176335	176410	14676	43865	1
2026.07.03	09:59:00	176415	176445	176255	176325	16670	56406	1
2026.07.03	10:00:00	176325	176515	176295	176345	28636	85651	1
2026.07.03	10:01:00	176345	176475	176145	176360	41377	124859	1
2026.07.03	10:02:00	176365	176475	176310	176345	15433	45924	1
2026.07.03	10:03:00	176345	176365	176240	176315	14248	45516	1
2026.07.03	10:04:00	176310	176390	176245	176330	13435	43234	1
2026.07.03	10:05:00	176330	176330	176100	176195	30640	97098	1
2026.07.03	10:06:00	176195	176275	176100	176175	19904	61037	1
2026.07.03	10:07:00	176180	176185	175980	176020	25300	85983	1
2026.07.03	10:08:00	176020	176075	175905	175920	19357	58756	1
2026.07.03	10:09:00	175925	176030	175840	175895	25528	77861	1
2026.07.03	10:10:00	175900	175905	175755	175875	24322	77392	1
2026.07.03	10:11:00	175870	176050	175825	175935	29608	94614	1
2026.07.03	10:12:00	175930	175975	175790	175840	16177	51414	1
2026.07.03	10:13:00	175845	175980	175790	175900	16509	51063	1
2026.07.03	10:14:00	175905	175955	175665	175690	24881	78501	1
2026.07.03	10:15:00	175685	175785	175540	175745	37277	116719	1
2026.07.03	10:16:00	175745	175980	175665	175950	32557	106779	1
2026.07.03	10:17:00	175950	175950	175500	175640	41996	136202	1
2026.07.03	10:18:00	175640	175755	175530	175655	23774	75287	1
2026.07.03	10:19:00	175655	175740	175610	175660	12821	42421	1
2026.07.03	10:20:00	175665	175705	175610	175645	9691	32327	1
2026.07.03	10:21:00	175640	175645	175470	175530	23334	74923	1
2026.07.03	10:22:00	175530	175560	175395	175445	18909	64816	1
2026.07.03	10:23:00	175445	175475	175350	175410	17881	58337	1
2026.07.03	10:24:00	175410	175485	175300	175475	21902	68847	1
2026.07.03	10:25:00	175475	175765	175410	175730	34357	108886	1
2026.07.03	10:26:00	175730	175820	175650	175735	24117	80000	1
2026.07.03	10:27:00	175735	175995	175730	175870	28534	86444	1
2026.07.03	10:28:00	175865	175905	175785	175810	10852	34014	1
2026.07.03	10:29:00	175815	175905	175730	175815	15059	46200	1
2026.07.03	10:30:00	175815	175850	175580	175615	21364	65942	1
2026.07.03	10:31:00	175610	175770	175610	175665	17114	53558	1
2026.07.03	10:32:00	175665	175730	175485	175540	18618	54274	1
2026.07.03	10:33:00	175545	175635	175500	175540	12325	37892	1
2026.07.03	10:34:00	175545	175590	175425	175560	15024	47476	1
2026.07.03	10:35:00	175560	175690	175525	175650	14281	43104	1
2026.07.03	10:36:00	175655	175755	175615	175745	13604	41268	1
2026.07.03	10:37:00	175745	175845	175645	175785	15255	48590	1
2026.07.03	10:38:00	175790	175880	175755	175825	12352	39050	1
2026.07.03	10:39:00	175825	175885	175820	175875	7063	23214	1
2026.07.03	10:40:00	175875	175945	175775	175795	18803	61194	1
2026.07.03	10:41:00	175795	176030	175760	175990	22352	71446	1
2026.07.03	10:42:00	175990	176035	175910	175935	11870	36201	1
2026.07.03	10:43:00	175935	176080	175765	176080	33953	118557	1
2026.07.03	10:44:00	176080	176085	175955	175970	10822	34179	1
2026.07.03	10:45:00	175970	176005	175810	175860	15056	45817	1
2026.07.03	10:46:00	175860	175940	175850	175890	8120	24810	1
2026.07.03	10:47:00	175890	175975	175870	175910	8412	25493	1
2026.07.03	10:48:00	175905	175985	175870	175935	8146	25875	1
2026.07.03	10:49:00	175940	175955	175875	175935	4864	16095	1
2026.07.03	10:50:00	175935	176095	175905	176065	16684	54529	1
2026.07.03	10:51:00	176070	176185	175890	175955	30684	103356	1
2026.07.03	10:52:00	175955	175995	175910	175975	8158	26409	1
2026.07.03	10:53:00	175970	176060	175950	176020	8205	24240	1
2026.07.03	10:54:00	176025	176060	175975	175975	5404	16678	1
2026.07.03	10:55:00	175980	176100	175955	176060	14495	44175	1
2026.07.03	10:56:00	176060	176130	176030	176100	9680	29323	1
2026.07.03	10:57:00	176095	176165	176005	176065	13550	40734	1
2026.07.03	10:58:00	176065	176120	176045	176080	5042	16030	1
2026.07.03	10:59:00	176080	176100	176005	176055	5438	17387	1
2026.07.03	11:00:00	176055	176250	176020	176230	17075	54984	1
2026.07.03	11:01:00	176230	176275	176155	176230	15623	53182	1
2026.07.03	11:02:00	176225	176285	176190	176275	8657	28467	1
2026.07.03	11:03:00	176275	176340	176250	176320	10706	34525	1
2026.07.03	11:04:00	176320	176370	176225	176360	14332	46275	1
2026.07.03	11:05:00	176365	176490	176345	176445	20232	65779	1
2026.07.03	11:06:00	176445	176480	176410	176450	8150	27572	1
2026.07.03	11:07:00	176445	176490	176390	176485	7550	24162	1
2026.07.03	11:08:00	176480	176695	176475	176610	26094	84001	1
2026.07.03	11:09:00	176610	176660	176545	176605	13329	46679	1
2026.07.03	11:10:00	176605	176700	176535	176585	15881	52756	1
2026.07.03	11:11:00	176590	176620	176440	176515	16240	52018	1
2026.07.03	11:12:00	176515	176560	176405	176555	14115	48168	1
2026.07.03	11:13:00	176550	176570	176480	176520	7585	26051	1
2026.07.03	11:14:00	176515	176545	176465	176490	4414	13844	1
2026.07.03	11:15:00	176490	176520	176360	176440	14893	49287	1
2026.07.03	11:16:00	176440	176490	176415	176450	6617	22180	1
2026.07.03	11:17:00	176455	176585	176450	176565	11378	38446	1
2026.07.03	11:18:00	176560	176580	176420	176420	10273	35700	1
2026.07.03	11:19:00	176425	176445	176335	176370	10670	36167	1
2026.07.03	11:20:00	176370	176495	176340	176440	10693	36079	1
2026.07.03	11:21:00	176440	176540	176425	176450	8109	27794	1
2026.07.03	11:22:00	176450	176510	176415	176475	5815	20243	1
2026.07.03	11:23:00	176475	176505	176445	176445	3455	12335	1
2026.07.03	11:24:00	176445	176520	176435	176440	4162	14142	1
2026.07.03	11:25:00	176440	176510	176405	176470	6661	24976	1
2026.07.03	11:26:00	176480	176505	176435	176485	3159	10984	1
2026.07.03	11:27:00	176485	176535	176470	176485	5058	18852	1
2026.07.03	11:28:00	176485	176510	176445	176455	3698	14253	1
2026.07.03	11:29:00	176455	176555	176450	176480	5950	21231	1
2026.07.03	11:30:00	176475	176545	176470	176530	4484	17655	1
2026.07.03	11:31:00	176530	176625	176510	176580	11011	41848	1
2026.07.03	11:32:00	176585	176605	176510	176540	6540	22824	1
2026.07.03	11:33:00	176535	176555	176475	176520	4776	16608	1
2026.07.03	11:34:00	176525	176525	176455	176465	5522	19379	1
2026.07.03	11:35:00	176470	176530	176450	176455	6267	22344	1
2026.07.03	11:36:00	176460	176470	176385	176415	11752	41459	1
2026.07.03	11:37:00	176415	176575	176405	176565	9653	34341	1
2026.07.03	11:38:00	176565	176720	176555	176690	21058	83092	1
2026.07.03	11:39:00	176685	176735	176610	176625	11385	40659	1
2026.07.03	11:40:00	176625	176680	176580	176625	7606	27532	1
2026.07.03	11:41:00	176620	176710	176620	176665	6953	24691	1
2026.07.03	11:42:00	176665	176680	176585	176600	7181	27568	1
2026.07.03	11:43:00	176595	176700	176570	176665	7826	27545	1
2026.07.03	11:44:00	176665	176690	176600	176625	4643	15641	1
2026.07.03	11:45:00	176625	176675	176545	176565	8977	30653	1
2026.07.03	11:46:00	176565	176595	176525	176530	4933	16381	1
2026.07.03	11:47:00	176525	176585	176515	176575	4859	17735	1
2026.07.03	11:48:00	176575	176675	176530	176645	8968	32120	1
2026.07.03	11:49:00	176640	176660	176590	176610	3858	14054	1
2026.07.03	11:50:00	176605	176670	176575	176660	5795	22379	1
2026.07.03	11:51:00	176655	176665	176585	176625	4645	17770	1
2026.07.03	11:52:00	176620	176635	176550	176595	4736	17564	1
2026.07.03	11:53:00	176600	176655	176560	176595	5275	21558	1
2026.07.03	11:54:00	176595	176665	176590	176635	4652	18300	1
2026.07.03	11:55:00	176640	176665	176605	176645	2924	11151	1
2026.07.03	11:56:00	176645	176775	176645	176720	14966	58808	1
2026.07.03	11:57:00	176725	176725	176655	176680	5176	17825	1
2026.07.03	11:58:00	176685	176700	176650	176670	2971	10728	1
2026.07.03	11:59:00	176665	176715	176625	176685	5451	18202	1
2026.07.03	12:00:00	176690	176730	176660	176705	4287	15842	1
2026.07.03	12:01:00	176705	176715	176635	176690	5596	22175	1
2026.07.03	12:02:00	176690	176760	176680	176750	5844	22269	1
2026.07.03	12:03:00	176755	176875	176745	176845	16818	59636	1
2026.07.03	12:04:00	176850	176890	176780	176795	10753	37263	1
2026.07.03	12:05:00	176795	176820	176770	176810	4557	15832	1
2026.07.03	12:06:00	176810	176840	176795	176815	3647	13649	1
2026.07.03	12:07:00	176810	176865	176800	176830	5113	18468	1
2026.07.03	12:08:00	176830	176865	176810	176840	3902	15704	1
2026.07.03	12:09:00	176845	176855	176805	176810	2701	11471	1
2026.07.03	12:10:00	176810	176815	176730	176765	10541	38198	1
2026.07.03	12:11:00	176770	176795	176745	176780	3744	14065	1
2026.07.03	12:12:00	176775	176845	176765	176835	6056	22491	1
2026.07.03	12:13:00	176840	176945	176825	176885	13947	51368	1
2026.07.03	12:14:00	176890	176900	176865	176880	3835	13868	1
2026.07.03	12:15:00	176885	176930	176870	176900	5362	23797	1
2026.07.03	12:16:00	176905	176925	176880	176890	2988	12232	1
2026.07.03	12:17:00	176895	176920	176850	176875	4658	15984	1
2026.07.03	12:18:00	176875	176895	176835	176880	4274	17958	1
2026.07.03	12:19:00	176875	176895	176850	176870	2675	10365	1
2026.07.03	12:20:00	176870	176875	176800	176835	6624	24314	1
2026.07.03	12:21:00	176835	176910	176830	176895	5074	17491	1
2026.07.03	12:22:00	176895	176965	176830	176935	9564	33059	1
2026.07.03	12:23:00	176935	176955	176885	176895	5088	20810	1
2026.07.03	12:24:00	176900	176905	176865	176890	3207	13208	1
2026.07.03	12:25:00	176895	176935	176855	176875	4560	16595	1
2026.07.03	12:26:00	176870	176885	176840	176855	3070	10984	1
2026.07.03	12:27:00	176855	176905	176840	176855	3616	13107	1
2026.07.03	12:28:00	176850	176900	176840	176850	2936	10390	1
2026.07.03	12:29:00	176845	176875	176840	176860	1645	6350	1
2026.07.03	12:30:00	176860	176875	176775	176825	9076	29907	1
2026.07.03	12:31:00	176825	176850	176775	176795	4889	18850	1
2026.07.03	12:32:00	176800	176905	176795	176865	7887	28110	1
2026.07.03	12:33:00	176870	176870	176805	176820	3462	12105	1
2026.07.03	12:34:00	176820	176860	176815	176820	2634	9294	1
2026.07.03	12:35:00	176820	176960	176805	176940	10033	37305	1
2026.07.03	12:36:00	176935	176995	176930	176950	9421	35098	1
2026.07.03	12:37:00	176945	176975	176910	176920	4283	15093	1
2026.07.03	12:38:00	176930	176950	176915	176930	2124	7701	1
2026.07.03	12:39:00	176935	176940	176900	176920	2662	9608	1
2026.07.03	12:40:00	176920	176930	176885	176890	2810	9309	1
2026.07.03	12:41:00	176895	176920	176885	176900	1900	6959	1
2026.07.03	12:42:00	176895	176905	176880	176890	1287	4062	1
2026.07.03	12:43:00	176895	176920	176890	176905	1634	6463	1
2026.07.03	12:44:00	176905	176970	176900	176915	4812	17532	1
2026.07.03	12:45:00	176920	176965	176875	176955	5471	19765	1
2026.07.03	12:46:00	176950	176965	176920	176935	2259	8499	1
2026.07.03	12:47:00	176935	176945	176920	176940	860	2967	1
2026.07.03	12:48:00	176935	176965	176915	176940	2346	8490	1
2026.07.03	12:49:00	176940	176960	176900	176910	2473	8136	1
2026.07.03	12:50:00	176905	176935	176905	176920	1686	5966	1
2026.07.03	12:51:00	176920	176980	176915	176950	3494	12958	1
2026.07.03	12:52:00	176945	176975	176945	176965	1670	6292	1
2026.07.03	12:53:00	176965	177020	176950	177000	6801	24722	1
2026.07.03	12:54:00	177000	177005	176960	176970	4025	15518	1
2026.07.03	12:55:00	176975	176990	176940	176950	3285	12599	1
2026.07.03	12:56:00	176955	176975	176920	176965	4134	15720	1
2026.07.03	12:57:00	176970	177000	176945	176955	3260	12516	1
2026.07.03	12:58:00	176960	176970	176925	176935	2506	9665	1
2026.07.03	12:59:00	176935	176980	176880	176900	7711	32800	1
2026.07.03	13:00:00	176900	177040	176895	177015	10565	41025	1
2026.07.03	13:01:00	177010	177035	176960	176985	6548	25206	1
2026.07.03	13:02:00	176980	176995	176960	176975	2325	8608	1
2026.07.03	13:03:00	176970	177020	176970	177000	2706	10029	1
2026.07.03	13:04:00	176995	177010	176980	176990	1218	4468	1
2026.07.03	13:05:00	176990	177030	176980	177015	2302	8129	1
2026.07.03	13:06:00	177015	177045	177000	177015	3220	11990	1
2026.07.03	13:07:00	177015	177025	176995	177015	1681	6388	1
2026.07.03	13:08:00	177020	177175	177005	177100	21088	83432	1
2026.07.03	13:09:00	177095	177125	177080	177095	4498	19276	1
2026.07.03	13:10:00	177095	177110	177075	177090	2797	11635	1
2026.07.03	13:11:00	177090	177120	177085	177095	2123	8160	1
2026.07.03	13:12:00	177095	177150	177080	177085	4522	20286	1
2026.07.03	13:13:00	177085	177120	177060	177075	4609	19455	1
2026.07.03	13:14:00	177070	177095	177060	177065	1830	7314	1
2026.07.03	13:15:00	177060	177080	177030	177030	4997	18642	1
2026.07.03	13:16:00	177030	177105	177020	177080	6377	24822	1
2026.07.03	13:17:00	177085	177095	177055	177065	2020	9376	1
2026.07.03	13:18:00	177065	177075	177050	177055	1516	5579	1
2026.07.03	13:19:00	177050	177105	177050	177080	2731	12537	1
2026.07.03	13:20:00	177080	177085	177035	177055	3109	13191	1
2026.07.03	13:21:00	177055	177075	177045	177045	1321	4883	1
2026.07.03	13:22:00	177050	177065	177035	177040	1257	4361	1
2026.07.03	13:23:00	177045	177100	177040	177055	2777	12690	1
2026.07.03	13:24:00	177055	177065	177010	177025	3315	11633	1
2026.07.03	13:25:00	177030	177050	177015	177045	2428	11077	1
2026.07.03	13:26:00	177040	177055	177000	177005	3147	11776	1
2026.07.03	13:27:00	177005	177015	176985	177005	3637	14356	1
2026.07.03	13:28:00	177005	177010	176980	176990	2175	7803	1
2026.07.03	13:29:00	176990	177005	176965	176975	3378	12307	1
2026.07.03	13:30:00	176975	176985	176870	176910	10877	37235	1
2026.07.03	13:31:00	176915	176940	176890	176910	5316	23980	1
2026.07.03	13:32:00	176915	176980	176910	176945	5519	22129	1
2026.07.03	13:33:00	176945	176965	176935	176955	2603	9781	1
2026.07.03	13:34:00	176950	177015	176950	176995	5756	19724	1
2026.07.03	13:35:00	176995	177000	176950	176980	3642	13494	1
2026.07.03	13:36:00	176980	176985	176935	176945	2204	8591	1
2026.07.03	13:37:00	176945	176955	176925	176950	2901	12316	1
2026.07.03	13:38:00	176950	176960	176910	176935	3452	16419	1
2026.07.03	13:39:00	176940	176950	176930	176940	1158	4220	1
2026.07.03	13:40:00	176945	176985	176910	176915	4300	18771	1
2026.07.03	13:41:00	176915	176950	176910	176940	1688	6469	1
2026.07.03	13:42:00	176945	176985	176940	176965	2207	8332	1
2026.07.03	13:43:00	176965	176970	176955	176955	739	2212	1
2026.07.03	13:44:00	176960	176970	176935	176955	1369	5493	1
2026.07.03	13:45:00	176960	176995	176950	176975	2857	11670	1
2026.07.03	13:46:00	176975	177010	176960	177000	3044	11169	1
2026.07.03	13:47:00	176995	177005	176975	176975	1150	4007	1
2026.07.03	13:48:00	176980	176990	176975	176980	811	2890	1
2026.07.03	13:49:00	176985	176985	176955	176965	2029	8148	1
2026.07.03	13:50:00	176965	176975	176925	176940	3208	12088	1
2026.07.03	13:51:00	176935	176950	176920	176925	2005	7408	1
2026.07.03	13:52:00	176930	176930	176885	176905	4382	14571	1
2026.07.03	13:53:00	176905	176935	176885	176930	3061	11401	1
2026.07.03	13:54:00	176930	176945	176920	176940	1556	6394	1
2026.07.03	13:55:00	176945	176985	176925	176930	4155	15236	1
2026.07.03	13:56:00	176930	176950	176925	176930	1323	6214	1
2026.07.03	13:57:00	176935	176935	176880	176895	3784	13568	1
2026.07.03	13:58:00	176895	176915	176885	176905	1806	7044	1
2026.07.03	13:59:00	176905	176920	176895	176905	1447	5372	1
2026.07.03	14:00:00	176910	176935	176830	176845	9492	34012	1
2026.07.03	14:01:00	176845	176875	176825	176850	3550	15126	1
2026.07.03	14:02:00	176850	176875	176845	176870	1564	6040	1
2026.07.03	14:03:00	176865	176880	176860	176865	1186	4302	1
2026.07.03	14:04:00	176860	176890	176850	176885	2159	8883	1
2026.07.03	14:05:00	176880	176935	176865	176920	4092	16319	1
2026.07.03	14:06:00	176925	176965	176905	176925	5518	21502	1
2026.07.03	14:07:00	176925	176950	176925	176935	1535	6664	1
2026.07.03	14:08:00	176935	176940	176915	176915	1501	5483	1
2026.07.03	14:09:00	176915	176935	176900	176935	2020	9310	1
2026.07.03	14:10:00	176935	176950	176905	176915	2063	7385	1
2026.07.03	14:11:00	176910	176920	176885	176910	1986	8548	1
2026.07.03	14:12:00	176910	176910	176870	176880	2166	7712	1
2026.07.03	14:13:00	176885	176885	176830	176830	4259	14738	1
2026.07.03	14:14:00	176835	176845	176810	176825	3800	13425	1
2026.07.03	14:15:00	176825	176855	176815	176835	2633	11478	1
2026.07.03	14:16:00	176835	176840	176810	176810	1426	4919	1
2026.07.03	14:17:00	176810	176830	176760	176790	6802	28452	1
2026.07.03	14:18:00	176790	176800	176740	176770	4012	15138	1
2026.07.03	14:19:00	176765	176780	176760	176775	1642	5643	1
2026.07.03	14:20:00	176775	176795	176760	176780	2304	8976	1
2026.07.03	14:21:00	176780	176865	176775	176815	7897	29963	1
2026.07.03	14:22:00	176820	176820	176800	176810	1295	4572	1
2026.07.03	14:23:00	176810	176820	176790	176795	1468	5601	1
2026.07.03	14:24:00	176795	176845	176775	176820	2968	11356	1
2026.07.03	14:25:00	176825	176825	176770	176805	2598	10866	1
2026.07.03	14:26:00	176810	176925	176805	176895	9233	36723	1
2026.07.03	14:27:00	176890	176930	176885	176915	4521	20814	1
2026.07.03	14:28:00	176915	176915	176880	176905	2494	9978	1
2026.07.03	14:29:00	176905	176995	176905	176955	8950	33075	1
2026.07.03	14:30:00	176955	176990	176940	176955	3844	16071	1
2026.07.03	14:31:00	176955	176960	176920	176935	3069	11738	1
2026.07.03	14:32:00	176935	176940	176915	176920	1937	6776	1
2026.07.03	14:33:00	176920	176945	176915	176940	1418	5163	1
2026.07.03	14:34:00	176935	176975	176935	176970	2402	9612	1
2026.07.03	14:35:00	176970	176990	176940	176945	2749	10653	1
2026.07.03	14:36:00	176940	176960	176925	176955	1827	7778	1
2026.07.03	14:37:00	176960	177085	176955	177045	12523	48289	1
2026.07.03	14:38:00	177045	177060	177010	177015	3377	12525	1
2026.07.03	14:39:00	177010	177055	177005	177010	2268	9328	1
2026.07.03	14:40:00	177010	177050	177010	177030	2065	8903	1
2026.07.03	14:41:00	177030	177055	177020	177030	1624	6297	1
2026.07.03	14:42:00	177030	177050	176995	177015	2855	10670	1
2026.07.03	14:43:00	177010	177020	176995	177010	1444	5732	1
2026.07.03	14:44:00	177010	177030	177000	177010	1701	6750	1
2026.07.03	14:45:00	177005	177030	177005	177015	1382	4217	1
2026.07.03	14:46:00	177015	177020	176975	176995	3362	11984	1
2026.07.03	14:47:00	176990	177015	176980	177005	1624	5766	1
2026.07.03	14:48:00	177005	177025	176975	176975	1962	7445	1
2026.07.03	14:49:00	176975	176990	176960	176975	2719	9483	1
2026.07.03	14:50:00	176970	176990	176960	176970	1397	5038	1
2026.07.03	14:51:00	176970	176975	176930	176945	3964	14579	1
2026.07.03	14:52:00	176940	176950	176925	176945	2505	9360	1
2026.07.03	14:53:00	176945	176950	176925	176940	1283	5240	1
2026.07.03	14:54:00	176940	176960	176930	176945	1361	5151	1
2026.07.03	14:55:00	176940	176965	176935	176935	1215	4512	1
2026.07.03	14:56:00	176940	176940	176905	176925	3508	13264	1
2026.07.03	14:57:00	176930	176940	176920	176935	1247	5728	1
2026.07.03	14:58:00	176940	176955	176915	176940	1822	7631	1
2026.07.03	14:59:00	176940	176950	176935	176935	927	3732	1
2026.07.03	15:00:00	176935	176945	176895	176920	3261	14567	1
2026.07.03	15:01:00	176915	176940	176915	176925	1151	5163	1
2026.07.03	15:02:00	176925	176930	176865	176890	4312	14063	1
2026.07.03	15:03:00	176885	176905	176850	176865	3455	12147	1
2026.07.03	15:04:00	176860	176880	176825	176825	3858	12972	1
2026.07.03	15:05:00	176830	176845	176785	176820	6048	22026	1
2026.07.03	15:06:00	176820	176830	176770	176790	3164	12643	1
2026.07.03	15:07:00	176790	176800	176750	176785	3923	14499	1
2026.07.03	15:08:00	176785	176785	176745	176775	2766	10708	1
2026.07.03	15:09:00	176775	176805	176730	176795	5258	17923	1
2026.07.03	15:10:00	176795	176795	176760	176770	3015	11862	1
2026.07.03	15:11:00	176775	176870	176765	176855	8786	35665	1
2026.07.03	15:12:00	176860	176870	176815	176815	2946	10806	1
2026.07.03	15:13:00	176815	176830	176795	176820	2687	10917	1
2026.07.03	15:14:00	176815	176835	176790	176805	2361	10028	1
2026.07.03	15:15:00	176810	176825	176800	176805	1383	4893	1
2026.07.03	15:16:00	176800	176815	176780	176790	1738	7117	1
2026.07.03	15:17:00	176790	176800	176735	176765	5767	21886	1
2026.07.03	15:18:00	176770	176805	176765	176775	3117	12865	1
2026.07.03	15:19:00	176780	176855	176775	176815	4486	17133	1
2026.07.03	15:20:00	176820	176840	176800	176825	2522	10216	1
2026.07.03	15:21:00	176820	176905	176810	176865	7031	25339	1
2026.07.03	15:22:00	176865	176885	176850	176870	2522	10299	1
2026.07.03	15:23:00	176865	176880	176830	176835	2551	9198	1
2026.07.03	15:24:00	176835	176850	176820	176835	2093	8112	1
2026.07.03	15:25:00	176840	176840	176805	176820	1890	6680	1
2026.07.03	15:26:00	176815	176845	176805	176835	1871	7075	1
2026.07.03	15:27:00	176840	176855	176830	176840	1331	4076	1
2026.07.03	15:28:00	176845	176885	176835	176855	2486	9036	1
2026.07.03	15:29:00	176850	176875	176840	176850	1621	6490	1
2026.07.03	15:30:00	176850	176860	176815	176830	2789	12499	1
2026.07.03	15:31:00	176835	176870	176830	176860	1932	8200	1
2026.07.03	15:32:00	176855	176855	176810	176830	2365	9671	1
2026.07.03	15:33:00	176830	176840	176810	176830	1058	3972	1
2026.07.03	15:34:00	176830	176840	176810	176835	1104	3893	1
2026.07.03	15:35:00	176835	176850	176820	176845	1198	4543	1
2026.07.03	15:36:00	176845	176885	176840	176865	4044	14094	1
2026.07.03	15:37:00	176865	176880	176845	176850	1423	5161	1
2026.07.03	15:38:00	176850	176850	176815	176830	2448	9162	1
2026.07.03	15:39:00	176830	176845	176820	176840	1523	5030	1
2026.07.03	15:40:00	176845	176850	176820	176845	1057	3929	1
2026.07.03	15:41:00	176845	176850	176825	176825	749	3009	1
2026.07.03	15:42:00	176830	176835	176780	176780	4394	15559	1
2026.07.03	15:43:00	176780	176830	176780	176825	2380	10019	1
2026.07.03	15:44:00	176825	176830	176805	176820	1200	5114	1
2026.07.03	15:45:00	176820	176840	176810	176825	1275	4604	1
2026.07.03	15:46:00	176825	176850	176810	176850	1643	5897	1
2026.07.03	15:47:00	176845	176850	176825	176840	1093	4613	1
2026.07.03	15:48:00	176840	176845	176815	176830	850	3190	1
2026.07.03	15:49:00	176830	176865	176830	176845	2001	7732	1
2026.07.03	15:50:00	176845	176870	176840	176865	1530	6599	1
2026.07.03	15:51:00	176860	176875	176840	176850	1369	5241	1
2026.07.03	15:52:00	176855	176865	176835	176855	1147	4237	1
2026.07.03	15:53:00	176855	176865	176830	176835	1187	4455	1
2026.07.03	15:54:00	176835	176850	176820	176840	1098	4607	1
2026.07.03	15:55:00	176835	176840	176795	176805	3063	12351	1
2026.07.03	15:56:00	176805	176830	176800	176820	1535	6158	1
2026.07.03	15:57:00	176820	176835	176810	176830	1044	4124	1
2026.07.03	15:58:00	176830	176835	176810	176825	843	2993	1
2026.07.03	15:59:00	176825	176850	176805	176815	1793	7604	1
2026.07.03	16:00:00	176815	176825	176800	176805	1468	6039	1
2026.07.03	16:01:00	176810	176845	176780	176825	3934	15232	1
2026.07.03	16:02:00	176820	176850	176810	176835	1711	6120	1
2026.07.03	16:03:00	176830	176840	176780	176805	2840	11676	1
2026.07.03	16:04:00	176810	176870	176780	176830	4194	16309	1
2026.07.03	16:05:00	176825	176845	176810	176835	1340	5457	1
2026.07.03	16:06:00	176835	176845	176825	176830	863	3870	1
2026.07.03	16:07:00	176830	176835	176810	176820	807	3253	1
2026.07.03	16:08:00	176820	176825	176800	176815	1063	4141	1
2026.07.03	16:09:00	176820	176820	176765	176770	2862	11205	1
2026.07.03	16:10:00	176770	176780	176700	176725	8534	33135	1
2026.07.03	16:11:00	176725	176740	176715	176735	1904	7045	1
2026.07.03	16:12:00	176730	176755	176725	176730	1758	6998	1
2026.07.03	16:13:00	176730	176735	176720	176720	1149	3943	1
2026.07.03	16:14:00	176725	176725	176700	176710	1882	7695	1
2026.07.03	16:15:00	176710	176750	176710	176725	2628	11135	1
2026.07.03	16:16:00	176725	176740	176720	176730	1000	4015	1
2026.07.03	16:17:00	176725	176745	176725	176725	1282	6008	1
2026.07.03	16:18:00	176725	176735	176705	176730	2155	8339	1
2026.07.03	16:19:00	176725	176740	176715	176735	718	2819	1
2026.07.03	16:20:00	176730	176755	176720	176735	1515	5580	1
2026.07.03	16:21:00	176730	176765	176730	176755	2005	8849	1
2026.07.03	16:22:00	176760	176840	176745	176810	5879	23367	1
2026.07.03	16:23:00	176810	176820	176770	176815	3871	16282	1
2026.07.03	16:24:00	176815	176820	176760	176765	2884	11628	1
2026.07.03	16:25:00	176770	176780	176710	176725	4888	20025	1
2026.07.03	16:26:00	176720	176750	176705	176740	2886	10676	1
2026.07.03	16:27:00	176740	176740	176660	176675	7300	26804	1
2026.07.03	16:28:00	176675	176675	176650	176655	3299	13512	1
2026.07.03	16:29:00	176655	176685	176655	176680	2030	7494	1
2026.07.03	16:30:00	176675	176705	176655	176675	3310	12314	1
2026.07.03	16:31:00	176675	176675	176625	176635	3799	14079	1
2026.07.03	16:32:00	176635	176655	176610	176625	2985	12928	1
2026.07.03	16:33:00	176625	176635	176610	176635	2169	9163	1
2026.07.03	16:34:00	176635	176640	176590	176610	3027	14123	1
2026.07.03	16:35:00	176610	176630	176595	176610	2136	7841	1
2026.07.03	16:36:00	176605	176625	176600	176625	1310	5131	1
2026.07.03	16:37:00	176625	176670	176600	176655	3658	13373	1
2026.07.03	16:38:00	176655	176655	176620	176635	1947	10004	1
2026.07.03	16:39:00	176630	176645	176625	176630	1265	5514	1
2026.07.03	16:40:00	176635	176635	176540	176550	7649	32486	1
2026.07.03	16:41:00	176550	176565	176520	176535	3997	16749	1
2026.07.03	16:42:00	176530	176550	176515	176540	3239	11513	1
2026.07.03	16:43:00	176535	176560	176520	176535	2643	9878	1
2026.07.03	16:44:00	176535	176550	176510	176520	2304	9309	1
2026.07.03	16:45:00	176520	176560	176515	176555	2752	10072	1
2026.07.03	16:46:00	176560	176580	176545	176565	3390	11540	1
2026.07.03	16:47:00	176570	176570	176530	176545	2263	9045	1
2026.07.03	16:48:00	176540	176575	176540	176555	1529	5694	1
2026.07.03	16:49:00	176560	176590	176540	176570	2552	9654	1
2026.07.03	16:50:00	176570	176595	176560	176585	2351	9448	1
2026.07.03	16:51:00	176580	176595	176570	176580	1628	6380	1
2026.07.03	16:52:00	176575	176600	176560	176575	2329	8694	1
2026.07.03	16:53:00	176570	176615	176555	176615	2775	10234	1
2026.07.03	16:54:00	176615	176730	176600	176715	11147	41616	1
2026.07.03	16:55:00	176715	176725	176695	176710	2649	10350	1
2026.07.03	16:56:00	176705	176770	176705	176760	5377	23803	1
2026.07.03	16:57:00	176760	176785	176740	176755	3346	14577	1
2026.07.03	16:58:00	176760	176780	176745	176765	1429	5311	1
2026.07.03	16:59:00	176765	176800	176760	176790	2616	10108	1
2026.07.03	17:00:00	176790	176790	176730	176755	4151	16008	1
2026.07.03	17:01:00	176755	176760	176715	176725	3152	12444	1
2026.07.03	17:02:00	176730	176740	176705	176730	2258	9388	1
2026.07.03	17:03:00	176725	176730	176660	176685	4558	18205	1
2026.07.03	17:04:00	176685	176695	176580	176585	6188	26440	1
2026.07.03	17:05:00	176590	176620	176530	176610	6438	26351	1
2026.07.03	17:06:00	176615	176625	176555	176570	3901	18502	1
2026.07.03	17:07:00	176570	176595	176545	176570	2304	8685	1
2026.07.03	17:08:00	176570	176590	176550	176585	1768	6531	1
2026.07.03	17:09:00	176585	176620	176555	176600	2849	11099	1
2026.07.03	17:10:00	176595	176635	176565	176605	2889	10225	1
2026.07.03	17:11:00	176605	176655	176590	176645	2361	9636	1
2026.07.03	17:12:00	176645	176675	176635	176650	2910	11003	1
2026.07.03	17:13:00	176645	176645	176620	176640	1490	5021	1
2026.07.03	17:14:00	176640	176655	176615	176640	1702	6258	1
2026.07.03	17:15:00	176645	176655	176630	176635	938	3562	1
2026.07.03	17:16:00	176635	176680	176635	176665	1647	5846	1
2026.07.03	17:17:00	176670	176670	176650	176660	933	4215	1
2026.07.03	17:18:00	176655	176660	176635	176645	1332	5606	1
2026.07.03	17:19:00	176645	176665	176640	176655	705	3390	1
2026.07.03	17:20:00	176660	176695	176655	176695	2233	7935	1
2026.07.03	17:21:00	176690	176695	176675	176680	1038	3817	1
2026.07.03	17:22:00	176685	176705	176675	176680	1139	4200	1
2026.07.03	17:23:00	176680	176690	176660	176670	1213	4944	1
2026.07.03	17:24:00	176675	176690	176665	176685	834	3466	1
2026.07.03	17:25:00	176685	176685	176670	176680	504	1804	1
2026.07.03	17:26:00	176675	176725	176670	176705	2287	9559	1
2026.07.03	17:27:00	176700	176700	176635	176665	2998	11371	1
2026.07.03	17:28:00	176665	176685	176650	176670	1202	4762	1
2026.07.03	17:29:00	176670	176675	176650	176650	696	2621	1
2026.07.03	17:30:00	176650	176675	176650	176660	874	3481	1
2026.07.03	17:31:00	176660	176670	176650	176660	450	1592	1
2026.07.03	17:32:00	176655	176670	176650	176665	578	1928	1
2026.07.03	17:33:00	176660	176725	176650	176700	2677	10855	1
2026.07.03	17:34:00	176705	176825	176690	176760	6381	25502	1
2026.07.03	17:35:00	176770	176820	176755	176795	2973	12657	1
2026.07.03	17:36:00	176800	176835	176775	176795	2757	10589	1
2026.07.03	17:37:00	176795	176800	176775	176780	699	2665	1
2026.07.03	17:38:00	176785	176800	176775	176790	918	3135	1
2026.07.03	17:39:00	176785	176800	176775	176780	988	3999	1
2026.07.03	17:40:00	176780	176790	176730	176750	3324	12395	1
2026.07.03	17:41:00	176750	176820	176735	176770	4950	19795	1
2026.07.03	17:42:00	176765	176775	176755	176775	662	2035	1
2026.07.03	17:43:00	176770	176780	176760	176775	745	2884	1
2026.07.03	17:44:00	176775	176785	176760	176770	611	1928	1
2026.07.03	17:45:00	176775	176800	176765	176785	997	3219	1
2026.07.03	17:46:00	176785	176800	176755	176760	1041	3246	1
2026.07.03	17:47:00	176765	176770	176750	176760	596	2152	1
2026.07.03	17:48:00	176765	176765	176750	176755	529	1567	1
2026.07.03	17:49:00	176760	176790	176755	176790	823	2620	1
2026.07.03	17:50:00	176785	176880	176785	176825	4769	16194	1
2026.07.03	17:51:00	176830	176840	176805	176830	1443	4560	1
2026.07.03	17:52:00	176830	176845	176805	176815	1108	3593	1
2026.07.03	17:53:00	176820	176830	176800	176820	998	3715	1
2026.07.03	17:54:00	176825	176835	176775	176780	1537	4677	1
2026.07.03	17:55:00	176780	176810	176760	176800	2317	7954	1
2026.07.03	17:56:00	176805	176850	176800	176815	1297	3531	1
2026.07.03	17:57:00	176815	176840	176805	176835	672	2043	1
2026.07.03	17:58:00	176825	176840	176820	176835	596	1764	1
2026.07.03	17:59:00	176835	176850	176815	176830	802	3183	1
2026.07.03	18:00:00	176830	176835	176795	176820	1312	3661	1
2026.07.03	18:01:00	176820	176825	176790	176810	733	1825	1
2026.07.03	18:02:00	176810	176870	176810	176825	1548	4326	1
2026.07.03	18:03:00	176820	176835	176810	176825	542	1652	1
2026.07.03	18:04:00	176825	176855	176820	176830	733	2303	1
2026.07.03	18:05:00	176835	176835	176815	176830	420	1234	1
2026.07.03	18:06:00	176835	176835	176820	176820	337	944	1
2026.07.03	18:07:00	176820	176835	176810	176825	579	1861	1
2026.07.03	18:08:00	176825	176835	176815	176830	449	1346	1
2026.07.03	18:09:00	176835	176855	176825	176830	576	1743	1
2026.07.03	18:10:00	176835	176835	176770	176785	2276	6703	1
2026.07.03	18:11:00	176775	176800	176770	176785	799	2161	1
2026.07.03	18:12:00	176790	176810	176770	176790	988	3347	1
2026.07.03	18:13:00	176790	176830	176775	176800	1110	3351	1
2026.07.03	18:14:00	176795	176830	176765	176800	1952	6212	1
2026.07.03	18:15:00	176805	176825	176775	176775	1875	5928	1
2026.07.03	18:16:00	176780	176805	176750	176760	1530	4749	1
2026.07.03	18:17:00	176760	176775	176735	176750	814	2203	1
2026.07.03	18:18:00	176750	176750	176710	176725	1014	3526	1
2026.07.03	18:19:00	176720	176780	176715	176780	1089	4522	1
2026.07.03	18:20:00	176780	176790	176755	176770	706	2899	1
2026.07.03	18:21:00	176780	176780	176740	176750	231	712	1
2026.07.03	18:22:00	176745	176765	176730	176750	528	1428	1
2026.07.03	18:23:00	176755	176770	176735	176750	317	1113	1
2026.07.03	18:24:00	176750	176910	176725	176910	2338	22238	1
2026.07.06	09:00:00	176600	176835	176510	176720	9073	65020	1
2026.07.06	09:01:00	176715	176755	175935	176150	66113	135575	1
2026.07.06	09:02:00	176145	176160	175535	175555	50216	124571	1
2026.07.06	09:03:00	175555	175785	175485	175665	39273	91006	1
2026.07.06	09:04:00	175670	175750	175465	175555	28916	70503	1
2026.07.06	09:05:00	175560	175725	175445	175450	31664	78502	1
2026.07.06	09:06:00	175450	175490	175325	175430	27891	72496	1
2026.07.06	09:07:00	175430	175505	175330	175435	21364	57391	1
2026.07.06	09:08:00	175435	175570	175390	175525	21305	56324	1
2026.07.06	09:09:00	175520	175635	175400	175460	23617	67665	1
2026.07.06	09:10:00	175460	175500	175305	175345	20308	62202	1
2026.07.06	09:11:00	175345	175385	175155	175220	32158	99851	1
2026.07.06	09:12:00	175220	175490	175215	175420	27160	76538	1
2026.07.06	09:13:00	175420	175525	175370	175500	17752	49474	1
2026.07.06	09:14:00	175500	175525	175415	175475	10598	30959	1
2026.07.06	09:15:00	175475	175615	175455	175555	22289	64813	1
2026.07.06	09:16:00	175550	175560	175435	175535	20319	58218	1
2026.07.06	09:17:00	175535	175760	175505	175710	29133	85982	1
2026.07.06	09:18:00	175715	175860	175640	175745	30065	88277	1
2026.07.06	09:19:00	175740	175795	175555	175615	18276	54563	1
2026.07.06	09:20:00	175615	175655	175470	175500	21613	65661	1
2026.07.06	09:21:00	175505	175520	175305	175335	24410	70916	1
2026.07.06	09:22:00	175335	175390	175325	175375	10275	32706	1
2026.07.06	09:23:00	175375	175495	175325	175370	15076	50434	1
2026.07.06	09:24:00	175370	175410	175275	175345	12985	40199	1
2026.07.06	09:25:00	175345	175365	175155	175200	21135	63864	1
2026.07.06	09:26:00	175200	175230	175055	175110	23303	73053	1
2026.07.06	09:27:00	175105	175175	175055	175160	13585	41313	1
2026.07.06	09:28:00	175155	175245	175105	175125	15894	48256	1
2026.07.06	09:29:00	175130	175320	175090	175275	17571	49930	1
2026.07.06	09:30:00	175275	175410	175255	175375	21156	63352	1
2026.07.06	09:31:00	175375	175375	175185	175245	18702	57056	1
2026.07.06	09:32:00	175250	175345	175240	175300	10549	31336	1
2026.07.06	09:33:00	175300	175315	175220	175260	9646	29820	1
2026.07.06	09:34:00	175260	175285	175190	175260	8609	26646	1
2026.07.06	09:35:00	175255	175305	175220	175265	8319	25490	1
2026.07.06	09:36:00	175265	175270	175125	175145	13230	38599	1
2026.07.06	09:37:00	175145	175245	175145	175200	9772	30603	1
2026.07.06	09:38:00	175205	175205	175130	175170	7819	24507	1
2026.07.06	09:39:00	175175	175220	175110	175150	9649	28425	1
2026.07.06	09:40:00	175145	175195	175120	175190	7374	22696	1
2026.07.06	09:41:00	175190	175210	175075	175110	10393	30491	1
2026.07.06	09:42:00	175110	175270	175090	175210	15270	42792	1
2026.07.06	09:43:00	175215	175355	175190	175270	14725	48985	1
2026.07.06	09:44:00	175275	175310	175240	175255	5431	17896	1
2026.07.06	09:45:00	175250	175350	175240	175275	9812	31976	1
2026.07.06	09:46:00	175275	175335	175250	175295	5363	17932	1
2026.07.06	09:47:00	175295	175300	175215	175250	7846	24102	1
2026.07.06	09:48:00	175250	175255	175115	175175	14995	46241	1
2026.07.06	09:49:00	175175	175180	175025	175075	13227	38620	1
2026.07.06	09:50:00	175080	175155	175075	175150	10475	29039	1
2026.07.06	09:51:00	175155	175170	175035	175080	11706	36920	1
2026.07.06	09:52:00	175080	175150	175075	175115	6760	21905	1
2026.07.06	09:53:00	175110	175185	175110	175125	7889	23922	1
2026.07.06	09:54:00	175120	175160	175045	175090	8783	29737	1
2026.07.06	09:55:00	175090	175105	175000	175020	13432	44462	1
2026.07.06	09:56:00	175025	175055	175000	175045	6775	23331	1
2026.07.06	09:57:00	175040	175135	175040	175090	10919	31246	1
2026.07.06	09:58:00	175085	175185	175055	175105	9388	29430	1
2026.07.06	09:59:00	175105	175145	175065	175110	6076	20464	1
2026.07.06	10:00:00	175110	175125	174815	174925	41772	134488	1
2026.07.06	10:01:00	174920	174970	174785	174840	22763	73342	1
2026.07.06	10:02:00	174840	174925	174805	174880	15092	48219	1
2026.07.06	10:03:00	174880	174975	174840	174925	14133	43380	1
2026.07.06	10:04:00	174930	174965	174840	174910	12452	38502	1
2026.07.06	10:05:00	174910	175015	174805	174975	22202	65268	1
2026.07.06	10:06:00	174970	175035	174900	174975	15824	49889	1
2026.07.06	10:07:00	174970	175225	174915	175120	36729	110970	1
2026.07.06	10:08:00	175125	175235	175080	175110	20754	63570	1
2026.07.06	10:09:00	175120	175140	174945	175050	21809	66636	1
2026.07.06	10:10:00	175050	175070	174905	175010	18975	59945	1
2026.07.06	10:11:00	175010	175165	174980	175140	25139	77153	1
2026.07.06	10:12:00	175135	175290	175090	175125	34634	104926	1
2026.07.06	10:13:00	175120	175145	175030	175070	16761	57042	1
2026.07.06	10:14:00	175070	175075	174865	174910	34870	118662	1
2026.07.06	10:15:00	174910	175065	174865	175040	21082	74762	1
2026.07.06	10:16:00	175040	175075	174890	174940	18312	59716	1
2026.07.06	10:17:00	174935	175140	174920	175050	20686	63426	1
2026.07.06	10:18:00	175050	175080	174905	174930	16529	56013	1
2026.07.06	10:19:00	174930	174935	174810	174925	17131	55712	1
2026.07.06	10:20:00	174925	175010	174740	174740	25759	82425	1
2026.07.06	10:21:00	174745	174860	174715	174790	26331	87095	1
2026.07.06	10:22:00	174785	174930	174765	174805	19152	57900	1
2026.07.06	10:23:00	174805	174855	174740	174780	11280	36894	1
2026.07.06	10:24:00	174775	174860	174725	174810	12935	41032	1
2026.07.06	10:25:00	174810	174815	174605	174640	27691	87078	1
2026.07.06	10:26:00	174640	174780	174620	174685	18321	58877	1
2026.07.06	10:27:00	174685	174715	174480	174575	28538	93056	1
2026.07.06	10:28:00	174575	174645	174470	174550	24590	82672	1
2026.07.06	10:29:00	174540	174690	174490	174645	16862	53202	1
2026.07.06	10:30:00	174645	174990	174615	174895	44092	146287	1
2026.07.06	10:31:00	174890	174910	174635	174720	30894	102862	1
2026.07.06	10:32:00	174720	174720	174565	174610	21709	75013	1
2026.07.06	10:33:00	174610	174815	174585	174765	24050	81353	1
2026.07.06	10:34:00	174770	174775	174520	174670	25361	83725	1
2026.07.06	10:35:00	174665	174745	174570	174685	21240	70198	1
2026.07.06	10:36:00	174690	174815	174610	174735	18718	60692	1
2026.07.06	10:37:00	174735	174765	174655	174700	12929	43235	1
2026.07.06	10:38:00	174695	174930	174670	174925	21448	65977	1
2026.07.06	10:39:00	174925	174935	174630	174705	22600	68993	1
2026.07.06	10:40:00	174705	174770	174680	174760	11880	36924	1
2026.07.06	10:41:00	174760	174785	174630	174680	12107	37026	1
2026.07.06	10:42:00	174675	174870	174615	174800	18519	57475	1
2026.07.06	10:43:00	174800	174980	174775	174965	16509	50183	1
2026.07.06	10:44:00	174960	175035	174860	174990	21425	68205	1
2026.07.06	10:45:00	174990	175220	174950	175160	34049	114884	1
2026.07.06	10:46:00	175155	175370	175135	175215	33667	114044	1
2026.07.06	10:47:00	175210	175255	175065	175210	22515	73969	1
2026.07.06	10:48:00	175210	175480	175170	175385	29744	101955	1
2026.07.06	10:49:00	175385	175390	175145	175255	23108	72301	1
2026.07.06	10:50:00	175255	175335	174875	174950	37084	114503	1
2026.07.06	10:51:00	174950	174985	174765	174925	27166	86360	1
2026.07.06	10:52:00	174925	174990	174870	174910	12877	43895	1
2026.07.06	10:53:00	174910	175035	174830	174970	16382	50565	1
2026.07.06	10:54:00	174970	175030	174885	174945	13400	39984	1
2026.07.06	10:55:00	174945	174955	174715	174765	21596	67318	1
2026.07.06	10:56:00	174760	174830	174625	174825	22060	72811	1
2026.07.06	10:57:00	174825	174850	174740	174790	11097	35334	1
2026.07.06	10:58:00	174790	174820	174560	174620	19319	60389	1
2026.07.06	10:59:00	174625	174715	174615	174705	8476	26055	1
2026.07.06	11:00:00	174695	174805	174650	174695	13107	41265	1
2026.07.06	11:01:00	174695	174720	174595	174665	12209	39334	1
2026.07.06	11:02:00	174660	174710	174525	174570	14581	46545	1
2026.07.06	11:03:00	174575	174585	174410	174455	21157	69092	1
2026.07.06	11:04:00	174455	174495	174305	174355	22465	73770	1
2026.07.06	11:05:00	174350	174405	174330	174380	12948	42439	1
2026.07.06	11:06:00	174380	174430	174230	174300	22543	76310	1
2026.07.06	11:07:00	174300	174335	174225	174285	12944	46989	1
2026.07.06	11:08:00	174285	174385	174245	174295	15977	52936	1
2026.07.06	11:09:00	174295	174310	174075	174100	24749	86457	1
2026.07.06	11:10:00	174100	174220	174085	174185	17546	57179	1
2026.07.06	11:11:00	174185	174275	174170	174245	12897	42816	1
2026.07.06	11:12:00	174245	174285	174115	174265	18009	57739	1
2026.07.06	11:13:00	174270	174315	174190	174310	12184	39233	1
2026.07.06	11:14:00	174310	174345	174220	174290	14114	46748	1
2026.07.06	11:15:00	174290	174340	174165	174255	14411	47282	1
2026.07.06	11:16:00	174250	174270	174195	174250	5774	18047	1
2026.07.06	11:17:00	174250	174255	174165	174230	7134	23714	1
2026.07.06	11:18:00	174230	174240	174110	174160	12024	44081	1
2026.07.06	11:19:00	174160	174280	174150	174280	9371	30420	1
2026.07.06	11:20:00	174280	174300	174215	174285	6716	21596	1
2026.07.06	11:21:00	174285	174315	174205	174250	8476	28680	1
2026.07.06	11:22:00	174245	174260	174175	174200	6887	25290	1
2026.07.06	11:23:00	174205	174290	174160	174285	7391	23752	1
2026.07.06	11:24:00	174280	174300	174165	174185	7420	25439	1
2026.07.06	11:25:00	174190	174415	174170	174375	21919	72801	1
2026.07.06	11:26:00	174375	174375	174230	174300	12123	40812	1
2026.07.06	11:27:00	174300	174315	174255	174265	4941	18876	1
2026.07.06	11:28:00	174265	174305	174190	174245	8905	29300	1
2026.07.06	11:29:00	174250	174285	174185	174250	7144	24112	1
2026.07.06	11:30:00	174255	174265	174125	174145	12236	40457	1
2026.07.06	11:31:00	174140	174185	174130	174180	5004	17435	1
2026.07.06	11:32:00	174175	174225	174115	174195	9664	31816	1
2026.07.06	11:33:00	174190	174230	174135	174165	6346	20478	1
2026.07.06	11:34:00	174165	174240	174155	174220	5621	19503	1
2026.07.06	11:35:00	174225	174260	174180	174225	6380	20540	1
2026.07.06	11:36:00	174225	174240	174135	174225	8290	27400	1
2026.07.06	11:37:00	174220	174225	174130	174175	7323	26105	1
2026.07.06	11:38:00	174175	174185	174100	174160	7752	27428	1
2026.07.06	11:39:00	174160	174190	174100	174160	7610	28693	1
2026.07.06	11:40:00	174155	174180	174010	174080	17586	58693	1
2026.07.06	11:41:00	174080	174145	174060	174130	9531	32004	1
2026.07.06	11:42:00	174130	174130	173975	174010	13602	46157	1
2026.07.06	11:43:00	174010	174050	173930	174000	14421	47653	1
2026.07.06	11:44:00	174000	174060	173950	174030	8248	26550	1
2026.07.06	11:45:00	174035	174090	174005	174080	8014	26587	1
2026.07.06	11:46:00	174080	174080	173855	173880	19666	69119	1
2026.07.06	11:47:00	173880	173945	173855	173920	13053	46773	1
2026.07.06	11:48:00	173925	174005	173880	173985	11045	38545	1
2026.07.06	11:49:00	173990	173995	173920	173960	5932	22793	1
2026.07.06	11:50:00	173965	174050	173940	174035	9849	31919	1
2026.07.06	11:51:00	174030	174070	173995	174045	7564	27529	1
2026.07.06	11:52:00	174045	174130	173955	174110	13194	42692	1
2026.07.06	11:53:00	174115	174180	174030	174115	13618	48680	1
2026.07.06	11:54:00	174120	174120	174000	174050	10083	36265	1
2026.07.06	11:55:00	174050	174110	174030	174045	6008	20799	1
2026.07.06	11:56:00	174050	174095	174020	174080	3713	13691	1
2026.07.06	11:57:00	174085	174120	174070	174080	4285	14881	1
2026.07.06	11:58:00	174075	174085	174005	174060	5982	21511	1
2026.07.06	11:59:00	174065	174140	174050	174120	5649	19194	1
2026.07.06	12:00:00	174125	174150	174045	174090	9650	34371	1
2026.07.06	12:01:00	174095	174215	174085	174165	13517	43516	1
2026.07.06	12:02:00	174165	174165	174105	174130	6741	23114	1
2026.07.06	12:03:00	174130	174235	174125	174175	8744	28480	1
2026.07.06	12:04:00	174170	174200	174105	174190	6637	21716	1
2026.07.06	12:05:00	174190	174235	174155	174160	6011	21922	1
2026.07.06	12:06:00	174160	174265	174135	174260	8994	32874	1
2026.07.06	12:07:00	174255	174260	174065	174155	14766	50193	1
2026.07.06	12:08:00	174150	174295	174135	174265	14491	50662	1
2026.07.06	12:09:00	174270	174285	174195	174210	6279	24796	1
2026.07.06	12:10:00	174205	174310	174165	174265	9792	33957	1
2026.07.06	12:11:00	174260	174310	174240	174255	5342	20164	1
2026.07.06	12:12:00	174260	174310	174220	174280	5945	22268	1
2026.07.06	12:13:00	174280	174290	174225	174225	4399	17575	1
2026.07.06	12:14:00	174225	174260	174200	174230	5207	19292	1
2026.07.06	12:15:00	174225	174275	174125	174220	12226	42337	1
2026.07.06	12:16:00	174215	174285	174190	174215	6781	24797	1
2026.07.06	12:17:00	174215	174265	174190	174215	3601	13434	1
2026.07.06	12:18:00	174215	174235	174150	174165	4566	15575	1
2026.07.06	12:19:00	174165	174175	174015	174070	16291	54862	1
2026.07.06	12:20:00	174075	174180	174045	174160	10615	40160	1
2026.07.06	12:21:00	174165	174210	174145	174205	6359	24178	1
2026.07.06	12:22:00	174200	174250	174155	174190	8116	31519	1
2026.07.06	12:23:00	174190	174235	174170	174175	3855	15105	1
2026.07.06	12:24:00	174175	174215	174115	174195	6234	20652	1
2026.07.06	12:25:00	174195	174215	174145	174185	3359	12915	1
2026.07.06	12:26:00	174180	174200	174120	174150	5011	19559	1
2026.07.06	12:27:00	174150	174220	174130	174195	4411	16464	1
2026.07.06	12:28:00	174190	174300	174185	174270	9590	34338	1
2026.07.06	12:29:00	174270	174325	174260	174295	7960	29640	1
2026.07.06	12:30:00	174295	174400	174260	174295	19136	69543	1
2026.07.06	12:31:00	174295	174355	174290	174330	4712	18059	1
2026.07.06	12:32:00	174330	174355	174250	174350	7578	29329	1
2026.07.06	12:33:00	174345	174355	174280	174350	4868	18508	1
2026.07.06	12:34:00	174350	174415	174350	174390	7914	27615	1
2026.07.06	12:35:00	174390	174445	174360	174410	8637	30821	1
2026.07.06	12:36:00	174410	174435	174320	174345	7668	28041	1
2026.07.06	12:37:00	174350	174380	174305	174380	6446	25044	1
2026.07.06	12:38:00	174380	174415	174360	174380	4512	16032	1
2026.07.06	12:39:00	174375	174450	174325	174410	10097	36815	1
2026.07.06	12:40:00	174415	174465	174320	174390	10533	42800	1
2026.07.06	12:41:00	174390	174395	174275	174315	9400	33764	1
2026.07.06	12:42:00	174310	174375	174300	174345	4601	16518	1
2026.07.06	12:43:00	174340	174370	174300	174320	2964	11521	1
2026.07.06	12:44:00	174320	174330	174285	174315	3414	13001	1
2026.07.06	12:45:00	174320	174335	174255	174300	5536	19624	1
2026.07.06	12:46:00	174300	174335	174270	174295	4985	18581	1
2026.07.06	12:47:00	174300	174345	174290	174315	3455	13737	1
2026.07.06	12:48:00	174315	174315	174260	174285	3320	12495	1
2026.07.06	12:49:00	174285	174325	174220	174250	7403	25821	1
2026.07.06	12:50:00	174255	174280	174230	174270	5608	21308	1
2026.07.06	12:51:00	174270	174295	174220	174250	4501	14915	1
2026.07.06	12:52:00	174250	174280	174235	174240	2988	10386	1
2026.07.06	12:53:00	174240	174290	174230	174265	2390	8509	1
2026.07.06	12:54:00	174265	174265	174155	174170	11231	38762	1
2026.07.06	12:55:00	174175	174250	174160	174235	7319	27995	1
2026.07.06	12:56:00	174235	174255	174200	174230	3669	13284	1
2026.07.06	12:57:00	174225	174235	174175	174210	4098	15034	1
2026.07.06	12:58:00	174205	174230	174185	174205	2765	11760	1
2026.07.06	12:59:00	174210	174245	174180	174220	3028	10575	1
2026.07.06	13:00:00	174215	174255	174175	174235	6338	23989	1
2026.07.06	13:01:00	174235	174245	174190	174220	2811	10636	1
2026.07.06	13:02:00	174220	174255	174195	174230	3073	10451	1
2026.07.06	13:03:00	174235	174240	174210	174215	1313	3761	1
2026.07.06	13:04:00	174215	174240	174210	174220	1554	5154	1
2026.07.06	13:05:00	174220	174225	174105	174140	11609	42759	1
2026.07.06	13:06:00	174140	174150	174065	174125	9475	35576	1
2026.07.06	13:07:00	174125	174150	174110	174145	3637	14200	1
2026.07.06	13:08:00	174145	174180	174135	174155	4245	14801	1
2026.07.06	13:09:00	174155	174190	174115	174160	4260	15005	1
2026.07.06	13:10:00	174160	174190	174140	174180	3493	12410	1
2026.07.06	13:11:00	174180	174190	174115	174120	3130	11061	1
2026.07.06	13:12:00	174115	174180	174110	174165	3798	14455	1
2026.07.06	13:13:00	174165	174175	174110	174125	2709	9236	1
2026.07.06	13:14:00	174125	174155	174120	174125	2013	7687	1
2026.07.06	13:15:00	174125	174215	174100	174190	7933	26609	1
2026.07.06	13:16:00	174185	174190	174115	174140	4501	18275	1
2026.07.06	13:17:00	174145	174230	174145	174190	5475	18825	1
2026.07.06	13:18:00	174190	174230	174165	174205	3753	12869	1
2026.07.06	13:19:00	174210	174215	174185	174195	1418	5025	1
2026.07.06	13:20:00	174190	174240	174180	174215	3714	14005	1
2026.07.06	13:21:00	174215	174220	174165	174180	3507	12917	1
2026.07.06	13:22:00	174180	174195	174085	174100	7243	25891	1
2026.07.06	13:23:00	174105	174145	174100	174135	3164	11854	1
2026.07.06	13:24:00	174135	174195	174130	174160	4740	16778	1
2026.07.06	13:25:00	174170	174175	174130	174145	2259	8116	1
2026.07.06	13:26:00	174145	174160	174130	174140	1543	5753	1
2026.07.06	13:27:00	174140	174145	174110	174130	2886	11685	1
2026.07.06	13:28:00	174125	174185	174105	174145	4516	18303	1
2026.07.06	13:29:00	174145	174165	174120	174140	1993	6856	1
2026.07.06	13:30:00	174135	174180	174120	174150	2902	9996	1
2026.07.06	13:31:00	174150	174175	174115	174160	3482	11414	1
2026.07.06	13:32:00	174160	174170	174120	174140	2011	7269	1
2026.07.06	13:33:00	174135	174145	174090	174120	4153	13610	1
2026.07.06	13:34:00	174120	174130	174100	174120	1780	6221	1
2026.07.06	13:35:00	174125	174160	174115	174145	2927	10167	1
2026.07.06	13:36:00	174145	174175	174125	174170	2604	9289	1
2026.07.06	13:37:00	174170	174235	174165	174220	7742	27761	1
2026.07.06	13:38:00	174225	174240	174210	174235	3379	11892	1
2026.07.06	13:39:00	174235	174310	174225	174290	10072	32826	1
2026.07.06	13:40:00	174290	174380	174285	174370	10127	34880	1
2026.07.06	13:41:00	174365	174380	174330	174350	3968	14403	1
2026.07.06	13:42:00	174350	174400	174290	174290	8255	28411	1
2026.07.06	13:43:00	174295	174330	174270	174305	4457	16336	1
2026.07.06	13:44:00	174310	174340	174285	174290	2979	10835	1
2026.07.06	13:45:00	174285	174300	174240	174260	5407	20405	1
2026.07.06	13:46:00	174265	174290	174255	174280	2330	8714	1
2026.07.06	13:47:00	174285	174335	174280	174320	4730	16344	1
2026.07.06	13:48:00	174325	174330	174280	174300	2967	12771	1
2026.07.06	13:49:00	174305	174365	174295	174335	4443	16587	1
2026.07.06	13:50:00	174330	174335	174280	174315	4043	16109	1
2026.07.06	13:51:00	174315	174345	174265	174285	4146	15563	1
2026.07.06	13:52:00	174285	174325	174280	174295	2190	7783	1
2026.07.06	13:53:00	174290	174300	174240	174265	4085	13704	1
2026.07.06	13:54:00	174265	174280	174220	174220	5483	19815	1
2026.07.06	13:55:00	174220	174230	174160	174195	9722	33694	1
2026.07.06	13:56:00	174195	174250	174180	174240	5527	21453	1
2026.07.06	13:57:00	174245	174255	174200	174220	3374	12137	1
2026.07.06	13:58:00	174220	174290	174215	174285	3859	12653	1
2026.07.06	13:59:00	174285	174305	174265	174295	3832	13496	1
2026.07.06	14:00:00	174295	174325	174280	174290	5665	23024	1
2026.07.06	14:01:00	174295	174340	174270	174305	3765	13697	1
2026.07.06	14:02:00	174305	174330	174300	174315	1629	6078	1
2026.07.06	14:03:00	174315	174430	174315	174410	10095	36403	1
2026.07.06	14:04:00	174410	174415	174285	174315	8730	33557	1
2026.07.06	14:05:00	174315	174370	174310	174365	3667	14998	1
2026.07.06	14:06:00	174360	174375	174320	174360	3140	11457	1
2026.07.06	14:07:00	174360	174420	174355	174375	4751	16265	1
2026.07.06	14:08:00	174380	174385	174325	174355	3841	16808	1
2026.07.06	14:09:00	174355	174455	174350	174420	8028	29539	1
2026.07.06	14:10:00	174420	174420	174215	174255	16356	65474	1
2026.07.06	14:11:00	174250	174310	174250	174300	5811	23688	1
2026.07.06	14:12:00	174300	174315	174285	174305	2512	10041	1
2026.07.06	14:13:00	174305	174325	174265	174295	3816	16164	1
2026.07.06	14:14:00	174290	174325	174280	174305	2628	10144	1
2026.07.06	14:15:00	174300	174385	174300	174345	5792	20546	1
2026.07.06	14:16:00	174350	174395	174340	174365	3188	11422	1
2026.07.06	14:17:00	174365	174400	174355	174360	3238	13332	1
2026.07.06	14:18:00	174365	174395	174340	174390	3010	11374	1
2026.07.06	14:19:00	174395	174400	174350	174375	1947	7119	1
2026.07.06	14:20:00	174370	174465	174365	174450	8746	32915	1
2026.07.06	14:21:00	174450	174590	174430	174560	17068	58740	1
2026.07.06	14:22:00	174560	174615	174545	174615	7186	27987	1
2026.07.06	14:23:00	174615	174685	174610	174640	11722	43273	1
2026.07.06	14:24:00	174640	174695	174635	174665	8087	29029	1
2026.07.06	14:25:00	174660	174690	174615	174650	7794	30300	1
2026.07.06	14:26:00	174645	174725	174600	174650	11630	44807	1
2026.07.06	14:27:00	174650	174715	174635	174700	4989	18248	1
2026.07.06	14:28:00	174700	174740	174665	174725	6109	21661	1
2026.07.06	14:29:00	174725	174755	174580	174655	14152	51159	1
2026.07.06	14:30:00	174655	174680	174610	174620	7762	29119	1
2026.07.06	14:31:00	174615	174645	174565	174580	7300	28280	1
2026.07.06	14:32:00	174580	174615	174575	174580	3202	13608	1
2026.07.06	14:33:00	174585	174610	174550	174565	4793	17875	1
2026.07.06	14:34:00	174565	174580	174550	174560	2313	8153	1
2026.07.06	14:35:00	174555	174580	174465	174520	12730	47766	1
2026.07.06	14:36:00	174520	174535	174505	174520	2557	10501	1
2026.07.06	14:37:00	174520	174555	174490	174515	3759	15069	1
2026.07.06	14:38:00	174515	174550	174490	174545	2948	11506	1
2026.07.06	14:39:00	174545	174590	174495	174525	6719	23963	1
2026.07.06	14:40:00	174520	174540	174480	174525	4087	15449	1
2026.07.06	14:41:00	174520	174575	174515	174555	4394	17831	1
2026.07.06	14:42:00	174555	174605	174515	174575	7598	28721	1
2026.07.06	14:43:00	174575	174610	174545	174575	5241	19959	1
2026.07.06	14:44:00	174575	174660	174570	174640	8023	30215	1
2026.07.06	14:45:00	174640	174765	174615	174715	12607	43160	1
2026.07.06	14:46:00	174720	174825	174710	174780	13059	49286	1
2026.07.06	14:47:00	174780	174810	174760	174795	4447	19212	1
2026.07.06	14:48:00	174790	174860	174745	174765	10093	36685	1
2026.07.06	14:49:00	174765	174795	174735	174775	4886	20078	1
2026.07.06	14:50:00	174780	174825	174755	174805	4137	15004	1
2026.07.06	14:51:00	174805	174815	174735	174770	5303	23379	1
2026.07.06	14:52:00	174770	174785	174715	174745	5286	20489	1
2026.07.06	14:53:00	174740	174795	174740	174760	3746	14590	1
2026.07.06	14:54:00	174760	174810	174740	174800	4147	15884	1
2026.07.06	14:55:00	174800	174875	174790	174820	8608	31912	1
2026.07.06	14:56:00	174815	174835	174785	174810	3890	15566	1
2026.07.06	14:57:00	174815	174870	174785	174795	6003	23978	1
2026.07.06	14:58:00	174795	174800	174720	174730	8484	33187	1
2026.07.06	14:59:00	174730	174820	174730	174810	5768	24541	1
2026.07.06	15:00:00	174810	174870	174695	174745	13201	45770	1
2026.07.06	15:01:00	174745	174820	174710	174800	6837	28174	1
2026.07.06	15:02:00	174800	174825	174785	174805	3003	11617	1
2026.07.06	15:03:00	174800	174835	174785	174800	3235	12658	1
2026.07.06	15:04:00	174805	174815	174775	174785	2235	8700	1
2026.07.06	15:05:00	174785	174790	174750	174775	3922	12648	1
2026.07.06	15:06:00	174775	174780	174735	174740	2953	10336	1
2026.07.06	15:07:00	174745	174785	174730	174765	3450	12722	1
2026.07.06	15:08:00	174760	174820	174750	174795	5639	21594	1
2026.07.06	15:09:00	174800	174805	174695	174725	9474	39040	1
2026.07.06	15:10:00	174725	174725	174550	174680	21314	79690	1
2026.07.06	15:11:00	174680	174735	174670	174705	8534	31772	1
2026.07.06	15:12:00	174710	174750	174685	174700	4972	20209	1
2026.07.06	15:13:00	174700	174735	174695	174715	2518	8719	1
2026.07.06	15:14:00	174710	174720	174685	174690	2058	7319	1
2026.07.06	15:15:00	174685	174750	174685	174740	4538	16605	1
2026.07.06	15:16:00	174740	174785	174730	174760	7521	27947	1
2026.07.06	15:17:00	174760	174790	174745	174755	3600	12691	1
2026.07.06	15:18:00	174750	174790	174750	174775	2166	8965	1
2026.07.06	15:19:00	174775	174830	174770	174805	6444	23285	1
2026.07.06	15:20:00	174805	174810	174775	174780	3908	14291	1
2026.07.06	15:21:00	174780	174805	174775	174795	2077	7445	1
2026.07.06	15:22:00	174795	174855	174795	174830	5623	19100	1
2026.07.06	15:23:00	174835	174845	174810	174825	2475	8895	1
2026.07.06	15:24:00	174825	174830	174760	174800	6718	26457	1
2026.07.06	15:25:00	174805	174890	174800	174875	8412	29281	1
2026.07.06	15:26:00	174875	174880	174800	174820	5702	22687	1
2026.07.06	15:27:00	174815	174840	174810	174825	2096	7966	1
2026.07.06	15:28:00	174825	174860	174815	174820	2667	11101	1
2026.07.06	15:29:00	174825	174830	174780	174820	3845	14415	1
2026.07.06	15:30:00	174820	174890	174810	174855	6086	24453	1
2026.07.06	15:31:00	174860	174880	174850	174860	2627	9534	1
2026.07.06	15:32:00	174860	174900	174805	174825	6196	22010	1
2026.07.06	15:33:00	174825	174865	174780	174815	5044	19464	1
2026.07.06	15:34:00	174815	174835	174785	174810	2245	8665	1
2026.07.06	15:35:00	174805	174820	174715	174760	9329	32187	1
2026.07.06	15:36:00	174760	174790	174745	174755	3876	15141	1
2026.07.06	15:37:00	174755	174765	174700	174715	6408	27154	1
2026.07.06	15:38:00	174710	174770	174710	174765	3455	13165	1
2026.07.06	15:39:00	174765	174765	174695	174720	5083	18853	1
2026.07.06	15:40:00	174725	174785	174720	174740	4324	16713	1
2026.07.06	15:41:00	174745	174750	174725	174740	1308	4422	1
2026.07.06	15:42:00	174740	174750	174725	174730	1342	4337	1
2026.07.06	15:43:00	174735	174750	174695	174720	3734	14531	1
2026.07.06	15:44:00	174720	174725	174675	174700	3800	13290	1
2026.07.06	15:45:00	174700	174710	174685	174705	2130	7529	1
2026.07.06	15:46:00	174705	174720	174690	174695	1832	6227	1
2026.07.06	15:47:00	174695	174735	174695	174720	3417	12093	1
2026.07.06	15:48:00	174720	174725	174685	174715	2010	7066	1
2026.07.06	15:49:00	174720	174800	174715	174775	7264	25397	1
2026.07.06	15:50:00	174780	174800	174740	174770	4297	16238	1
2026.07.06	15:51:00	174765	174765	174655	174685	9152	34076	1
2026.07.06	15:52:00	174690	174730	174680	174710	3835	16275	1
2026.07.06	15:53:00	174710	174715	174640	174680	5390	21159	1
2026.07.06	15:54:00	174680	174685	174635	174655	4721	17222	1
2026.07.06	15:55:00	174655	174660	174630	174650	3036	10506	1
2026.07.06	15:56:00	174650	174690	174645	174660	3535	12670	1
2026.07.06	15:57:00	174660	174685	174630	174665	3234	12654	1
2026.07.06	15:58:00	174665	174685	174660	174680	1482	5339	1
2026.07.06	15:59:00	174675	174680	174620	174670	4841	19891	1
2026.07.06	16:00:00	174670	174690	174590	174610	7966	30596	1
2026.07.06	16:01:00	174615	174635	174570	174625	5763	19376	1
2026.07.06	16:02:00	174625	174685	174620	174655	6482	25211	1
2026.07.06	16:03:00	174655	174690	174650	174665	2749	11265	1
2026.07.06	16:04:00	174665	174680	174660	174675	1182	4144	1
2026.07.06	16:05:00	174670	174685	174600	174625	5559	21029	1
2026.07.06	16:06:00	174625	174625	174570	174610	4557	18081	1
2026.07.06	16:07:00	174615	174630	174505	174530	9772	38917	1
2026.07.06	16:08:00	174530	174555	174520	174540	3635	13756	1
2026.07.06	16:09:00	174535	174545	174505	174530	3325	12304	1
2026.07.06	16:10:00	174525	174550	174515	174535	2859	11023	1
2026.07.06	16:11:00	174535	174535	174470	174505	6710	27745	1
2026.07.06	16:12:00	174510	174515	174425	174490	9595	36230	1
2026.07.06	16:13:00	174490	174505	174470	174495	2901	11256	1
2026.07.06	16:14:00	174490	174515	174475	174500	2598	9897	1
2026.07.06	16:15:00	174495	174510	174485	174500	2192	7327	1
2026.07.06	16:16:00	174505	174510	174470	174485	2307	8100	1
2026.07.06	16:17:00	174490	174540	174485	174500	6023	22256	1
2026.07.06	16:18:00	174500	174540	174490	174525	3345	12236	1
2026.07.06	16:19:00	174525	174550	174520	174545	2488	8913	1
2026.07.06	16:20:00	174540	174570	174515	174530	6864	27281	1
2026.07.06	16:21:00	174530	174565	174530	174550	2129	8066	1
2026.07.06	16:22:00	174545	174570	174510	174560	4634	18239	1
2026.07.06	16:23:00	174555	174595	174555	174575	5055	20535	1
2026.07.06	16:24:00	174570	174580	174535	174570	2607	9733	1
2026.07.06	16:25:00	174565	174685	174565	174655	12110	43940	1
2026.07.06	16:26:00	174655	174655	174625	174650	4245	16089	1
2026.07.06	16:27:00	174650	174675	174625	174650	2548	8595	1
2026.07.06	16:28:00	174650	174700	174645	174680	3981	14558	1
2026.07.06	16:29:00	174680	174700	174645	174650	3860	15563	1
2026.07.06	16:30:00	174650	174665	174615	174640	4437	17041	1
2026.07.06	16:31:00	174645	174670	174635	174660	2373	8041	1
2026.07.06	16:32:00	174655	174665	174640	174645	1431	6599	1
2026.07.06	16:33:00	174645	174650	174615	174620	2465	9554	1
2026.07.06	16:34:00	174625	174650	174610	174640	2210	8580	1
2026.07.06	16:35:00	174640	174645	174550	174575	8891	33648	1
2026.07.06	16:36:00	174575	174600	174560	174570	3194	13143	1
2026.07.06	16:37:00	174565	174595	174560	174575	1820	6482	1
2026.07.06	16:38:00	174580	174580	174530	174550	4477	17051	1
2026.07.06	16:39:00	174555	174615	174545	174595	4064	14558	1
2026.07.06	16:40:00	174600	174615	174580	174590	2353	8706	1
2026.07.06	16:41:00	174590	174630	174585	174610	3398	12148	1
2026.07.06	16:42:00	174605	174660	174585	174640	4877	18928	1
2026.07.06	16:43:00	174635	174640	174595	174600	2835	10258	1
2026.07.06	16:44:00	174605	174620	174600	174615	1115	4083	1
2026.07.06	16:45:00	174610	174635	174565	174625	4746	17579	1
2026.07.06	16:46:00	174625	174625	174590	174605	1637	6798	1
2026.07.06	16:47:00	174610	174610	174595	174600	1074	4248	1
2026.07.06	16:48:00	174595	174600	174570	174585	1732	6593	1
2026.07.06	16:49:00	174585	174635	174570	174615	2891	9581	1
2026.07.06	16:50:00	174615	174680	174595	174650	6516	24244	1
2026.07.06	16:51:00	174655	174665	174620	174625	3202	13651	1
2026.07.06	16:52:00	174625	174665	174615	174665	3331	15512	1
2026.07.06	16:53:00	174660	174665	174630	174630	1499	5202	1
2026.07.06	16:54:00	174635	174665	174635	174650	2335	10644	1
2026.07.06	16:55:00	174650	174720	174635	174645	8032	33407	1
2026.07.06	16:56:00	174640	174655	174555	174585	8503	34388	1
2026.07.06	16:57:00	174580	174600	174570	174590	2578	10302	1
2026.07.06	16:58:00	174590	174625	174585	174615	2888	11135	1
2026.07.06	16:59:00	174615	174625	174590	174615	2436	10453	1
2026.07.06	17:00:00	174615	174650	174595	174630	4490	17811	1
2026.07.06	17:01:00	174630	174635	174585	174615	2908	11335	1
2026.07.06	17:02:00	174620	174700	174590	174690	5734	23265	1
2026.07.06	17:03:00	174685	174725	174655	174655	4959	20437	1
2026.07.06	17:04:00	174655	174695	174640	174680	3294	14834	1
2026.07.06	17:05:00	174680	174715	174665	174710	2426	10184	1
2026.07.06	17:06:00	174710	174725	174680	174685	2949	12778	1
2026.07.06	17:07:00	174680	174715	174675	174705	1908	8447	1
2026.07.06	17:08:00	174705	174715	174670	174670	1949	8997	1
2026.07.06	17:09:00	174670	174685	174665	174680	1139	5366	1
2026.07.06	17:10:00	174680	174700	174660	174670	2027	9578	1
2026.07.06	17:11:00	174670	174705	174670	174685	1243	4867	1
2026.07.06	17:12:00	174685	174695	174660	174680	1481	6161	1
2026.07.06	17:13:00	174675	174685	174645	174680	2179	8067	1
2026.07.06	17:14:00	174685	174695	174655	174665	1293	4837	1
2026.07.06	17:15:00	174665	174675	174645	174660	1311	6380	1
2026.07.06	17:16:00	174665	174700	174655	174685	1612	7050	1
2026.07.06	17:17:00	174680	174705	174680	174700	996	3306	1
2026.07.06	17:18:00	174705	174705	174680	174695	847	2951	1
2026.07.06	17:19:00	174695	174700	174675	174690	935	3545	1
2026.07.06	17:20:00	174685	174700	174675	174700	852	3022	1
2026.07.06	17:21:00	174695	174715	174685	174700	2100	8084	1
2026.07.06	17:22:00	174695	174705	174685	174705	880	3330	1
2026.07.06	17:23:00	174705	174710	174675	174680	1063	3758	1
2026.07.06	17:24:00	174680	174700	174680	174695	614	1786	1
2026.07.06	17:25:00	174690	174700	174675	174695	1167	3924	1
2026.07.06	17:26:00	174700	174705	174620	174660	4597	15866	1
2026.07.06	17:27:00	174665	174665	174620	174650	2350	9243	1
2026.07.06	17:28:00	174650	174660	174640	174650	926	3261	1
2026.07.06	17:29:00	174650	174655	174625	174640	1353	4704	1
2026.07.06	17:30:00	174645	174650	174630	174640	1311	4249	1
2026.07.06	17:31:00	174640	174655	174640	174650	1126	3709	1
2026.07.06	17:32:00	174650	174680	174650	174680	1940	6391	1
2026.07.06	17:33:00	174675	174695	174670	174690	1307	4117	1
2026.07.06	17:34:00	174690	174700	174680	174695	1308	4551	1
2026.07.06	17:35:00	174700	174710	174690	174710	1051	3563	1
2026.07.06	17:36:00	174705	174710	174690	174695	1067	3582	1
2026.07.06	17:37:00	174690	174700	174675	174685	1098	4320	1
2026.07.06	17:38:00	174685	174685	174665	174680	1022	4069	1
2026.07.06	17:39:00	174675	174690	174675	174685	742	2881	1
2026.07.06	17:40:00	174690	174710	174680	174705	1380	4905	1
2026.07.06	17:41:00	174705	174790	174700	174780	6916	22878	1
2026.07.06	17:42:00	174775	174795	174765	174780	2729	8496	1
2026.07.06	17:43:00	174785	174800	174775	174790	2241	7079	1
2026.07.06	17:44:00	174785	174795	174770	174790	1589	4647	1
2026.07.06	17:45:00	174790	174805	174770	174780	2052	6194	1
2026.07.06	17:46:00	174780	174795	174765	174770	1872	6143	1
2026.07.06	17:47:00	174775	174780	174750	174760	1813	5452	1
2026.07.06	17:48:00	174765	174795	174765	174790	1564	4501	1
2026.07.06	17:49:00	174785	174790	174770	174775	1160	3754	1
2026.07.06	17:50:00	174775	174795	174760	174785	1834	5576	1
2026.07.06	17:51:00	174785	174795	174770	174795	726	2334	1
2026.07.06	17:52:00	174790	174805	174765	174775	1640	5269	1
2026.07.06	17:53:00	174775	174790	174770	174770	723	2302	1
2026.07.06	17:54:00	174770	174790	174765	174770	688	2238	1
2026.07.06	17:55:00	174775	174790	174760	174785	1599	5360	1
2026.07.06	17:56:00	174780	174800	174770	174790	1243	4644	1
2026.07.06	17:57:00	174790	174835	174790	174815	3181	11674	1
2026.07.06	17:58:00	174815	174820	174800	174810	920	2498	1
2026.07.06	17:59:00	174805	174825	174800	174810	1450	4537	1
2026.07.06	18:00:00	174805	174835	174710	174830	9148	24098	1
2026.07.06	18:01:00	174830	174850	174805	174815	2724	7201	1
2026.07.06	18:02:00	174810	174820	174740	174770	4053	8848	1
2026.07.06	18:03:00	174770	174835	174770	174815	2511	6692	1
2026.07.06	18:04:00	174810	174830	174780	174795	1898	5204	1
2026.07.06	18:05:00	174790	174810	174750	174790	2569	6030	1
2026.07.06	18:06:00	174790	174800	174765	174765	1459	3318	1
2026.07.06	18:07:00	174765	174775	174675	174725	6376	15741	1
2026.07.06	18:08:00	174725	174740	174705	174735	2294	5604	1
2026.07.06	18:09:00	174735	174750	174725	174735	1258	3346	1
2026.07.06	18:10:00	174740	174745	174710	174730	2003	4513	1
2026.07.06	18:11:00	174725	174730	174700	174720	1281	3408	1
2026.07.06	18:12:00	174725	174725	174575	174655	6962	17674	1
2026.07.06	18:13:00	174660	174680	174650	174660	1875	3937	1
2026.07.06	18:14:00	174655	174660	174575	174620	5061	11663	1
2026.07.06	18:15:00	174620	174625	174555	174575	4476	10298	1
2026.07.06	18:16:00	174575	174645	174575	174635	3555	7593	1
2026.07.06	18:17:00	174640	174640	174555	174575	2077	4759	1
2026.07.06	18:18:00	174570	174580	174540	174555	1160	2625	1
2026.07.06	18:19:00	174550	174600	174480	174510	3977	10927	1
2026.07.06	18:20:00	174510	174550	174500	174540	1235	3459	1
2026.07.06	18:21:00	174545	174555	174520	174525	752	1572	1
2026.07.06	18:22:00	174525	174545	174500	174530	1315	2591	1
2026.07.06	18:23:00	174530	174565	174500	174520	1238	3083	1
2026.07.06	18:24:00	174525	174545	174490	174535	2581	22536	1
2026.07.07	09:03:00	174370	174855	174260	174835	53362	192673	1
2026.07.07	09:04:00	174830	175155	174785	175070	69973	184855	1
2026.07.07	09:05:00	175070	175235	174935	175090	40128	113713	1
2026.07.07	09:06:00	175090	175375	175090	175250	38064	116567	1
2026.07.07	09:07:00	175250	175565	175205	175495	36602	117751	1
2026.07.07	09:08:00	175500	175550	175340	175430	27762	86733	1
2026.07.07	09:09:00	175430	175500	175325	175465	18075	54531	1
2026.07.07	09:10:00	175470	175600	175440	175570	24285	76274	1
2026.07.07	09:11:00	175565	175575	175345	175350	19699	58366	1
2026.07.07	09:12:00	175355	175515	175310	175485	22337	68137	1
2026.07.07	09:13:00	175490	175645	175480	175505	22282	69303	1
2026.07.07	09:14:00	175510	175675	175505	175605	16598	52645	1
2026.07.07	09:15:00	175605	175690	175550	175550	20625	69010	1
2026.07.07	09:16:00	175550	175580	175380	175550	33221	97625	1
2026.07.07	09:17:00	175550	175585	175455	175520	10727	37073	1
2026.07.07	09:18:00	175520	175620	175400	175420	21885	69937	1
2026.07.07	09:19:00	175415	175500	175340	175390	20188	66267	1
2026.07.07	09:20:00	175385	175410	175110	175170	38153	127177	1
2026.07.07	09:21:00	175170	175230	175150	175215	13108	46393	1
2026.07.07	09:22:00	175220	175360	175210	175315	20794	66041	1
2026.07.07	09:23:00	175315	175400	175235	175265	18208	59383	1
2026.07.07	09:24:00	175265	175435	175250	175415	16705	52751	1
2026.07.07	09:25:00	175410	175570	175365	175535	27022	83415	1
2026.07.07	09:26:00	175535	175590	175435	175515	18877	60789	1
2026.07.07	09:27:00	175510	175530	175445	175490	7794	23783	1
2026.07.07	09:28:00	175495	175580	175480	175535	9416	30437	1
2026.07.07	09:29:00	175530	175555	175450	175490	7787	21685	1
2026.07.07	09:30:00	175490	175585	175300	175315	23780	70603	1
2026.07.07	09:31:00	175315	175380	175250	175295	17047	56570	1
2026.07.07	09:32:00	175290	175335	175205	175305	18806	62023	1
2026.07.07	09:33:00	175300	175365	175285	175345	7946	26353	1
2026.07.07	09:34:00	175340	175455	175260	175260	18118	58828	1
2026.07.07	09:35:00	175260	175450	175260	175430	15168	50030	1
2026.07.07	09:36:00	175430	175450	175280	175300	14187	47365	1
2026.07.07	09:37:00	175300	175325	175225	175270	10899	34331	1
2026.07.07	09:38:00	175265	175270	175110	175130	20328	65848	1
2026.07.07	09:39:00	175130	175245	175125	175195	13114	43357	1
2026.07.07	09:40:00	175195	175215	175135	175195	8550	27718	1
2026.07.07	09:41:00	175195	175390	175190	175330	23358	74714	1
2026.07.07	09:42:00	175330	175375	175300	175340	6802	22937	1
2026.07.07	09:43:00	175340	175380	175290	175350	8345	27590	1
2026.07.07	09:44:00	175350	175430	175320	175340	12444	38372	1
2026.07.07	09:45:00	175340	175385	175310	175345	8647	29677	1
2026.07.07	09:46:00	175345	175360	175160	175185	17574	53051	1
2026.07.07	09:47:00	175180	175225	175115	175175	13450	44606	1
2026.07.07	09:48:00	175180	175240	175150	175150	8655	28361	1
2026.07.07	09:49:00	175155	175235	175140	175220	6834	21693	1
2026.07.07	09:50:00	175220	175250	175090	175190	20114	63619	1
2026.07.07	09:51:00	175195	175245	175125	175170	8905	29593	1
2026.07.07	09:52:00	175170	175265	175135	175190	9321	29323	1
2026.07.07	09:53:00	175190	175205	175095	175155	11117	39483	1
2026.07.07	09:54:00	175155	175200	175070	175195	10967	36527	1
2026.07.07	09:55:00	175190	175240	175130	175155	9600	32013	1
2026.07.07	09:56:00	175155	175175	175075	175125	8868	32355	1
2026.07.07	09:57:00	175120	175245	175110	175160	11109	38292	1
2026.07.07	09:58:00	175160	175235	175010	175055	22414	81014	1
2026.07.07	09:59:00	175060	175165	175050	175130	11837	41538	1
2026.07.07	10:00:00	175130	175235	175010	175015	26611	92545	1
2026.07.07	10:01:00	175020	175350	175015	175265	37594	121764	1
2026.07.07	10:02:00	175265	175280	175025	175070	27025	88526	1
2026.07.07	10:03:00	175075	175275	175070	175230	20119	65931	1
2026.07.07	10:04:00	175230	175240	174865	174920	41689	136488	1
2026.07.07	10:05:00	174920	175080	174895	175065	21469	71453	1
2026.07.07	10:06:00	175060	175085	174905	174945	18612	60086	1
2026.07.07	10:07:00	174945	174950	174790	174885	31826	105127	1
2026.07.07	10:08:00	174890	175115	174875	175060	29804	102307	1
2026.07.07	10:09:00	175065	175115	174940	175010	17909	61682	1
2026.07.07	10:10:00	175005	175030	174860	174950	18262	59774	1
2026.07.07	10:11:00	174950	175055	174845	175040	26809	91512	1
2026.07.07	10:12:00	175040	175195	174970	175120	29263	101833	1
2026.07.07	10:13:00	175120	175145	174740	174750	37788	128091	1
2026.07.07	10:14:00	174750	174865	174690	174840	31320	115070	1
2026.07.07	10:15:00	174840	174935	174700	174835	30211	106516	1
2026.07.07	10:16:00	174840	174865	174760	174810	10875	39672	1
2026.07.07	10:17:00	174810	174845	174720	174755	12756	44641	1
2026.07.07	10:18:00	174760	175065	174720	175045	31135	115892	1
2026.07.07	10:19:00	175045	175160	175025	175130	20280	67142	1
2026.07.07	10:20:00	175130	175245	175115	175190	24408	84581	1
2026.07.07	10:21:00	175185	175220	175100	175140	16808	58504	1
2026.07.07	10:22:00	175140	175165	175020	175095	21385	72656	1
2026.07.07	10:23:00	175095	175180	175025	175070	13282	46509	1
2026.07.07	10:24:00	175065	175125	175055	175105	7220	25758	1
2026.07.07	10:25:00	175105	175135	174900	174925	23276	74501	1
2026.07.07	10:26:00	174925	174925	174810	174835	18217	64483	1
2026.07.07	10:27:00	174830	174845	174620	174685	29454	100664	1
2026.07.07	10:28:00	174680	174745	174645	174715	13480	47782	1
2026.07.07	10:29:00	174715	174790	174675	174755	15539	55079	1
2026.07.07	10:30:00	174760	175230	174745	175145	56475	193201	1
2026.07.07	10:31:00	175145	175335	175075	175320	31881	119964	1
2026.07.07	10:32:00	175325	175500	175300	175430	31775	105331	1
2026.07.07	10:33:00	175435	175540	175335	175495	22390	74991	1
2026.07.07	10:34:00	175500	175630	175410	175485	29948	99171	1
2026.07.07	10:35:00	175480	175510	175315	175460	22548	76480	1
2026.07.07	10:36:00	175460	175595	175380	175405	26895	85378	1
2026.07.07	10:37:00	175405	175535	175400	175525	14007	46383	1
2026.07.07	10:38:00	175520	175620	175425	175550	17200	56266	1
2026.07.07	10:39:00	175555	175745	175550	175565	28432	100659	1
2026.07.07	10:40:00	175565	175570	175375	175395	25249	82462	1
2026.07.07	10:41:00	175390	175645	175380	175575	22149	76118	1
2026.07.07	10:42:00	175575	175660	175440	175475	18487	62579	1
2026.07.07	10:43:00	175480	175700	175475	175630	18476	60322	1
2026.07.07	10:44:00	175630	175720	175470	175510	22379	81819	1
2026.07.07	10:45:00	175515	175785	175505	175765	28339	102620	1
2026.07.07	10:46:00	175765	175795	175640	175710	18286	64125	1
2026.07.07	10:47:00	175710	175745	175500	175515	20219	69267	1
2026.07.07	10:48:00	175520	175565	175400	175415	19449	64166	1
2026.07.07	10:49:00	175415	175575	175395	175430	16847	58159	1
2026.07.07	10:50:00	175430	175470	175310	175420	24315	84528	1
2026.07.07	10:51:00	175420	175465	175285	175360	18169	62050	1
2026.07.07	10:52:00	175360	175395	175280	175380	12017	43012	1
2026.07.07	10:53:00	175380	175405	175250	175265	13613	47236	1
2026.07.07	10:54:00	175260	175285	175090	175120	26485	90569	1
2026.07.07	10:55:00	175125	175155	174965	175040	27411	96830	1
2026.07.07	10:56:00	175045	175065	174920	175000	18151	67428	1
2026.07.07	10:57:00	174995	175010	174785	174820	21350	78939	1
2026.07.07	10:58:00	174825	174850	174555	174595	28160	101167	1
2026.07.07	10:59:00	174595	174735	174545	174710	21541	72912	1
2026.07.07	11:00:00	174705	175015	174685	175010	33524	120803	1
2026.07.07	11:01:00	175005	175085	174830	174915	24097	81812	1
2026.07.07	11:02:00	174910	174995	174875	174900	13177	49323	1
2026.07.07	11:03:00	174900	174945	174555	174605	28957	94829	1
2026.07.07	11:04:00	174600	174655	174520	174600	19926	67461	1
2026.07.07	11:05:00	174600	174745	174595	174735	17502	61125	1
2026.07.07	11:06:00	174735	174890	174730	174865	22123	75625	1
2026.07.07	11:07:00	174870	174870	174680	174775	14569	51526	1
2026.07.07	11:08:00	174775	174860	174540	174560	25585	92234	1
2026.07.07	11:09:00	174560	174780	174555	174655	17706	62474	1
2026.07.07	11:10:00	174660	174690	174570	174605	11051	38339	1
2026.07.07	11:11:00	174605	174690	174505	174555	18892	68359	1
2026.07.07	11:12:00	174560	174580	174465	174485	14872	52773	1
2026.07.07	11:13:00	174490	174625	174425	174500	21323	72552	1
2026.07.07	11:14:00	174500	174570	174430	174450	12552	45332	1
2026.07.07	11:15:00	174450	174475	174290	174300	26210	93895	1
2026.07.07	11:16:00	174295	174410	174225	174315	22718	82114	1
2026.07.07	11:17:00	174315	174325	174120	174175	19373	68788	1
2026.07.07	11:18:00	174180	174325	174175	174230	16275	53950	1
2026.07.07	11:19:00	174230	174270	174155	174195	9080	30944	1
2026.07.07	11:20:00	174200	174280	174075	174095	18905	64075	1
2026.07.07	11:21:00	174090	174200	174065	174155	12173	40803	1
2026.07.07	11:22:00	174150	174170	173955	173995	19418	71274	1
2026.07.07	11:23:00	173995	174020	173920	174020	14042	51376	1
2026.07.07	11:24:00	174020	174060	173930	173935	12439	44528	1
2026.07.07	11:25:00	173940	173945	173770	173800	25028	93109	1
2026.07.07	11:26:00	173800	173815	173575	173625	25992	94452	1
2026.07.07	11:27:00	173630	173740	173615	173695	14704	53397	1
2026.07.07	11:28:00	173700	173765	173695	173735	8742	29639	1
2026.07.07	11:29:00	173740	173855	173705	173825	14290	46617	1
2026.07.07	11:30:00	173825	173865	173775	173790	11013	39599	1
2026.07.07	11:31:00	173790	173975	173780	173915	18604	66614	1
2026.07.07	11:32:00	173910	173965	173830	173930	13142	46795	1
2026.07.07	11:33:00	173935	173955	173835	173865	8087	29420	1
2026.07.07	11:34:00	173865	173900	173780	173845	10628	37661	1
2026.07.07	11:35:00	173850	173920	173805	173875	8306	28831	1
2026.07.07	11:36:00	173875	173990	173855	173980	11745	43073	1
2026.07.07	11:37:00	173980	174010	173915	173990	10743	37992	1
2026.07.07	11:38:00	173990	174040	173940	174020	10183	35428	1
2026.07.07	11:39:00	174020	174060	173930	173935	9692	34512	1
2026.07.07	11:40:00	173935	174085	173930	174045	10742	37145	1
2026.07.07	11:41:00	174045	174215	174025	174165	19252	71690	1
2026.07.07	11:42:00	174160	174215	174085	174200	12353	44719	1
2026.07.07	11:43:00	174205	174275	174165	174250	14505	54165	1
2026.07.07	11:44:00	174255	174275	174190	174240	6519	23541	1
2026.07.07	11:45:00	174240	174390	174220	174370	17060	59916	1
2026.07.07	11:46:00	174370	174405	174340	174360	8873	32863	1
2026.07.07	11:47:00	174360	174415	174315	174405	8457	26545	1
2026.07.07	11:48:00	174400	174540	174380	174475	18128	63940	1
2026.07.07	11:49:00	174475	174500	174320	174365	15836	57517	1
2026.07.07	11:50:00	174370	174385	174250	174290	17341	63182	1
2026.07.07	11:51:00	174295	174385	174235	174295	11990	45777	1
2026.07.07	11:52:00	174300	174385	174285	174355	7852	28542	1
2026.07.07	11:53:00	174355	174375	174295	174335	5118	18374	1
2026.07.07	11:54:00	174335	174365	174275	174355	6015	21876	1
2026.07.07	11:55:00	174355	174410	174180	174230	18682	66234	1
2026.07.07	11:56:00	174230	174325	174220	174295	8078	29271	1
2026.07.07	11:57:00	174300	174305	174185	174260	8289	31997	1
2026.07.07	11:58:00	174255	174295	174225	174255	5105	21661	1
2026.07.07	11:59:00	174255	174280	174200	174230	4473	16472	1
2026.07.07	12:00:00	174235	174245	174125	174185	13569	48849	1
2026.07.07	12:01:00	174185	174225	174080	174165	12542	47804	1
2026.07.07	12:02:00	174165	174180	174025	174060	11315	41579	1
2026.07.07	12:03:00	174060	174095	173980	174015	10387	39611	1
2026.07.07	12:04:00	174015	174050	173940	173990	9854	38040	1
2026.07.07	12:05:00	173985	173995	173880	173925	11732	43373	1
2026.07.07	12:06:00	173925	173955	173900	173930	4534	17633	1
2026.07.07	12:07:00	173930	173970	173915	173955	5216	19464	1
2026.07.07	12:08:00	173960	174025	173925	173965	8664	30025	1
2026.07.07	12:09:00	173965	174060	173945	174050	8062	27444	1
2026.07.07	12:10:00	174055	174080	173850	173880	16196	56302	1
2026.07.07	12:11:00	173875	173905	173810	173830	9942	35372	1
2026.07.07	12:12:00	173835	173960	173820	173935	11128	43116	1
2026.07.07	12:13:00	173940	173960	173880	173905	5470	20950	1
2026.07.07	12:14:00	173900	173905	173835	173855	5788	21385	1
2026.07.07	12:15:00	173850	173855	173765	173825	12762	48316	1
2026.07.07	12:16:00	173825	173875	173800	173805	6624	23927	1
2026.07.07	12:17:00	173800	173815	173685	173695	14626	54945	1
2026.07.07	12:18:00	173695	173790	173685	173735	7833	28613	1
2026.07.07	12:19:00	173735	173810	173725	173800	5628	20420	1
2026.07.07	12:20:00	173795	173890	173750	173785	12496	47163	1
2026.07.07	12:21:00	173785	173935	173750	173890	11847	42944	1
2026.07.07	12:22:00	173890	173910	173815	173820	6529	23171	1
2026.07.07	12:23:00	173820	173880	173810	173855	4254	16730	1
2026.07.07	12:24:00	173855	173935	173855	173905	5559	19733	1
2026.07.07	12:25:00	173905	173940	173825	173840	7619	28317	1
2026.07.07	12:26:00	173845	173850	173760	173800	7659	29632	1
2026.07.07	12:27:00	173800	173805	173770	173795	3042	12309	1
2026.07.07	12:28:00	173790	173845	173780	173805	4663	17442	1
2026.07.07	12:29:00	173810	173845	173785	173845	3349	11745	1
2026.07.07	12:30:00	173845	173935	173840	173890	8687	31705	1
2026.07.07	12:31:00	173890	173900	173820	173890	5566	21105	1
2026.07.07	12:32:00	173895	173960	173875	173955	6881	24701	1
2026.07.07	12:33:00	173960	173975	173790	173835	11655	41976	1
2026.07.07	12:34:00	173840	173865	173820	173820	3471	11792	1
2026.07.07	12:35:00	173820	173830	173710	173720	12113	45924	1
2026.07.07	12:36:00	173720	173770	173685	173745	7845	28018	1
2026.07.07	12:37:00	173745	173755	173715	173730	3007	11110	1
2026.07.07	12:38:00	173725	173755	173645	173675	6861	23880	1
2026.07.07	12:39:00	173675	173700	173630	173655	6948	25650	1
2026.07.07	12:40:00	173660	173770	173620	173760	11495	37355	1
2026.07.07	12:41:00	173765	173780	173735	173740	4784	18024	1
2026.07.07	12:42:00	173740	173755	173685	173740	4787	17190	1
2026.07.07	12:43:00	173740	173775	173710	173765	2993	10490	1
2026.07.07	12:44:00	173760	173775	173690	173725	3744	14568	1
2026.07.07	12:45:00	173720	173790	173710	173745	5799	20316	1
2026.07.07	12:46:00	173740	173760	173685	173715	4783	18437	1
2026.07.07	12:47:00	173715	173765	173675	173750	5209	22623	1
2026.07.07	12:48:00	173750	173805	173725	173770	5678	21645	1
2026.07.07	12:49:00	173770	173775	173685	173690	4646	16813	1
2026.07.07	12:50:00	173690	173710	173630	173705	7699	27180	1
2026.07.07	12:51:00	173705	173735	173700	173725	3392	12167	1
2026.07.07	12:52:00	173730	173770	173680	173745	5445	19064	1
2026.07.07	12:53:00	173745	173745	173710	173730	2449	9195	1
2026.07.07	12:54:00	173725	173735	173680	173695	2757	9839	1
2026.07.07	12:55:00	173695	173750	173660	173740	6019	21830	1
2026.07.07	12:56:00	173740	173745	173650	173695	5582	25132	1
2026.07.07	12:57:00	173700	173745	173685	173710	3315	12943	1
2026.07.07	12:58:00	173710	173720	173650	173660	5191	20741	1
2026.07.07	12:59:00	173665	173705	173640	173695	3287	12716	1
2026.07.07	13:00:00	173695	173740	173660	173705	5501	21034	1
2026.07.07	13:01:00	173710	173725	173645	173685	4976	19761	1
2026.07.07	13:02:00	173690	173705	173660	173695	2036	7352	1
2026.07.07	13:03:00	173695	173715	173670	173695	1916	7470	1
2026.07.07	13:04:00	173695	173715	173645	173700	4295	17519	1
2026.07.07	13:05:00	173705	173750	173665	173740	4382	14585	1
2026.07.07	13:06:00	173735	173750	173700	173705	3425	12816	1
2026.07.07	13:07:00	173705	173710	173645	173685	5715	23927	1
2026.07.07	13:08:00	173685	173700	173645	173650	2876	12242	1
2026.07.07	13:09:00	173655	173660	173545	173610	16046	58595	1
2026.07.07	13:10:00	173615	173665	173610	173635	5233	19127	1
2026.07.07	13:11:00	173640	173685	173630	173660	3931	14304	1
2026.07.07	13:12:00	173660	173695	173660	173680	2600	9000	1
2026.07.07	13:13:00	173675	173695	173665	173685	1834	6294	1
2026.07.07	13:14:00	173690	173740	173650	173665	6880	25657	1
2026.07.07	13:15:00	173665	173710	173650	173695	3398	12107	1
2026.07.07	13:16:00	173695	173735	173685	173725	2913	10936	1
2026.07.07	13:17:00	173720	173735	173665	173690	4426	18192	1
2026.07.07	13:18:00	173685	173750	173685	173730	4118	14215	1
2026.07.07	13:19:00	173730	173745	173705	173725	2794	10353	1
2026.07.07	13:20:00	173730	173800	173715	173785	8869	31448	1
2026.07.07	13:21:00	173785	173825	173765	173805	5612	20564	1
2026.07.07	13:22:00	173805	173810	173725	173770	7111	30037	1
2026.07.07	13:23:00	173770	173775	173745	173770	2694	10866	1
2026.07.07	13:24:00	173765	173780	173715	173760	3651	12985	1
2026.07.07	13:25:00	173755	173755	173690	173715	5488	19876	1
2026.07.07	13:26:00	173720	173755	173710	173740	2844	9857	1
2026.07.07	13:27:00	173740	173775	173715	173760	2643	9953	1
2026.07.07	13:28:00	173760	173775	173680	173710	5488	21569	1
2026.07.07	13:29:00	173715	173755	173700	173700	2756	9392	1
2026.07.07	13:30:00	173700	173815	173685	173720	8254	30673	1
2026.07.07	13:31:00	173720	173765	173670	173755	6317	24296	1
2026.07.07	13:32:00	173755	173760	173720	173725	2213	8543	1
2026.07.07	13:33:00	173725	173740	173710	173715	1710	5681	1
2026.07.07	13:34:00	173715	173735	173690	173700	2495	8977	1
2026.07.07	13:35:00	173705	173750	173690	173720	2906	11875	1
2026.07.07	13:36:00	173720	173735	173675	173720	3292	12912	1
2026.07.07	13:37:00	173715	173760	173710	173735	3150	11610	1
2026.07.07	13:38:00	173735	173775	173725	173755	2795	10166	1
2026.07.07	13:39:00	173760	173760	173730	173745	1532	5600	1
2026.07.07	13:40:00	173740	173760	173730	173745	1820	6038	1
2026.07.07	13:41:00	173750	173750	173625	173675	9919	35599	1
2026.07.07	13:42:00	173675	173705	173660	173685	4068	16335	1
2026.07.07	13:43:00	173685	173710	173680	173690	1814	6661	1
2026.07.07	13:44:00	173690	173710	173650	173705	3063	11082	1
2026.07.07	13:45:00	173710	173735	173700	173710	3924	15575	1
2026.07.07	13:46:00	173710	173735	173635	173730	6537	28006	1
2026.07.07	13:47:00	173725	173730	173640	173650	3057	11280	1
2026.07.07	13:48:00	173655	173715	173640	173695	3111	11862	1
2026.07.07	13:49:00	173700	173715	173680	173700	1548	6441	1
2026.07.07	13:50:00	173700	173710	173680	173685	1080	3815	1
2026.07.07	13:51:00	173690	173720	173670	173700	2423	9972	1
2026.07.07	13:52:00	173695	173720	173680	173690	1566	6139	1
2026.07.07	13:53:00	173690	173700	173670	173680	1658	6880	1
2026.07.07	13:54:00	173675	173710	173670	173695	1526	5312	1
2026.07.07	13:55:00	173695	173700	173610	173660	6142	22808	1
2026.07.07	13:56:00	173655	173690	173650	173680	2614	10123	1
2026.07.07	13:57:00	173675	173715	173670	173700	3059	11255	1
2026.07.07	13:58:00	173700	173705	173675	173695	1534	6118	1
2026.07.07	13:59:00	173695	173765	173690	173760	5725	18991	1
2026.07.07	14:00:00	173755	173940	173750	173920	19276	68912	1
2026.07.07	14:01:00	173915	173950	173875	173920	7351	26753	1
2026.07.07	14:02:00	173920	173985	173900	173920	7548	24928	1
2026.07.07	14:03:00	173920	173945	173900	173905	3397	11334	1
2026.07.07	14:04:00	173905	173920	173855	173900	6327	22304	1
2026.07.07	14:05:00	173900	173930	173840	173865	6413	22917	1
2026.07.07	14:06:00	173860	173960	173850	173950	7437	23931	1
2026.07.07	14:07:00	173950	173995	173945	173960	6324	22183	1
2026.07.07	14:08:00	173960	174010	173950	173985	4939	18322	1
2026.07.07	14:09:00	173980	173990	173870	173905	8265	31255	1
2026.07.07	14:10:00	173900	173920	173815	173845	8091	29459	1
2026.07.07	14:11:00	173850	173900	173845	173885	3982	15168	1
2026.07.07	14:12:00	173885	173905	173860	173885	2770	11475	1
2026.07.07	14:13:00	173885	173940	173885	173920	4911	19168	1
2026.07.07	14:14:00	173920	173920	173835	173900	5702	22144	1
2026.07.07	14:15:00	173905	173905	173810	173850	6967	27579	1
2026.07.07	14:16:00	173850	173860	173825	173840	2762	11336	1
2026.07.07	14:17:00	173840	173885	173835	173875	3049	11194	1
2026.07.07	14:18:00	173880	173975	173860	173955	7875	28697	1
2026.07.07	14:19:00	173950	173960	173910	173955	3971	15890	1
2026.07.07	14:20:00	173950	174010	173910	173985	8958	32767	1
2026.07.07	14:21:00	173985	174035	173975	174005	5837	20106	1
2026.07.07	14:22:00	174010	174040	173960	173990	5881	22565	1
2026.07.07	14:23:00	173995	174030	173985	174020	2710	10825	1
2026.07.07	14:24:00	174020	174185	174020	174120	16833	64193	1
2026.07.07	14:25:00	174125	174130	174075	174125	5688	20969	1
2026.07.07	14:26:00	174120	174155	174100	174150	4074	15216	1
2026.07.07	14:27:00	174145	174195	174135	174185	5572	18996	1
2026.07.07	14:28:00	174190	174200	174155	174170	4072	15196	1
2026.07.07	14:29:00	174170	174210	174160	174165	3733	14704	1
2026.07.07	14:30:00	174165	174195	174140	174150	5245	20445	1
2026.07.07	14:31:00	174155	174195	174150	174175	2426	10012	1
2026.07.07	14:32:00	174170	174205	174125	174135	4372	16022	1
2026.07.07	14:33:00	174135	174165	174105	174115	4882	18262	1
2026.07.07	14:34:00	174115	174125	174010	174065	13193	53606	1
2026.07.07	14:35:00	174070	174120	174055	174110	5177	20038	1
2026.07.07	14:36:00	174110	174175	174105	174145	7416	28488	1
2026.07.07	14:37:00	174145	174155	174095	174100	4270	16935	1
2026.07.07	14:38:00	174100	174105	174055	174090	4665	20155	1
2026.07.07	14:39:00	174090	174105	173905	173910	15128	54548	1
2026.07.07	14:40:00	173905	173965	173905	173955	5095	19343	1
2026.07.07	14:41:00	173950	173980	173905	173950	5034	18905	1
2026.07.07	14:42:00	173950	173985	173925	173945	3291	12882	1
2026.07.07	14:43:00	173950	174010	173945	173965	4437	16250	1
2026.07.07	14:44:00	173970	173975	173885	173970	6568	24647	1
2026.07.07	14:45:00	173970	173975	173930	173950	2576	10455	1
2026.07.07	14:46:00	173955	173970	173860	173870	5756	20876	1
2026.07.07	14:47:00	173875	173920	173870	173905	3010	11780	1
2026.07.07	14:48:00	173905	173940	173895	173930	2289	8234	1
2026.07.07	14:49:00	173930	173970	173900	173950	4025	13559	1
2026.07.07	14:50:00	173955	173985	173925	173975	4016	15391	1
2026.07.07	14:51:00	173975	174010	173970	174005	4854	18583	1
2026.07.07	14:52:00	174000	174050	173995	174015	6748	24362	1
2026.07.07	14:53:00	174015	174030	173970	173985	3372	13964	1
2026.07.07	14:54:00	173985	174070	173955	174030	5797	22795	1
2026.07.07	14:55:00	174030	174055	174015	174045	2966	12107	1
2026.07.07	14:56:00	174045	174060	174025	174040	1616	7117	1
2026.07.07	14:57:00	174045	174045	173985	174020	3453	14825	1
2026.07.07	14:58:00	174015	174040	173995	174015	1900	8055	1
2026.07.07	14:59:00	174015	174040	174005	174020	1321	5224	1
2026.07.07	15:00:00	174015	174080	173980	174015	6574	24764	1
2026.07.07	15:01:00	174015	174020	173885	173905	10928	41268	1
2026.07.07	15:02:00	173900	173940	173870	173930	6088	24006	1
2026.07.07	15:03:00	173935	173960	173835	173885	8891	34608	1
2026.07.07	15:04:00	173880	173920	173855	173860	4094	16886	1
2026.07.07	15:05:00	173855	173865	173710	173785	14042	49846	1
2026.07.07	15:06:00	173785	173815	173755	173795	4306	16689	1
2026.07.07	15:07:00	173790	173815	173735	173775	5322	20810	1
2026.07.07	15:08:00	173780	173825	173775	173805	3121	11986	1
2026.07.07	15:09:00	173805	173840	173755	173830	5200	19839	1
2026.07.07	15:10:00	173825	173850	173800	173830	3443	13004	1
2026.07.07	15:11:00	173825	173845	173765	173815	4695	18272	1
2026.07.07	15:12:00	173815	173850	173770	173830	4738	19014	1
2026.07.07	15:13:00	173835	173850	173810	173835	1995	7508	1
2026.07.07	15:14:00	173835	173875	173820	173845	3904	14963	1
2026.07.07	15:15:00	173840	173880	173815	173860	3980	15857	1
2026.07.07	15:16:00	173860	173880	173785	173845	5008	18010	1
2026.07.07	15:17:00	173845	173880	173830	173870	2605	9617	1
2026.07.07	15:18:00	173870	173905	173870	173885	4371	15248	1
2026.07.07	15:19:00	173885	173915	173825	173895	5515	20845	1
2026.07.07	15:20:00	173900	173915	173830	173845	4755	18880	1
2026.07.07	15:21:00	173845	173920	173840	173895	3298	11346	1
2026.07.07	15:22:00	173890	173945	173865	173940	4386	16041	1
2026.07.07	15:23:00	173935	173965	173930	173965	5177	19698	1
2026.07.07	15:24:00	173965	173995	173935	173950	5349	19942	1
2026.07.07	15:25:00	173955	174030	173925	173995	7282	27947	1
2026.07.07	15:26:00	173995	174025	173925	173925	5820	24435	1
2026.07.07	15:27:00	173925	173990	173915	173965	3690	14126	1
2026.07.07	15:28:00	173965	174005	173945	173975	2919	11619	1
2026.07.07	15:29:00	173980	173980	173935	173960	2661	11296	1
2026.07.07	15:30:00	173955	174015	173905	173965	8617	39425	1
2026.07.07	15:31:00	173960	174055	173960	173995	8467	35149	1
2026.07.07	15:32:00	173995	174045	173955	174025	5657	24101	1
2026.07.07	15:33:00	174030	174060	174010	174040	3742	15618	1
2026.07.07	15:34:00	174045	174120	174045	174115	7129	27371	1
2026.07.07	15:35:00	174115	174235	174105	174225	11590	43932	1
2026.07.07	15:36:00	174230	174250	174180	174215	6589	25689	1
2026.07.07	15:37:00	174215	174225	174160	174185	4661	17794	1
2026.07.07	15:38:00	174185	174185	174085	174100	8630	36195	1
2026.07.07	15:39:00	174100	174145	174095	174115	3522	14471	1
2026.07.07	15:40:00	174115	174130	174085	174115	3540	15204	1
2026.07.07	15:41:00	174120	174190	174110	174155	6570	27249	1
2026.07.07	15:42:00	174155	174170	174105	174155	3481	14309	1
2026.07.07	15:43:00	174150	174230	174130	174220	4978	20929	1
2026.07.07	15:44:00	174225	174240	174185	174230	5040	21654	1
2026.07.07	15:45:00	174225	174255	174200	174235	4787	19595	1
2026.07.07	15:46:00	174230	174270	174225	174240	4605	18776	1
2026.07.07	15:47:00	174235	174330	174235	174285	8406	31446	1
2026.07.07	15:48:00	174285	174345	174265	174285	6481	25427	1
2026.07.07	15:49:00	174285	174300	174090	174210	18521	73958	1
2026.07.07	15:50:00	174210	174250	174160	174195	8045	33110	1
2026.07.07	15:51:00	174195	174205	174075	174190	12118	52240	1
2026.07.07	15:52:00	174185	174250	174180	174210	6697	26661	1
2026.07.07	15:53:00	174210	174245	174180	174200	3596	14713	1
2026.07.07	15:54:00	174200	174240	174100	174160	7424	28906	1
2026.07.07	15:55:00	174160	174190	174120	174140	4280	15779	1
2026.07.07	15:56:00	174140	174215	174135	174215	4397	17466	1
2026.07.07	15:57:00	174215	174240	174145	174170	5600	21562	1
2026.07.07	15:58:00	174170	174230	174165	174190	3435	14189	1
2026.07.07	15:59:00	174190	174195	174120	174145	4618	18737	1
2026.07.07	16:00:00	174145	174180	173995	174005	12831	50029	1
2026.07.07	16:01:00	174005	174065	173945	174055	11332	45864	1
2026.07.07	16:02:00	174050	174145	174040	174120	8426	33001	1
2026.07.07	16:03:00	174115	174145	174090	174105	3190	12218	1
2026.07.07	16:04:00	174105	174165	174095	174150	3435	12305	1
2026.07.07	16:05:00	174155	174175	174090	174140	5838	23728	1
2026.07.07	16:06:00	174135	174140	174085	174095	3806	15900	1
2026.07.07	16:07:00	174090	174110	174030	174070	6529	28695	1
2026.07.07	16:08:00	174065	174075	174000	174035	5406	22670	1
2026.07.07	16:09:00	174035	174055	174025	174055	2691	10785	1
2026.07.07	16:10:00	174050	174110	174020	174095	5905	22885	1
2026.07.07	16:11:00	174095	174110	174015	174065	5944	24950	1
2026.07.07	16:12:00	174070	174080	173970	174005	6164	23543	1
2026.07.07	16:13:00	174010	174080	173995	174030	5014	19655	1
2026.07.07	16:14:00	174035	174050	174010	174030	2463	10502	1
2026.07.07	16:15:00	174030	174050	173985	174035	4138	16715	1
2026.07.07	16:16:00	174035	174065	174025	174045	2573	10912	1
2026.07.07	16:17:00	174050	174120	174045	174090	5322	20008	1
2026.07.07	16:18:00	174095	174110	174000	174040	8138	35722	1
2026.07.07	16:19:00	174035	174155	174025	174100	7046	27095	1
2026.07.07	16:20:00	174105	174140	174015	174055	6744	28396	1
2026.07.07	16:21:00	174055	174100	174030	174075	3958	14840	1
2026.07.07	16:22:00	174075	174170	174070	174150	6619	24613	1
2026.07.07	16:23:00	174150	174185	174145	174155	5170	20333	1
2026.07.07	16:24:00	174155	174175	174095	174150	4521	16840	1
2026.07.07	16:25:00	174150	174190	174005	174050	9877	38514	1
2026.07.07	16:26:00	174050	174105	174045	174065	3852	15892	1
2026.07.07	16:27:00	174060	174130	174030	174115	4670	19315	1
2026.07.07	16:28:00	174120	174135	174085	174105	2347	9370	1
2026.07.07	16:29:00	174100	174110	174020	174035	4401	17953	1
2026.07.07	16:30:00	174035	174100	174025	174060	5669	24561	1
2026.07.07	16:31:00	174060	174080	173995	174000	4675	18615	1
2026.07.07	16:32:00	174005	174015	173935	173940	7748	30436	1
2026.07.07	16:33:00	173945	173995	173940	173970	3659	14528	1
2026.07.07	16:34:00	173970	173995	173940	173980	3105	13138	1
2026.07.07	16:35:00	173985	173990	173870	173920	9216	36906	1
2026.07.07	16:36:00	173920	173970	173915	173960	2894	10542	1
2026.07.07	16:37:00	173965	174010	173950	174010	3620	15049	1
2026.07.07	16:38:00	174010	174060	173985	174030	6186	23812	1
2026.07.07	16:39:00	174030	174035	173975	173995	3221	13742	1
2026.07.07	16:40:00	173995	174000	173945	173965	3612	15476	1
2026.07.07	16:41:00	173960	174000	173950	173990	2313	9060	1
2026.07.07	16:42:00	173990	173990	173910	173925	4116	15943	1
2026.07.07	16:43:00	173920	173955	173900	173925	4152	15238	1
2026.07.07	16:44:00	173925	173970	173920	173945	2897	12661	1
2026.07.07	16:45:00	173945	174030	173940	174025	4819	18588	1
2026.07.07	16:46:00	174025	174065	174010	174065	4568	18171	1
2026.07.07	16:47:00	174060	174130	174060	174095	6403	23547	1
2026.07.07	16:48:00	174095	174110	174050	174060	3448	12991	1
2026.07.07	16:49:00	174060	174105	174060	174085	2617	11289	1
2026.07.07	16:50:00	174090	174120	174035	174070	4941	18180	1
2026.07.07	16:51:00	174065	174075	174025	174055	3529	15248	1
2026.07.07	16:52:00	174060	174075	174025	174040	2646	11939	1
2026.07.07	16:53:00	174035	174040	173995	174010	2967	10780	1
2026.07.07	16:54:00	174010	174025	173975	173985	3274	12298	1
2026.07.07	16:55:00	173985	174035	173975	174025	4095	18053	1
2026.07.07	16:56:00	174025	174075	174000	174030	4692	19511	1
2026.07.07	16:57:00	174025	174060	174025	174045	2009	7894	1
2026.07.07	16:58:00	174045	174055	174005	174035	2092	7079	1
2026.07.07	16:59:00	174030	174050	173990	174035	3504	12643	1
2026.07.07	17:00:00	174035	174085	174005	174075	4929	20527	1
2026.07.07	17:01:00	174075	174145	174050	174125	6013	24769	1
2026.07.07	17:02:00	174125	174155	174120	174120	3306	14965	1
2026.07.07	17:03:00	174120	174160	174115	174130	2236	9153	1
2026.07.07	17:04:00	174130	174170	174115	174165	2887	11737	1
2026.07.07	17:05:00	174170	174195	174160	174165	3470	12777	1
2026.07.07	17:06:00	174165	174180	174140	174150	2526	11013	1
2026.07.07	17:07:00	174150	174160	174120	174135	2370	9414	1
2026.07.07	17:08:00	174135	174150	174125	174130	1009	2926	1
2026.07.07	17:09:00	174135	174155	174120	174135	1472	5702	1
2026.07.07	17:10:00	174135	174140	174090	174125	2954	9288	1
2026.07.07	17:11:00	174125	174130	174035	174050	3912	14806	1
2026.07.07	17:12:00	174055	174080	174040	174065	2568	9594	1
2026.07.07	17:13:00	174070	174095	174060	174095	1695	6261	1
2026.07.07	17:14:00	174090	174100	174025	174055	2941	15979	1
2026.07.07	17:15:00	174055	174075	174050	174070	1226	4628	1
2026.07.07	17:16:00	174070	174110	174060	174085	1934	6704	1
2026.07.07	17:17:00	174080	174095	174075	174085	936	3318	1
2026.07.07	17:18:00	174085	174095	174030	174060	2668	10543	1
2026.07.07	17:19:00	174060	174090	174055	174080	1132	4197	1
2026.07.07	17:20:00	174085	174090	174070	174080	897	3238	1
2026.07.07	17:21:00	174080	174085	174055	174070	1256	4970	1
2026.07.07	17:22:00	174070	174080	174065	174075	520	1834	1
2026.07.07	17:23:00	174075	174090	174050	174065	1535	6171	1
2026.07.07	17:24:00	174060	174085	174060	174075	662	2040	1
2026.07.07	17:25:00	174080	174100	174070	174070	1318	4416	1
2026.07.07	17:26:00	174075	174095	174070	174080	645	1927	1
2026.07.07	17:27:00	174075	174095	174060	174085	1068	3728	1
2026.07.07	17:28:00	174085	174090	174080	174085	614	2209	1
2026.07.07	17:29:00	174085	174105	174075	174075	1284	4910	1
2026.07.07	17:30:00	174080	174080	174060	174060	1250	4422	1
2026.07.07	17:31:00	174065	174070	174040	174040	1278	5743	1
2026.07.07	17:32:00	174040	174050	174015	174020	2144	8544	1
2026.07.07	17:33:00	174020	174030	174000	174005	2038	8552	1
2026.07.07	17:34:00	174010	174015	174000	174000	1004	3957	1
2026.07.07	17:35:00	174005	174005	173945	173975	3624	15465	1
2026.07.07	17:36:00	173975	173995	173965	173990	1379	6201	1
2026.07.07	17:37:00	173990	173990	173975	173980	660	2286	1
2026.07.07	17:38:00	173980	173990	173975	173990	622	1996	1
2026.07.07	17:39:00	173990	173995	173975	173985	652	2442	1
2026.07.07	17:40:00	173980	173985	173960	173965	1452	5324	1
2026.07.07	17:41:00	173965	173975	173960	173970	888	2475	1
2026.07.07	17:42:00	173970	173980	173965	173975	787	2029	1
2026.07.07	17:43:00	173965	173980	173965	173980	908	3076	1
2026.07.07	17:44:00	173975	173985	173970	173980	657	2088	1
2026.07.07	17:45:00	173975	173985	173965	173975	991	3130	1
2026.07.07	17:46:00	173970	173980	173965	173975	444	1207	1
2026.07.07	17:47:00	173970	173975	173960	173970	672	2440	1
2026.07.07	17:48:00	173965	173970	173955	173965	654	2611	1
2026.07.07	17:49:00	173960	173960	173925	173945	2083	7530	1
2026.07.07	17:50:00	173945	173975	173940	173950	1950	6303	1
2026.07.07	17:51:00	173945	173955	173940	173945	679	2161	1
2026.07.07	17:52:00	173945	173975	173945	173970	1065	3573	1
2026.07.07	17:53:00	173970	173970	173925	173955	1373	4526	1
2026.07.07	17:54:00	173950	173960	173940	173950	819	3194	1
2026.07.07	17:55:00	173945	173985	173935	173965	2001	6898	1
2026.07.07	17:56:00	173970	173995	173960	173980	1311	4492	1
2026.07.07	17:57:00	173980	173985	173960	173970	852	3257	1
2026.07.07	17:58:00	173970	173980	173945	173955	927	3309	1
2026.07.07	17:59:00	173955	173975	173940	173955	1222	4864	1
2026.07.07	18:00:00	173955	173965	173945	173960	774	1831	1
2026.07.07	18:01:00	173960	173960	173840	173850	5160	15074	1
2026.07.07	18:02:00	173850	173885	173825	173835	3169	9012	1
2026.07.07	18:03:00	173835	173850	173820	173835	2204	5913	1
2026.07.07	18:04:00	173840	173860	173830	173855	1527	3470	1
2026.07.07	18:05:00	173850	173860	173825	173830	1961	4957	1
2026.07.07	18:06:00	173840	173850	173820	173830	1396	3338	1
2026.07.07	18:07:00	173825	173835	173810	173830	1510	4053	1
2026.07.07	18:08:00	173825	173845	173820	173820	1063	2136	1
2026.07.07	18:09:00	173825	173840	173825	173830	588	1403	1
2026.07.07	18:10:00	173830	173845	173815	173830	1228	3164	1
2026.07.07	18:11:00	173835	173850	173825	173840	1576	3094	1
2026.07.07	18:12:00	173845	173855	173835	173850	1195	2751	1
2026.07.07	18:13:00	173845	173875	173845	173855	1751	5055	1
2026.07.07	18:14:00	173855	173860	173820	173840	2205	5422	1
2026.07.07	18:15:00	173840	173845	173720	173760	7591	19773	1
2026.07.07	18:16:00	173760	173765	173670	173715	2668	7250	1
2026.07.07	18:17:00	173720	173720	173635	173650	2431	6769	1
2026.07.07	18:18:00	173650	173660	173625	173655	1475	3460	1
2026.07.07	18:19:00	173650	173675	173610	173640	1718	5181	1
2026.07.07	18:20:00	173640	173655	173605	173655	1221	3571	1
2026.07.07	18:21:00	173655	173700	173650	173690	964	2240	1
2026.07.07	18:22:00	173690	173730	173645	173715	1269	2726	1
2026.07.07	18:23:00	173715	173715	173650	173655	1064	3027	1
2026.07.07	18:24:00	173670	173710	173600	173600	2205	21569	1
2026.07.08	09:00:00	172230	172435	172220	172400	3533	20382	1
2026.07.08	09:01:00	172390	172955	172065	172855	102653	197131	1
2026.07.08	09:02:00	172860	173610	172830	173290	74297	170390	1
2026.07.08	09:03:00	173290	173600	173280	173490	36551	86582	1
2026.07.08	09:04:00	173490	173670	173325	173650	38574	96612	1
2026.07.08	09:05:00	173655	173775	173620	173725	29071	78887	1
2026.07.08	09:06:00	173725	173800	173570	173705	26710	72681	1
2026.07.08	09:07:00	173705	173725	173475	173515	24091	61176	1
2026.07.08	09:08:00	173515	173525	173310	173330	27489	73886	1
2026.07.08	09:09:00	173330	173565	173240	173535	32667	88668	1
2026.07.08	09:10:00	173530	173600	173440	173565	20140	56639	1
2026.07.08	09:11:00	173570	173625	173520	173525	12226	34353	1
2026.07.08	09:12:00	173520	173725	173470	173645	25485	76870	1
2026.07.08	09:13:00	173645	173685	173540	173640	11848	33880	1
2026.07.08	09:14:00	173645	173650	173350	173360	22295	65221	1
2026.07.08	09:15:00	173355	173420	173275	173340	22338	62593	1
2026.07.08	09:16:00	173340	173455	173310	173450	14954	40810	1
2026.07.08	09:17:00	173450	173615	173415	173580	21032	62659	1
2026.07.08	09:18:00	173585	173620	173545	173575	8333	24460	1
2026.07.08	09:19:00	173580	173685	173545	173600	13791	41791	1
2026.07.08	09:20:00	173600	173650	173565	173585	9395	26809	1
2026.07.08	09:21:00	173590	173755	173540	173655	20041	55227	1
2026.07.08	09:22:00	173650	173670	173590	173615	8767	25623	1
2026.07.08	09:23:00	173615	173705	173580	173645	10040	29005	1
2026.07.08	09:24:00	173645	173685	173550	173575	10279	29690	1
2026.07.08	09:25:00	173580	173675	173535	173635	11763	35953	1
2026.07.08	09:26:00	173630	173695	173610	173635	7654	23452	1
2026.07.08	09:27:00	173630	173685	173605	173655	5292	16748	1
2026.07.08	09:28:00	173660	173695	173625	173640	5377	16773	1
2026.07.08	09:29:00	173640	173740	173615	173705	9515	30351	1
2026.07.08	09:30:00	173705	173885	173700	173760	31309	98017	1
2026.07.08	09:31:00	173755	173800	173670	173750	15802	49562	1
2026.07.08	09:32:00	173750	173760	173635	173650	12787	39014	1
2026.07.08	09:33:00	173650	173780	173650	173700	11430	33798	1
2026.07.08	09:34:00	173700	173710	173645	173690	5849	17857	1
2026.07.08	09:35:00	173685	173695	173640	173675	5209	15528	1
2026.07.08	09:36:00	173675	173750	173660	173720	8009	25407	1
2026.07.08	09:37:00	173720	173750	173565	173585	16765	49189	1
2026.07.08	09:38:00	173590	173680	173555	173630	11508	35237	1
2026.07.08	09:39:00	173625	173720	173600	173645	8544	28227	1
2026.07.08	09:40:00	173645	173705	173630	173635	5966	18110	1
2026.07.08	09:41:00	173630	173655	173550	173565	9378	26965	1
2026.07.08	09:42:00	173560	173620	173550	173600	6166	18506	1
2026.07.08	09:43:00	173595	173660	173595	173630	6823	22359	1
2026.07.08	09:44:00	173635	173645	173560	173585	5334	17294	1
2026.07.08	09:45:00	173585	173660	173570	173630	6915	21957	1
2026.07.08	09:46:00	173625	173635	173530	173545	9814	30535	1
2026.07.08	09:47:00	173545	173635	173505	173615	14092	44071	1
2026.07.08	09:48:00	173610	173655	173580	173640	9942	34172	1
2026.07.08	09:49:00	173640	173655	173555	173600	6718	21143	1
2026.07.08	09:50:00	173605	173655	173565	173590	5368	17069	1
2026.07.08	09:51:00	173590	173615	173545	173600	4702	16318	1
2026.07.08	09:52:00	173600	173705	173580	173645	12727	40965	1
2026.07.08	09:53:00	173645	173695	173605	173630	8227	28423	1
2026.07.08	09:54:00	173635	173680	173555	173570	8726	29827	1
2026.07.08	09:55:00	173565	173705	173550	173680	11188	36144	1
2026.07.08	09:56:00	173675	173780	173480	173535	33412	104535	1
2026.07.08	09:57:00	173540	173655	173530	173620	12623	43290	1
2026.07.08	09:58:00	173620	173650	173580	173585	4786	17891	1
2026.07.08	09:59:00	173585	173620	173550	173565	4582	16357	1
2026.07.08	10:00:00	173560	173800	173540	173620	29181	109914	1
2026.07.08	10:01:00	173615	173730	173560	173620	14876	50690	1
2026.07.08	10:02:00	173625	173675	173550	173575	12060	43811	1
2026.07.08	10:03:00	173575	173685	173570	173670	7263	26337	1
2026.07.08	10:04:00	173675	173790	173605	173625	17659	63817	1
2026.07.08	10:05:00	173625	173650	173430	173435	27668	93375	1
2026.07.08	10:06:00	173440	173485	173270	173410	33696	110371	1
2026.07.08	10:07:00	173410	173565	173400	173450	20497	67114	1
2026.07.08	10:08:00	173450	173530	173350	173470	21645	79764	1
2026.07.08	10:09:00	173470	173540	173390	173415	13266	50266	1
2026.07.08	10:10:00	173420	173425	173215	173300	29762	103460	1
2026.07.08	10:11:00	173295	173440	173255	173320	20105	65535	1
2026.07.08	10:12:00	173325	173370	173220	173305	16676	60837	1
2026.07.08	10:13:00	173305	173345	173040	173085	27175	99566	1
2026.07.08	10:14:00	173085	173120	172985	173045	25445	99807	1
2026.07.08	10:15:00	173050	173175	172890	172935	37268	122202	1
2026.07.08	10:16:00	172930	172955	172805	172865	26566	96036	1
2026.07.08	10:17:00	172865	172910	172630	172865	42052	158885	1
2026.07.08	10:18:00	172865	172900	172690	172735	18901	71277	1
2026.07.08	10:19:00	172735	172735	172435	172450	34014	131402	1
2026.07.08	10:20:00	172450	172520	172190	172250	41117	153181	1
2026.07.08	10:21:00	172255	172275	172005	172065	34469	133267	1
2026.07.08	10:22:00	172065	172315	172020	172290	27638	105592	1
2026.07.08	10:23:00	172290	172405	172255	172290	19919	72268	1
2026.07.08	10:24:00	172290	172665	172270	172635	31511	116004	1
2026.07.08	10:25:00	172640	172945	172610	172790	35827	138002	1
2026.07.08	10:26:00	172785	172980	172785	172905	20883	72036	1
2026.07.08	10:27:00	172900	172980	172755	172830	15322	51223	1
2026.07.08	10:28:00	172830	173335	172785	173325	33575	111827	1
2026.07.08	10:29:00	173320	173330	173135	173150	21669	75367	1
2026.07.08	10:30:00	173150	173375	173060	173310	30458	103975	1
2026.07.08	10:31:00	173310	173415	173165	173315	28679	96995	1
2026.07.08	10:32:00	173315	173490	173190	173285	26933	90439	1
2026.07.08	10:33:00	173285	173500	173240	173455	18955	68784	1
2026.07.08	10:34:00	173455	173485	173155	173255	21262	73189	1
2026.07.08	10:35:00	173255	173285	172830	172900	37738	125149	1
2026.07.08	10:36:00	172900	172965	172785	172840	20867	72001	1
2026.07.08	10:37:00	172840	172930	172775	172820	15276	53484	1
2026.07.08	10:38:00	172820	172900	172755	172770	17417	63911	1
2026.07.08	10:39:00	172765	173035	172765	172975	18430	65124	1
2026.07.08	10:40:00	172975	173010	172915	172975	13209	50285	1
2026.07.08	10:41:00	172975	173130	172885	173065	19771	69550	1
2026.07.08	10:42:00	173065	173150	172940	173000	18179	66092	1
2026.07.08	10:43:00	172995	173055	172910	173005	13212	47278	1
2026.07.08	10:44:00	173000	173240	172990	173040	20035	72381	1
2026.07.08	10:45:00	173040	173150	172985	173095	13517	48409	1
2026.07.08	10:46:00	173095	173280	173070	173110	20416	69268	1
2026.07.08	10:47:00	173110	173130	172900	172915	18080	61222	1
2026.07.08	10:48:00	172910	173020	172840	172855	17756	59882	1
2026.07.08	10:49:00	172855	172980	172835	172945	11940	41604	1
2026.07.08	10:50:00	172950	173070	172840	172945	17483	58737	1
2026.07.08	10:51:00	172950	173020	172815	172835	14642	49162	1
2026.07.08	10:52:00	172835	172890	172730	172820	17644	59028	1
2026.07.08	10:53:00	172815	172870	172700	172705	10706	36756	1
2026.07.08	10:54:00	172705	172805	172670	172750	14103	49859	1
2026.07.08	10:55:00	172750	172760	172610	172655	15918	58967	1
2026.07.08	10:56:00	172655	172785	172655	172735	13516	48979	1
2026.07.08	10:57:00	172730	172800	172660	172700	11976	44429	1
2026.07.08	10:58:00	172705	172780	172645	172770	8516	30905	1
2026.07.08	10:59:00	172765	172840	172700	172740	10650	36935	1
2026.07.08	11:00:00	172745	172810	172660	172720	12562	47819	1
2026.07.08	11:01:00	172720	172855	172665	172675	13758	48087	1
2026.07.08	11:02:00	172675	172690	172560	172660	15852	52970	1
2026.07.08	11:03:00	172660	172715	172595	172675	8773	31246	1
2026.07.08	11:04:00	172670	172765	172645	172705	8632	29052	1
2026.07.08	11:05:00	172700	172735	172580	172665	10335	35099	1
2026.07.08	11:06:00	172665	172760	172630	172670	9221	31384	1
2026.07.08	11:07:00	172675	172765	172610	172735	9242	32037	1
2026.07.08	11:08:00	172730	173040	172725	173025	24734	82560	1
2026.07.08	11:09:00	173020	173115	172960	173050	21627	79777	1
2026.07.08	11:10:00	173050	173055	172850	172945	18627	61375	1
2026.07.08	11:11:00	172945	173100	172940	173035	13061	43014	1
2026.07.08	11:12:00	173035	173040	172945	172980	9206	30302	1
2026.07.08	11:13:00	172980	173035	172925	172935	7805	24512	1
2026.07.08	11:14:00	172930	172950	172720	172780	18700	63138	1
2026.07.08	11:15:00	172780	172800	172645	172675	14287	46415	1
2026.07.08	11:16:00	172675	172695	172600	172635	12655	41751	1
2026.07.08	11:17:00	172640	172810	172630	172770	14823	49261	1
2026.07.08	11:18:00	172770	172925	172745	172785	14808	48810	1
2026.07.08	11:19:00	172780	172815	172705	172755	9270	30479	1
2026.07.08	11:20:00	172760	172800	172680	172745	9682	30662	1
2026.07.08	11:21:00	172745	173035	172735	173000	19329	64178	1
2026.07.08	11:22:00	173000	173025	172900	172985	9761	31852	1
2026.07.08	11:23:00	172980	173060	172945	172985	9669	33150	1
2026.07.08	11:24:00	172985	173015	172880	172920	9191	29843	1
2026.07.08	11:25:00	172920	173095	172915	173030	12251	41313	1
2026.07.08	11:26:00	173025	173055	172795	172825	16444	57770	1
2026.07.08	11:27:00	172825	172855	172645	172835	19861	69734	1
2026.07.08	11:28:00	172840	172905	172770	172795	10367	36653	1
2026.07.08	11:29:00	172790	172875	172740	172800	7715	25659	1
2026.07.08	11:30:00	172800	172875	172740	172740	7648	23588	1
2026.07.08	11:31:00	172745	172810	172710	172790	8063	28974	1
2026.07.08	11:32:00	172785	172815	172695	172710	10643	42448	1
2026.07.08	11:33:00	172705	172735	172630	172705	10873	38826	1
2026.07.08	11:34:00	172710	172840	172685	172750	11458	39493	1
2026.07.08	11:35:00	172755	172790	172560	172605	13984	48637	1
2026.07.08	11:36:00	172605	172625	172480	172495	15070	55951	1
2026.07.08	11:37:00	172500	172670	172440	172600	18842	65497	1
2026.07.08	11:38:00	172600	172620	172520	172560	8209	29645	1
2026.07.08	11:39:00	172555	172650	172515	172530	8850	28995	1
2026.07.08	11:40:00	172535	172585	172375	172440	15962	53542	1
2026.07.08	11:41:00	172440	172480	172410	172445	7708	28587	1
2026.07.08	11:42:00	172445	172490	172420	172440	5879	18857	1
2026.07.08	11:43:00	172440	172485	172420	172470	5106	19018	1
2026.07.08	11:44:00	172470	172540	172440	172455	8853	30565	1
2026.07.08	11:45:00	172450	172465	172335	172365	12875	42512	1
2026.07.08	11:46:00	172365	172440	172320	172425	9664	34507	1
2026.07.08	11:47:00	172425	172485	172390	172445	7962	27457	1
2026.07.08	11:48:00	172440	172450	172255	172300	15162	61466	1
2026.07.08	11:49:00	172300	172345	172260	172260	7910	29094	1
2026.07.08	11:50:00	172260	172295	172175	172235	15486	57053	1
2026.07.08	11:51:00	172235	172310	172190	172260	9857	38754	1
2026.07.08	11:52:00	172260	172300	172195	172275	8182	31578	1
2026.07.08	11:53:00	172270	172300	172180	172185	9056	33006	1
2026.07.08	11:54:00	172190	172220	172135	172170	10644	37259	1
2026.07.08	11:55:00	172170	172395	172135	172295	19024	69138	1
2026.07.08	11:56:00	172300	172345	172255	172255	8312	32773	1
2026.07.08	11:57:00	172255	172315	172175	172275	11968	44821	1
2026.07.08	11:58:00	172275	172310	172175	172220	8119	31822	1
2026.07.08	11:59:00	172220	172260	172200	172235	4711	17208	1
2026.07.08	12:00:00	172230	172255	172080	172145	14311	50614	1
2026.07.08	12:01:00	172140	172165	172075	172130	6935	25188	1
2026.07.08	12:02:00	172130	172175	172100	172155	5370	17897	1
2026.07.08	12:03:00	172155	172230	172120	172210	9126	30998	1
2026.07.08	12:04:00	172210	172235	172165	172180	5598	19484	1
2026.07.08	12:05:00	172180	172370	172135	172365	15268	50839	1
2026.07.08	12:06:00	172360	172390	172320	172340	7486	30296	1
2026.07.08	12:07:00	172345	172565	172340	172535	16455	54722	1
2026.07.08	12:08:00	172535	172590	172515	172550	8426	32856	1
2026.07.08	12:09:00	172550	172600	172475	172490	8203	29060	1
2026.07.08	12:10:00	172490	172580	172475	172560	5503	19396	1
2026.07.08	12:11:00	172560	172585	172495	172510	5945	21575	1
2026.07.08	12:12:00	172510	172525	172410	172500	10588	38336	1
2026.07.08	12:13:00	172500	172520	172450	172470	3525	12694	1
2026.07.08	12:14:00	172470	172490	172395	172410	6797	24716	1
2026.07.08	12:15:00	172410	172535	172325	172370	15177	53170	1
2026.07.08	12:16:00	172370	172420	172345	172390	6543	26129	1
2026.07.08	12:17:00	172390	172400	172300	172345	9577	35875	1
2026.07.08	12:18:00	172345	172400	172310	172350	6833	25953	1
2026.07.08	12:19:00	172350	172410	172315	172355	5844	19725	1
2026.07.08	12:20:00	172355	172460	172315	172430	8531	28815	1
2026.07.08	12:21:00	172430	172465	172350	172375	6641	24033	1
2026.07.08	12:22:00	172375	172395	172330	172335	3482	11948	1
2026.07.08	12:23:00	172330	172415	172305	172375	6377	20384	1
2026.07.08	12:24:00	172380	172400	172325	172360	3723	11919	1
2026.07.08	12:25:00	172360	172370	172300	172360	4145	14058	1
2026.07.08	12:26:00	172360	172375	172280	172335	4868	14875	1
2026.07.08	12:27:00	172335	172345	172280	172290	3838	13071	1
2026.07.08	12:28:00	172290	172335	172275	172300	3530	12096	1
2026.07.08	12:29:00	172305	172345	172295	172315	2426	7433	1
2026.07.08	12:30:00	172310	172365	172295	172325	5260	18067	1
2026.07.08	12:31:00	172325	172350	172290	172345	3393	11357	1
2026.07.08	12:32:00	172345	172415	172325	172385	6927	21569	1
2026.07.08	12:33:00	172385	172515	172385	172470	9865	33262	1
2026.07.08	12:34:00	172470	172490	172430	172455	4614	16313	1
2026.07.08	12:35:00	172455	172565	172425	172550	9255	32226	1
2026.07.08	12:36:00	172555	172670	172530	172665	11901	40400	1
2026.07.08	12:37:00	172670	172675	172585	172590	6183	22996	1
2026.07.08	12:38:00	172590	172615	172565	172570	5067	17513	1
2026.07.08	12:39:00	172570	172600	172475	172495	9111	31431	1
2026.07.08	12:40:00	172495	172575	172490	172555	5527	19895	1
2026.07.08	12:41:00	172560	172580	172520	172535	3508	12235	1
2026.07.08	12:42:00	172535	172580	172510	172515	3956	13772	1
2026.07.08	12:43:00	172510	172620	172505	172560	7208	25751	1
2026.07.08	12:44:00	172560	172595	172535	172570	2701	10146	1
2026.07.08	12:45:00	172570	172575	172520	172560	3336	11595	1
2026.07.08	12:46:00	172555	172595	172445	172460	9459	30660	1
2026.07.08	12:47:00	172455	172475	172375	172400	8872	29482	1
2026.07.08	12:48:00	172400	172405	172325	172350	7637	28674	1
2026.07.08	12:49:00	172345	172405	172315	172380	5995	20153	1
2026.07.08	12:50:00	172375	172400	172330	172390	4548	16812	1
2026.07.08	12:51:00	172395	172400	172300	172340	6687	28047	1
2026.07.08	12:52:00	172340	172355	172300	172325	3762	13324	1
2026.07.08	12:53:00	172320	172395	172300	172390	4756	16381	1
2026.07.08	12:54:00	172395	172420	172340	172365	4955	16990	1
2026.07.08	12:55:00	172365	172395	172320	172325	4529	17350	1
2026.07.08	12:56:00	172325	172355	172305	172345	3330	12937	1
2026.07.08	12:57:00	172345	172385	172330	172360	2517	8053	1
2026.07.08	12:58:00	172360	172360	172325	172335	1989	6299	1
2026.07.08	12:59:00	172335	172365	172245	172260	8315	28375	1
2026.07.08	13:00:00	172255	172335	172255	172315	5395	19037	1
2026.07.08	13:01:00	172320	172340	172250	172260	4109	14782	1
2026.07.08	13:02:00	172255	172285	172210	172265	7629	29440	1
2026.07.08	13:03:00	172265	172330	172250	172305	4494	14753	1
2026.07.08	13:04:00	172300	172320	172285	172300	2105	7805	1
2026.07.08	13:05:00	172300	172325	172275	172280	2777	9776	1
2026.07.08	13:06:00	172280	172325	172270	172310	2660	9733	1
2026.07.08	13:07:00	172310	172315	172250	172260	2791	11355	1
2026.07.08	13:08:00	172265	172290	172235	172265	3303	11972	1
2026.07.08	13:09:00	172260	172285	172250	172275	1843	5932	1
2026.07.08	13:10:00	172270	172300	172245	172285	3091	11120	1
2026.07.08	13:11:00	172280	172320	172235	172275	4639	16791	1
2026.07.08	13:12:00	172280	172285	172240	172270	2004	7222	1
2026.07.08	13:13:00	172270	172300	172255	172295	2480	8787	1
2026.07.08	13:14:00	172295	172310	172270	172275	2153	8712	1
2026.07.08	13:15:00	172280	172305	172260	172280	2251	8919	1
2026.07.08	13:16:00	172280	172315	172250	172315	2807	10637	1
2026.07.08	13:17:00	172310	172380	172300	172355	8031	26798	1
2026.07.08	13:18:00	172360	172370	172280	172300	5259	20509	1
2026.07.08	13:19:00	172300	172315	172255	172305	3611	12288	1
2026.07.08	13:20:00	172305	172360	172300	172330	3771	13127	1
2026.07.08	13:21:00	172335	172375	172315	172350	3061	11237	1
2026.07.08	13:22:00	172350	172390	172305	172335	6674	26490	1
2026.07.08	13:23:00	172340	172355	172325	172340	1591	5817	1
2026.07.08	13:24:00	172340	172345	172235	172260	6743	22985	1
2026.07.08	13:25:00	172260	172280	172245	172270	3019	10707	1
2026.07.08	13:26:00	172270	172285	172255	172255	1824	6448	1
2026.07.08	13:27:00	172260	172380	172255	172340	7994	28700	1
2026.07.08	13:28:00	172340	172340	172285	172330	3401	12502	1
2026.07.08	13:29:00	172330	172335	172275	172280	2755	10338	1
2026.07.08	13:30:00	172285	172350	172265	172330	4354	15939	1
2026.07.08	13:31:00	172335	172385	172315	172330	5405	23660	1
2026.07.08	13:32:00	172325	172330	172270	172290	4134	17037	1
2026.07.08	13:33:00	172290	172320	172280	172315	1916	6737	1
2026.07.08	13:34:00	172310	172315	172170	172195	11434	40530	1
2026.07.08	13:35:00	172200	172315	172195	172215	11855	46353	1
2026.07.08	13:36:00	172215	172240	172190	172225	4365	16496	1
2026.07.08	13:37:00	172230	172245	172215	172225	1761	6301	1
2026.07.08	13:38:00	172220	172245	172205	172240	1679	6092	1
2026.07.08	13:39:00	172240	172375	172220	172345	11153	42510	1
2026.07.08	13:40:00	172350	172625	172290	172545	25346	89034	1
2026.07.08	13:41:00	172550	172585	172450	172480	9037	29548	1
2026.07.08	13:42:00	172480	172535	172470	172525	4519	16589	1
2026.07.08	13:43:00	172525	172560	172480	172520	4513	15766	1
2026.07.08	13:44:00	172520	172585	172500	172530	4891	16736	1
2026.07.08	13:45:00	172530	172675	172525	172610	12610	52260	1
2026.07.08	13:46:00	172610	172695	172595	172680	6974	25463	1
2026.07.08	13:47:00	172675	172725	172640	172690	7635	27904	1
2026.07.08	13:48:00	172690	172725	172670	172710	3658	13856	1
2026.07.08	13:49:00	172705	172785	172680	172780	8152	28911	1
2026.07.08	13:50:00	172775	172910	172760	172870	14921	56047	1
2026.07.08	13:51:00	172875	172925	172850	172920	6840	24435	1
2026.07.08	13:52:00	172920	172970	172880	172895	8628	30285	1
2026.07.08	13:53:00	172895	172910	172795	172855	10288	39447	1
2026.07.08	13:54:00	172855	172890	172810	172815	4115	14250	1
2026.07.08	13:55:00	172820	172880	172815	172870	4541	15181	1
2026.07.08	13:56:00	172865	172895	172790	172845	6296	20345	1
2026.07.08	13:57:00	172845	172865	172805	172835	2871	9865	1
2026.07.08	13:58:00	172835	172840	172755	172800	7632	25630	1
2026.07.08	13:59:00	172800	172825	172785	172790	2003	7356	1
2026.07.08	14:00:00	172790	172800	172670	172695	12486	43571	1
2026.07.08	14:01:00	172695	172695	172595	172655	10296	39373	1
2026.07.08	14:02:00	172650	172700	172630	172635	5326	20110	1
2026.07.08	14:03:00	172640	172655	172585	172635	6688	25345	1
2026.07.08	14:04:00	172630	172660	172605	172620	3065	9923	1
2026.07.08	14:05:00	172620	172645	172600	172615	2711	9325	1
2026.07.08	14:06:00	172615	172660	172610	172645	3257	11072	1
2026.07.08	14:07:00	172640	172655	172585	172600	3948	13547	1
2026.07.08	14:08:00	172595	172645	172580	172610	3813	14833	1
2026.07.08	14:09:00	172605	172610	172510	172550	9287	36457	1
2026.07.08	14:10:00	172545	172555	172500	172510	5293	20940	1
2026.07.08	14:11:00	172515	172575	172480	172565	6469	24346	1
2026.07.08	14:12:00	172565	172595	172555	172575	3998	13993	1
2026.07.08	14:13:00	172580	172655	172575	172640	7088	23661	1
2026.07.08	14:14:00	172640	172700	172620	172665	7083	25944	1
2026.07.08	14:15:00	172665	172715	172660	172695	4062	12928	1
2026.07.08	14:16:00	172690	172720	172680	172700	3024	11136	1
2026.07.08	14:17:00	172700	172760	172690	172730	5981	23243	1
2026.07.08	14:18:00	172730	172740	172685	172690	3235	11866	1
2026.07.08	14:19:00	172690	172735	172680	172725	3513	11904	1
2026.07.08	14:20:00	172720	172775	172720	172760	5514	19112	1
2026.07.08	14:21:00	172760	172820	172740	172815	6652	23864	1
2026.07.08	14:22:00	172810	172885	172800	172845	9211	34577	1
2026.07.08	14:23:00	172845	172850	172770	172795	5774	20428	1
2026.07.08	14:24:00	172800	172810	172775	172795	2428	9035	1
2026.07.08	14:25:00	172795	172835	172770	172780	3952	13287	1
2026.07.08	14:26:00	172775	172780	172690	172740	8547	31441	1
2026.07.08	14:27:00	172740	172745	172710	172715	2558	10478	1
2026.07.08	14:28:00	172720	172725	172690	172695	3164	13101	1
2026.07.08	14:29:00	172695	172700	172665	172670	4558	17816	1
2026.07.08	14:30:00	172675	172685	172590	172640	9351	35108	1
2026.07.08	14:31:00	172635	172650	172610	172615	2985	12320	1
2026.07.08	14:32:00	172615	172720	172605	172690	7578	28846	1
2026.07.08	14:33:00	172685	172730	172635	172655	5224	19808	1
2026.07.08	14:34:00	172650	172695	172640	172685	3352	14643	1
2026.07.08	14:35:00	172680	172685	172655	172665	1689	6233	1
2026.07.08	14:36:00	172665	172675	172590	172625	5659	21790	1
2026.07.08	14:37:00	172625	172650	172600	172645	2676	10402	1
2026.07.08	14:38:00	172645	172665	172625	172650	2955	11750	1
2026.07.08	14:39:00	172650	172650	172605	172615	2662	10660	1
2026.07.08	14:40:00	172615	172620	172580	172605	4338	16575	1
2026.07.08	14:41:00	172610	172640	172590	172600	3414	13222	1
2026.07.08	14:42:00	172600	172610	172565	172605	4169	15579	1
2026.07.08	14:43:00	172610	172620	172565	172620	2464	8921	1
2026.07.08	14:44:00	172625	172645	172605	172630	3442	12119	1
2026.07.08	14:45:00	172630	172665	172610	172655	3089	10421	1
2026.07.08	14:46:00	172660	172665	172580	172625	4312	13873	1
2026.07.08	14:47:00	172620	172635	172555	172570	3505	12397	1
2026.07.08	14:48:00	172570	172580	172515	172545	5852	21550	1
2026.07.08	14:49:00	172545	172560	172505	172520	3675	13779	1
2026.07.08	14:50:00	172525	172620	172515	172600	6504	23642	1
2026.07.08	14:51:00	172600	172630	172575	172590	3587	12076	1
2026.07.08	14:52:00	172590	172685	172585	172660	6770	23313	1
2026.07.08	14:53:00	172660	172685	172620	172640	4127	15751	1
2026.07.08	14:54:00	172645	172645	172575	172600	3467	11956	1
2026.07.08	14:55:00	172600	172615	172535	172575	4756	18202	1
2026.07.08	14:56:00	172580	172590	172505	172535	4679	19258	1
2026.07.08	14:57:00	172530	172585	172520	172580	3212	12717	1
2026.07.08	14:58:00	172580	172595	172555	172565	2692	10025	1
2026.07.08	14:59:00	172560	172615	172555	172605	2422	10181	1
2026.07.08	15:00:00	172605	172735	172595	172685	9932	36755	1
2026.07.08	15:01:00	172685	172755	172655	172750	6676	25327	1
2026.07.08	15:02:00	172750	172795	172680	172695	8665	31757	1
2026.07.08	15:03:00	172700	172745	172695	172725	2931	11277	1
2026.07.08	15:04:00	172725	172755	172705	172745	2741	10245	1
2026.07.08	15:05:00	172745	172810	172740	172795	6459	22292	1
2026.07.08	15:06:00	172795	172830	172760	172795	5323	18653	1
2026.07.08	15:07:00	172795	172840	172760	172825	4907	17128	1
2026.07.08	15:08:00	172820	172940	172820	172925	11971	42990	1
2026.07.08	15:09:00	172925	172935	172855	172895	4998	17813	1
2026.07.08	15:10:00	172890	172955	172865	172935	7304	28221	1
2026.07.08	15:11:00	172935	172950	172905	172930	4007	14312	1
2026.07.08	15:12:00	172930	172950	172880	172900	4927	17895	1
2026.07.08	15:13:00	172900	172920	172860	172875	4218	15138	1
2026.07.08	15:14:00	172880	172910	172860	172870	3305	13415	1
2026.07.08	15:15:00	172865	172925	172835	172920	6232	21034	1
2026.07.08	15:16:00	172920	172925	172850	172900	3563	12325	1
2026.07.08	15:17:00	172900	172925	172865	172880	3304	11851	1
2026.07.08	15:18:00	172880	172920	172870	172890	2886	11365	1
2026.07.08	15:19:00	172885	172920	172875	172895	2281	7384	1
2026.07.08	15:20:00	172890	172895	172845	172855	3577	12685	1
2026.07.08	15:21:00	172860	172920	172810	172855	6343	22045	1
2026.07.08	15:22:00	172860	172900	172855	172880	3099	12289	1
2026.07.08	15:23:00	172880	172895	172850	172855	1798	6183	1
2026.07.08	15:24:00	172855	172865	172790	172800	5750	21014	1
2026.07.08	15:25:00	172800	172805	172735	172760	7416	25704	1
2026.07.08	15:26:00	172755	172835	172750	172770	6140	23021	1
2026.07.08	15:27:00	172775	172805	172755	172790	2515	9287	1
2026.07.08	15:28:00	172795	172825	172780	172800	3232	13846	1
2026.07.08	15:29:00	172800	172830	172770	172825	2135	7394	1
2026.07.08	15:30:00	172830	172895	172810	172890	7410	25788	1
2026.07.08	15:31:00	172890	172935	172860	172905	5624	21559	1
2026.07.08	15:32:00	172910	172935	172850	172855	5318	18742	1
2026.07.08	15:33:00	172855	172870	172790	172805	6191	21003	1
2026.07.08	15:34:00	172810	172825	172780	172805	3391	13133	1
2026.07.08	15:35:00	172805	172815	172715	172740	7952	29967	1
2026.07.08	15:36:00	172740	172795	172725	172785	5324	23178	1
2026.07.08	15:37:00	172780	172810	172765	172765	2346	7569	1
2026.07.08	15:38:00	172770	172800	172760	172770	1856	6618	1
2026.07.08	15:39:00	172775	172790	172745	172755	2401	9119	1
2026.07.08	15:40:00	172760	172765	172700	172730	6132	22762	1
2026.07.08	15:41:00	172730	172745	172700	172730	2527	8927	1
2026.07.08	15:42:00	172730	172780	172700	172720	5174	18078	1
2026.07.08	15:43:00	172720	172790	172715	172770	3670	12897	1
2026.07.08	15:44:00	172770	172820	172760	172800	3580	11992	1
2026.07.08	15:45:00	172800	172860	172785	172855	5499	18338	1
2026.07.08	15:46:00	172855	172875	172830	172865	4111	14609	1
2026.07.08	15:47:00	172865	172915	172860	172875	5710	19985	1
2026.07.08	15:48:00	172875	172900	172860	172895	2492	9606	1
2026.07.08	15:49:00	172900	172935	172890	172925	4679	18022	1
2026.07.08	15:50:00	172930	172950	172905	172940	3522	12311	1
2026.07.08	15:51:00	172940	172985	172920	172970	6748	25652	1
2026.07.08	15:52:00	172965	173000	172890	172905	8125	28366	1
2026.07.08	15:53:00	172905	172910	172845	172845	5263	18394	1
2026.07.08	15:54:00	172850	172880	172825	172835	4543	14972	1
2026.07.08	15:55:00	172835	172845	172800	172805	3811	13788	1
2026.07.08	15:56:00	172800	172810	172750	172790	6989	27133	1
2026.07.08	15:57:00	172790	172805	172775	172790	1905	6627	1
2026.07.08	15:58:00	172790	172790	172765	172775	1692	6264	1
2026.07.08	15:59:00	172770	172825	172765	172810	3133	11365	1
2026.07.08	16:00:00	172810	172900	172790	172865	8197	29209	1
2026.07.08	16:01:00	172865	172895	172835	172850	3684	15602	1
2026.07.08	16:02:00	172845	172870	172830	172860	2016	7216	1
2026.07.08	16:03:00	172855	172865	172820	172835	2126	7185	1
2026.07.08	16:04:00	172835	172850	172820	172825	1570	6515	1
2026.07.08	16:05:00	172820	172845	172795	172830	3557	12428	1
2026.07.08	16:06:00	172825	172890	172820	172885	3156	11188	1
2026.07.08	16:07:00	172885	172935	172885	172925	5166	20088	1
2026.07.08	16:08:00	172925	172955	172910	172930	3245	11510	1
2026.07.08	16:09:00	172935	172970	172930	172960	3001	12083	1
2026.07.08	16:10:00	172955	172970	172910	172940	4213	14876	1
2026.07.08	16:11:00	172935	172940	172890	172910	3061	10104	1
2026.07.08	16:12:00	172905	172930	172890	172915	2153	8213	1
2026.07.08	16:13:00	172915	172925	172850	172860	4513	16854	1
2026.07.08	16:14:00	172860	172880	172855	172875	1833	7378	1
2026.07.08	16:15:00	172870	172930	172870	172890	3729	12880	1
2026.07.08	16:16:00	172890	172950	172890	172935	3320	11341	1
2026.07.08	16:17:00	172935	172955	172920	172945	1921	7539	1
2026.07.08	16:18:00	172950	172985	172930	172950	4538	17999	1
2026.07.08	16:19:00	172945	172955	172895	172915	3293	11706	1
2026.07.08	16:20:00	172915	172920	172870	172900	2860	9925	1
2026.07.08	16:21:00	172900	172910	172875	172895	1873	6765	1
2026.07.08	16:22:00	172895	172910	172875	172885	1277	4122	1
2026.07.08	16:23:00	172885	172890	172860	172880	2080	6578	1
2026.07.08	16:24:00	172875	172885	172830	172855	3318	12271	1
2026.07.08	16:25:00	172855	172885	172850	172850	2376	8282	1
2026.07.08	16:26:00	172855	172865	172815	172830	4013	12826	1
2026.07.08	16:27:00	172830	172880	172815	172845	3393	12938	1
2026.07.08	16:28:00	172845	172890	172845	172870	2322	7984	1
2026.07.08	16:29:00	172870	172935	172865	172920	4270	14039	1
2026.07.08	16:30:00	172920	172950	172910	172930	3634	12687	1
2026.07.08	16:31:00	172930	172975	172915	172975	3884	12293	1
2026.07.08	16:32:00	172980	172980	172940	172980	2840	9967	1
2026.07.08	16:33:00	172975	173050	172965	173010	8668	30372	1
2026.07.08	16:34:00	173005	173030	172955	172980	5148	19782	1
2026.07.08	16:35:00	172975	172995	172960	172985	2444	9639	1
2026.07.08	16:36:00	172985	173035	172980	173030	3433	12496	1
2026.07.08	16:37:00	173035	173070	173025	173030	5456	18881	1
2026.07.08	16:38:00	173030	173035	173005	173015	2864	9489	1
2026.07.08	16:39:00	173015	173030	173015	173015	1188	4801	1
2026.07.08	16:40:00	173020	173035	172985	172990	2940	10036	1
2026.07.08	16:41:00	172990	173030	172960	173030	4766	18476	1
2026.07.08	16:42:00	173030	173045	173005	173040	2871	11189	1
2026.07.08	16:43:00	173040	173060	173025	173030	2659	10488	1
2026.07.08	16:44:00	173030	173060	173010	173040	2581	9903	1
2026.07.08	16:45:00	173035	173040	172960	172985	5649	20673	1
2026.07.08	16:46:00	172985	173025	172970	172970	3212	10947	1
2026.07.08	16:47:00	172970	172975	172850	172890	10574	38145	1
2026.07.08	16:48:00	172890	172895	172795	172870	8757	36009	1
2026.07.08	16:49:00	172865	172890	172845	172880	3355	13552	1
2026.07.08	16:50:00	172875	172915	172850	172900	5915	21374	1
2026.07.08	16:51:00	172900	172910	172870	172885	3102	11839	1
2026.07.08	16:52:00	172890	172910	172875	172900	2310	8098	1
2026.07.08	16:53:00	172900	172915	172880	172900	2065	7513	1
2026.07.08	16:54:00	172905	172945	172885	172900	5234	20428	1
2026.07.08	16:55:00	172905	172950	172870	172940	5068	21343	1
2026.07.08	16:56:00	172940	172940	172905	172925	1693	6816	1
2026.07.08	16:57:00	172925	172960	172915	172935	3100	11095	1
2026.07.08	16:58:00	172940	172955	172920	172940	1727	6742	1
2026.07.08	16:59:00	172940	172950	172860	172865	5397	21345	1
2026.07.08	17:00:00	172865	172875	172730	172740	11263	40644	1
2026.07.08	17:01:00	172735	172750	172700	172710	4900	17058	1
2026.07.08	17:02:00	172705	172715	172645	172675	6772	25016	1
2026.07.08	17:03:00	172675	172705	172640	172685	4139	18021	1
2026.07.08	17:04:00	172690	172740	172680	172730	3898	13906	1
2026.07.08	17:05:00	172730	172775	172700	172740	4624	18528	1
2026.07.08	17:06:00	172740	172750	172680	172680	3400	14015	1
2026.07.08	17:07:00	172685	172700	172660	172685	2646	8783	1
2026.07.08	17:08:00	172680	172740	172675	172725	3017	11434	1
2026.07.08	17:09:00	172730	172755	172705	172750	2020	7360	1
2026.07.08	17:10:00	172750	172750	172690	172715	2258	8461	1
2026.07.08	17:11:00	172715	172715	172675	172695	3193	12307	1
2026.07.08	17:12:00	172700	172710	172675	172695	1959	7464	1
2026.07.08	17:13:00	172690	172730	172675	172700	2394	8535	1
2026.07.08	17:14:00	172705	172755	172700	172725	2413	9723	1
2026.07.08	17:15:00	172725	172735	172675	172680	2090	7642	1
2026.07.08	17:16:00	172680	172685	172570	172590	7712	27225	1
2026.07.08	17:17:00	172595	172605	172580	172595	1851	7195	1
2026.07.08	17:18:00	172590	172595	172555	172585	2747	11608	1
2026.07.08	17:19:00	172580	172615	172580	172610	1989	7170	1
2026.07.08	17:20:00	172610	172615	172580	172585	1504	5145	1
2026.07.08	17:21:00	172590	172605	172570	172595	1591	6197	1
2026.07.08	17:22:00	172595	172605	172570	172585	1294	4919	1
2026.07.08	17:23:00	172585	172585	172565	172575	1176	3757	1
2026.07.08	17:24:00	172575	172590	172540	172545	1821	6670	1
2026.07.08	17:25:00	172550	172550	172490	172530	5945	24743	1
2026.07.08	17:26:00	172525	172540	172505	172525	1560	5105	1
2026.07.08	17:27:00	172530	172535	172515	172530	882	2783	1
2026.07.08	17:28:00	172530	172535	172480	172515	2752	9631	1
2026.07.08	17:29:00	172515	172520	172485	172505	1250	4779	1
2026.07.08	17:30:00	172500	172525	172495	172515	1675	5902	1
2026.07.08	17:31:00	172510	172520	172480	172490	1960	7377	1
2026.07.08	17:32:00	172490	172550	172465	172540	4742	16376	1
2026.07.08	17:33:00	172540	172545	172495	172510	2112	7884	1
2026.07.08	17:34:00	172515	172530	172485	172500	1577	6094	1
2026.07.08	17:35:00	172505	172515	172480	172505	1420	5307	1
2026.07.08	17:36:00	172510	172510	172430	172470	4722	16488	1
2026.07.08	17:37:00	172465	172480	172450	172480	1517	5469	1
2026.07.08	17:38:00	172480	172480	172445	172465	1301	4085	1
2026.07.08	17:39:00	172460	172480	172455	172465	956	3243	1
2026.07.08	17:40:00	172465	172590	172465	172525	6704	21896	1
2026.07.08	17:41:00	172530	172545	172515	172530	1495	5580	1
2026.07.08	17:42:00	172535	172535	172510	172520	1569	4414	1
2026.07.08	17:43:00	172520	172525	172505	172520	715	2297	1
2026.07.08	17:44:00	172520	172525	172485	172490	1733	5193	1
2026.07.08	17:45:00	172490	172515	172485	172515	1318	4992	1
2026.07.08	17:46:00	172515	172530	172495	172520	1505	4665	1
2026.07.08	17:47:00	172520	172520	172505	172515	728	2513	1
2026.07.08	17:48:00	172515	172515	172500	172510	663	2142	1
2026.07.08	17:49:00	172510	172510	172485	172500	1371	4993	1
2026.07.08	17:50:00	172505	172520	172490	172505	982	2760	1
2026.07.08	17:51:00	172510	172550	172505	172525	1991	6620	1
2026.07.08	17:52:00	172530	172540	172505	172505	830	2421	1
2026.07.08	17:53:00	172505	172520	172500	172510	846	2418	1
2026.07.08	17:54:00	172515	172515	172495	172505	689	2192	1
2026.07.08	17:55:00	172510	172550	172500	172520	1619	5325	1
2026.07.08	17:56:00	172520	172545	172510	172520	1195	3625	1
2026.07.08	17:57:00	172525	172540	172515	172525	757	1965	1
2026.07.08	17:58:00	172530	172580	172525	172525	2690	8612	1
2026.07.08	17:59:00	172530	172555	172520	172545	1238	4090	1
2026.07.08	18:00:00	172545	172565	172495	172530	3080	8213	1
2026.07.08	18:01:00	172535	172570	172525	172555	1428	3562	1
2026.07.08	18:02:00	172560	172565	172535	172555	975	2328	1
2026.07.08	18:03:00	172555	172555	172530	172530	667	1676	1
2026.07.08	18:04:00	172535	172545	172525	172535	684	1497	1
2026.07.08	18:05:00	172540	172570	172520	172560	1842	5399	1
2026.07.08	18:06:00	172560	172600	172550	172585	2960	8515	1
2026.07.08	18:07:00	172585	172595	172570	172595	1090	2236	1
2026.07.08	18:08:00	172590	172595	172550	172570	1638	3655	1
2026.07.08	18:09:00	172575	172575	172555	172560	688	1499	1
2026.07.08	18:10:00	172560	172575	172540	172570	1570	3332	1
2026.07.08	18:11:00	172565	172650	172555	172625	4340	12190	1
2026.07.08	18:12:00	172620	172640	172590	172630	3180	6679	1
2026.07.08	18:13:00	172625	172630	172600	172615	1583	3382	1
2026.07.08	18:14:00	172615	172630	172590	172620	1812	4882	1
2026.07.08	18:15:00	172620	172640	172590	172625	4051	8941	1
2026.07.08	18:16:00	172625	172685	172620	172670	3211	10361	1
2026.07.08	18:17:00	172675	172700	172645	172680	1493	4976	1
2026.07.08	18:18:00	172680	172700	172645	172695	1285	3993	1
2026.07.08	18:19:00	172695	172715	172660	172695	1459	5334	1
2026.07.08	18:20:00	172700	172710	172665	172665	1073	3466	1
2026.07.08	18:21:00	172670	172710	172665	172710	513	1551	1
2026.07.08	18:22:00	172700	172705	172665	172665	936	2575	1
2026.07.08	18:23:00	172665	172690	172650	172685	608	2114	1
2026.07.08	18:24:00	172685	172720	172660	172665	1954	6914	1
2026.07.09	09:00:00	173025	173295	173025	173270	7159	56011	1
2026.07.09	09:01:00	173260	173295	172460	172980	76723	193081	1
2026.07.09	09:02:00	172980	173100	172825	172905	33172	86329	1
2026.07.09	09:03:00	172905	173110	172890	173000	22811	60993	1
2026.07.09	09:04:00	173000	173150	172910	173030	28300	78556	1
2026.07.09	09:05:00	173035	173225	172925	173175	25278	75504	1
2026.07.09	09:06:00	173170	173410	173165	173220	36263	115603	1
2026.07.09	09:07:00	173225	173505	173200	173455	26361	90005	1
2026.07.09	09:08:00	173455	173770	173430	173670	33869	110755	1
2026.07.09	09:09:00	173665	173700	173485	173505	20291	68108	1
2026.07.09	09:10:00	173505	173550	173250	173255	27017	90974	1
2026.07.09	09:11:00	173255	173290	173120	173165	23472	77968	1
2026.07.09	09:12:00	173165	173430	173115	173375	24469	79797	1
2026.07.09	09:13:00	173370	173475	173345	173425	14332	47576	1
2026.07.09	09:14:00	173430	173510	173370	173480	12611	43205	1
2026.07.09	09:15:00	173480	173600	173420	173515	25788	85300	1
2026.07.09	09:16:00	173515	173665	173455	173605	16796	55991	1
2026.07.09	09:17:00	173610	173685	173555	173620	13327	44567	1
2026.07.09	09:18:00	173625	173705	173605	173645	10111	35127	1
2026.07.09	09:19:00	173645	173760	173595	173660	15556	53157	1
2026.07.09	09:20:00	173660	173745	173590	173630	15985	54600	1
2026.07.09	09:21:00	173630	173745	173615	173710	10389	36599	1
2026.07.09	09:22:00	173710	173775	173650	173705	11705	40012	1
2026.07.09	09:23:00	173700	173860	173695	173800	17527	57301	1
2026.07.09	09:24:00	173795	173800	173710	173755	9298	29264	1
2026.07.09	09:25:00	173760	173790	173705	173705	7014	23411	1
2026.07.09	09:26:00	173705	173780	173625	173680	17451	52523	1
2026.07.09	09:27:00	173680	173705	173595	173640	12894	41555	1
2026.07.09	09:28:00	173635	173775	173620	173735	9841	30021	1
2026.07.09	09:29:00	173730	173745	173605	173645	8769	28575	1
2026.07.09	09:30:00	173645	173715	173565	173600	15211	50315	1
2026.07.09	09:31:00	173605	173775	173605	173735	14239	47905	1
2026.07.09	09:32:00	173740	173765	173580	173625	12878	42601	1
2026.07.09	09:33:00	173620	173630	173505	173555	14544	44507	1
2026.07.09	09:34:00	173560	173690	173505	173665	15827	49706	1
2026.07.09	09:35:00	173660	173740	173620	173640	11127	33852	1
2026.07.09	09:36:00	173640	173660	173585	173605	7413	23813	1
2026.07.09	09:37:00	173605	173605	173410	173430	21383	68609	1
2026.07.09	09:38:00	173430	173495	173410	173415	10300	33839	1
2026.07.09	09:39:00	173425	173440	173365	173425	11808	38337	1
2026.07.09	09:40:00	173425	173485	173360	173370	13583	44511	1
2026.07.09	09:41:00	173375	173480	173345	173370	12828	42664	1
2026.07.09	09:42:00	173375	173590	173375	173535	20090	62610	1
2026.07.09	09:43:00	173540	173565	173455	173490	9087	31461	1
2026.07.09	09:44:00	173495	173520	173465	173510	4358	15632	1
2026.07.09	09:45:00	173505	173525	173480	173505	4503	15837	1
2026.07.09	09:46:00	173505	173550	173440	173455	7306	22597	1
2026.07.09	09:47:00	173450	173550	173430	173480	9234	32360	1
2026.07.09	09:48:00	173480	173540	173455	173465	5421	19880	1
2026.07.09	09:49:00	173465	173485	173425	173460	5083	18219	1
2026.07.09	09:50:00	173455	173515	173405	173425	8865	31410	1
2026.07.09	09:51:00	173425	173480	173365	173430	10459	35012	1
2026.07.09	09:52:00	173435	173445	173305	173305	12520	38605	1
2026.07.09	09:53:00	173310	173335	173270	173280	11103	37894	1
2026.07.09	09:54:00	173285	173370	173230	173295	14857	46911	1
2026.07.09	09:55:00	173300	173300	173165	173205	17281	56462	1
2026.07.09	09:56:00	173210	173235	173085	173110	14239	47434	1
2026.07.09	09:57:00	173115	173125	172995	173065	18872	63442	1
2026.07.09	09:58:00	173065	173120	173025	173070	11808	40558	1
2026.07.09	09:59:00	173070	173180	173035	173150	10205	31206	1
2026.07.09	10:00:00	173150	173405	173145	173390	28992	95510	1
2026.07.09	10:01:00	173390	173495	173305	173425	23278	76835	1
2026.07.09	10:02:00	173425	173495	173225	173365	26198	84573	1
2026.07.09	10:03:00	173370	173475	173240	173465	20763	70850	1
2026.07.09	10:04:00	173470	173475	173325	173390	15101	51011	1
2026.07.09	10:05:00	173385	173575	173370	173490	29977	98623	1
2026.07.09	10:06:00	173490	173530	173355	173410	16493	54157	1
2026.07.09	10:07:00	173410	173480	173340	173405	13163	43919	1
2026.07.09	10:08:00	173405	173470	173360	173365	8927	31876	1
2026.07.09	10:09:00	173365	173535	173340	173400	16726	53521	1
2026.07.09	10:10:00	173400	173525	173360	173475	12405	42207	1
2026.07.09	10:11:00	173475	173530	173415	173435	9769	30829	1
2026.07.09	10:12:00	173435	173515	173385	173415	9496	29316	1
2026.07.09	10:13:00	173415	173700	173410	173675	27428	96503	1
2026.07.09	10:14:00	173675	173795	173655	173715	26595	90565	1
2026.07.09	10:15:00	173720	173720	173360	173445	35610	117615	1
2026.07.09	10:16:00	173445	173525	173420	173460	13159	43162	1
2026.07.09	10:17:00	173465	173500	173295	173335	16883	52563	1
2026.07.09	10:18:00	173330	173335	173235	173250	15203	50943	1
2026.07.09	10:19:00	173250	173405	173200	173385	18876	59248	1
2026.07.09	10:20:00	173390	173455	173360	173415	11226	36432	1
2026.07.09	10:21:00	173415	173650	173410	173605	26046	86703	1
2026.07.09	10:22:00	173605	173670	173540	173655	12082	40451	1
2026.07.09	10:23:00	173650	173825	173640	173795	22609	77198	1
2026.07.09	10:24:00	173795	173815	173680	173745	16006	56009	1
2026.07.09	10:25:00	173745	173800	173590	173600	21553	81100	1
2026.07.09	10:26:00	173595	173610	173480	173530	18195	59905	1
2026.07.09	10:27:00	173535	173550	173350	173360	15735	53257	1
2026.07.09	10:28:00	173365	173465	173340	173450	13522	43436	1
2026.07.09	10:29:00	173455	173485	173360	173365	9099	28385	1
2026.07.09	10:30:00	173365	173415	173135	173205	34302	119314	1
2026.07.09	10:31:00	173210	173215	172935	173005	32466	121398	1
2026.07.09	10:32:00	173000	173240	172965	173215	24281	81633	1
2026.07.09	10:33:00	173215	173305	173140	173305	16503	53240	1
2026.07.09	10:34:00	173300	173325	173100	173115	17664	60065	1
2026.07.09	10:35:00	173110	173180	173020	173055	18113	57807	1
2026.07.09	10:36:00	173055	173225	173015	173195	16206	54005	1
2026.07.09	10:37:00	173190	173220	173050	173075	11358	37666	1
2026.07.09	10:38:00	173080	173225	173015	173025	16596	55566	1
2026.07.09	10:39:00	173025	173115	173010	173085	8691	29621	1
2026.07.09	10:40:00	173080	173210	173020	173170	14804	51753	1
2026.07.09	10:41:00	173175	173195	173100	173160	8372	29335	1
2026.07.09	10:42:00	173155	173260	173145	173190	14500	52059	1
2026.07.09	10:43:00	173185	173205	173065	173130	11724	39289	1
2026.07.09	10:44:00	173130	173180	173085	173120	7088	25154	1
2026.07.09	10:45:00	173120	173140	172935	173015	21876	76883	1
2026.07.09	10:46:00	173010	173100	172960	172995	13774	49657	1
2026.07.09	10:47:00	172995	173085	172960	173015	9449	31279	1
2026.07.09	10:48:00	173020	173095	172925	172985	13377	46692	1
2026.07.09	10:49:00	172985	173035	172930	173020	8680	31498	1
2026.07.09	10:50:00	173020	173020	172830	172885	22473	74372	1
2026.07.09	10:51:00	172880	172930	172855	172910	9134	35208	1
2026.07.09	10:52:00	172910	173005	172875	172950	15129	51898	1
2026.07.09	10:53:00	172950	173010	172900	172925	9115	37389	1
2026.07.09	10:54:00	172925	172990	172840	172870	9864	34578	1
2026.07.09	10:55:00	172870	172950	172830	172905	10753	40682	1
2026.07.09	10:56:00	172910	173155	172905	173100	23952	82649	1
2026.07.09	10:57:00	173105	173145	173065	173065	8067	34073	1
2026.07.09	10:58:00	173065	173130	173050	173075	6007	23717	1
2026.07.09	10:59:00	173075	173125	173055	173110	4732	18093	1
2026.07.09	11:00:00	173110	173350	173100	173240	31326	109005	1
2026.07.09	11:01:00	173235	173270	173180	173260	10835	43339	1
2026.07.09	11:02:00	173255	173325	173200	173285	10082	39166	1
2026.07.09	11:03:00	173290	173520	173280	173505	23283	81536	1
2026.07.09	11:04:00	173505	173645	173465	173550	20319	75474	1
2026.07.09	11:05:00	173545	173720	173530	173635	19464	75270	1
2026.07.09	11:06:00	173640	173870	173610	173840	22086	79243	1
2026.07.09	11:07:00	173840	173895	173675	173755	22850	80667	1
2026.07.09	11:08:00	173755	174015	173750	174005	26393	96008	1
2026.07.09	11:09:00	174005	174010	173815	173840	16645	56992	1
2026.07.09	11:10:00	173845	173865	173730	173755	17185	57108	1
2026.07.09	11:11:00	173755	173800	173650	173685	17442	61428	1
2026.07.09	11:12:00	173685	173710	173610	173645	11882	41721	1
2026.07.09	11:13:00	173640	173860	173640	173815	16106	56242	1
2026.07.09	11:14:00	173815	173925	173785	173890	12330	45928	1
2026.07.09	11:15:00	173885	173905	173730	173765	17175	57877	1
2026.07.09	11:16:00	173765	173950	173765	173925	14833	53740	1
2026.07.09	11:17:00	173930	173980	173845	173895	14217	52077	1
2026.07.09	11:18:00	173895	174075	173880	174035	17589	59007	1
2026.07.09	11:19:00	174035	174055	173935	173950	11147	37493	1
2026.07.09	11:20:00	173945	173985	173820	173855	16573	55307	1
2026.07.09	11:21:00	173855	174070	173780	174055	21524	79995	1
2026.07.09	11:22:00	174055	174100	173930	173970	17005	57982	1
2026.07.09	11:23:00	173975	174140	173970	174025	19015	66157	1
2026.07.09	11:24:00	174025	174090	174015	174045	8039	29134	1
2026.07.09	11:25:00	174040	174330	174010	174260	31978	124809	1
2026.07.09	11:26:00	174255	174390	174130	174130	26784	104090	1
2026.07.09	11:27:00	174130	174210	174120	174200	12517	54370	1
2026.07.09	11:28:00	174200	174300	174160	174280	9234	36044	1
2026.07.09	11:29:00	174280	174330	174200	174255	9839	35676	1
2026.07.09	11:30:00	174250	174285	174200	174275	7253	26239	1
2026.07.09	11:31:00	174275	174415	174265	174305	15859	53922	1
2026.07.09	11:32:00	174310	174335	174265	174290	6508	21934	1
2026.07.09	11:33:00	174285	174300	174200	174265	10518	36830	1
2026.07.09	11:34:00	174265	174375	174260	174295	10263	38521	1
2026.07.09	11:35:00	174295	174305	174210	174270	7615	27820	1
2026.07.09	11:36:00	174275	174395	174250	174340	9424	34345	1
2026.07.09	11:37:00	174345	174370	174215	174250	8999	32388	1
2026.07.09	11:38:00	174245	174260	174145	174215	13758	48151	1
2026.07.09	11:39:00	174215	174315	174170	174270	9392	35039	1
2026.07.09	11:40:00	174270	174295	174180	174195	8036	30512	1
2026.07.09	11:41:00	174195	174305	174195	174245	6920	26632	1
2026.07.09	11:42:00	174245	174290	174170	174185	6779	25073	1
2026.07.09	11:43:00	174180	174280	174165	174210	6578	24442	1
2026.07.09	11:44:00	174210	174230	174150	174175	4832	17525	1
2026.07.09	11:45:00	174175	174295	174155	174270	9122	34057	1
2026.07.09	11:46:00	174265	174345	174255	174305	8094	29307	1
2026.07.09	11:47:00	174300	174310	174240	174290	5108	19234	1
2026.07.09	11:48:00	174295	174315	174260	174300	3022	10888	1
2026.07.09	11:49:00	174300	174345	174250	174320	4930	18602	1
2026.07.09	11:50:00	174325	174450	174300	174415	17149	57889	1
2026.07.09	11:51:00	174415	174425	174350	174355	7377	26554	1
2026.07.09	11:52:00	174355	174430	174350	174395	6133	22865	1
2026.07.09	11:53:00	174390	174430	174360	174405	4418	17879	1
2026.07.09	11:54:00	174400	174465	174345	174415	8498	29667	1
2026.07.09	11:55:00	174420	174455	174325	174355	9032	30605	1
2026.07.09	11:56:00	174350	174445	174350	174400	6205	22208	1
2026.07.09	11:57:00	174400	174420	174365	174370	3661	13033	1
2026.07.09	11:58:00	174375	174450	174360	174420	4951	18482	1
2026.07.09	11:59:00	174415	174495	174410	174465	8241	30797	1
2026.07.09	12:00:00	174460	174535	174430	174440	14557	56216	1
2026.07.09	12:01:00	174440	174460	174355	174385	9387	33511	1
2026.07.09	12:02:00	174385	174410	174340	174375	5063	19557	1
2026.07.09	12:03:00	174370	174390	174335	174360	4184	16667	1
2026.07.09	12:04:00	174360	174410	174335	174390	4833	19391	1
2026.07.09	12:05:00	174390	174425	174325	174345	6334	23905	1
2026.07.09	12:06:00	174345	174560	174335	174535	15268	57195	1
2026.07.09	12:07:00	174535	174585	174495	174560	10263	38397	1
2026.07.09	12:08:00	174560	174580	174520	174540	6314	25498	1
2026.07.09	12:09:00	174535	174670	174530	174635	13400	47713	1
2026.07.09	12:10:00	174635	174695	174625	174645	9409	39224	1
2026.07.09	12:11:00	174645	174665	174620	174625	5057	18235	1
2026.07.09	12:12:00	174625	174685	174580	174585	9003	33750	1
2026.07.09	12:13:00	174585	174635	174565	174575	6185	25125	1
2026.07.09	12:14:00	174575	174720	174555	174635	11420	40855	1
2026.07.09	12:15:00	174635	174675	174625	174665	4213	16816	1
2026.07.09	12:16:00	174670	174675	174600	174620	4252	16500	1
2026.07.09	12:17:00	174620	174625	174465	174490	14623	53528	1
2026.07.09	12:18:00	174490	174510	174365	174395	14282	52270	1
2026.07.09	12:19:00	174390	174460	174385	174425	4515	19096	1
2026.07.09	12:20:00	174425	174425	174350	174395	6827	24915	1
2026.07.09	12:21:00	174390	174435	174335	174355	6527	24754	1
2026.07.09	12:22:00	174360	174405	174345	174370	4981	20900	1
2026.07.09	12:23:00	174365	174390	174320	174325	5835	22927	1
2026.07.09	12:24:00	174330	174335	174245	174265	9977	34905	1
2026.07.09	12:25:00	174260	174275	174180	174185	9085	32903	1
2026.07.09	12:26:00	174185	174205	174155	174170	6286	26464	1
2026.07.09	12:27:00	174170	174195	174145	174180	5422	22575	1
2026.07.09	12:28:00	174180	174275	174165	174210	9146	34345	1
2026.07.09	12:29:00	174220	174250	174185	174200	3442	13634	1
2026.07.09	12:30:00	174200	174210	174115	174135	9403	34646	1
2026.07.09	12:31:00	174135	174235	174130	174225	6460	25634	1
2026.07.09	12:32:00	174220	174380	174195	174335	16079	59128	1
2026.07.09	12:33:00	174330	174380	174295	174330	6101	23606	1
2026.07.09	12:34:00	174325	174340	174300	174325	2736	11669	1
2026.07.09	12:35:00	174325	174350	174285	174320	4049	16379	1
2026.07.09	12:36:00	174320	174360	174310	174350	2848	10991	1
2026.07.09	12:37:00	174345	174360	174295	174320	3471	15732	1
2026.07.09	12:38:00	174320	174360	174300	174355	2332	9943	1
2026.07.09	12:39:00	174355	174435	174305	174415	8060	31244	1
2026.07.09	12:40:00	174415	174465	174415	174420	5930	22550	1
2026.07.09	12:41:00	174420	174450	174415	174435	2097	8982	1
2026.07.09	12:42:00	174430	174445	174370	174385	5069	18061	1
2026.07.09	12:43:00	174390	174520	174380	174485	9427	35603	1
2026.07.09	12:44:00	174480	174490	174450	174455	3249	11858	1
2026.07.09	12:45:00	174460	174495	174430	174480	3940	14815	1
2026.07.09	12:46:00	174485	174490	174430	174450	3771	15733	1
2026.07.09	12:47:00	174450	174485	174440	174450	2164	8568	1
2026.07.09	12:48:00	174455	174470	174420	174460	2278	8527	1
2026.07.09	12:49:00	174460	174505	174450	174465	3168	12227	1
2026.07.09	12:50:00	174470	174485	174445	174460	2291	9164	1
2026.07.09	12:51:00	174460	174470	174430	174460	2682	11727	1
2026.07.09	12:52:00	174455	174460	174405	174420	4400	18091	1
2026.07.09	12:53:00	174420	174455	174405	174420	2623	11051	1
2026.07.09	12:54:00	174420	174450	174405	174445	2133	8387	1
2026.07.09	12:55:00	174440	174495	174440	174475	3974	15743	1
2026.07.09	12:56:00	174475	174500	174460	174495	2477	10301	1
2026.07.09	12:57:00	174490	174500	174470	174495	1634	6205	1
2026.07.09	12:58:00	174495	174505	174455	174460	2874	11697	1
2026.07.09	12:59:00	174465	174470	174440	174460	1995	7638	1
2026.07.09	13:00:00	174460	174490	174455	174475	2045	7728	1
2026.07.09	13:01:00	174470	174580	174470	174565	11263	44102	1
2026.07.09	13:02:00	174565	174570	174525	174530	4027	14943	1
2026.07.09	13:03:00	174530	174590	174530	174575	3698	13504	1
2026.07.09	13:04:00	174580	174600	174560	174590	2660	10224	1
2026.07.09	13:05:00	174590	174640	174580	174615	5952	21336	1
2026.07.09	13:06:00	174610	174615	174540	174565	6778	24013	1
2026.07.09	13:07:00	174565	174595	174540	174580	2835	11563	1
2026.07.09	13:08:00	174580	174610	174555	174595	2956	11430	1
2026.07.09	13:09:00	174595	174670	174595	174645	7650	28065	1
2026.07.09	13:10:00	174645	174755	174630	174730	11070	39588	1
2026.07.09	13:11:00	174730	174735	174660	174675	7168	27149	1
2026.07.09	13:12:00	174670	174690	174665	174690	2437	10726	1
2026.07.09	13:13:00	174690	174730	174685	174715	3846	14767	1
2026.07.09	13:14:00	174715	174730	174700	174710	2851	10697	1
2026.07.09	13:15:00	174715	174725	174680	174685	3988	13614	1
2026.07.09	13:16:00	174685	174720	174650	174655	4638	15742	1
2026.07.09	13:17:00	174655	174695	174650	174685	2821	10651	1
2026.07.09	13:18:00	174680	174705	174645	174665	2936	12969	1
2026.07.09	13:19:00	174665	174685	174655	174670	1493	6185	1
2026.07.09	13:20:00	174665	174675	174615	174635	6276	21898	1
2026.07.09	13:21:00	174635	174645	174620	174625	1745	7137	1
2026.07.09	13:22:00	174625	174645	174575	174575	5942	20420	1
2026.07.09	13:23:00	174580	174590	174565	174570	2883	11072	1
2026.07.09	13:24:00	174570	174590	174525	174540	5592	20844	1
2026.07.09	13:25:00	174545	174550	174500	174510	4244	14357	1
2026.07.09	13:26:00	174505	174535	174485	174500	4125	15932	1
2026.07.09	13:27:00	174495	174510	174475	174485	3571	14817	1
2026.07.09	13:28:00	174485	174525	174480	174515	2948	11766	1
2026.07.09	13:29:00	174510	174595	174505	174545	8179	31475	1
2026.07.09	13:30:00	174550	174560	174515	174550	3329	12496	1
2026.07.09	13:31:00	174550	174555	174525	174535	1590	5457	1
2026.07.09	13:32:00	174535	174535	174495	174510	3460	12389	1
2026.07.09	13:33:00	174510	174520	174495	174505	2287	10321	1
2026.07.09	13:34:00	174505	174525	174495	174510	1925	8275	1
2026.07.09	13:35:00	174510	174550	174505	174550	2328	10220	1
2026.07.09	13:36:00	174545	174565	174530	174535	3161	12103	1
2026.07.09	13:37:00	174535	174565	174535	174550	1763	6089	1
2026.07.09	13:38:00	174545	174560	174425	174440	11025	38873	1
2026.07.09	13:39:00	174440	174480	174395	174400	7947	28180	1
2026.07.09	13:40:00	174400	174415	174360	174375	6376	23049	1
2026.07.09	13:41:00	174380	174435	174375	174415	4263	17314	1
2026.07.09	13:42:00	174420	174445	174400	174440	3231	11704	1
2026.07.09	13:43:00	174440	174445	174410	174410	1911	7754	1
2026.07.09	13:44:00	174410	174445	174405	174430	1809	7628	1
2026.07.09	13:45:00	174425	174465	174415	174420	3695	14338	1
2026.07.09	13:46:00	174420	174475	174405	174465	3791	15354	1
2026.07.09	13:47:00	174470	174490	174415	174435	4293	16397	1
2026.07.09	13:48:00	174440	174445	174405	174405	2347	8818	1
2026.07.09	13:49:00	174405	174435	174390	174415	3594	12546	1
2026.07.09	13:50:00	174415	174430	174405	174430	1068	3820	1
2026.07.09	13:51:00	174425	174430	174380	174415	2643	11367	1
2026.07.09	13:52:00	174415	174465	174415	174420	3403	13854	1
2026.07.09	13:53:00	174420	174455	174410	174420	1925	9017	1
2026.07.09	13:54:00	174425	174440	174415	174420	1485	6574	1
2026.07.09	13:55:00	174420	174470	174405	174430	3569	16984	1
2026.07.09	13:56:00	174435	174475	174425	174460	2789	13188	1
2026.07.09	13:57:00	174465	174475	174435	174445	1602	7349	1
2026.07.09	13:58:00	174445	174485	174430	174470	3193	12326	1
2026.07.09	13:59:00	174470	174475	174455	174465	1264	4902	1
2026.07.09	14:00:00	174465	174485	174430	174480	2512	10795	1
2026.07.09	14:01:00	174480	174550	174470	174530	9518	34703	1
2026.07.09	14:02:00	174525	174540	174505	174525	3557	13414	1
2026.07.09	14:03:00	174525	174545	174505	174520	2309	8910	1
2026.07.09	14:04:00	174520	174545	174505	174510	2253	7902	1
2026.07.09	14:05:00	174510	174515	174485	174510	2907	11353	1
2026.07.09	14:06:00	174510	174535	174470	174525	3117	11879	1
2026.07.09	14:07:00	174525	174545	174500	174500	2263	8978	1
2026.07.09	14:08:00	174500	174505	174370	174395	10898	42408	1
2026.07.09	14:09:00	174395	174435	174390	174425	3185	12871	1
2026.07.09	14:10:00	174420	174440	174385	174405	3366	13184	1
2026.07.09	14:11:00	174405	174410	174385	174410	2167	8667	1
2026.07.09	14:12:00	174405	174410	174370	174390	2670	10376	1
2026.07.09	14:13:00	174395	174425	174375	174425	2637	10819	1
2026.07.09	14:14:00	174420	174465	174415	174440	4036	16953	1
2026.07.09	14:15:00	174440	174450	174425	174445	1385	5449	1
2026.07.09	14:16:00	174440	174485	174440	174460	3277	12465	1
2026.07.09	14:17:00	174460	174475	174445	174445	1591	7412	1
2026.07.09	14:18:00	174450	174480	174440	174470	1624	7044	1
2026.07.09	14:19:00	174465	174490	174465	174475	1873	6955	1
2026.07.09	14:20:00	174475	174520	174475	174520	4433	17586	1
2026.07.09	14:21:00	174515	174600	174515	174555	10435	39093	1
2026.07.09	14:22:00	174555	174570	174510	174535	4362	18313	1
2026.07.09	14:23:00	174535	174555	174525	174545	1706	7342	1
2026.07.09	14:24:00	174550	174625	174545	174615	6621	26700	1
2026.07.09	14:25:00	174615	174695	174605	174680	9174	36054	1
2026.07.09	14:26:00	174675	174715	174670	174675	5416	22237	1
2026.07.09	14:27:00	174680	174695	174610	174640	6290	23745	1
2026.07.09	14:28:00	174640	174665	174635	174645	2493	10765	1
2026.07.09	14:29:00	174645	174665	174635	174645	1578	5861	1
2026.07.09	14:30:00	174645	174685	174605	174675	5697	22483	1
2026.07.09	14:31:00	174680	174775	174670	174740	10878	40771	1
2026.07.09	14:32:00	174745	174750	174710	174715	4273	15824	1
2026.07.09	14:33:00	174720	174755	174680	174700	5464	22168	1
2026.07.09	14:34:00	174705	174735	174685	174695	3080	13003	1
2026.07.09	14:35:00	174690	174745	174685	174725	3464	13692	1
2026.07.09	14:36:00	174730	174735	174705	174725	2027	8521	1
2026.07.09	14:37:00	174725	174755	174685	174735	3840	14585	1
2026.07.09	14:38:00	174735	174760	174720	174735	2823	12542	1
2026.07.09	14:39:00	174735	174940	174735	174900	18973	73092	1
2026.07.09	14:40:00	174900	174925	174835	174910	11956	50768	1
2026.07.09	14:41:00	174915	174970	174875	174900	8839	34162	1
2026.07.09	14:42:00	174895	174905	174855	174870	4228	17991	1
2026.07.09	14:43:00	174865	174925	174860	174905	4354	21003	1
2026.07.09	14:44:00	174905	174915	174885	174895	2529	10834	1
2026.07.09	14:45:00	174895	174905	174855	174900	5438	21811	1
2026.07.09	14:46:00	174895	174905	174870	174900	2440	11162	1
2026.07.09	14:47:00	174895	174905	174850	174850	3546	13504	1
2026.07.09	14:48:00	174850	174925	174850	174905	4730	19545	1
2026.07.09	14:49:00	174910	174920	174870	174885	2402	9209	1
2026.07.09	14:50:00	174885	174965	174875	174945	5434	21751	1
2026.07.09	14:51:00	174940	174965	174920	174920	4278	18429	1
2026.07.09	14:52:00	174925	174935	174885	174905	4545	20560	1
2026.07.09	14:53:00	174905	174925	174860	174865	3988	16774	1
2026.07.09	14:54:00	174865	174890	174835	174865	6422	24627	1
2026.07.09	14:55:00	174870	174935	174865	174880	4980	20422	1
2026.07.09	14:56:00	174880	174890	174860	174875	1833	7287	1
2026.07.09	14:57:00	174870	174880	174820	174830	5367	20366	1
2026.07.09	14:58:00	174830	174845	174815	174835	3399	15637	1
2026.07.09	14:59:00	174835	174885	174820	174860	3804	16169	1
2026.07.09	15:00:00	174865	174900	174830	174855	5015	20799	1
2026.07.09	15:01:00	174855	174890	174845	174860	2145	10033	1
2026.07.09	15:02:00	174860	174875	174755	174760	10374	41177	1
2026.07.09	15:03:00	174755	174780	174710	174730	6709	25185	1
2026.07.09	15:04:00	174730	174730	174675	174720	6724	28408	1
2026.07.09	15:05:00	174720	174720	174680	174700	3626	14944	1
2026.07.09	15:06:00	174695	174705	174660	174680	3849	16025	1
2026.07.09	15:07:00	174685	174710	174665	174680	2914	12686	1
2026.07.09	15:08:00	174680	174710	174665	174705	2767	11141	1
2026.07.09	15:09:00	174700	174760	174685	174705	5882	23057	1
2026.07.09	15:10:00	174705	174730	174695	174720	2259	9151	1
2026.07.09	15:11:00	174720	174785	174720	174740	6017	26353	1
2026.07.09	15:12:00	174735	174745	174705	174720	2673	10955	1
2026.07.09	15:13:00	174715	174810	174715	174810	4901	20643	1
2026.07.09	15:14:00	174810	174820	174745	174750	5067	21355	1
2026.07.09	15:15:00	174750	174765	174745	174755	1755	6648	1
2026.07.09	15:16:00	174755	174795	174740	174765	3238	15848	1
2026.07.09	15:17:00	174765	174780	174735	174770	2544	10758	1
2026.07.09	15:18:00	174770	174780	174750	174760	1692	8227	1
2026.07.09	15:19:00	174765	174770	174720	174740	2973	12836	1
2026.07.09	15:20:00	174735	174755	174710	174725	3371	13643	1
2026.07.09	15:21:00	174725	174735	174690	174710	4332	17070	1
2026.07.09	15:22:00	174715	174715	174680	174690	3368	14536	1
2026.07.09	15:23:00	174690	174710	174670	174710	2548	10552	1
2026.07.09	15:24:00	174705	174710	174680	174695	1339	5823	1
2026.07.09	15:25:00	174690	174705	174675	174690	1691	7487	1
2026.07.09	15:26:00	174695	174760	174665	174740	6120	27466	1
2026.07.09	15:27:00	174740	174740	174650	174670	5952	24124	1
2026.07.09	15:28:00	174670	174685	174625	174650	5729	22025	1
2026.07.09	15:29:00	174655	174665	174630	174640	1889	7656	1
2026.07.09	15:30:00	174645	174690	174625	174670	4223	19824	1
2026.07.09	15:31:00	174665	174690	174660	174675	2145	10524	1
2026.07.09	15:32:00	174670	174680	174635	174650	2588	10742	1
2026.07.09	15:33:00	174655	174665	174635	174655	1503	7818	1
2026.07.09	15:34:00	174655	174680	174645	174660	2181	9220	1
2026.07.09	15:35:00	174665	174675	174605	174620	3620	14001	1
2026.07.09	15:36:00	174620	174670	174610	174650	3558	17650	1
2026.07.09	15:37:00	174650	174655	174605	174630	2785	11629	1
2026.07.09	15:38:00	174625	174635	174605	174615	2123	9407	1
2026.07.09	15:39:00	174615	174655	174610	174630	2540	13896	1
2026.07.09	15:40:00	174635	174640	174605	174640	2296	10749	1
2026.07.09	15:41:00	174635	174710	174635	174705	6262	27979	1
2026.07.09	15:42:00	174700	174780	174695	174750	9428	39085	1
2026.07.09	15:43:00	174755	174755	174700	174710	4032	15668	1
2026.07.09	15:44:00	174710	174725	174685	174700	2557	10238	1
2026.07.09	15:45:00	174695	174715	174695	174700	1627	6741	1
2026.07.09	15:46:00	174700	174720	174680	174715	2284	9759	1
2026.07.09	15:47:00	174710	174720	174690	174715	1551	6897	1
2026.07.09	15:48:00	174710	174745	174700	174730	2548	10435	1
2026.07.09	15:49:00	174735	174770	174730	174760	3475	15080	1
2026.07.09	15:50:00	174765	174765	174740	174740	2115	9958	1
2026.07.09	15:51:00	174740	174800	174735	174795	5073	21114	1
2026.07.09	15:52:00	174800	174820	174770	174800	3833	15990	1
2026.07.09	15:53:00	174805	174810	174755	174765	3015	12885	1
2026.07.09	15:54:00	174770	174790	174760	174780	1560	6959	1
2026.07.09	15:55:00	174785	174790	174745	174760	2971	16121	1
2026.07.09	15:56:00	174760	174805	174745	174785	3172	15346	1
2026.07.09	15:57:00	174780	174835	174770	174820	4600	20029	1
2026.07.09	15:58:00	174815	174925	174805	174885	11654	45038	1
2026.07.09	15:59:00	174885	174910	174865	174870	4247	20198	1
2026.07.09	16:00:00	174875	174920	174845	174885	5789	27439	1
2026.07.09	16:01:00	174890	174920	174870	174875	2911	12295	1
2026.07.09	16:02:00	174880	174895	174855	174855	2453	11044	1
2026.07.09	16:03:00	174855	174945	174850	174895	6050	25083	1
2026.07.09	16:04:00	174890	174940	174880	174900	3546	15668	1
2026.07.09	16:05:00	174905	174910	174875	174890	2169	8576	1
2026.07.09	16:06:00	174885	174900	174835	174855	5374	23595	1
2026.07.09	16:07:00	174855	174875	174830	174850	2569	13651	1
2026.07.09	16:08:00	174850	174855	174810	174825	4097	17746	1
2026.07.09	16:09:00	174820	174845	174805	174825	2838	14404	1
2026.07.09	16:10:00	174830	174860	174800	174835	4508	20107	1
2026.07.09	16:11:00	174835	174870	174830	174860	2649	12382	1
2026.07.09	16:12:00	174860	174905	174855	174865	3300	14216	1
2026.07.09	16:13:00	174865	174880	174855	174860	1288	6156	1
2026.07.09	16:14:00	174855	174905	174855	174890	2700	11685	1
2026.07.09	16:15:00	174895	174960	174880	174930	7167	28581	1
2026.07.09	16:16:00	174930	174940	174915	174920	1961	8951	1
2026.07.09	16:17:00	174920	174965	174910	174940	3351	12905	1
2026.07.09	16:18:00	174940	174990	174925	174985	5842	21796	1
2026.07.09	16:19:00	174985	175020	174960	174975	6562	26235	1
2026.07.09	16:20:00	174980	175015	174965	175000	3738	19020	1
2026.07.09	16:21:00	175005	175045	174995	175020	6159	26176	1
2026.07.09	16:22:00	175020	175025	174995	175000	2254	8941	1
2026.07.09	16:23:00	174995	175035	174990	175005	2831	12909	1
2026.07.09	16:24:00	175005	175035	175005	175015	1976	8996	1
2026.07.09	16:25:00	175020	175025	174940	174950	8118	34135	1
2026.07.09	16:26:00	174955	174990	174935	174960	4128	19021	1
2026.07.09	16:27:00	174960	174975	174945	174950	1774	7497	1
2026.07.09	16:28:00	174950	174955	174935	174940	2045	7708	1
2026.07.09	16:29:00	174940	174950	174930	174940	1737	7872	1
2026.07.09	16:30:00	174940	174945	174845	174845	9584	37648	1
2026.07.09	16:31:00	174850	174895	174845	174850	4032	18885	1
2026.07.09	16:32:00	174850	174875	174830	174840	4167	18907	1
2026.07.09	16:33:00	174840	174860	174810	174830	4074	17543	1
2026.07.09	16:34:00	174825	174825	174790	174815	3896	18074	1
2026.07.09	16:35:00	174810	174820	174765	174805	5480	23569	1
2026.07.09	16:36:00	174810	174885	174805	174870	7555	30779	1
2026.07.09	16:37:00	174865	174880	174830	174840	3254	15246	1
2026.07.09	16:38:00	174845	174870	174835	174865	1636	6810	1
2026.07.09	16:39:00	174860	174880	174845	174880	1587	7087	1
2026.07.09	16:40:00	174880	174900	174855	174890	3020	12280	1
2026.07.09	16:41:00	174890	174990	174860	174945	9086	40508	1
2026.07.09	16:42:00	174945	174980	174930	174980	2938	12536	1
2026.07.09	16:43:00	174980	175030	174960	174975	5773	26781	1
2026.07.09	16:44:00	174975	174995	174965	174970	2042	9377	1
2026.07.09	16:45:00	174970	175000	174960	174975	3016	12831	1
2026.07.09	16:46:00	174980	175000	174970	174985	1886	10031	1
2026.07.09	16:47:00	174980	174990	174960	174975	2091	9004	1
2026.07.09	16:48:00	174975	174995	174945	174950	2674	12089	1
2026.07.09	16:49:00	174950	174980	174945	174960	1725	7921	1
2026.07.09	16:50:00	174960	175025	174955	174985	5206	24480	1
2026.07.09	16:51:00	174985	175005	174960	174990	2615	12078	1
2026.07.09	16:52:00	174985	175010	174960	174990	2627	10415	1
2026.07.09	16:53:00	174985	175005	174960	174975	2520	10047	1
2026.07.09	16:54:00	174975	174985	174960	174970	1965	9149	1
2026.07.09	16:55:00	174975	175020	174970	174990	4413	20059	1
2026.07.09	16:56:00	174990	175020	174980	175010	1903	9882	1
2026.07.09	16:57:00	175010	175080	175010	175025	9918	42767	1
2026.07.09	16:58:00	175025	175045	175015	175025	2213	8792	1
2026.07.09	16:59:00	175025	175050	175015	175040	2243	10713	1
2026.07.09	17:00:00	175045	175065	175000	175015	5306	24144	1
2026.07.09	17:01:00	175015	175020	174955	174970	6313	30554	1
2026.07.09	17:02:00	174975	175055	174970	175035	4017	18137	1
2026.07.09	17:03:00	175030	175075	175015	175020	3873	19638	1
2026.07.09	17:04:00	175015	175045	174995	175030	2665	14021	1
2026.07.09	17:05:00	175025	175045	174975	175005	3654	15947	1
2026.07.09	17:06:00	175000	175045	175000	175030	2339	10846	1
2026.07.09	17:07:00	175025	175040	175015	175020	1706	9044	1
2026.07.09	17:08:00	175020	175055	175005	175055	2556	11915	1
2026.07.09	17:09:00	175050	175075	175045	175065	2995	12725	1
2026.07.09	17:10:00	175065	175160	175060	175100	9745	38825	1
2026.07.09	17:11:00	175100	175125	175090	175120	2402	9414	1
2026.07.09	17:12:00	175115	175145	175090	175100	2615	11499	1
2026.07.09	17:13:00	175095	175125	175085	175125	1748	7117	1
2026.07.09	17:14:00	175120	175190	175110	175150	6821	30470	1
2026.07.09	17:15:00	175150	175150	175120	175140	1833	7875	1
2026.07.09	17:16:00	175135	175140	175110	175120	1949	8097	1
2026.07.09	17:17:00	175125	175160	175115	175135	1577	6199	1
2026.07.09	17:18:00	175135	175180	175130	175165	2420	11063	1
2026.07.09	17:19:00	175160	175230	175150	175185	4968	21808	1
2026.07.09	17:20:00	175185	175195	175140	175150	3669	15858	1
2026.07.09	17:21:00	175150	175150	175130	175140	1853	6663	1
2026.07.09	17:22:00	175145	175155	175130	175130	1259	4379	1
2026.07.09	17:23:00	175130	175150	175110	175120	2187	7849	1
2026.07.09	17:24:00	175125	175140	175115	175135	1065	3749	1
2026.07.09	17:25:00	175140	175165	175130	175145	1469	6050	1
2026.07.09	17:26:00	175145	175145	175120	175135	1146	4120	1
2026.07.09	17:27:00	175130	175135	175085	175100	3399	12420	1
2026.07.09	17:28:00	175100	175115	175090	175100	1091	4258	1
2026.07.09	17:29:00	175100	175110	175085	175095	816	3511	1
2026.07.09	17:30:00	175100	175100	175070	175085	2131	7216	1
2026.07.09	17:31:00	175090	175105	175080	175105	1177	4707	1
2026.07.09	17:32:00	175105	175120	175095	175110	1577	7446	1
2026.07.09	17:33:00	175110	175120	175105	175105	687	2404	1
2026.07.09	17:34:00	175110	175155	175095	175140	2762	11265	1
2026.07.09	17:35:00	175140	175155	175135	175145	1116	4518	1
2026.07.09	17:36:00	175140	175150	175125	175130	910	3831	1
2026.07.09	17:37:00	175125	175135	175120	175130	683	2845	1
2026.07.09	17:38:00	175125	175135	175120	175130	437	1791	1
2026.07.09	17:39:00	175125	175135	175110	175120	987	4681	1
2026.07.09	17:40:00	175125	175125	175075	175085	2764	13185	1
2026.07.09	17:41:00	175090	175100	175040	175050	3746	16038	1
2026.07.09	17:42:00	175055	175085	175050	175070	1711	7123	1
2026.07.09	17:43:00	175070	175075	175050	175060	866	3322	1
2026.07.09	17:44:00	175055	175070	175050	175060	822	3286	1
2026.07.09	17:45:00	175060	175080	175050	175075	1448	5795	1
2026.07.09	17:46:00	175075	175095	175060	175085	1463	5704	1
2026.07.09	17:47:00	175080	175090	175075	175085	751	2578	1
2026.07.09	17:48:00	175080	175105	175075	175100	1234	4301	1
2026.07.09	17:49:00	175095	175110	175080	175105	1384	5463	1
2026.07.09	17:50:00	175100	175195	175095	175155	6455	27355	1
2026.07.09	17:51:00	175160	175160	175135	175150	1139	4450	1
2026.07.09	17:52:00	175145	175165	175140	175155	1001	4869	1
2026.07.09	17:53:00	175155	175160	175150	175155	498	1716	1
2026.07.09	17:54:00	175155	175175	175140	175165	1241	5505	1
2026.07.09	17:55:00	175160	175170	175130	175145	1630	7195	1
2026.07.09	17:56:00	175145	175170	175145	175155	660	2890	1
2026.07.09	17:57:00	175150	175165	175140	175150	525	2320	1
2026.07.09	17:58:00	175155	175165	175140	175160	449	2208	1
2026.07.09	17:59:00	175150	175170	175145	175160	990	4857	1
2026.07.09	18:00:00	175165	175350	175155	175265	9387	35425	1
2026.07.09	18:01:00	175255	175300	175250	175280	2589	8822	1
2026.07.09	18:02:00	175280	175295	175230	175260	2552	8362	1
2026.07.09	18:03:00	175265	175265	175230	175230	1022	2841	1
2026.07.09	18:04:00	175240	175250	175220	175225	1301	4869	1
2026.07.09	18:05:00	175230	175260	175210	175225	1532	4973	1
2026.07.09	18:06:00	175230	175270	175215	175260	2088	7220	1
2026.07.09	18:07:00	175255	175265	175230	175235	906	2579	1
2026.07.09	18:08:00	175230	175265	175220	175255	1300	4700	1
2026.07.09	18:09:00	175255	175270	175230	175245	967	3048	1
2026.07.09	18:10:00	175250	175390	175235	175315	5387	18301	1
2026.07.09	18:11:00	175310	175345	175285	175310	2303	7320	1
2026.07.09	18:12:00	175300	175335	175280	175290	1861	6380	1
2026.07.09	18:13:00	175285	175305	175275	175300	1245	5358	1
2026.07.09	18:14:00	175295	175350	175295	175330	2383	8338	1
2026.07.09	18:15:00	175325	175420	175290	175375	4366	16092	1
2026.07.09	18:16:00	175385	175390	175310	175315	2348	7374	1
2026.07.09	18:17:00	175320	175345	175275	175285	1677	6150	1
2026.07.09	18:18:00	175285	175290	175255	175265	1375	4605	1
2026.07.09	18:19:00	175260	175380	175260	175355	1960	8454	1
2026.07.09	18:20:00	175355	175360	175315	175325	712	2778	1
2026.07.09	18:21:00	175325	175330	175285	175315	682	2417	1
2026.07.09	18:22:00	175305	175385	175305	175350	1142	4759	1
2026.07.09	18:23:00	175340	175390	175340	175380	798	3680	1
2026.07.09	18:24:00	175370	175490	175360	175490	3289	12763	1
2026.07.10	09:00:00	175900	176260	175900	176080	5301	75678	0
2026.07.10	09:01:00	176080	176475	176015	176250	21914	159251	0
2026.07.10	09:02:00	176245	176470	176045	176360	16046	118310	0
2026.07.10	09:03:00	176355	176740	176305	176665	16849	127995	0
2026.07.10	09:04:00	176665	176840	176650	176770	12501	91504	0
2026.07.10	09:05:00	176770	176895	176610	176785	13178	102584	0
2026.07.10	09:06:00	176785	176955	176750	176765	9966	87856	0
2026.07.10	09:07:00	176765	176980	176735	176860	9517	76480	0
2026.07.10	09:08:00	176855	176995	176855	176920	6532	55438	0
2026.07.10	09:09:00	176925	176990	176875	176950	4509	37360	0
2026.07.10	09:10:00	176945	177225	176945	177125	13963	128115	0
2026.07.10	09:11:00	177130	177270	177100	177180	7310	61991	0
2026.07.10	09:12:00	177180	177375	177170	177310	10395	90781	0
2026.07.10	09:13:00	177310	177580	177255	177575	10945	111004	0
2026.07.10	09:14:00	177575	177675	177385	177630	14294	141480	0
2026.07.10	09:15:00	177630	177675	177290	177315	13347	130161	0
2026.07.10	09:16:00	177310	177365	177240	177310	9069	79725	0
2026.07.10	09:17:00	177310	177405	177280	177360	5312	46964	0
2026.07.10	09:18:00	177365	177495	177295	177390	6801	65993	0
2026.07.10	09:19:00	177390	177520	177350	177440	4819	47141	0
2026.07.10	09:20:00	177435	177490	177375	177410	5527	43587	0
2026.07.10	09:21:00	177410	177560	177410	177455	6348	66556	0
2026.07.10	09:22:00	177455	177540	177445	177475	3791	31247	0
2026.07.10	09:23:00	177475	177525	177460	177515	2413	21838	0
2026.07.10	09:24:00	177520	177610	177420	177535	6715	64684	0
2026.07.10	09:25:00	177535	177630	177530	177575	5195	44462	0
2026.07.10	09:26:00	177570	177890	177570	177800	13054	137401	0
2026.07.10	09:27:00	177800	177810	177665	177745	6301	55005	0
2026.07.10	09:28:00	177745	177800	177675	177705	4760	42785	0
2026.07.10	09:29:00	177705	177745	177485	177485	8970	78871	0
2026.07.10	09:30:00	177490	177625	177475	177580	5919	47426	0
2026.07.10	09:31:00	177580	177850	177580	177780	10330	96595	0
2026.07.10	09:32:00	177775	177810	177665	177720	5799	51420	0
2026.07.10	09:33:00	177720	177740	177625	177660	4534	37017	0
2026.07.10	09:34:00	177660	177750	177625	177660	4447	36039	0
2026.07.10	09:35:00	177665	177715	177585	177605	4036	34833	0
2026.07.10	09:36:00	177600	177610	177545	177585	4649	35418	0
2026.07.10	09:37:00	177590	177800	177560	177780	7796	76627	0
2026.07.10	09:38:00	177780	177840	177730	177740	6193	52412	0
2026.07.10	09:39:00	177735	177770	177730	177755	2095	15955	0
2026.07.10	09:40:00	177755	177800	177710	177710	3683	26484	0
2026.07.10	09:41:00	177710	177725	177640	177665	5497	45351	0
2026.07.10	09:42:00	177675	177765	177670	177695	3563	28385	0
2026.07.10	09:43:00	177695	177830	177695	177750	3670	30992	0
2026.07.10	09:44:00	177755	177780	177730	177750	1762	12677	0
2026.07.10	09:45:00	177750	177770	177715	177735	2195	14296	0
2026.07.10	09:46:00	177740	177905	177730	177875	6624	69451	0
2026.07.10	09:47:00	177870	178015	177795	177860	10443	115235	0
2026.07.10	09:48:00	177855	177880	177825	177855	3307	25558	0
2026.07.10	09:49:00	177850	177940	177850	177870	3777	29260	0
2026.07.10	09:50:00	177870	177985	177865	177895	4473	36880	0
2026.07.10	09:51:00	177895	177915	177815	177850	3648	34798	0
2026.07.10	09:52:00	177850	177935	177850	177935	2877	24567	0
2026.07.10	09:53:00	177935	177950	177850	177875	3331	27832	0
2026.07.10	09:54:00	177880	177920	177860	177890	1742	14602	0
2026.07.10	09:55:00	177885	179300	177875	179300	7780	126073	0
2026.07.10	09:57:00	179235	179265	178565	178625	15150	149833	0
2026.07.10	09:58:00	178630	179070	178220	178305	24824	177081	0
2026.07.10	09:59:00	178295	178535	178260	178315	8937	59324	0
2026.07.10	10:00:00	178310	178500	178220	178440	9560	67709	0
2026.07.10	10:01:00	178445	178635	178400	178535	7162	49423	0
2026.07.10	10:02:00	178535	178695	178515	178630	7086	51714	0
2026.07.10	10:03:00	178625	178780	178530	178580	6860	58524	0
2026.07.10	10:04:00	178580	178730	178345	178475	9214	72407	0
2026.07.10	10:05:00	178475	178550	178405	178465	4306	32164	0
2026.07.10	10:06:00	178470	178595	178385	178440	4876	37613	0
2026.07.10	10:07:00	178440	178540	178400	178470	4355	35288	0
2026.07.10	10:08:00	178470	178585	178240	178260	8267	68906	0
2026.07.10	10:09:00	178255	178325	178140	178240	6425	59834	0
2026.07.10	10:10:00	178240	178310	178125	178150	7478	58730	0
2026.07.10	10:11:00	178155	178160	178015	178110	7882	63736	0
2026.07.10	10:12:00	178110	178220	178025	178075	6720	61393	0
2026.07.10	10:13:00	178070	178165	178030	178090	4381	36298	0
2026.07.10	10:14:00	178095	178175	177995	178085	5559	50370	0
2026.07.10	10:15:00	178085	178175	177960	178035	6459	55379	0
2026.07.10	10:16:00	178030	178195	177935	177960	8622	78906	0
2026.07.10	10:17:00	177965	177975	177805	177955	9193	81278	0
2026.07.10	10:18:00	177955	178100	177795	177820	8119	76968	0
2026.07.10	10:19:00	177820	177940	177720	177740	7466	75350	0
2026.07.10	10:20:00	177740	177820	177680	177775	7437	67184	0
2026.07.10	10:21:00	177780	177780	177545	177700	9393	94979	0
2026.07.10	10:22:00	177700	177845	177600	177725	7945	84960	0
2026.07.10	10:23:00	177725	177820	177675	177750	4637	45908	0
2026.07.10	10:24:00	177750	177785	177675	177695	3530	31874	0
2026.07.10	10:25:00	177700	177965	177690	177950	8035	74788	0
2026.07.10	10:26:00	177950	178295	177945	178010	11376	102429	0
2026.07.10	10:27:00	178015	178050	177900	177920	5621	53844	0
2026.07.10	10:28:00	177925	178110	177920	178080	4474	37709	0
2026.07.10	10:29:00	178080	178115	177965	178020	4080	32567	0
2026.07.10	10:30:00	178020	178080	177875	177980	6723	67138	0
2026.07.10	10:31:00	177980	178190	177900	178100	7279	79509	0
2026.07.10	10:32:00	178105	178115	177950	178035	6427	64444	0
2026.07.10	10:33:00	178040	178155	177955	178075	6183	53091	0
2026.07.10	10:34:00	178080	178230	178025	178125	6661	60919	0
2026.07.10	10:35:00	178130	178145	177935	178075	7156	66197	0
2026.07.10	10:36:00	178075	178185	178045	178115	6443	68623	0
2026.07.10	10:37:00	178115	178400	178105	178375	10488	113364	0
2026.07.10	10:38:00	178375	178465	178275	178280	8276	82426	0
2026.07.10	10:39:00	178275	178450	178275	178420	6198	47144	0
2026.07.10	10:40:00	178420	178545	178345	178450	9046	93115	0
2026.07.10	10:41:00	178445	178480	178320	178390	5904	58355	0
2026.07.10	10:42:00	178390	178485	178275	178305	5545	52235	0
2026.07.10	10:43:00	178305	178315	178090	178130	8084	80074	0
2026.07.10	10:44:00	178130	178145	177865	177920	10051	91547	0
2026.07.10	10:45:00	177925	177945	177825	177885	7984	63952	0
2026.07.10	10:46:00	177885	177980	177870	177925	4505	44702	0
2026.07.10	10:47:00	177920	177985	177870	177960	3801	37541	0
2026.07.10	10:48:00	177965	178005	177880	177965	3775	35823	0
2026.07.10	10:49:00	177970	178105	177880	178040	4944	60528	0
2026.07.10	10:50:00	178040	178265	178020	178260	7178	70682	0
2026.07.10	10:51:00	178250	178335	178170	178305	7131	73377	0
2026.07.10	10:52:00	178305	178445	178275	178380	7921	81856	0
2026.07.10	10:53:00	178375	178440	178320	178390	4278	46123	0
2026.07.10	10:54:00	178390	178445	178305	178365	3987	41935	0
2026.07.10	10:55:00	178370	178380	178245	178365	5001	51455	0
2026.07.10	10:56:00	178370	178475	178355	178370	5521	55889	0
2026.07.10	10:57:00	178370	178390	178300	178365	3630	36748	0
2026.07.10	10:58:00	178370	178530	178350	178455	5253	75252	0
2026.07.10	10:59:00	178455	178505	178410	178505	3577	37746	0
2026.07.10	11:00:00	178505	178750	178505	178680	9897	114344	0
2026.07.10	11:01:00	178680	178750	178635	178695	6598	63766	0
2026.07.10	11:02:00	178695	178840	178685	178745	7434	76836	0
2026.07.10	11:03:00	178745	178850	178740	178795	4852	47034	0
2026.07.10	11:04:00	178800	178835	178605	178630	6529	67946	0
2026.07.10	11:05:00	178630	178680	178555	178630	6182	60220	0
2026.07.10	11:06:00	178625	178645	178460	178490	5962	59034	0
2026.07.10	11:07:00	178485	178615	178440	178585	5193	54651	0
2026.07.10	11:08:00	178580	178690	178550	178680	6182	54545	0
2026.07.10	11:09:00	178675	178680	178485	178510	5099	49640	0
2026.07.10	11:10:00	178510	178535	178290	178310	8166	77561	0
2026.07.10	11:11:00	178310	178405	178260	178285	5670	51850	0
2026.07.10	11:12:00	178280	178340	178230	178325	4072	38533	0
2026.07.10	11:13:00	178330	178375	178285	178335	3302	29442	0
2026.07.10	11:14:00	178330	178435	178320	178415	4057	39493	0
2026.07.10	11:15:00	178415	178515	178400	178485	5373	53024	0
2026.07.10	11:16:00	178485	178640	178485	178580	5668	53751	0
2026.07.10	11:17:00	178575	178640	178530	178630	4151	35545	0
2026.07.10	11:18:00	178630	178810	178625	178770	7380	84215	0
2026.07.10	11:19:00	178775	178830	178735	178785	4135	43364	0
2026.07.10	11:20:00	178790	178850	178695	178745	5503	63865	0
2026.07.10	11:21:00	178745	178770	178670	178720	3421	32032	0
2026.07.10	11:22:00	178715	178765	178570	178570	5081	57348	0
2026.07.10	11:23:00	178570	178615	178450	178570	6312	62581	0
2026.07.10	11:24:00	178570	178630	178515	178600	3519	34617	0
2026.07.10	11:25:00	178600	178770	178590	178740	6522	67547	0
2026.07.10	11:26:00	178740	178945	178710	178900	8096	100917	0
2026.07.10	11:27:00	178905	178995	178870	178905	6304	63996	0
2026.07.10	11:28:00	178905	178940	178865	178880	3134	30067	0
2026.07.10	11:29:00	178875	178970	178785	178795	5181	56683	0
2026.07.10	11:30:00	178795	178915	178765	178795	5037	43786	0
2026.07.10	11:31:00	178790	178855	178755	178790	3524	33485	0
2026.07.10	11:32:00	178785	178845	178310	178330	8503	128105	0
2026.07.10	11:33:00	178335	178395	178005	178380	17703	211558	0
2026.07.10	11:34:00	178380	178545	178350	178515	8773	84428	0
2026.07.10	11:35:00	178520	178545	178400	178420	5577	45155	0
2026.07.10	11:36:00	178425	178630	178370	178590	7554	70883	0
2026.07.10	11:37:00	178590	178600	178490	178570	3518	32364	0
2026.07.10	11:38:00	178575	178630	178540	178560	3615	33028	0
2026.07.10	11:39:00	178555	178575	178360	178445	5882	58687	0
2026.07.10	11:40:00	178440	178500	178430	178465	3016	26064	0
2026.07.10	11:41:00	178470	178510	178415	178460	2663	24225	0
2026.07.10	11:42:00	178455	178615	178455	178555	4424	38167	0
2026.07.10	11:43:00	178550	178600	178530	178565	2277	20360	0
2026.07.10	11:44:00	178565	178725	178535	178665	4696	50458	0
2026.07.10	11:45:00	178660	178790	178635	178770	5151	40417	0
2026.07.10	11:46:00	178770	178875	178760	178820	4920	50066	0
2026.07.10	11:47:00	178820	178850	178780	178810	2225	20113	0
2026.07.10	11:48:00	178810	178855	178780	178815	2552	23866	0
2026.07.10	11:49:00	178815	178930	178765	178900	3931	39752	0
2026.07.10	11:50:00	178900	178965	178885	178890	4343	38736	0
2026.07.10	11:51:00	178895	179045	178885	178980	4591	49261	0
2026.07.10	11:52:00	178980	179010	178915	178970	3058	32203	0
2026.07.10	11:53:00	178975	179060	178895	178920	4443	42834	0
2026.07.10	11:54:00	178920	178950	178815	178915	5557	54251	0
2026.07.10	11:55:00	178910	178930	178725	178745	4789	48690	0
2026.07.10	11:56:00	178745	178805	178730	178750	3349	30692	0
2026.07.10	11:57:00	178745	178790	178715	178775	2450	21661	0
2026.07.10	11:58:00	178775	178790	178710	178760	2088	19970	0
2026.07.10	11:59:00	178760	178760	178710	178715	1711	13849	0
2026.07.10	12:00:00	178720	178755	178605	178625	5138	52951	0
2026.07.10	12:01:00	178625	178645	178570	178615	3531	30999	0
2026.07.10	12:02:00	178610	178690	178555	178590	3529	35234	0
2026.07.10	12:03:00	178590	178600	178470	178500	3991	37975	0
2026.07.10	12:04:00	178500	178585	178465	178535	3129	29389	0
2026.07.10	12:05:00	178540	178565	178425	178465	3458	30454	0
2026.07.10	12:06:00	178470	178490	178430	178455	2276	18527	0
2026.07.10	12:07:00	178450	178470	178385	178450	2704	26616	0
2026.07.10	12:08:00	178445	178455	178385	178425	2021	16206	0
2026.07.10	12:09:00	178420	178430	178310	178345	3302	33632	0
2026.07.10	12:10:00	178340	178355	178255	178290	4031	38689	0
2026.07.10	12:11:00	178290	178370	178265	178300	2949	31895	0
2026.07.10	12:12:00	178300	178315	178240	178300	2541	28552	0
2026.07.10	12:13:00	178295	178330	178220	178260	2643	27096	0
2026.07.10	12:14:00	178265	178290	178240	178260	1570	15401	0
2026.07.10	12:15:00	178260	178320	178205	178320	2969	31870	0
2026.07.10	12:16:00	178315	178390	178235	178270	5162	55918	0
2026.07.10	12:17:00	178270	178270	178210	178215	2706	22646	0
2026.07.10	12:18:00	178220	178265	178205	178225	1974	18580	0
2026.07.10	12:19:00	178225	178225	178170	178220	2639	26209	0
2026.07.10	12:20:00	178220	178265	178180	178240	2616	23933	0
2026.07.10	12:21:00	178235	178365	178220	178305	4043	37930	0
2026.07.10	12:22:00	178305	178310	178250	178270	1917	20491	0
2026.07.10	12:23:00	178270	178415	178260	178390	3866	34621	0
2026.07.10	12:24:00	178385	178400	178350	178380	1996	17553	0
2026.07.10	12:25:00	178375	178440	178360	178390	3313	28995	0
2026.07.10	12:26:00	178385	178495	178320	178425	5009	62721	0
2026.07.10	12:27:00	178420	178450	178370	178415	2591	26440	0
2026.07.10	12:28:00	178410	178435	178375	178430	1569	14912	0
2026.07.10	12:29:00	178430	178450	178385	178415	1312	12210	0
2026.07.10	12:30:00	178415	178420	178330	178355	2848	26953	0
2026.07.10	12:31:00	178355	178375	178275	178290	2752	29592	0
2026.07.10	12:32:00	178290	178310	178215	178240	3234	28302	0
2026.07.10	12:33:00	178240	178310	178220	178245	2563	29997	0
2026.07.10	12:34:00	178240	178250	178200	178245	1989	17915	0
2026.07.10	12:35:00	178245	178270	178190	178205	2360	21062	0
2026.07.10	12:36:00	178205	178225	178180	178210	1755	14912	0
2026.07.10	12:37:00	178205	178215	178145	178185	2428	31183	0
2026.07.10	12:38:00	178185	178205	178170	178195	1152	10835	0
2026.07.10	12:39:00	178200	178275	178195	178230	2723	28806	0
2026.07.10	12:40:00	178230	178285	178190	178260	2089	19199	0
2026.07.10	12:41:00	178265	178290	178255	178270	1963	17154	0
2026.07.10	12:42:00	178275	178320	178260	178310	2071	16843	0
2026.07.10	12:43:00	178315	178360	178300	178330	2208	21130	0
2026.07.10	12:44:00	178335	178365	178330	178345	1361	11832	0
2026.07.10	12:45:00	178340	178385	178310	178340	2154	17420	0
2026.07.10	12:46:00	178340	178370	178315	178320	1172	11397	0
2026.07.10	12:47:00	178320	178335	178250	178280	3026	26325	0
2026.07.10	12:48:00	178280	178285	178210	178245	2514	22300	0
2026.07.10	12:49:00	178240	178245	178205	178220	1443	12573	0
2026.07.10	12:50:00	178225	178355	178225	178335	3583	43769	0
2026.07.10	12:51:00	178330	178430	178325	178355	3050	36046	0
2026.07.10	12:52:00	178350	178425	178335	178400	2251	23298	0
2026.07.10	12:53:00	178395	178460	178370	178420	2470	25703	0
2026.07.10	12:54:00	178415	178435	178385	178390	1624	14991	0
2026.07.10	12:55:00	178395	178420	178335	178345	2131	21959	0
2026.07.10	12:56:00	178350	178395	178325	178365	1587	13206	0
2026.07.10	12:57:00	178365	178475	178360	178450	2379	24454	0
2026.07.10	12:58:00	178455	178460	178415	178445	1582	13424	0
2026.07.10	12:59:00	178440	178450	178400	178430	1225	11534	0
2026.07.10	13:00:00	178430	178570	178415	178560	3913	42160	0
2026.07.10	13:01:00	178560	178615	178540	178585	3483	35421	0
2026.07.10	13:02:00	178585	178595	178550	178550	1872	16213	0
2026.07.10	13:03:00	178550	178600	178535	178575	1653	15051	0
2026.07.10	13:04:00	178570	178620	178555	178595	1490	12033	0
2026.07.10	13:05:00	178590	178640	178590	178620	2300	20020	0
2026.07.10	13:06:00	178620	178680	178605	178675	2572	26125	0
2026.07.10	13:07:00	178680	178770	178645	178730	4027	42908	0
2026.07.10	13:08:00	178730	178790	178705	178765	2201	21386	0
2026.07.10	13:09:00	178770	178785	178750	178760	1920	16796	0
2026.07.10	13:10:00	178760	178800	178715	178760	3052	30631	0
2026.07.10	13:11:00	178760	178785	178725	178770	1549	18115	0
2026.07.10	13:12:00	178765	178840	178765	178815	3045	32073	0
2026.07.10	13:13:00	178810	178820	178795	178805	1163	10595	0
2026.07.10	13:14:00	178800	178815	178765	178815	1468	12972	0
2026.07.10	13:15:00	178810	178980	178795	178920	5081	55842	0
2026.07.10	13:16:00	178920	178955	178885	178890	2556	24857	0
2026.07.10	13:17:00	178890	178915	178860	178890	2017	19391	0
2026.07.10	13:18:00	178895	178930	178875	178875	1602	16472	0
2026.07.10	13:19:00	178880	178885	178810	178850	2740	27675	0
2026.07.10	13:20:00	178855	178895	178825	178875	2022	15891	0
2026.07.10	13:21:00	178875	178935	178860	178915	2125	16853	0
2026.07.10	13:22:00	178915	178960	178885	178935	2082	21668	0
2026.07.10	13:23:00	178930	179005	178920	178965	2523	27762	0
2026.07.10	13:24:00	178965	178980	178940	178965	1598	13737	0
2026.07.10	13:25:00	178965	179035	178955	178995	2225	23627	0
2026.07.10	13:26:00	178990	179095	178975	179070	3540	38999	0
2026.07.10	13:27:00	179065	179130	179055	179115	3204	36968	0
2026.07.10	13:28:00	179115	179165	179070	179105	3061	28957	0
2026.07.10	13:29:00	179110	179215	179105	179155	3276	34095	0
2026.07.10	13:30:00	179160	179180	179145	179160	2373	19353	0
2026.07.10	13:31:00	179155	179175	179120	179150	2028	19462	0
2026.07.10	13:32:00	179150	179250	179145	179185	2763	32974	0
2026.07.10	13:33:00	179180	179215	179155	179195	1894	17716	0
2026.07.10	13:34:00	179200	179225	179160	179180	1678	16563	0
2026.07.10	13:35:00	179180	179185	179135	179145	2395	18583	0
2026.07.10	13:36:00	179145	179150	179080	179100	3672	33181	0
2026.07.10	13:37:00	179095	179140	179070	179110	2629	23924	0
2026.07.10	13:38:00	179110	179240	179100	179220	3252	36231	0
2026.07.10	13:39:00	179220	179280	179200	179235	3687	38928	0
2026.07.10	13:40:00	179240	179340	179210	179270	4097	46038	0
2026.07.10	13:41:00	179270	179300	179265	179285	1714	16729	0
2026.07.10	13:42:00	179285	179315	179270	179290	1434	16650	0
2026.07.10	13:43:00	179285	179330	179280	179310	1476	13596	0
2026.07.10	13:44:00	179310	179315	179245	179270	1780	18670	0
2026.07.10	13:45:00	179270	179315	179265	179275	1542	14022	0
2026.07.10	13:46:00	179275	179320	179270	179310	1318	14008	0
2026.07.10	13:47:00	179315	179475	179310	179425	6169	77011	0
2026.07.10	13:48:00	179425	179435	179385	179395	2572	24085	0
2026.07.10	13:49:00	179395	179410	179375	179390	1553	13232	0
2026.07.10	13:50:00	179385	179545	179385	179460	4271	56291	0
2026.07.10	13:51:00	179460	179490	179420	179430	2432	25865	0
2026.07.10	13:52:00	179430	179440	179380	179385	2227	23544	0
2026.07.10	13:53:00	179385	179390	179355	179375	2216	20270	0
2026.07.10	13:54:00	179375	179420	179365	179395	1775	18157	0
2026.07.10	13:55:00	179395	179405	179380	179385	954	9795	0
2026.07.10	13:56:00	179385	179470	179385	179445	2343	26750	0
2026.07.10	13:57:00	179450	179470	179435	179465	1304	9418	0
2026.07.10	13:58:00	179465	179495	179420	179425	1988	21100	0
2026.07.10	13:59:00	179425	179440	179355	179375	2552	25391	0
2026.07.10	14:00:00	179375	179395	179335	179355	2482	23674	0
2026.07.10	14:01:00	179355	179360	179260	179260	3708	36772	0
2026.07.10	14:02:00	179260	179295	179260	179280	2048	19215	0
2026.07.10	14:03:00	179280	179355	179280	179305	2240	23928	0
2026.07.10	14:04:00	179300	179355	179275	179340	2045	18037	0
2026.07.10	14:05:00	179340	179345	179305	179310	1262	8445	0
2026.07.10	14:06:00	179310	179450	179305	179420	2781	36129	0
2026.07.10	14:07:00	179415	179425	179370	179385	2162	19959	0
2026.07.10	14:08:00	179380	179400	179350	179355	1431	14674	0
2026.07.10	14:09:00	179350	179410	179340	179370	1674	16491	0
2026.07.10	14:10:00	179370	179385	179340	179365	1260	11245	0
2026.07.10	14:11:00	179365	179445	179360	179390	1852	17246	0
2026.07.10	14:12:00	179395	179410	179380	179400	915	6557	0
2026.07.10	14:13:00	179400	179400	179365	179380	781	7322	0
2026.07.10	14:14:00	179380	179430	179375	179415	1361	12258	0
2026.07.10	14:15:00	179415	179475	179335	179350	3108	35726	0
2026.07.10	14:16:00	179350	179365	179315	179325	2208	20407	0
2026.07.10	14:17:00	179325	179350	179300	179335	1782	14761	0
2026.07.10	14:18:00	179335	179350	179315	179345	985	7509	0
2026.07.10	14:19:00	179350	179365	179240	179250	3190	33851	0
2026.07.10	14:20:00	179255	179330	179250	179315	2655	27579	0
2026.07.10	14:21:00	179320	179375	179295	179360	2521	22976	0
2026.07.10	14:22:00	179360	179400	179355	179370	2227	31411	0
2026.07.10	14:23:00	179370	179385	179320	179345	1778	26217	0
2026.07.10	14:24:00	179345	179380	179325	179355	1214	13024	0
2026.07.10	14:25:00	179350	179365	179320	179355	1242	11324	0
2026.07.10	14:26:00	179350	179365	179335	179355	881	7616	0
2026.07.10	14:27:00	179355	179430	179335	179390	1843	23914	0
2026.07.10	14:28:00	179390	179400	179360	179385	1382	9629	0
2026.07.10	14:29:00	179385	179390	179345	179345	925	9178	0
2026.07.10	14:30:00	179350	179380	179325	179355	1671	16954	0
2026.07.10	14:31:00	179355	179380	179345	179360	955	8408	0
2026.07.10	14:32:00	179365	179410	179355	179365	1395	13407	0
2026.07.10	14:33:00	179365	179365	179320	179355	1328	14521	0
2026.07.10	14:34:00	179355	179365	179325	179360	1039	8402	0
2026.07.10	14:35:00	179365	179375	179340	179360	909	7565	0
2026.07.10	14:36:00	179360	179385	179350	179360	905	8534	0
2026.07.10	14:37:00	179355	179355	179320	179340	1180	12032	0
2026.07.10	14:38:00	179335	179350	179320	179350	728	9311	0
2026.07.10	14:39:00	179350	179350	179320	179325	578	4560	0
2026.07.10	14:40:00	179330	179375	179315	179350	1121	12035	0
2026.07.10	14:41:00	179355	179455	179330	179400	2243	32089	0
2026.07.10	14:42:00	179395	179400	179370	179390	1211	10763	0
2026.07.10	14:43:00	179395	179395	179375	179380	628	6680	0
2026.07.10	14:44:00	179385	179410	179380	179395	842	8736	0
2026.07.10	14:45:00	179390	179430	179375	179415	1407	12519	0
2026.07.10	14:46:00	179420	179420	179365	179370	1146	13765	0
2026.07.10	14:47:00	179370	179375	179325	179340	2030	23621	0
2026.07.10	14:48:00	179340	179360	179330	179350	892	8879	0
2026.07.10	14:49:00	179350	179360	179315	179330	948	8859	0
2026.07.10	14:50:00	179335	179350	179330	179345	683	6225	0
2026.07.10	14:51:00	179350	179355	179305	179335	1018	13249	0
2026.07.10	14:52:00	179335	179365	179325	179355	1007	11042	0
2026.07.10	14:53:00	179350	179375	179325	179350	878	10080	0
2026.07.10	14:54:00	179350	179360	179340	179350	504	3336	0
2026.07.10	14:55:00	179350	179395	179350	179370	1424	18046	0
2026.07.10	14:56:00	179370	179375	179285	179305	2228	23127	0
2026.07.10	14:57:00	179305	179310	179275	179295	1464	12015	0
2026.07.10	14:58:00	179290	179295	179240	179275	1986	22669	0
2026.07.10	14:59:00	179280	179335	179275	179335	1870	25784	0
2026.07.10	15:00:00	179330	179365	179325	179335	1519	18286	0
2026.07.10	15:01:00	179335	179455	179330	179420	3129	37599	0
2026.07.10	15:02:00	179420	179515	179405	179455	4074	51078	0
2026.07.10	15:03:00	179455	179505	179430	179445	2041	18433	0
2026.07.10	15:04:00	179450	179490	179440	179490	1592	15574	0
2026.07.10	15:05:00	179485	179510	179440	179510	2386	28357	0
2026.07.10	15:06:00	179510	179730	179505	179655	8436	121529	0
2026.07.10	15:07:00	179650	179665	179600	179610	2705	25224	0
2026.07.10	15:08:00	179605	179640	179595	179630	1569	14023	0
2026.07.10	15:09:00	179630	179705	179630	179690	2427	26612	0
2026.07.10	15:10:00	179690	179865	179675	179800	5768	79415	0
2026.07.10	15:11:00	179800	179805	179750	179775	2345	22750	0
2026.07.10	15:12:00	179780	179820	179755	179790	1791	19356	0
2026.07.10	15:13:00	179795	179835	179750	179815	2119	19733	0
2026.07.10	15:14:00	179820	179840	179795	179810	1944	16648	0
2026.07.10	15:15:00	179810	179825	179750	179755	2092	20873	0
2026.07.10	15:16:00	179760	179825	179750	179795	1971	17438	0
2026.07.10	15:17:00	179800	179940	179795	179870	4318	49642	0
2026.07.10	15:18:00	179870	179880	179835	179865	1765	15361	0
2026.07.10	15:19:00	179865	179885	179855	179860	1302	10367	0
2026.07.10	15:20:00	179855	179915	179850	179865	1953	18497	0
2026.07.10	15:21:00	179860	179870	179790	179795	2434	25505	0
2026.07.10	15:22:00	179800	179820	179770	179805	2125	22088	0
2026.07.10	15:23:00	179810	179850	179780	179805	1441	17586	0
2026.07.10	15:24:00	179800	179825	179735	179745	1780	20332	0
2026.07.10	15:25:00	179740	179795	179730	179755	2309	26111	0
2026.07.10	15:26:00	179750	179810	179725	179790	2150	22076	0
2026.07.10	15:27:00	179785	179790	179745	179745	1083	10634	0
2026.07.10	15:28:00	179745	179800	179745	179770	1116	11559	0
2026.07.10	15:29:00	179770	179785	179710	179735	2030	18434	0
2026.07.10	15:30:00	179735	179755	179710	179740	1342	11892	0
2026.07.10	15:31:00	179745	179785	179710	179745	1790	17215	0
2026.07.10	15:32:00	179745	179765	179710	179730	1291	11434	0
2026.07.10	15:33:00	179725	179740	179675	179700	1641	19275	0
2026.07.10	15:34:00	179700	179745	179690	179700	1542	15238	0
2026.07.10	15:35:00	179700	179715	179620	179655	2870	26711	0
2026.07.10	15:36:00	179650	179685	179645	179660	1364	11600	0
2026.07.10	15:37:00	179660	179660	179625	179640	1203	11433	0
2026.07.10	15:38:00	179640	179645	179590	179620	1992	19978	0
2026.07.10	15:39:00	179620	179625	179585	179615	1329	12057	0
2026.07.10	15:40:00	179615	179665	179585	179625	1792	21180	0
2026.07.10	15:41:00	179625	179635	179595	179630	1268	10851	0
2026.07.10	15:42:00	179625	179645	179615	179640	854	8168	0
2026.07.10	15:43:00	179640	179660	179615	179620	996	7889	0
2026.07.10	15:44:00	179620	179665	179590	179630	1394	16414	0
2026.07.10	15:45:00	179630	179650	179605	179625	1146	11955	0
2026.07.10	15:46:00	179620	179640	179595	179600	701	8145	0
2026.07.10	15:47:00	179600	179610	179550	179560	2084	22497	0
2026.07.10	15:48:00	179560	179560	179515	179540	2517	23757	0
2026.07.10	15:49:00	179540	179555	179510	179550	1228	10542	0
2026.07.10	15:50:00	179550	179570	179515	179540	1619	16536	0
2026.07.10	15:51:00	179535	179535	179480	179490	2009	24321	0
2026.07.10	15:52:00	179490	179500	179425	179455	2840	31089	0
2026.07.10	15:53:00	179450	179465	179410	179460	2114	18839	0
2026.07.10	15:54:00	179455	179520	179450	179490	1992	19630	0
2026.07.10	15:55:00	179490	179560	179485	179520	2168	26697	0
2026.07.10	15:56:00	179525	179530	179490	179500	1230	10759	0
2026.07.10	15:57:00	179495	179500	179435	179455	2326	22081	0
2026.07.10	15:58:00	179455	179485	179445	179470	1103	9370	0
2026.07.10	15:59:00	179470	179495	179460	179495	910	7588	0
2026.07.10	16:00:00	179490	179570	179470	179525	2742	28775	0
2026.07.10	16:01:00	179525	179535	179465	179465	1873	21206	0
2026.07.10	16:02:00	179465	179555	179425	179515	3078	43295	0
2026.07.10	16:03:00	179510	179560	179505	179560	1647	16695	0
2026.07.10	16:04:00	179560	179600	179545	179580	2368	26002	0
2026.07.10	16:05:00	179585	179715	179575	179690	4282	51632	0
2026.07.10	16:06:00	179690	179700	179650	179685	2029	19120	0
2026.07.10	16:07:00	179690	179690	179645	179660	1319	13648	0
2026.07.10	16:08:00	179660	179665	179610	179635	1399	16514	0
2026.07.10	16:09:00	179635	179655	179620	179645	834	7948	0
2026.07.10	16:10:00	179650	179665	179635	179650	855	7163	0
2026.07.10	16:11:00	179650	179685	179635	179650	1127	14060	0
2026.07.10	16:12:00	179650	179675	179615	179645	1082	11273	0
2026.07.10	16:13:00	179640	179650	179605	179620	1009	9710	0
2026.07.10	16:14:00	179620	179625	179565	179585	1726	20369	0
2026.07.10	16:15:00	179585	179595	179560	179585	1507	12039	0
2026.07.10	16:16:00	179580	179645	179580	179620	1663	19746	0
2026.07.10	16:17:00	179615	179620	179560	179575	1630	15295	0
2026.07.10	16:18:00	179575	179610	179570	179605	917	9357	0
2026.07.10	16:19:00	179600	179635	179575	179605	827	9685	0
2026.07.10	16:20:00	179605	179675	179590	179650	1639	20388	0
2026.07.10	16:21:00	179655	179665	179620	179620	1330	15125	0
2026.07.10	16:22:00	179625	179645	179605	179615	911	9681	0
2026.07.10	16:23:00	179615	179625	179595	179595	528	4814	0
2026.07.10	16:24:00	179595	179635	179585	179625	1089	8963	0
2026.07.10	16:25:00	179625	179760	179620	179690	2924	44201	0
2026.07.10	16:26:00	179690	179705	179670	179685	1337	12962	0
2026.07.10	16:27:00	179685	179700	179675	179675	847	8171	0
2026.07.10	16:28:00	179675	179685	179655	179660	864	7874	0
2026.07.10	16:29:00	179660	179720	179650	179685	1409	18939	0
2026.07.10	16:30:00	179680	179690	179650	179655	1068	10297	0
2026.07.10	16:31:00	179660	179700	179655	179675	923	11566	0
2026.07.10	16:32:00	179670	179720	179665	179700	1240	15530	0
2026.07.10	16:33:00	179695	179700	179665	179690	652	5380	0
2026.07.10	16:34:00	179685	179705	179675	179685	664	6629	0
2026.07.10	16:35:00	179680	179685	179630	179665	1505	21848	0
2026.07.10	16:36:00	179660	179680	179645	179670	622	6890	0
2026.07.10	16:37:00	179665	179675	179615	179620	1490	18270	0
2026.07.10	16:38:00	179620	179650	179605	179615	1164	11033	0
2026.07.10	16:39:00	179615	179665	179605	179645	1150	10202	0
2026.07.10	16:40:00	179650	179660	179625	179630	786	6659	0
2026.07.10	16:41:00	179630	179710	179620	179690	1721	23779	0
2026.07.10	16:42:00	179690	179715	179675	179690	1143	11605	0
2026.07.10	16:43:00	179690	179695	179675	179680	571	6850	0
2026.07.10	16:44:00	179675	179685	179650	179670	929	11529	0
2026.07.10	16:45:00	179665	179685	179655	179675	622	8774	0
2026.07.10	16:46:00	179675	179695	179670	179675	857	8696	0
2026.07.10	16:47:00	179675	179690	179665	179690	602	6037	0
2026.07.10	16:48:00	179690	179725	179675	179710	899	12948	0
2026.07.10	16:49:00	179710	179780	179685	179750	2059	29510	0
2026.07.10	16:50:00	179755	179820	179755	179800	3038	31277	0
2026.07.10	16:51:00	179800	179800	179735	179755	1781	19258	0
2026.07.10	16:52:00	179755	179765	179745	179755	956	11236	0
2026.07.10	16:53:00	179760	179760	179720	179735	1315	15416	0
2026.07.10	16:54:00	179730	179805	179730	179785	1371	15351	0
2026.07.10	16:55:00	179785	179910	179780	179905	3297	42537	0
2026.07.10	16:56:00	179900	179955	179885	179940	3259	37438	0
2026.07.10	16:57:00	179940	179950	179880	179885	2212	22219	0
2026.07.10	16:58:00	179885	179925	179880	179905	1373	17355	0
2026.07.10	16:59:00	179905	179945	179890	179925	1359	16202	0
2026.07.10	17:00:00	179925	180070	179905	180025	4670	53013	0
2026.07.10	17:01:00	180025	180095	179965	180065	3166	35127	0
2026.07.10	17:02:00	180070	180095	180000	180030	2526	30064	0
2026.07.10	17:03:00	180030	180045	179940	179950	1681	18741	0
2026.07.10	17:04:00	179950	179980	179930	179955	1794	15850	0
2026.07.10	17:05:00	179955	180095	179940	180085	2908	27483	0
2026.07.10	17:06:00	180080	180140	180065	180130	2943	24984	0
2026.07.10	17:07:00	180130	180135	180070	180085	2004	19407	0
2026.07.10	17:08:00	180090	180110	180050	180070	1274	12186	0
2026.07.10	17:09:00	180075	180085	180030	180065	1087	10254	0
2026.07.10	17:10:00	180070	180190	180005	180090	2279	33601	0
2026.07.10	17:11:00	180090	180355	180090	180285	5455	74451	0
2026.07.10	17:12:00	180285	180390	180245	180330	3467	36743	0
2026.07.10	17:13:00	180330	180340	180265	180280	1991	19797	0
2026.07.10	17:14:00	180280	180285	180245	180260	1420	11302	0
2026.07.10	17:15:00	180255	180315	180250	180285	1179	9872	0
2026.07.10	17:16:00	180285	180290	180245	180270	1057	7482	0
2026.07.10	17:17:00	180270	180325	180265	180305	1148	11412	0
2026.07.10	17:18:00	180305	180320	180255	180270	1133	10059	0
2026.07.10	17:19:00	180270	180290	180235	180275	1176	10195	0
2026.07.10	17:20:00	180275	180325	180270	180320	1300	9480	0
2026.07.10	17:21:00	180320	180370	180305	180355	1683	14942	0
2026.07.10	17:22:00	180350	180360	180315	180315	1061	9997	0
2026.07.10	17:23:00	180320	180325	180300	180310	675	5547	0
2026.07.10	17:24:00	180310	180330	180290	180320	512	6335	0
2026.07.10	17:25:00	180315	180495	180305	180435	3511	47071	0
2026.07.10	17:26:00	180440	180440	180410	180420	1100	10685	0
2026.07.10	17:27:00	180415	180445	180405	180410	804	8451	0
2026.07.10	17:28:00	180405	180420	180380	180410	912	11313	0
2026.07.10	17:29:00	180415	180425	180385	180400	792	7152	0
2026.07.10	17:30:00	180395	180400	180365	180400	1007	7743	0
2026.07.10	17:31:00	180395	180410	180385	180390	511	3453	0
2026.07.10	17:32:00	180390	180395	180350	180365	860	8106	0
2026.07.10	17:33:00	180365	180395	180365	180375	575	5545	0
2026.07.10	17:34:00	180375	180435	180370	180425	802	8872	0
2026.07.10	17:35:00	180425	180495	180410	180435	1825	20857	0
2026.07.10	17:36:00	180435	180440	180400	180405	1108	9188	0
2026.07.10	17:37:00	180405	180410	180380	180385	786	8644	0
2026.07.10	17:38:00	180385	180405	180380	180380	513	3193	0
2026.07.10	17:39:00	180380	180430	180380	180400	633	6605	0
2026.07.10	17:40:00	180400	180420	180385	180405	569	5483	0
2026.07.10	17:41:00	180405	180440	180400	180415	795	6878	0
2026.07.10	17:42:00	180415	180425	180405	180420	402	2974	0
2026.07.10	17:43:00	180415	180425	180405	180405	319	3019	0
2026.07.10	17:44:00	180405	180420	180400	180410	446	3421	0
2026.07.10	17:45:00	180405	180435	180400	180425	595	4004	0
2026.07.10	17:46:00	180420	180465	180415	180455	1257	9965	0
2026.07.10	17:47:00	180450	180460	180430	180445	707	4700	0
2026.07.10	17:48:00	180445	180535	180435	180480	1787	17889	0
2026.07.10	17:49:00	180475	180495	180445	180480	1237	11981	0
2026.07.10	17:50:00	180485	180595	180470	180540	2070	21356	0
2026.07.10	17:51:00	180540	180555	180525	180540	893	5733	0
2026.07.10	17:52:00	180540	180540	180480	180490	952	7492	0
2026.07.10	17:53:00	180495	180515	180485	180495	516	2688	0
2026.07.10	17:54:00	180495	180565	180495	180525	906	7487	0
2026.07.10	17:55:00	180525	180535	180515	180515	379	2805	0
2026.07.10	17:56:00	180515	180535	180510	180525	337	3100	0
2026.07.10	17:57:00	180520	180545	180515	180535	414	4857	0
2026.07.10	17:58:00	180530	180540	180500	180500	520	4055	0
2026.07.10	17:59:00	180505	180505	180415	180440	1677	14495	0
2026.07.10	18:00:00	180445	180495	180400	180400	1490	11518	0
2026.07.10	18:01:00	180405	180470	180400	180455	969	6164	0
2026.07.10	18:02:00	180445	180485	180440	180480	624	3623	0
2026.07.10	18:03:00	180480	180490	180465	180470	420	1764	0
2026.07.10	18:04:00	180470	180485	180445	180480	463	2072	0
2026.07.10	18:05:00	180475	180670	180465	180550	2320	24729	0
2026.07.10	18:06:00	180550	180590	180545	180555	803	4790	0
2026.07.10	18:07:00	180560	180570	180525	180530	627	3172	0
2026.07.10	18:08:00	180535	180550	180465	180530	1193	8981	0
2026.07.10	18:09:00	180530	180540	180450	180495	1014	7338	0
2026.07.10	18:10:00	180495	180510	180470	180480	481	3040	0
2026.07.10	18:11:00	180490	180650	180475	180600	1682	16759	0
2026.07.10	18:12:00	180595	180635	180555	180580	772	4913	0
2026.07.10	18:13:00	180585	180585	180515	180540	745	6461	0
2026.07.10	18:14:00	180540	180585	180465	180495	1154	10917	0
2026.07.10	18:15:00	180500	180625	180485	180580	1365	10527	0
2026.07.10	18:16:00	180590	180665	180565	180605	1106	9537	0
2026.07.10	18:17:00	180615	180615	180565	180575	480	2637	0
2026.07.10	18:18:00	180565	180590	180525	180535	466	3816	0
2026.07.10	18:19:00	180535	180580	180520	180545	552	4474	0
2026.07.10	18:20:00	180560	180620	180545	180610	484	4038	0
2026.07.10	18:21:00	180615	180615	180575	180585	162	1357	0
2026.07.10	18:22:00	180575	180625	180555	180610	432	4095	0
2026.07.10	18:23:00	180605	180650	180600	180600	330	2793	0
2026.07.10	18:24:00	180600	180620	180575	180605	215	1519	0
2026.07.10	18:31:00	180515	180515	180515	180515	101	8686	0
2026.07.13	09:03:00	179670	180235	179475	179985	27410	240901	0
2026.07.13	09:04:00	179985	180180	179540	179695	23872	162846	0
2026.07.13	09:05:00	179695	179935	179635	179745	12097	80215	0
2026.07.13	09:06:00	179740	179970	179700	179920	8735	64478	0
2026.07.13	09:07:00	179915	179985	179715	179820	7786	52832	0
2026.07.13	09:08:00	179825	179960	179700	179915	7721	62217	0
2026.07.13	09:09:00	179915	179985	179730	179745	6774	46618	0
2026.07.13	09:10:00	179740	179895	179700	179765	6483	51141	0
2026.07.13	09:11:00	179760	179795	179700	179725	4250	35999	0
2026.07.13	09:12:00	179730	179755	179520	179675	9698	82391	0
2026.07.13	09:13:00	179675	179775	179660	179725	4403	32150	0
2026.07.13	09:14:00	179730	179765	179585	179675	4615	31302	0
2026.07.13	09:15:00	179675	179830	179645	179700	6768	58216	0
2026.07.13	09:16:00	179705	179785	179680	179755	3646	30491	0
2026.07.13	09:17:00	179755	180075	179740	179945	11566	101790	0
2026.07.13	09:18:00	179950	180025	179905	180010	5018	36697	0
2026.07.13	09:19:00	180005	180065	179785	179790	7704	62758	0
2026.07.13	09:20:00	179785	179845	179680	179735	8886	70995	0
2026.07.13	09:21:00	179740	179770	179615	179705	5886	51172	0
2026.07.13	09:22:00	179705	179770	179680	179725	3589	28406	0
2026.07.13	09:23:00	179725	179735	179640	179715	3440	27267	0
2026.07.13	09:24:00	179715	179730	179540	179665	5858	50716	0
2026.07.13	09:25:00	179665	179745	179660	179725	4265	34845	0
2026.07.13	09:26:00	179725	179750	179620	179725	3323	27931	0
2026.07.13	09:27:00	179725	179735	179620	179650	2855	22450	0
2026.07.13	09:28:00	179645	179700	179605	179680	2482	21423	0
2026.07.13	09:29:00	179680	179910	179655	179855	5666	55805	0
2026.07.13	09:30:00	179850	180000	179850	179880	8265	60723	0
2026.07.13	09:31:00	179880	179915	179800	179870	5221	42451	0
2026.07.13	09:32:00	179865	179895	179775	179860	3792	30460	0
2026.07.13	09:33:00	179855	179920	179765	179795	4630	37579	0
2026.07.13	09:34:00	179800	179875	179800	179840	2487	21428	0
2026.07.13	09:35:00	179840	179855	179750	179800	3129	25756	0
2026.07.13	09:36:00	179795	179805	179725	179770	3210	26235	0
2026.07.13	09:37:00	179775	179885	179770	179810	3761	36231	0
2026.07.13	09:38:00	179810	179875	179795	179835	1836	15150	0
2026.07.13	09:39:00	179830	179845	179790	179840	1325	11371	0
2026.07.13	09:40:00	179840	179990	179835	179940	5436	47251	0
2026.07.13	09:41:00	179940	180045	179890	180000	3817	36699	0
2026.07.13	09:42:00	180005	180160	179970	180005	9792	89532	0
2026.07.13	09:43:00	180005	180060	179955	179970	4162	33249	0
2026.07.13	09:44:00	179970	180115	179950	180065	5992	51585	0
2026.07.13	09:45:00	180065	180105	179900	179960	6569	50615	0
2026.07.13	09:46:00	179965	180045	179940	179970	4040	34548	0
2026.07.13	09:47:00	179970	180110	179970	180105	4666	35788	0
2026.07.13	09:48:00	180105	180120	179990	180050	4138	33402	0
2026.07.13	09:49:00	180050	180115	180045	180080	3147	23591	0
2026.07.13	09:50:00	180080	180120	179990	180010	3982	33188	0
2026.07.13	09:51:00	180010	180020	179870	179920	6738	62034	0
2026.07.13	09:52:00	179925	180005	179815	179965	6374	54969	0
2026.07.13	09:53:00	179970	180000	179900	179930	2874	25410	0
2026.07.13	09:54:00	179930	180015	179905	179980	3023	26218	0
2026.07.13	09:55:00	179980	180220	179955	180105	9238	88590	0
2026.07.13	09:56:00	180110	180165	180030	180100	4209	40387	0
2026.07.13	09:57:00	180095	180120	180040	180110	2884	22301	0
2026.07.13	09:58:00	180110	180155	180030	180105	3793	32365	0
2026.07.13	09:59:00	180105	180185	180075	180145	3365	27770	0
2026.07.13	10:00:00	180150	180245	179945	180050	11749	118913	0
2026.07.13	10:01:00	180055	180125	179750	179845	13305	125604	0
2026.07.13	10:02:00	179850	179900	179735	179795	6979	58167	0
2026.07.13	10:03:00	179790	179930	179715	179885	8048	84763	0
2026.07.13	10:04:00	179885	180040	179880	179970	7503	74118	0
2026.07.13	10:05:00	179970	180035	179920	179995	4356	33869	0
2026.07.13	10:06:00	179990	180025	179900	179925	4657	40900	0
2026.07.13	10:07:00	179925	180025	179770	179815	7674	72943	0
2026.07.13	10:08:00	179810	179900	179780	179845	5251	45847	0
2026.07.13	10:09:00	179840	179880	179605	179665	9339	92562	0
2026.07.13	10:10:00	179665	179965	179665	179900	11447	117894	0
2026.07.13	10:11:00	179905	180090	179855	180015	8414	79105	0
2026.07.13	10:12:00	180015	180035	179940	180005	4257	44076	0
2026.07.13	10:13:00	180000	180165	179975	180070	6745	62010	0
2026.07.13	10:14:00	180065	180075	179925	179950	5434	48705	0
2026.07.13	10:15:00	179950	179975	179830	179950	6346	62510	0
2026.07.13	10:16:00	179950	180030	179865	179885	6368	57822	0
2026.07.13	10:17:00	179880	179910	179820	179885	4147	32041	0
2026.07.13	10:18:00	179880	179925	179775	179820	4663	41805	0
2026.07.13	10:19:00	179825	179880	179705	179750	5698	49834	0
2026.07.13	10:20:00	179745	179850	179700	179840	5499	46392	0
2026.07.13	10:21:00	179845	179965	179800	179930	5992	55284	0
2026.07.13	10:22:00	179935	179960	179825	179900	3844	38024	0
2026.07.13	10:23:00	179895	179900	179825	179860	2105	15219	0
2026.07.13	10:24:00	179855	179925	179810	179830	3069	24031	0
2026.07.13	10:25:00	179830	179845	179640	179680	7693	67808	0
2026.07.13	10:26:00	179680	179710	179565	179630	5800	56260	0
2026.07.13	10:27:00	179630	179635	179345	179425	10708	106531	0
2026.07.13	10:28:00	179425	179500	179400	179460	4991	45393	0
2026.07.13	10:29:00	179460	179625	179420	179495	7586	71491	0
2026.07.13	10:30:00	179490	179780	179455	179685	12159	118998	0
2026.07.13	10:31:00	179690	179850	179610	179690	8920	87446	0
2026.07.13	10:32:00	179690	179730	179640	179700	4755	41805	0
2026.07.13	10:33:00	179695	179800	179650	179705	5362	48027	0
2026.07.13	10:34:00	179700	179920	179670	179830	7787	75205	0
2026.07.13	10:35:00	179825	179840	179540	179570	9453	94774	0
2026.07.13	10:36:00	179570	179700	179495	179520	7465	65595	0
2026.07.13	10:37:00	179520	179580	179470	179560	5331	47264	0
2026.07.13	10:38:00	179555	179600	179445	179455	5480	50854	0
2026.07.13	10:39:00	179460	179470	179060	179155	15167	149619	0
2026.07.13	10:40:00	179155	179255	179060	179120	9587	81757	0
2026.07.13	10:41:00	179125	179205	179035	179060	7202	60467	0
2026.07.13	10:42:00	179065	179125	178955	179095	8523	80349	0
2026.07.13	10:43:00	179100	179245	179095	179195	7721	71827	0
2026.07.13	10:44:00	179195	179385	179175	179300	8356	76862	0
2026.07.13	10:45:00	179305	179370	179245	179335	5883	48059	0
2026.07.13	10:46:00	179335	179430	179270	179310	6277	61695	0
2026.07.13	10:47:00	179310	179400	179215	179385	4910	42867	0
2026.07.13	10:48:00	179385	179415	179290	179320	4339	35619	0
2026.07.13	10:49:00	179315	179370	179270	179310	2804	23136	0
2026.07.13	10:50:00	179310	179370	179080	179160	7842	75389	0
2026.07.13	10:51:00	179165	179225	179135	179225	5600	35482	0
2026.07.13	10:52:00	179225	179365	179190	179340	5945	55063	0
2026.07.13	10:53:00	179340	179465	179295	179395	5716	60429	0
2026.07.13	10:54:00	179395	179565	179390	179520	7712	65859	0
2026.07.13	10:55:00	179525	179585	179485	179520	5085	42667	0
2026.07.13	10:56:00	179515	179585	179425	179485	5309	43153	0
2026.07.13	10:57:00	179485	179575	179435	179570	5073	50622	0
2026.07.13	10:58:00	179565	179570	179410	179490	4259	40091	0
2026.07.13	10:59:00	179490	179505	179425	179455	2792	23687	0
2026.07.13	11:00:00	179450	179495	179300	179315	8065	77751	0
2026.07.13	11:01:00	179315	179325	179185	179215	8761	72403	0
2026.07.13	11:02:00	179210	179250	179145	179230	5140	48919	0
2026.07.13	11:03:00	179230	179335	179160	179295	5332	44956	0
2026.07.13	11:04:00	179295	179300	179135	179180	5205	45342	0
2026.07.13	11:05:00	179180	179195	179085	179120	5316	39882	0
2026.07.13	11:06:00	179115	179250	179065	179195	6069	50613	0
2026.07.13	11:07:00	179200	179235	179050	179100	5021	40764	0
2026.07.13	11:08:00	179100	179220	179095	179140	4053	33686	0
2026.07.13	11:09:00	179145	179220	179080	179130	3531	27893	0
2026.07.13	11:10:00	179130	179265	179100	179220	4267	36774	0
2026.07.13	11:11:00	179220	179345	179215	179305	5626	49272	0
2026.07.13	11:12:00	179305	179320	179200	179250	3664	31304	0
2026.07.13	11:13:00	179250	179270	179115	179180	3708	33457	0
2026.07.13	11:14:00	179175	179250	179145	179195	3631	34062	0
2026.07.13	11:15:00	179195	179255	179150	179170	3410	24867	0
2026.07.13	11:16:00	179165	179235	178750	178925	10657	150384	0
2026.07.13	11:17:00	178925	179000	178690	178900	14667	136656	0
2026.07.13	11:18:00	178900	179115	178890	179035	9872	87940	0
2026.07.13	11:19:00	179040	179095	178925	178985	5336	42774	0
2026.07.13	11:20:00	178980	179020	178855	178920	5634	43921	0
2026.07.13	11:21:00	178920	178955	178780	178830	6179	56542	0
2026.07.13	11:22:00	178830	178890	178795	178860	3624	33347	0
2026.07.13	11:23:00	178860	178930	178815	178825	3841	31152	0
2026.07.13	11:24:00	178830	178970	178800	178915	4298	32845	0
2026.07.13	11:25:00	178915	179005	178895	178965	3970	32993	0
2026.07.13	11:26:00	178960	179070	178950	178960	5161	44425	0
2026.07.13	11:27:00	178960	179000	178920	178985	2764	21129	0
2026.07.13	11:28:00	178990	179040	178970	179015	2269	17412	0
2026.07.13	11:29:00	179020	179035	178960	178995	1918	15583	0
2026.07.13	11:30:00	178995	179020	178965	178980	2237	17039	0
2026.07.13	11:31:00	178980	179065	178940	178965	3532	31037	0
2026.07.13	11:32:00	178960	179015	178925	179000	2771	21855	0
2026.07.13	11:33:00	178995	179050	178955	179030	2326	19100	0
2026.07.13	11:34:00	179030	179055	178960	178970	2161	20749	0
2026.07.13	11:35:00	178965	179000	178870	178900	4530	39006	0
2026.07.13	11:36:00	178895	178950	178835	178855	4505	33896	0
2026.07.13	11:37:00	178850	178870	178755	178795	5160	44440	0
2026.07.13	11:38:00	178790	178815	178710	178765	4425	39924	0
2026.07.13	11:39:00	178770	178790	178720	178755	2536	19125	0
2026.07.13	11:40:00	178755	178780	178680	178735	4653	39955	0
2026.07.13	11:41:00	178740	178760	178565	178605	6150	60980	0
2026.07.13	11:42:00	178605	178610	178535	178580	4775	39174	0
2026.07.13	11:43:00	178575	178580	178495	178500	4681	39409	0
2026.07.13	11:44:00	178500	178630	178490	178600	4448	39127	0
2026.07.13	11:45:00	178595	178635	178535	178620	3939	33878	0
2026.07.13	11:46:00	178625	178760	178580	178730	6526	58840	0
2026.07.13	11:47:00	178730	178735	178665	178695	2900	53291	0
2026.07.13	11:48:00	178695	178740	178680	178715	2192	20025	0
2026.07.13	11:49:00	178715	178740	178670	178705	1616	14696	0
2026.07.13	11:50:00	178705	178755	178670	178695	2154	20663	0
2026.07.13	11:51:00	178700	178715	178650	178680	3009	22307	0
2026.07.13	11:52:00	178675	178705	178625	178640	2750	24349	0
2026.07.13	11:53:00	178640	178755	178610	178735	3581	34922	0
2026.07.13	11:54:00	178735	178740	178640	178680	2790	22720	0
2026.07.13	11:55:00	178680	178745	178645	178735	1978	17125	0
2026.07.13	11:56:00	178730	178755	178700	178710	2287	19922	0
2026.07.13	11:57:00	178715	178740	178640	178665	2072	21423	0
2026.07.13	11:58:00	178665	178720	178660	178695	1633	13507	0
2026.07.13	11:59:00	178700	178795	178685	178775	2127	28534	0
2026.07.13	12:00:00	178775	178850	178710	178760	6506	56657	0
2026.07.13	12:01:00	178760	178800	178700	178725	2648	24032	0
2026.07.13	12:02:00	178725	178725	178645	178695	3177	28972	0
2026.07.13	12:03:00	178695	178740	178675	178725	1916	17292	0
2026.07.13	12:04:00	178725	178750	178625	178680	2290	22562	0
2026.07.13	12:05:00	178680	178730	178675	178725	1920	16179	0
2026.07.13	12:06:00	178720	178725	178600	178630	2902	28444	0
2026.07.13	12:07:00	178630	178635	178550	178575	4289	35142	0
2026.07.13	12:08:00	178575	178575	178465	178495	5058	49542	0
2026.07.13	12:09:00	178490	178520	178440	178475	3445	31755	0
2026.07.13	12:10:00	178480	178500	178450	178460	2632	21262	0
2026.07.13	12:11:00	178460	178470	178310	178320	5374	53926	0
2026.07.13	12:12:00	178320	178395	178290	178370	5176	43230	0
2026.07.13	12:13:00	178370	178385	178325	178355	2175	17550	0
2026.07.13	12:14:00	178350	178360	178320	178350	1863	14557	0
2026.07.13	12:15:00	178355	178385	178320	178370	2401	19930	0
2026.07.13	12:16:00	178370	178385	178325	178355	2035	16903	0
2026.07.13	12:17:00	178360	178450	178340	178435	3718	35805	0
2026.07.13	12:18:00	178430	178495	178385	178430	4299	41114	0
2026.07.13	12:19:00	178430	178435	178335	178380	2985	30387	0
2026.07.13	12:20:00	178380	178395	178345	178380	1816	18373	0
2026.07.13	12:21:00	178385	178390	178280	178350	4307	47407	0
2026.07.13	12:22:00	178350	178375	178305	178345	2153	20454	0
2026.07.13	12:23:00	178350	178445	178340	178435	3107	30172	0
2026.07.13	12:24:00	178440	178520	178420	178440	4350	41034	0
2026.07.13	12:25:00	178440	178450	178390	178415	2410	21236	0
2026.07.13	12:26:00	178420	178430	178375	178375	1706	15547	0
2026.07.13	12:27:00	178380	178415	178365	178405	1492	13327	0
2026.07.13	12:28:00	178405	178485	178390	178460	2344	23959	0
2026.07.13	12:29:00	178460	178485	178450	178470	1402	12356	0
2026.07.13	12:30:00	178475	178585	178445	178530	4588	49637	0
2026.07.13	12:31:00	178525	178595	178510	178520	3544	33404	0
2026.07.13	12:32:00	178520	178540	178485	178505	2191	21796	0
2026.07.13	12:33:00	178510	178530	178490	178515	1249	11877	0
2026.07.13	12:34:00	178510	178520	178460	178475	2407	21292	0
2026.07.13	12:35:00	178475	178510	178440	178490	2256	27832	0
2026.07.13	12:36:00	178490	178500	178430	178445	1908	17838	0
2026.07.13	12:37:00	178440	178470	178405	178465	3175	28248	0
2026.07.13	12:38:00	178465	178470	178405	178430	1713	12773	0
2026.07.13	12:39:00	178425	178445	178410	178415	1242	7943	0
2026.07.13	12:40:00	178415	178480	178395	178480	2372	23280	0
2026.07.13	12:41:00	178475	178505	178440	178445	2677	25356	0
2026.07.13	12:42:00	178440	178460	178420	178435	1400	10742	0
2026.07.13	12:43:00	178435	178455	178410	178425	1135	8509	0
2026.07.13	12:44:00	178425	178440	178390	178425	1357	11890	0
2026.07.13	12:45:00	178425	178535	178415	178520	3170	28914	0
2026.07.13	12:46:00	178520	178555	178475	178475	2702	25575	0
2026.07.13	12:47:00	178475	178520	178440	178455	1822	17105	0
2026.07.13	12:48:00	178450	178470	178440	178445	1103	7961	0
2026.07.13	12:49:00	178445	178475	178410	178445	1937	16598	0
2026.07.13	12:50:00	178445	178450	178390	178420	2086	21630	0
2026.07.13	12:51:00	178415	178435	178355	178365	2354	21607	0
2026.07.13	12:52:00	178365	178395	178355	178385	1701	14699	0
2026.07.13	12:53:00	178385	178450	178370	178440	1922	18890	0
2026.07.13	12:54:00	178440	178445	178395	178405	1228	7687	0
2026.07.13	12:55:00	178405	178415	178340	178370	2097	22870	0
2026.07.13	12:56:00	178365	178370	178290	178310	3363	33938	0
2026.07.13	12:57:00	178310	178315	178265	178285	2692	24297	0
2026.07.13	12:58:00	178280	178345	178250	178315	3884	38876	0
2026.07.13	12:59:00	178320	178370	178310	178365	2063	20445	0
2026.07.13	13:00:00	178360	178425	178360	178395	3230	33686	0
2026.07.13	13:01:00	178400	178420	178350	178380	1883	21747	0
2026.07.13	13:02:00	178375	178450	178360	178410	2105	19949	0
2026.07.13	13:03:00	178410	178415	178370	178385	1147	15261	0
2026.07.13	13:04:00	178385	178405	178355	178400	1192	13075	0
2026.07.13	13:05:00	178395	178410	178375	178390	845	10763	0
2026.07.13	13:06:00	178390	178415	178370	178395	939	10062	0
2026.07.13	13:07:00	178395	178395	178320	178360	2008	21438	0
2026.07.13	13:08:00	178360	178395	178340	178365	1114	9039	0
2026.07.13	13:09:00	178360	178365	178320	178355	1267	11598	0
2026.07.13	13:10:00	178350	178445	178335	178430	2595	25252	0
2026.07.13	13:11:00	178430	178435	178405	178420	1195	8271	0
2026.07.13	13:12:00	178425	178435	178370	178385	1389	17415	0
2026.07.13	13:13:00	178385	178390	178360	178375	915	7028	0
2026.07.13	13:14:00	178375	178390	178340	178380	1052	10439	0
2026.07.13	13:15:00	178380	178395	178335	178345	1619	15577	0
2026.07.13	13:16:00	178345	178345	178280	178290	2653	26335	0
2026.07.13	13:17:00	178290	178315	178255	178280	2078	18075	0
2026.07.13	13:18:00	178285	178295	178230	178255	2233	20370	0
2026.07.13	13:19:00	178255	178330	178245	178320	2431	29393	0
2026.07.13	13:20:00	178320	178340	178295	178325	1872	16953	0
2026.07.13	13:21:00	178325	178360	178280	178300	2031	22285	0
2026.07.13	13:22:00	178300	178330	178265	178310	1625	17239	0
2026.07.13	13:23:00	178310	178380	178295	178365	2323	24404	0
2026.07.13	13:24:00	178360	178400	178330	178335	1699	15981	0
2026.07.13	13:25:00	178330	178360	178305	178340	1272	13504	0
2026.07.13	13:26:00	178335	178345	178255	178275	2263	22458	0
2026.07.13	13:27:00	178280	178320	178275	178310	1113	19373	0
2026.07.13	13:28:00	178315	178350	178300	178330	1350	15852	0
2026.07.13	13:29:00	178330	178335	178240	178270	2460	38082	0
2026.07.13	13:30:00	178275	178300	178220	178280	2830	33943	0
2026.07.13	13:31:00	178280	178305	178215	178280	2588	29608	0
2026.07.13	13:32:00	178285	178305	178255	178285	1134	10113	0
2026.07.13	13:33:00	178285	178290	178080	178105	5220	78977	0
2026.07.13	13:34:00	178110	178115	178060	178085	4590	40194	0
2026.07.13	13:35:00	178090	178115	178015	178065	4620	57469	0
2026.07.13	13:36:00	178065	178075	178015	178055	2498	27207	0
2026.07.13	13:37:00	178055	178105	178050	178080	2433	23595	0
2026.07.13	13:38:00	178075	178110	178055	178110	2057	21249	0
2026.07.13	13:39:00	178110	178170	178100	178145	3567	35568	0
2026.07.13	13:40:00	178140	178145	178080	178085	2447	24299	0
2026.07.13	13:41:00	178085	178195	178085	178180	3258	32581	0
2026.07.13	13:42:00	178180	178200	178155	178190	1772	15713	0
2026.07.13	13:43:00	178190	178200	178160	178180	1135	8996	0
2026.07.13	13:44:00	178185	178210	178170	178205	985	12626	0
2026.07.13	13:45:00	178205	178285	178195	178200	3982	45893	0
2026.07.13	13:46:00	178200	178205	178130	178140	3494	33312	0
2026.07.13	13:47:00	178140	178145	178105	178115	1934	21560	0
2026.07.13	13:48:00	178120	178125	178075	178105	2296	24341	0
2026.07.13	13:49:00	178105	178110	178020	178060	3113	34424	0
2026.07.13	13:50:00	178060	178070	177865	177920	7308	83988	0
2026.07.13	13:51:00	177920	177950	177890	177925	3021	27952	0
2026.07.13	13:52:00	177925	177980	177900	177965	2910	26894	0
2026.07.13	13:53:00	177965	177965	177925	177945	1445	13410	0
2026.07.13	13:54:00	177950	177950	177890	177910	2108	19020	0
2026.07.13	13:55:00	177915	177920	177835	177910	3983	39382	0
2026.07.13	13:56:00	177910	177925	177860	177880	1786	20801	0
2026.07.13	13:57:00	177880	177930	177870	177930	1770	16119	0
2026.07.13	13:58:00	177930	177935	177845	177860	2275	19594	0
2026.07.13	13:59:00	177865	177875	177815	177860	3067	29347	0
2026.07.13	14:00:00	177860	177890	177830	177850	2295	20982	0
2026.07.13	14:01:00	177850	177855	177785	177790	3235	25901	0
2026.07.13	14:02:00	177795	177845	177790	177825	2200	17946	0
2026.07.13	14:03:00	177820	177855	177815	177835	1552	16066	0
2026.07.13	14:04:00	177835	177845	177780	177785	2257	20266	0
2026.07.13	14:05:00	177785	177830	177755	177820	2456	29052	0
2026.07.13	14:06:00	177820	177835	177770	177795	1841	16540	0
2026.07.13	14:07:00	177795	177855	177790	177835	2129	19724	0
2026.07.13	14:08:00	177835	177870	177805	177850	1913	19638	0
2026.07.13	14:09:00	177850	177860	177830	177850	1092	8906	0
2026.07.13	14:10:00	177850	177890	177830	177850	1733	22677	0
2026.07.13	14:11:00	177850	177970	177845	177955	4552	50138	0
2026.07.13	14:12:00	177955	177980	177895	177980	2833	29315	0
2026.07.13	14:13:00	177980	178015	177955	177960	2768	25742	0
2026.07.13	14:14:00	177960	177980	177960	177970	1077	9019	0
2026.07.13	14:15:00	177965	178005	177955	177985	1702	16148	0
2026.07.13	14:16:00	177985	178015	177970	178005	1798	13891	0
2026.07.13	14:17:00	178010	178025	177995	177995	1569	14813	0
2026.07.13	14:18:00	178000	178065	177975	178035	2718	31307	0
2026.07.13	14:19:00	178040	178040	177980	178010	1787	18954	0
2026.07.13	14:20:00	178005	178015	177920	177925	3092	31949	0
2026.07.13	14:21:00	177925	177945	177890	177945	3905	33872	0
2026.07.13	14:22:00	177940	178005	177930	177975	2557	25321	0
2026.07.13	14:23:00	177975	177985	177870	177890	2362	24983	0
2026.07.13	14:24:00	177895	177915	177825	177845	3597	34480	0
2026.07.13	14:25:00	177845	177870	177735	177765	4746	52512	0
2026.07.13	14:26:00	177760	177775	177725	177735	2755	22521	0
2026.07.13	14:27:00	177735	177750	177695	177745	3063	26797	0
2026.07.13	14:28:00	177745	177750	177710	177735	1574	12474	0
2026.07.13	14:29:00	177735	177740	177675	177695	2504	26128	0
2026.07.13	14:30:00	177690	177715	177655	177695	2752	27392	0
2026.07.13	14:31:00	177695	177700	177615	177640	3642	34072	0
2026.07.13	14:32:00	177640	177725	177600	177710	3960	44342	0
2026.07.13	14:33:00	177705	177745	177650	177670	2970	31291	0
2026.07.13	14:34:00	177670	177715	177650	177700	1854	18226	0
2026.07.13	14:35:00	177700	177770	177680	177760	2492	26460	0
2026.07.13	14:36:00	177760	177775	177685	177700	2199	25204	0
2026.07.13	14:37:00	177695	177720	177680	177695	1397	12369	0
2026.07.13	14:38:00	177695	177700	177665	177695	1204	10307	0
2026.07.13	14:39:00	177690	177710	177640	177670	2090	22513	0
2026.07.13	14:40:00	177665	177670	177610	177645	2785	25169	0
2026.07.13	14:41:00	177650	177655	177555	177620	3418	40342	0
2026.07.13	14:42:00	177625	177660	177615	177630	1741	14348	0
2026.07.13	14:43:00	177630	177695	177610	177660	2193	21137	0
2026.07.13	14:44:00	177665	177680	177650	177660	904	6921	0
2026.07.13	14:45:00	177655	177760	177655	177740	3605	34469	0
2026.07.13	14:46:00	177740	177745	177680	177685	1954	21299	0
2026.07.13	14:47:00	177685	177745	177675	177705	1633	17109	0
2026.07.13	14:48:00	177700	177715	177645	177670	1721	19520	0
2026.07.13	14:49:00	177665	177680	177645	177660	1294	9059	0
2026.07.13	14:50:00	177655	177675	177590	177605	2690	29494	0
2026.07.13	14:51:00	177610	177615	177505	177545	5122	54868	0
2026.07.13	14:52:00	177550	177595	177485	177585	3986	42368	0
2026.07.13	14:53:00	177580	177615	177560	177575	2186	24268	0
2026.07.13	14:54:00	177575	177600	177540	177580	1784	18388	0
2026.07.13	14:55:00	177575	177585	177540	177570	1466	12506	0
2026.07.13	14:56:00	177565	177570	177515	177525	1741	18547	0
2026.07.13	14:57:00	177525	177580	177460	177490	3793	43366	0
2026.07.13	14:58:00	177495	177570	177475	177560	2937	36793	0
2026.07.13	14:59:00	177560	177570	177530	177540	1568	13893	0
2026.07.13	15:00:00	177540	177655	177525	177635	3415	38340	0
2026.07.13	15:01:00	177640	177645	177565	177580	2280	20086	0
2026.07.13	15:02:00	177585	177620	177555	177580	1709	16816	0
2026.07.13	15:03:00	177580	177605	177555	177600	1310	11692	0
2026.07.13	15:04:00	177595	177630	177530	177545	1970	24115	0
2026.07.13	15:05:00	177545	177665	177540	177665	2523	27406	0
2026.07.13	15:06:00	177665	177675	177600	177650	3168	28402	0
2026.07.13	15:07:00	177650	177660	177610	177630	1323	12842	0
2026.07.13	15:08:00	177630	177645	177575	177590	1708	18695	0
2026.07.13	15:09:00	177590	177595	177520	177545	2708	30601	0
2026.07.13	15:10:00	177550	177550	177455	177465	3848	40039	0
2026.07.13	15:11:00	177470	177470	177410	177440	3565	37245	0
2026.07.13	15:12:00	177440	177475	177425	177465	1940	17990	0
2026.07.13	15:13:00	177460	177580	177460	177575	4071	44842	0
2026.07.13	15:14:00	177575	177590	177530	177545	2109	17878	0
2026.07.13	15:15:00	177540	177555	177500	177525	1970	19483	0
2026.07.13	15:16:00	177530	177545	177510	177525	1211	17363	0
2026.07.13	15:17:00	177525	177590	177510	177560	1940	25812	0
2026.07.13	15:18:00	177560	177580	177505	177525	1412	15913	0
2026.07.13	15:19:00	177520	177525	177450	177485	2831	30309	0
2026.07.13	15:20:00	177485	177515	177460	177490	1610	16259	0
2026.07.13	15:21:00	177490	177510	177460	177490	1208	14036	0
2026.07.13	15:22:00	177490	177495	177460	177475	1147	11785	0
2026.07.13	15:23:00	177470	177545	177465	177535	1746	16573	0
2026.07.13	15:24:00	177530	177535	177485	177510	1149	10904	0
2026.07.13	15:25:00	177515	177565	177485	177555	1600	17449	0
2026.07.13	15:26:00	177555	177580	177535	177535	1623	16710	0
2026.07.13	15:27:00	177540	177580	177515	177515	1468	15276	0
2026.07.13	15:28:00	177515	177560	177505	177540	1214	15506	0
2026.07.13	15:29:00	177535	177540	177490	177525	1388	12525	0
2026.07.13	15:30:00	177525	177535	177490	177525	1100	10502	0
2026.07.13	15:31:00	177525	177615	177525	177610	2847	29865	0
2026.07.13	15:32:00	177605	177620	177560	177570	1972	18622	0
2026.07.13	15:33:00	177575	177615	177570	177585	1306	11345	0
2026.07.13	15:34:00	177580	177585	177540	177560	1365	14022	0
2026.07.13	15:35:00	177555	177625	177550	177595	1719	15024	0
2026.07.13	15:36:00	177595	177625	177585	177605	1304	14446	0
2026.07.13	15:37:00	177605	177645	177585	177620	1619	15823	0
2026.07.13	15:38:00	177625	177770	177620	177690	5421	64479	0
2026.07.13	15:39:00	177690	177715	177650	177660	2038	19073	0
2026.07.13	15:40:00	177655	177700	177635	177690	2538	21950	0
2026.07.13	15:41:00	177690	177730	177675	177705	1795	18442	0
2026.07.13	15:42:00	177700	177715	177670	177680	1302	13097	0
2026.07.13	15:43:00	177685	177720	177665	177670	1253	13341	0
2026.07.13	15:44:00	177665	177690	177650	177660	1295	13820	0
2026.07.13	15:45:00	177665	177740	177650	177685	2683	37101	0
2026.07.13	15:46:00	177685	177700	177665	177675	912	7934	0
2026.07.13	15:47:00	177675	177760	177660	177725	2377	22904	0
2026.07.13	15:48:00	177720	177730	177680	177700	1208	11237	0
2026.07.13	15:49:00	177700	177730	177695	177720	822	8425	0
2026.07.13	15:50:00	177720	177740	177690	177725	1290	14858	0
2026.07.13	15:51:00	177725	177760	177710	177745	1554	19688	0
2026.07.13	15:52:00	177745	177755	177715	177740	899	8600	0
2026.07.13	15:53:00	177735	177770	177720	177750	1181	21967	0
2026.07.13	15:54:00	177755	177755	177695	177705	1324	13607	0
2026.07.13	15:55:00	177705	177730	177665	177680	1778	19984	0
2026.07.13	15:56:00	177680	177710	177675	177675	1353	13241	0
2026.07.13	15:57:00	177675	177695	177665	177670	1210	9997	0
2026.07.13	15:58:00	177670	177715	177660	177710	1440	16505	0
2026.07.13	15:59:00	177710	177795	177695	177765	2660	35843	0
2026.07.13	16:00:00	177765	177795	177675	177690	3536	37474	0
2026.07.13	16:01:00	177695	177850	177685	177850	2948	36381	0
2026.07.13	16:02:00	177850	177880	177830	177860	4080	37648	0
2026.07.13	16:03:00	177865	177900	177845	177860	2581	23407	0
2026.07.13	16:04:00	177855	177895	177835	177880	1433	16226	0
2026.07.13	16:05:00	177880	177885	177845	177845	1337	13334	0
2026.07.13	16:06:00	177850	177860	177785	177800	2776	24831	0
2026.07.13	16:07:00	177800	177810	177775	177785	1489	12881	0
2026.07.13	16:08:00	177785	177815	177770	177815	1259	10787	0
2026.07.13	16:09:00	177815	177825	177760	177775	1668	14067	0
2026.07.13	16:10:00	177775	177785	177725	177775	2259	25525	0
2026.07.13	16:11:00	177775	177805	177760	177785	1642	16358	0
2026.07.13	16:12:00	177780	177800	177765	177765	866	8328	0
2026.07.13	16:13:00	177770	177815	177760	177805	1197	11437	0
2026.07.13	16:14:00	177800	177815	177780	177785	948	10245	0
2026.07.13	16:15:00	177780	177810	177760	177810	1286	12185	0
2026.07.13	16:16:00	177810	177825	177760	177790	1358	14684	0
2026.07.13	16:17:00	177795	177825	177785	177800	1096	8585	0
2026.07.13	16:18:00	177800	177810	177770	177800	958	9048	0
2026.07.13	16:19:00	177800	177815	177780	177785	701	6599	0
2026.07.13	16:20:00	177785	177810	177730	177800	1947	20190	0
2026.07.13	16:21:00	177800	177815	177775	177785	1179	14329	0
2026.07.13	16:22:00	177785	177785	177735	177740	1492	15904	0
2026.07.13	16:23:00	177740	177755	177615	177650	5324	71692	0
2026.07.13	16:24:00	177650	177705	177645	177685	2084	23107	0
2026.07.13	16:25:00	177690	177695	177620	177645	2215	25216	0
2026.07.13	16:26:00	177645	177655	177570	177590	3566	39293	0
2026.07.13	16:27:00	177595	177595	177535	177535	2451	25923	0
2026.07.13	16:28:00	177540	177565	177510	177550	2919	27854	0
2026.07.13	16:29:00	177550	177555	177500	177515	2092	21910	0
2026.07.13	16:30:00	177510	177530	177410	177420	3452	41256	0
2026.07.13	16:31:00	177420	177470	177415	177465	2700	25248	0
2026.07.13	16:32:00	177465	177495	177450	177465	2032	19966	0
2026.07.13	16:33:00	177460	177485	177435	177465	1249	14517	0
2026.07.13	16:34:00	177470	177500	177445	177495	1426	15371	0
2026.07.13	16:35:00	177495	177510	177385	177440	3559	42040	0
2026.07.13	16:36:00	177435	177465	177425	177440	1432	13977	0
2026.07.13	16:37:00	177440	177510	177415	177490	2169	26763	0
2026.07.13	16:38:00	177485	177495	177430	177440	1645	16179	0
2026.07.13	16:39:00	177440	177465	177425	177460	1011	7876	0
2026.07.13	16:40:00	177460	177545	177435	177530	2865	33048	0
2026.07.13	16:41:00	177530	177570	177510	177520	2170	22860	0
2026.07.13	16:42:00	177515	177540	177510	177525	868	7222	0
2026.07.13	16:43:00	177530	177560	177495	177520	1433	15989	0
2026.07.13	16:44:00	177515	177540	177510	177535	866	7954	0
2026.07.13	16:45:00	177530	177545	177490	177525	1480	15014	0
2026.07.13	16:46:00	177520	177590	177515	177555	1888	20526	0
2026.07.13	16:47:00	177555	177575	177530	177570	1239	14933	0
2026.07.13	16:48:00	177570	177590	177555	177575	1123	14124	0
2026.07.13	16:49:00	177580	177615	177575	177615	1942	20916	0
2026.07.13	16:50:00	177615	177630	177575	177590	1877	22705	0
2026.07.13	16:51:00	177590	177600	177575	177595	941	10030	0
2026.07.13	16:52:00	177595	177625	177590	177610	1118	9651	0
2026.07.13	16:53:00	177610	177625	177585	177590	1213	11392	0
2026.07.13	16:54:00	177595	177600	177470	177495	3033	39309	0
2026.07.13	16:55:00	177500	177500	177460	177480	2517	23049	0
2026.07.13	16:56:00	177480	177485	177420	177430	2305	20660	0
2026.07.13	16:57:00	177430	177455	177400	177440	2593	29330	0
2026.07.13	16:58:00	177440	177450	177425	177445	1033	9666	0
2026.07.13	16:59:00	177450	177475	177425	177455	1687	17299	0
2026.07.13	17:00:00	177450	177570	177440	177535	3853	42924	0
2026.07.13	17:01:00	177535	177600	177525	177600	2482	22777	0
2026.07.13	17:02:00	177595	177680	177590	177640	3838	39121	0
2026.07.13	17:03:00	177645	177690	177600	177600	2312	22926	0
2026.07.13	17:04:00	177600	177625	177575	177580	2110	18638	0
2026.07.13	17:05:00	177580	177605	177560	177580	1709	13738	0
2026.07.13	17:06:00	177580	177645	177575	177605	1759	13807	0
2026.07.13	17:07:00	177610	177665	177605	177635	1476	13926	0
2026.07.13	17:08:00	177635	177655	177620	177655	1017	8996	0
2026.07.13	17:09:00	177655	177665	177630	177635	940	8277	0
2026.07.13	17:10:00	177630	177635	177470	177485	4851	51328	0
2026.07.13	17:11:00	177480	177500	177405	177415	3276	32349	0
2026.07.13	17:12:00	177410	177425	177345	177375	3646	35295	0
2026.07.13	17:13:00	177370	177390	177330	177360	1977	16224	0
2026.07.13	17:14:00	177360	177415	177320	177330	2291	22069	0
2026.07.13	17:15:00	177330	177375	177260	177270	2915	32895	0
2026.07.13	17:16:00	177270	177300	177230	177275	3601	35134	0
2026.07.13	17:17:00	177280	177295	177210	177235	2768	29352	0
2026.07.13	17:18:00	177235	177285	177210	177260	1731	17473	0
2026.07.13	17:19:00	177265	177330	177235	177270	1945	23028	0
2026.07.13	17:20:00	177270	177280	177235	177250	1218	10863	0
2026.07.13	17:21:00	177255	177265	177225	177265	925	8161	0
2026.07.13	17:22:00	177265	177275	177210	177260	1297	14167	0
2026.07.13	17:23:00	177260	177280	177235	177250	945	8653	0
2026.07.13	17:24:00	177255	177345	177250	177300	2255	23813	0
2026.07.13	17:25:00	177300	177330	177300	177315	1007	8841	0
2026.07.13	17:26:00	177315	177320	177265	177275	1131	10560	0
2026.07.13	17:27:00	177275	177295	177260	177280	793	6531	0
2026.07.13	17:28:00	177280	177315	177260	177310	718	8090	0
2026.07.13	17:29:00	177310	177325	177285	177300	696	5880	0
2026.07.13	17:30:00	177300	177310	177275	177285	898	5745	0
2026.07.13	17:31:00	177290	177295	177270	177280	507	3747	0
2026.07.13	17:32:00	177285	177295	177255	177265	716	5515	0
2026.07.13	17:33:00	177270	177275	177215	177240	1309	13690	0
2026.07.13	17:34:00	177240	177260	177235	177240	761	6300	0
2026.07.13	17:35:00	177245	177260	177235	177235	487	2825	0
2026.07.13	17:36:00	177235	177235	177170	177225	2180	22795	0
2026.07.13	17:37:00	177220	177245	177215	177235	760	6087	0
2026.07.13	17:38:00	177240	177255	177230	177245	638	5918	0
2026.07.13	17:39:00	177250	177250	177190	177200	1050	11048	0
2026.07.13	17:40:00	177195	177200	177095	177125	3309	35849	0
2026.07.13	17:41:00	177125	177140	177110	177125	1127	9951	0
2026.07.13	17:42:00	177130	177150	177110	177130	935	6599	0
2026.07.13	17:43:00	177130	177135	177075	177105	1574	15347	0
2026.07.13	17:44:00	177100	177110	177080	177105	1010	6155	0
2026.07.13	17:45:00	177105	177105	177080	177085	652	3753	0
2026.07.13	17:46:00	177085	177150	177085	177115	1273	12879	0
2026.07.13	17:47:00	177120	177130	177110	177115	527	3225	0
2026.07.13	17:48:00	177120	177130	177110	177120	445	2375	0
2026.07.13	17:49:00	177120	177125	177100	177105	438	3090	0
2026.07.13	17:50:00	177110	177115	177055	177080	1496	16175	0
2026.07.13	17:51:00	177075	177105	177070	177085	727	5393	0
2026.07.13	17:52:00	177085	177100	177070	177085	492	2865	0
2026.07.13	17:53:00	177080	177095	177075	177085	338	3160	0
2026.07.13	17:54:00	177090	177135	177060	177115	943	11247	0
2026.07.13	17:55:00	177115	177130	177085	177130	1051	9102	0
2026.07.13	17:56:00	177130	177145	177120	177130	862	5882	0
2026.07.13	17:57:00	177135	177150	177125	177130	487	3603	0
2026.07.13	17:58:00	177130	177145	177125	177130	495	3629	0
2026.07.13	17:59:00	177125	177140	177095	177125	728	7326	0
2026.07.13	18:00:00	177120	177145	177115	177130	602	3704	0
2026.07.13	18:01:00	177130	177140	177105	177110	475	4126	0
2026.07.13	18:02:00	177115	177115	176990	177035	2708	26414	0
2026.07.13	18:03:00	177035	177065	177025	177040	899	7280	0
2026.07.13	18:04:00	177040	177050	177015	177030	562	4471	0
2026.07.13	18:05:00	177035	177085	177030	177070	1017	6110	0
2026.07.13	18:06:00	177070	177095	177070	177080	528	3157	0
2026.07.13	18:07:00	177080	177135	177065	177115	1173	9292	0
2026.07.13	18:08:00	177115	177180	177100	177160	1218	10353	0
2026.07.13	18:09:00	177155	177185	177145	177170	1216	7572	0
2026.07.13	18:10:00	177170	177175	177110	177140	1100	6553	0
2026.07.13	18:11:00	177135	177155	177130	177135	540	4140	0
2026.07.13	18:12:00	177135	177155	177130	177150	373	2332	0
2026.07.13	18:13:00	177150	177205	177135	177190	1090	8408	0
2026.07.13	18:14:00	177190	177195	177120	177150	1062	8352	0
2026.07.13	18:15:00	177150	177230	177145	177225	1530	13199	0
2026.07.13	18:16:00	177220	177225	177200	177225	723	4189	0
2026.07.13	18:17:00	177225	177285	177220	177270	1019	9732	0
2026.07.13	18:18:00	177270	177290	177245	177290	641	4729	0
2026.07.13	18:19:00	177295	177325	177245	177275	881	8377	0
2026.07.13	18:20:00	177280	177325	177265	177325	511	4213	0
2026.07.13	18:21:00	177325	177345	177315	177345	278	2472	0
2026.07.13	18:22:00	177345	177355	177295	177295	413	3245	0
2026.07.13	18:23:00	177295	177310	177190	177220	658	9999	0
2026.07.13	18:24:00	177220	177225	177140	177140	289	2503	0
2026.07.13	18:31:00	177400	177400	177400	177400	102	24483	0
2026.07.14	09:02:00	178140	178255	178005	178080	4148	82623	0
2026.07.14	09:03:00	178085	178255	177785	178060	24070	162835	0
2026.07.14	09:04:00	178060	178335	178000	178095	15484	115280	0
2026.07.14	09:05:00	178095	178110	177820	177830	11498	84860	0
2026.07.14	09:06:00	177830	177920	177700	177750	10352	78442	0
2026.07.14	09:07:00	177755	177790	177340	177345	12422	104357	0
2026.07.14	09:08:00	177350	177490	177285	177415	11562	98336	0
2026.07.14	09:09:00	177420	177635	177365	177620	8520	68942	0
2026.07.14	09:10:00	177620	177665	177545	177585	6620	49798	0
2026.07.14	09:11:00	177585	177635	177455	177460	7104	57267	0
2026.07.14	09:12:00	177455	177610	177445	177560	5369	39198	0
2026.07.14	09:13:00	177555	177665	177540	177605	4805	36049	0
2026.07.14	09:14:00	177605	177750	177600	177620	5418	43310	0
2026.07.14	09:15:00	177620	177735	177605	177720	5670	37835	0
2026.07.14	09:16:00	177715	177870	177715	177795	8497	67168	0
2026.07.14	09:17:00	177790	177805	177705	177775	4602	38155	0
2026.07.14	09:18:00	177780	177820	177555	177610	7476	66940	0
2026.07.14	09:19:00	177605	177655	177540	177610	4847	45246	0
2026.07.14	09:20:00	177610	177770	177590	177620	7619	60539	0
2026.07.14	09:21:00	177625	177650	177580	177590	3025	23187	0
2026.07.14	09:22:00	177590	177675	177545	177645	3817	35628	0
2026.07.14	09:23:00	177650	177885	177630	177835	8306	67753	0
2026.07.14	09:24:00	177840	177850	177730	177830	4600	40183	0
2026.07.14	09:25:00	177825	177910	177600	177630	8247	72089	0
2026.07.14	09:26:00	177620	177665	177365	177450	10263	85544	0
2026.07.14	09:27:00	177450	177600	177440	177590	5844	41654	0
2026.07.14	09:28:00	177585	177625	177535	177560	3267	22164	0
2026.07.14	09:29:00	177565	177700	177400	177545	4830	37164	0
2026.07.14	09:30:00	177535	179210	177490	179085	34998	277565	0
2026.07.14	09:31:00	179090	179220	178825	178875	15662	116670	0
2026.07.14	09:32:00	178870	178880	178685	178740	10179	72619	0
2026.07.14	09:33:00	178735	178790	178575	178660	8405	66005	0
2026.07.14	09:34:00	178665	178840	178585	178600	9593	88822	0
2026.07.14	09:35:00	178600	178625	178455	178545	9292	79313	0
2026.07.14	09:36:00	178545	178555	178290	178335	8276	72289	0
2026.07.14	09:37:00	178330	178415	178285	178415	6365	62254	0
2026.07.14	09:38:00	178415	178750	178375	178680	12605	112044	0
2026.07.14	09:39:00	178680	178685	178565	178635	5322	46130	0
2026.07.14	09:40:00	178640	178720	178565	178590	5883	49824	0
2026.07.14	09:41:00	178590	178705	178550	178650	4914	36801	0
2026.07.14	09:42:00	178645	178685	178520	178655	5489	46659	0
2026.07.14	09:43:00	178655	178690	178460	178480	5222	45330	0
2026.07.14	09:44:00	178480	178495	178365	178430	6225	51780	0
2026.07.14	09:45:00	178425	178465	178335	178375	6014	57615	0
2026.07.14	09:46:00	178370	178380	178235	178250	6959	65818	0
2026.07.14	09:47:00	178245	178315	178210	178295	4715	41123	0
2026.07.14	09:48:00	178295	178340	178175	178235	5216	48596	0
2026.07.14	09:49:00	178230	178335	178205	178295	3653	28875	0
2026.07.14	09:50:00	178295	178500	178265	178420	6912	61101	0
2026.07.14	09:51:00	178425	178480	178330	178380	4946	36330	0
2026.07.14	09:52:00	178380	178435	178300	178335	4200	34246	0
2026.07.14	09:53:00	178340	178480	178335	178365	5417	47965	0
2026.07.14	09:54:00	178370	178395	178280	178350	3998	32388	0
2026.07.14	09:55:00	178355	178480	178350	178380	4912	39472	0
2026.07.14	09:56:00	178380	178380	178270	178315	3602	29571	0
2026.07.14	09:57:00	178310	178320	178210	178265	3957	32514	0
2026.07.14	09:58:00	178260	178335	178205	178285	3323	28433	0
2026.07.14	09:59:00	178285	178340	178210	178235	3090	25106	0
2026.07.14	10:00:00	178235	178280	178100	178140	8448	85330	0
2026.07.14	10:01:00	178135	178615	178135	178610	13075	123201	0
2026.07.14	10:02:00	178605	178670	178425	178465	8700	69251	0
2026.07.14	10:03:00	178465	178485	178325	178420	6001	49376	0
2026.07.14	10:04:00	178415	178485	178375	178445	4032	30423	0
2026.07.14	10:05:00	178445	178545	178345	178395	6556	57087	0
2026.07.14	10:06:00	178400	178500	178390	178470	3845	31265	0
2026.07.14	10:07:00	178475	178500	178350	178450	4272	34608	0
2026.07.14	10:08:00	178450	178490	178365	178435	3494	30096	0
2026.07.14	10:09:00	178440	178445	178330	178390	4468	55201	0
2026.07.14	10:10:00	178385	178415	178290	178410	4484	45300	0
2026.07.14	10:11:00	178410	178450	178215	178285	6675	63835	0
2026.07.14	10:12:00	178285	178320	178035	178095	8892	82008	0
2026.07.14	10:13:00	178095	178160	178020	178145	6580	56690	0
2026.07.14	10:14:00	178145	178160	178010	178050	4607	38913	0
2026.07.14	10:15:00	178045	178080	177860	177875	11470	115665	0
2026.07.14	10:16:00	177880	177940	177760	177905	8958	91897	0
2026.07.14	10:17:00	177905	178225	177900	178140	12460	122466	0
2026.07.14	10:18:00	178140	178160	177945	177950	7856	81897	0
2026.07.14	10:19:00	177945	178025	177910	177955	5586	45239	0
2026.07.14	10:20:00	177955	177985	177755	177945	8771	76513	0
2026.07.14	10:21:00	177945	178195	177915	178165	9659	85631	0
2026.07.14	10:22:00	178170	178195	178055	178155	4869	40955	0
2026.07.14	10:23:00	178160	178275	178155	178240	7169	60682	0
2026.07.14	10:24:00	178240	178350	178210	178240	7572	67587	0
2026.07.14	10:25:00	178240	178265	178040	178100	7536	67075	0
2026.07.14	10:26:00	178095	178120	178050	178070	2635	18361	0
2026.07.14	10:27:00	178075	178110	177960	178045	5209	48196	0
2026.07.14	10:28:00	178040	178080	177950	177995	3636	32651	0
2026.07.14	10:29:00	177995	178050	177890	177955	4544	43075	0
2026.07.14	10:30:00	177955	178535	177945	178495	16568	166249	0
2026.07.14	10:31:00	178490	178535	178305	178360	9253	94134	0
2026.07.14	10:32:00	178360	178420	178165	178275	8777	81408	0
2026.07.14	10:33:00	178275	178415	178250	178275	6052	48639	0
2026.07.14	10:34:00	178270	178555	178245	178435	9152	81541	0
2026.07.14	10:35:00	178440	178490	178265	178275	7262	63159	0
2026.07.14	10:36:00	178280	178290	178080	178145	8190	81175	0
2026.07.14	10:37:00	178140	178270	178125	178200	5170	44276	0
2026.07.14	10:38:00	178195	178280	178130	178265	4318	35381	0
2026.07.14	10:39:00	178270	178385	178195	178350	7282	66104	0
2026.07.14	10:40:00	178355	178485	178315	178345	7200	66031	0
2026.07.14	10:41:00	178345	178455	178330	178405	3923	30487	0
2026.07.14	10:42:00	178410	178425	178265	178345	5719	50935	0
2026.07.14	10:43:00	178345	178480	178335	178435	4375	40711	0
2026.07.14	10:44:00	178440	178530	178330	178375	5481	50076	0
2026.07.14	10:45:00	178375	178375	178195	178270	6420	59530	0
2026.07.14	10:46:00	178270	178440	178240	178395	6012	52411	0
2026.07.14	10:47:00	178395	178440	178245	178360	4762	44522	0
2026.07.14	10:48:00	178365	178485	178230	178235	5835	63414	0
2026.07.14	10:49:00	178240	178380	178215	178370	4448	40415	0
2026.07.14	10:50:00	178370	178545	178345	178475	7001	62963	0
2026.07.14	10:51:00	178480	178505	178405	178455	3303	28977	0
2026.07.14	10:52:00	178450	178465	178290	178365	5635	55036	0
2026.07.14	10:53:00	178365	178525	178365	178460	3997	33209	0
2026.07.14	10:54:00	178460	178610	178395	178530	6996	67880	0
2026.07.14	10:55:00	178530	178580	178480	178540	4092	33970	0
2026.07.14	10:56:00	178545	178685	178530	178565	6903	62829	0
2026.07.14	10:57:00	178565	178720	178545	178630	4877	44707	0
2026.07.14	10:58:00	178635	178695	178600	178635	3371	27394	0
2026.07.14	10:59:00	178640	178675	178590	178635	2637	22171	0
2026.07.14	11:00:00	178640	178820	178585	178800	6571	55817	0
2026.07.14	11:01:00	178805	178970	178755	178870	10414	91040	0
2026.07.14	11:02:00	178875	178880	178685	178750	6462	56081	0
2026.07.14	11:03:00	178750	178785	178610	178690	6298	53229	0
2026.07.14	11:04:00	178690	178700	178595	178600	4745	34350	0
2026.07.14	11:05:00	178605	178725	178525	178710	7301	70395	0
2026.07.14	11:06:00	178710	178855	178705	178850	7426	58631	0
2026.07.14	11:07:00	178850	178870	178770	178800	4133	33496	0
2026.07.14	11:08:00	178805	178880	178740	178825	4466	38672	0
2026.07.14	11:09:00	178825	178835	178680	178710	3982	37590	0
2026.07.14	11:10:00	178705	178730	178400	178550	10175	106717	0
2026.07.14	11:11:00	178545	178570	178505	178530	3472	21417	0
2026.07.14	11:12:00	178525	178600	178480	178480	3927	31567	0
2026.07.14	11:13:00	178485	178540	178400	178450	4255	30614	0
2026.07.14	11:14:00	178450	178525	178375	178470	4649	36671	0
2026.07.14	11:15:00	178470	178515	178335	178365	5767	51164	0
2026.07.14	11:16:00	178370	178405	178145	178250	10248	100554	0
2026.07.14	11:17:00	178250	178335	178230	178325	4189	33006	0
2026.07.14	11:18:00	178325	178395	178295	178355	4145	37338	0
2026.07.14	11:19:00	178355	178390	178225	178235	3656	35802	0
2026.07.14	11:20:00	178235	178365	178205	178330	4388	32609	0
2026.07.14	11:21:00	178330	178470	178325	178435	5073	44798	0
2026.07.14	11:22:00	178440	178570	178410	178550	5475	55094	0
2026.07.14	11:23:00	178555	178625	178445	178495	6591	61448	0
2026.07.14	11:24:00	178500	178560	178420	178420	4051	35315	0
2026.07.14	11:25:00	178420	178435	178260	178280	6429	60060	0
2026.07.14	11:26:00	178275	178355	178205	178275	5454	57432	0
2026.07.14	11:27:00	178270	178315	178230	178295	3475	27230	0
2026.07.14	11:28:00	178290	178305	178185	178245	3407	25785	0
2026.07.14	11:29:00	178240	178280	178190	178230	2771	22996	0
2026.07.14	11:30:00	178235	178345	178230	178265	4058	34705	0
2026.07.14	11:31:00	178265	178400	178265	178360	3676	31982	0
2026.07.14	11:32:00	178360	178495	178345	178455	5268	48273	0
2026.07.14	11:33:00	178460	178555	178400	178500	4548	40177	0
2026.07.14	11:34:00	178500	178795	178495	178595	9544	115133	0
2026.07.14	11:35:00	178590	178625	178555	178610	3376	24716	0
2026.07.14	11:36:00	178610	178640	178535	178550	3234	23132	0
2026.07.14	11:37:00	178545	178605	178510	178575	3279	23499	0
2026.07.14	11:38:00	178580	178625	178445	178500	4492	38729	0
2026.07.14	11:39:00	178495	178520	178380	178385	4062	34355	0
2026.07.14	11:40:00	178385	178415	178210	178240	6360	55149	0
2026.07.14	11:41:00	178250	178255	178070	178135	7082	64388	0
2026.07.14	11:42:00	178140	178175	178090	178110	3430	26995	0
2026.07.14	11:43:00	178115	178130	178060	178095	2704	22713	0
2026.07.14	11:44:00	178095	178135	178050	178085	2723	20473	0
2026.07.14	11:45:00	178090	178115	178025	178040	3594	29143	0
2026.07.14	11:46:00	178040	178060	177905	177940	6370	52853	0
2026.07.14	11:47:00	177940	178005	177915	177985	3350	28669	0
2026.07.14	11:48:00	177980	178035	177950	178035	2844	27373	0
2026.07.14	11:49:00	178040	178150	178015	178095	5819	54183	0
2026.07.14	11:50:00	178090	178100	178000	178055	3369	28733	0
2026.07.14	11:51:00	178050	178115	178045	178095	2903	25019	0
2026.07.14	11:52:00	178090	178105	177980	178040	3062	24223	0
2026.07.14	11:53:00	178040	178090	177975	178035	3088	24509	0
2026.07.14	11:54:00	178030	178050	177990	178025	1473	11807	0
2026.07.14	11:55:00	178025	178175	178005	178115	3716	34417	0
2026.07.14	11:56:00	178120	178120	178050	178080	2572	21504	0
2026.07.14	11:57:00	178080	178170	178065	178125	2941	25715	0
2026.07.14	11:58:00	178130	178135	178070	178080	1792	17665	0
2026.07.14	11:59:00	178075	178100	178035	178080	2198	19443	0
2026.07.14	12:00:00	178085	178095	177975	177990	3718	32487	0
2026.07.14	12:01:00	177985	178045	177870	177900	4470	49089	0
2026.07.14	12:02:00	177905	177950	177855	177905	4540	37678	0
2026.07.14	12:03:00	177905	178000	177870	177950	3549	34588	0
2026.07.14	12:04:00	177950	178305	177900	178105	10666	131037	0
2026.07.14	12:05:00	178110	178110	177990	178055	4992	39639	0
2026.07.14	12:06:00	178055	178215	178045	178190	5265	45382	0
2026.07.14	12:07:00	178185	178220	178140	178150	3024	23543	0
2026.07.14	12:08:00	178150	178280	178140	178255	3647	28888	0
2026.07.14	12:09:00	178260	178285	178155	178205	3474	31361	0
2026.07.14	12:10:00	178205	178270	178130	178235	3476	26512	0
2026.07.14	12:11:00	178240	178315	178215	178270	3356	31208	0
2026.07.14	12:12:00	178270	178315	178235	178295	2529	21999	0
2026.07.14	12:13:00	178295	178335	178250	178300	2399	20624	0
2026.07.14	12:14:00	178295	178420	178270	178415	3684	31002	0
2026.07.14	12:15:00	178410	178445	178380	178405	3689	28208	0
2026.07.14	12:16:00	178405	178405	178335	178375	2678	22114	0
2026.07.14	12:17:00	178375	178460	178365	178435	3075	25496	0
2026.07.14	12:18:00	178435	178490	178410	178430	3158	27825	0
2026.07.14	12:19:00	178430	178490	178410	178420	2203	15492	0
2026.07.14	12:20:00	178425	178430	178245	178245	5677	56518	0
2026.07.14	12:21:00	178245	178350	178245	178315	2930	24733	0
2026.07.14	12:22:00	178315	178370	178280	178290	1984	21312	0
2026.07.14	12:23:00	178290	178330	178280	178295	1330	11770	0
2026.07.14	12:24:00	178290	178330	178280	178325	1178	8776	0
2026.07.14	12:25:00	178330	178390	178320	178350	2522	23236	0
2026.07.14	12:26:00	178350	178360	178285	178290	1947	19383	0
2026.07.14	12:27:00	178295	178385	178260	178360	2572	25920	0
2026.07.14	12:28:00	178355	178390	178285	178330	2239	21632	0
2026.07.14	12:29:00	178330	178345	178255	178290	1978	20743	0
2026.07.14	12:30:00	178295	178360	178285	178330	1789	20354	0
2026.07.14	12:31:00	178330	178390	178295	178330	1986	21793	0
2026.07.14	12:32:00	178335	178350	178260	178275	2004	21719	0
2026.07.14	12:33:00	178270	178300	178210	178220	3118	34214	0
2026.07.14	12:34:00	178220	178275	178165	178235	2987	32683	0
2026.07.14	12:35:00	178235	178260	178175	178250	2557	24396	0
2026.07.14	12:36:00	178250	178260	178210	178235	1401	12258	0
2026.07.14	12:37:00	178230	178235	178175	178225	1866	19230	0
2026.07.14	12:38:00	178225	178240	178155	178170	1773	21811	0
2026.07.14	12:39:00	178170	178175	178130	178140	2316	18608	0
2026.07.14	12:40:00	178135	178145	178015	178040	4019	42934	0
2026.07.14	12:41:00	178040	178050	177965	178010	3300	31897	0
2026.07.14	12:42:00	178010	178035	177925	178010	3429	33321	0
2026.07.14	12:43:00	178010	178020	177955	178005	1621	13711	0
2026.07.14	12:44:00	178000	178085	178000	178080	3188	33998	0
2026.07.14	12:45:00	178080	178110	178050	178090	1959	15947	0
2026.07.14	12:46:00	178085	178130	178070	178105	2014	19286	0
2026.07.14	12:47:00	178100	178225	178100	178210	3473	36518	0
2026.07.14	12:48:00	178215	178240	178160	178190	2953	28488	0
2026.07.14	12:49:00	178190	178200	178145	178165	1386	13956	0
2026.07.14	12:50:00	178165	178175	177985	178005	4771	46905	0
2026.07.14	12:51:00	178000	178055	177965	178010	2976	27998	0
2026.07.14	12:52:00	178010	178020	177975	178000	1557	11773	0
2026.07.14	12:53:00	178000	178025	177950	177965	1831	15679	0
2026.07.14	12:54:00	177965	177995	177950	177955	1408	11237	0
2026.07.14	12:55:00	177955	177990	177925	177945	2189	19752	0
2026.07.14	12:56:00	177950	177975	177940	177945	1236	12902	0
2026.07.14	12:57:00	177945	177965	177875	177895	2858	28427	0
2026.07.14	12:58:00	177900	177915	177865	177890	1825	17173	0
2026.07.14	12:59:00	177890	177925	177875	177910	1625	13036	0
2026.07.14	13:00:00	177910	177945	177785	177820	5623	56028	0
2026.07.14	13:01:00	177825	177860	177785	177830	2026	19411	0
2026.07.14	13:02:00	177835	177845	177775	177810	2095	20507	0
2026.07.14	13:03:00	177810	177830	177710	177745	3523	34756	0
2026.07.14	13:04:00	177740	177790	177725	177770	2240	22121	0
2026.07.14	13:05:00	177775	177800	177720	177740	2749	31951	0
2026.07.14	13:06:00	177745	177755	177675	177705	3602	40105	0
2026.07.14	13:07:00	177705	177705	177560	177615	5436	58303	0
2026.07.14	13:08:00	177610	177705	177605	177680	2992	27926	0
2026.07.14	13:09:00	177685	177810	177670	177775	4300	38132	0
2026.07.14	13:10:00	177775	177805	177730	177755	2567	24299	0
2026.07.14	13:11:00	177755	177780	177730	177775	1305	11589	0
2026.07.14	13:12:00	177775	177880	177750	177870	2317	37803	0
2026.07.14	13:13:00	177870	177995	177865	177970	5869	50391	0
2026.07.14	13:14:00	177970	177975	177885	177915	2939	30201	0
2026.07.14	13:15:00	177915	177935	177845	177870	2670	25051	0
2026.07.14	13:16:00	177865	177970	177845	177960	3024	26229	0
2026.07.14	13:17:00	177965	177980	177930	177955	1984	18555	0
2026.07.14	13:18:00	177950	178000	177945	177965	2059	16835	0
2026.07.14	13:19:00	177970	177975	177930	177940	1182	11695	0
2026.07.14	13:20:00	177945	177970	177930	177945	1169	10980	0
2026.07.14	13:21:00	177950	177965	177910	177955	1523	15371	0
2026.07.14	13:22:00	177955	177980	177910	177950	1618	18548	0
2026.07.14	13:23:00	177950	177965	177930	177955	762	9100	0
2026.07.14	13:24:00	177960	178025	177935	177965	2270	22542	0
2026.07.14	13:25:00	177965	177975	177930	177935	1263	11548	0
2026.07.14	13:26:00	177940	177960	177920	177935	1158	8715	0
2026.07.14	13:27:00	177935	177950	177925	177945	720	5913	0
2026.07.14	13:28:00	177950	177965	177915	177945	851	7006	0
2026.07.14	13:29:00	177945	177965	177930	177955	631	4957	0
2026.07.14	13:30:00	177960	178015	177945	178000	1685	16215	0
2026.07.14	13:31:00	178000	178050	177985	178035	2810	29684	0
2026.07.14	13:32:00	178040	178065	178000	178005	1814	13876	0
2026.07.14	13:33:00	178010	178030	177975	177990	1417	13575	0
2026.07.14	13:34:00	177990	178030	177985	178010	998	10067	0
2026.07.14	13:35:00	178010	178020	177965	177995	1266	13728	0
2026.07.14	13:36:00	177995	178010	177985	178010	689	7767	0
2026.07.14	13:37:00	178010	178025	177985	177995	716	5457	0
2026.07.14	13:38:00	177990	178065	177975	178055	1739	20616	0
2026.07.14	13:39:00	178050	178090	178030	178065	2251	25004	0
2026.07.14	13:40:00	178065	178115	178050	178095	2154	17176	0
2026.07.14	13:41:00	178095	178135	178085	178130	2190	20830	0
2026.07.14	13:42:00	178125	178155	178080	178080	2070	20828	0
2026.07.14	13:43:00	178085	178115	178070	178115	1206	8751	0
2026.07.14	13:44:00	178115	178130	178080	178090	1105	9607	0
2026.07.14	13:45:00	178090	178180	178090	178115	2812	28948	0
2026.07.14	13:46:00	178115	178115	177940	177985	5736	58397	0
2026.07.14	13:47:00	177985	177990	177915	177940	2823	23460	0
2026.07.14	13:48:00	177940	177955	177885	177895	2427	25042	0
2026.07.14	13:49:00	177900	177930	177875	177915	2098	20225	0
2026.07.14	13:50:00	177915	177945	177890	177930	1979	16111	0
2026.07.14	13:51:00	177930	177965	177920	177965	1455	11889	0
2026.07.14	13:52:00	177965	177965	177920	177945	1169	10393	0
2026.07.14	13:53:00	177945	177980	177925	177960	1004	13316	0
2026.07.14	13:54:00	177955	177990	177955	177975	1347	15439	0
2026.07.14	13:55:00	177980	178050	177975	178000	2903	31209	0
2026.07.14	13:56:00	177995	178035	177975	178005	1488	15240	0
2026.07.14	13:57:00	178005	178015	177970	178005	1238	10620	0
2026.07.14	13:58:00	178005	178030	177980	178015	877	9165	0
2026.07.14	13:59:00	178015	178045	178000	178025	1295	16048	0
2026.07.14	14:00:00	178025	178055	178010	178025	1050	8949	0
2026.07.14	14:01:00	178025	178060	178015	178030	1163	10684	0
2026.07.14	14:02:00	178030	178045	177980	178000	1514	16053	0
2026.07.14	14:03:00	178005	178020	177960	177970	1849	18314	0
2026.07.14	14:04:00	177965	177975	177815	177855	5291	54634	0
2026.07.14	14:05:00	177855	177900	177835	177850	2321	19599	0
2026.07.14	14:06:00	177850	177860	177785	177820	2516	28398	0
2026.07.14	14:07:00	177820	177845	177810	177840	1239	8792	0
2026.07.14	14:08:00	177840	177880	177825	177880	1659	16412	0
2026.07.14	14:09:00	177880	177895	177845	177875	1437	13680	0
2026.07.14	14:10:00	177875	177895	177855	177880	1045	9978	0
2026.07.14	14:11:00	177880	177905	177830	177880	1581	17600	0
2026.07.14	14:12:00	177880	177915	177850	177890	1393	15342	0
2026.07.14	14:13:00	177895	177905	177850	177870	1177	12163	0
2026.07.14	14:14:00	177875	177890	177845	177880	995	9616	0
2026.07.14	14:15:00	177885	177890	177765	177810	2728	37142	0
2026.07.14	14:16:00	177810	177855	177805	177845	1468	11663	0
2026.07.14	14:17:00	177845	177895	177820	177890	1516	16074	0
2026.07.14	14:18:00	177890	177890	177835	177855	1095	11001	0
2026.07.14	14:19:00	177860	177860	177785	177795	1543	18890	0
2026.07.14	14:20:00	177800	177805	177755	177790	2236	20286	0
2026.07.14	14:21:00	177785	177840	177775	177810	1669	15805	0
2026.07.14	14:22:00	177815	177850	177810	177830	1024	8260	0
2026.07.14	14:23:00	177830	177855	177800	177825	1015	10818	0
2026.07.14	14:24:00	177830	177855	177820	177830	747	8411	0
2026.07.14	14:25:00	177825	177835	177760	177785	1548	15600	0
2026.07.14	14:26:00	177785	177810	177775	177805	1035	10446	0
2026.07.14	14:27:00	177805	177820	177780	177795	701	5902	0
2026.07.14	14:28:00	177795	177810	177795	177805	420	2970	0
2026.07.14	14:29:00	177810	177815	177790	177805	455	3892	0
2026.07.14	14:30:00	177805	177890	177805	177860	2775	30869	0
2026.07.14	14:31:00	177860	177895	177835	177840	1492	13336	0
2026.07.14	14:32:00	177840	177870	177770	177775	1760	18610	0
2026.07.14	14:33:00	177775	177820	177770	177810	1821	18065	0
2026.07.14	14:34:00	177800	177825	177785	177810	904	8141	0
2026.07.14	14:35:00	177810	177830	177805	177820	801	6058	0
2026.07.14	14:36:00	177820	177830	177780	177805	904	8485	0
2026.07.14	14:37:00	177805	177855	177805	177820	1206	10710	0
2026.07.14	14:38:00	177820	177840	177810	177815	663	5224	0
2026.07.14	14:39:00	177810	177825	177755	177775	1591	15109	0
2026.07.14	14:40:00	177770	177835	177760	177820	1816	16755	0
2026.07.14	14:41:00	177820	177850	177810	177835	1343	10954	0
2026.07.14	14:42:00	177835	177860	177830	177835	996	8209	0
2026.07.14	14:43:00	177835	177850	177810	177810	848	8600	0
2026.07.14	14:44:00	177810	177835	177790	177815	1065	9842	0
2026.07.14	14:45:00	177815	177820	177790	177815	795	6661	0
2026.07.14	14:46:00	177810	177815	177790	177800	536	6192	0
2026.07.14	14:47:00	177800	177815	177770	177810	824	9688	0
2026.07.14	14:48:00	177810	177890	177800	177870	2320	23181	0
2026.07.14	14:49:00	177870	177945	177865	177915	2643	29596	0
2026.07.14	14:50:00	177910	177955	177895	177945	2312	20226	0
2026.07.14	14:51:00	177950	178015	177940	177965	2767	28340	0
2026.07.14	14:52:00	177970	177980	177930	177950	1623	17052	0
2026.07.14	14:53:00	177950	177980	177930	177950	1229	14806	0
2026.07.14	14:54:00	177950	177965	177915	177915	1265	12238	0
2026.07.14	14:55:00	177915	177935	177880	177880	2250	21843	0
2026.07.14	14:56:00	177880	177905	177795	177815	3531	32433	0
2026.07.14	14:57:00	177810	177830	177790	177820	1574	12422	0
2026.07.14	14:58:00	177820	177835	177785	177800	1213	9929	0
2026.07.14	14:59:00	177795	177835	177785	177810	1274	13766	0
2026.07.14	15:00:00	177805	177890	177805	177890	2378	21891	0
2026.07.14	15:01:00	177890	177890	177815	177850	1966	18128	0
2026.07.14	15:02:00	177850	177865	177830	177840	879	9778	0
2026.07.14	15:03:00	177845	177890	177840	177875	993	11850	0
2026.07.14	15:04:00	177880	177915	177875	177905	1831	16818	0
2026.07.14	15:05:00	177905	177935	177895	177925	1654	14856	0
2026.07.14	15:06:00	177920	177950	177900	177920	1384	13536	0
2026.07.14	15:07:00	177920	177930	177885	177925	975	10386	0
2026.07.14	15:08:00	177925	177970	177905	177925	2040	19231	0
2026.07.14	15:09:00	177920	177990	177915	177945	1918	19524	0
2026.07.14	15:10:00	177950	177970	177935	177965	1108	7801	0
2026.07.14	15:11:00	177970	177995	177910	177965	1975	19478	0
2026.07.14	15:12:00	177960	177995	177960	177990	961	8034	0
2026.07.14	15:13:00	177990	177995	177945	177975	1336	12188	0
2026.07.14	15:14:00	177975	178005	177955	177975	1291	14045	0
2026.07.14	15:15:00	177975	178000	177960	177965	1061	8256	0
2026.07.14	15:16:00	177970	177980	177865	177905	3594	38376	0
2026.07.14	15:17:00	177905	177925	177895	177910	1067	12520	0
2026.07.14	15:18:00	177910	177945	177890	177945	1163	11613	0
2026.07.14	15:19:00	177940	177960	177920	177940	1195	11252	0
2026.07.14	15:20:00	177935	177955	177885	177930	1522	15100	0
2026.07.14	15:21:00	177935	177945	177925	177940	531	3893	0
2026.07.14	15:22:00	177935	177980	177930	177960	1062	10824	0
2026.07.14	15:23:00	177960	177985	177950	177955	1040	8165	0
2026.07.14	15:24:00	177955	177985	177930	177930	937	9243	0
2026.07.14	15:25:00	177935	177980	177905	177970	1443	13820	0
2026.07.14	15:26:00	177965	178040	177960	178005	2360	26081	0
2026.07.14	15:27:00	178010	178025	177975	178010	1344	12860	0
2026.07.14	15:28:00	178010	178065	178000	178035	2006	20513	0
2026.07.14	15:29:00	178035	178085	178025	178065	1890	19720	0
2026.07.14	15:30:00	178070	178080	178020	178065	2091	20221	0
2026.07.14	15:31:00	178065	178065	178020	178045	997	11194	0
2026.07.14	15:32:00	178040	178070	178015	178060	1142	12806	0
2026.07.14	15:33:00	178055	178080	178030	178040	1718	14559	0
2026.07.14	15:34:00	178035	178045	178015	178025	1034	10217	0
2026.07.14	15:35:00	178025	178045	177985	178000	1816	15624	0
2026.07.14	15:36:00	177995	178050	177970	178035	2053	17645	0
2026.07.14	15:37:00	178035	178045	177985	178020	1338	23528	0
2026.07.14	15:38:00	178025	178045	178010	178020	688	5247	0
2026.07.14	15:39:00	178020	178095	178015	178080	2100	24038	0
2026.07.14	15:40:00	178080	178150	178055	178145	2792	33953	0
2026.07.14	15:41:00	178150	178150	178070	178145	2785	37506	0
2026.07.14	15:42:00	178140	178170	178120	178140	2360	19385	0
2026.07.14	15:43:00	178140	178170	178130	178130	1223	11000	0
2026.07.14	15:44:00	178130	178155	178115	178125	1047	9419	0
2026.07.14	15:45:00	178130	178225	178120	178215	2768	28175	0
2026.07.14	15:46:00	178210	178335	178200	178315	5244	49793	0
2026.07.14	15:47:00	178310	178400	178305	178390	4063	33864	0
2026.07.14	15:48:00	178390	178495	178380	178470	4273	42125	0
2026.07.14	15:49:00	178470	178495	178405	178430	3222	27840	0
2026.07.14	15:50:00	178425	178445	178395	178405	2004	19206	0
2026.07.14	15:51:00	178405	178420	178380	178390	1633	21262	0
2026.07.14	15:52:00	178390	178410	178310	178315	2934	39240	0
2026.07.14	15:53:00	178320	178380	178310	178370	1841	16681	0
2026.07.14	15:54:00	178365	178415	178355	178375	2095	19501	0
2026.07.14	15:55:00	178375	178415	178355	178370	1647	15590	0
2026.07.14	15:56:00	178365	178435	178365	178410	2014	15635	0
2026.07.14	15:57:00	178415	178440	178410	178430	1228	9858	0
2026.07.14	15:58:00	178425	178515	178420	178500	2321	26309	0
2026.07.14	15:59:00	178500	178510	178450	178460	2579	26198	0
2026.07.14	16:00:00	178460	178465	178395	178435	2411	21872	0
2026.07.14	16:01:00	178435	178475	178425	178440	1821	14975	0
2026.07.14	16:02:00	178435	178495	178435	178470	1485	14039	0
2026.07.14	16:03:00	178470	178495	178455	178475	1063	12443	0
2026.07.14	16:04:00	178480	178530	178440	178490	2299	26445	0
2026.07.14	16:05:00	178495	178515	178480	178490	1225	9163	0
2026.07.14	16:06:00	178490	178550	178490	178540	1629	13288	0
2026.07.14	16:07:00	178540	178560	178500	178540	2086	16696	0
2026.07.14	16:08:00	178535	178595	178495	178565	2769	29868	0
2026.07.14	16:09:00	178560	178585	178530	178550	1180	9005	0
2026.07.14	16:10:00	178555	178575	178515	178560	1511	14083	0
2026.07.14	16:11:00	178565	178570	178405	178435	4057	46233	0
2026.07.14	16:12:00	178440	178500	178430	178485	2064	19042	0
2026.07.14	16:13:00	178490	178500	178460	178485	984	8916	0
2026.07.14	16:14:00	178485	178510	178415	178425	1833	17268	0
2026.07.14	16:15:00	178430	178470	178425	178450	1295	11132	0
2026.07.14	16:16:00	178450	178460	178395	178415	2230	20910	0
2026.07.14	16:17:00	178415	178455	178400	178440	1160	11894	0
2026.07.14	16:18:00	178435	178445	178360	178395	1959	29016	0
2026.07.14	16:19:00	178390	178420	178385	178390	985	9756	0
2026.07.14	16:20:00	178385	178395	178245	178260	4707	46096	0
2026.07.14	16:21:00	178255	178300	178255	178295	1786	16142	0
2026.07.14	16:22:00	178295	178315	178285	178300	1159	10177	0
2026.07.14	16:23:00	178305	178315	178260	178270	1243	13222	0
2026.07.14	16:24:00	178270	178310	178265	178300	942	9470	0
2026.07.14	16:25:00	178300	178315	178295	178300	802	5875	0
2026.07.14	16:26:00	178305	178320	178230	178255	2098	24286	0
2026.07.14	16:27:00	178255	178305	178255	178285	1242	11219	0
2026.07.14	16:28:00	178285	178295	178265	178290	718	5557	0
2026.07.14	16:29:00	178295	178335	178290	178320	1853	17636	0
2026.07.14	16:30:00	178315	178325	178245	178290	2026	28101	0
2026.07.14	16:31:00	178285	178305	178250	178285	1056	9253	0
2026.07.14	16:32:00	178285	178290	178200	178200	2264	23499	0
2026.07.14	16:33:00	178200	178265	178185	178260	2093	22025	0
2026.07.14	16:34:00	178265	178265	178235	178235	855	6840	0
2026.07.14	16:35:00	178235	178255	178200	178250	1227	10049	0
2026.07.14	16:36:00	178250	178330	178245	178320	1762	22136	0
2026.07.14	16:37:00	178325	178335	178305	178315	1831	14378	0
2026.07.14	16:38:00	178310	178315	178285	178305	1045	10269	0
2026.07.14	16:39:00	178305	178345	178300	178315	1354	15430	0
2026.07.14	16:40:00	178315	178335	178310	178315	937	6609	0
2026.07.14	16:41:00	178315	178345	178315	178335	992	8989	0
2026.07.14	16:42:00	178335	178345	178310	178320	893	9185	0
2026.07.14	16:43:00	178320	178395	178320	178360	1910	20265	0
2026.07.14	16:44:00	178360	178375	178340	178365	1052	9093	0
2026.07.14	16:45:00	178365	178425	178365	178415	2019	19615	0
2026.07.14	16:46:00	178415	178450	178375	178435	1919	21623	0
2026.07.14	16:47:00	178435	178460	178425	178425	1564	15276	0
2026.07.14	16:48:00	178425	178450	178405	178435	1294	13797	0
2026.07.14	16:49:00	178430	178450	178420	178440	735	7102	0
2026.07.14	16:50:00	178445	178470	178420	178425	1261	13539	0
2026.07.14	16:51:00	178425	178430	178360	178395	2392	25023	0
2026.07.14	16:52:00	178390	178425	178390	178400	1028	12184	0
2026.07.14	16:53:00	178400	178420	178395	178410	660	5369	0
2026.07.14	16:54:00	178410	178450	178400	178435	1175	14697	0
2026.07.14	16:55:00	178440	178515	178435	178465	2402	28179	0
2026.07.14	16:56:00	178470	178530	178450	178520	1978	21463	0
2026.07.14	16:57:00	178520	178565	178520	178545	1845	19887	0
2026.07.14	16:58:00	178540	178560	178485	178500	1859	18456	0
2026.07.14	16:59:00	178495	178545	178480	178485	1524	16960	0
2026.07.14	17:00:00	178485	178505	178455	178500	1586	16886	0
2026.07.14	17:01:00	178495	178525	178475	178510	1120	11308	0
2026.07.14	17:02:00	178505	178575	178505	178545	1604	17195	0
2026.07.14	17:03:00	178545	178595	178545	178580	1737	12817	0
2026.07.14	17:04:00	178585	178590	178525	178545	1505	13946	0
2026.07.14	17:05:00	178540	178560	178500	178530	1540	14177	0
2026.07.14	17:06:00	178530	178550	178515	178545	811	9951	0
2026.07.14	17:07:00	178540	178580	178520	178545	818	9531	0
2026.07.14	17:08:00	178550	178660	178545	178640	2686	26548	0
2026.07.14	17:09:00	178640	178660	178610	178620	1447	12844	0
2026.07.14	17:10:00	178620	178625	178535	178545	2216	20802	0
2026.07.14	17:11:00	178550	178595	178540	178575	1023	10051	0
2026.07.14	17:12:00	178580	178590	178550	178560	679	5707	0
2026.07.14	17:13:00	178565	178565	178505	178515	1552	16339	0
2026.07.14	17:14:00	178520	178540	178405	178440	2890	36545	0
2026.07.14	17:15:00	178440	178445	178400	178410	1695	12439	0
2026.07.14	17:16:00	178415	178435	178385	178410	1170	10313	0
2026.07.14	17:17:00	178405	178430	178400	178420	735	6127	0
2026.07.14	17:18:00	178415	178430	178400	178415	629	6205	0
2026.07.14	17:19:00	178415	178415	178385	178405	889	7019	0
2026.07.14	17:20:00	178405	178410	178365	178390	1000	9167	0
2026.07.14	17:21:00	178390	178410	178370	178380	755	5128	0
2026.07.14	17:22:00	178375	178435	178375	178420	1159	9972	0
2026.07.14	17:23:00	178420	178430	178395	178410	573	4545	0
2026.07.14	17:24:00	178410	178415	178380	178390	679	6095	0
2026.07.14	17:25:00	178385	178425	178385	178405	613	4846	0
2026.07.14	17:26:00	178410	178420	178395	178410	444	3297	0
2026.07.14	17:27:00	178410	178415	178360	178380	928	9282	0
2026.07.14	17:28:00	178375	178410	178370	178380	710	7003	0
2026.07.14	17:29:00	178380	178395	178380	178395	264	1845	0
2026.07.14	17:30:00	178390	178435	178385	178415	1427	11288	0
2026.07.14	17:31:00	178415	178435	178415	178430	682	4200	0
2026.07.14	17:32:00	178425	178500	178425	178485	2306	24258	0
2026.07.14	17:33:00	178485	178505	178470	178490	923	8807	0
2026.07.14	17:34:00	178490	178525	178480	178480	1009	10396	0
2026.07.14	17:35:00	178480	178520	178480	178500	832	7005	0
2026.07.14	17:36:00	178500	178560	178495	178545	1262	10270	0
2026.07.14	17:37:00	178540	178565	178540	178550	955	7645	0
2026.07.14	17:38:00	178550	178580	178545	178555	653	5706	0
2026.07.14	17:39:00	178555	178575	178540	178560	769	7323	0
2026.07.14	17:40:00	178560	178570	178505	178510	916	10525	0
2026.07.14	17:41:00	178515	178520	178435	178445	2644	24597	0
2026.07.14	17:42:00	178445	178465	178435	178450	807	5342	0
2026.07.14	17:43:00	178460	178490	178455	178475	801	7074	0
2026.07.14	17:44:00	178475	178480	178450	178465	546	4230	0
2026.07.14	17:45:00	178465	178470	178440	178455	500	4836	0
2026.07.14	17:46:00	178460	178495	178455	178485	911	7207	0
2026.07.14	17:47:00	178485	178505	178465	178475	767	6549	0
2026.07.14	17:48:00	178475	178485	178450	178455	639	5337	0
2026.07.14	17:49:00	178455	178475	178450	178465	311	1919	0
2026.07.14	17:50:00	178460	178480	178455	178470	432	2626	0
2026.07.14	17:51:00	178475	178525	178470	178520	571	7085	0
2026.07.14	17:52:00	178520	178560	178515	178540	1319	10682	0
2026.07.14	17:53:00	178540	178540	178505	178525	463	3521	0
2026.07.14	17:54:00	178525	178530	178505	178505	345	2550	0
2026.07.14	17:55:00	178505	178545	178505	178540	594	4878	0
2026.07.14	17:56:00	178535	178540	178470	178500	729	8966	0
2026.07.14	17:57:00	178500	178515	178500	178505	270	1504	0
2026.07.14	17:58:00	178510	178525	178505	178520	297	1917	0
2026.07.14	17:59:00	178525	178535	178510	178525	396	3565	0
2026.07.14	18:00:00	178520	178540	178460	178470	1162	10832	0
2026.07.14	18:01:00	178470	178495	178460	178480	421	2223	0
2026.07.14	18:02:00	178475	178495	178475	178475	250	1543	0
2026.07.14	18:03:00	178485	178495	178470	178490	255	1702	0
2026.07.14	18:04:00	178485	178550	178485	178500	910	6052	0
2026.07.14	18:05:00	178500	178545	178480	178525	807	4796	0
2026.07.14	18:06:00	178530	178535	178510	178510	378	2250	0
2026.07.14	18:07:00	178515	178535	178495	178505	307	2715	0
2026.07.14	18:08:00	178505	178530	178505	178520	244	1331	0
2026.07.14	18:09:00	178515	178520	178385	178410	2120	19533	0
2026.07.14	18:10:00	178410	178425	178365	178405	1195	8291	0
2026.07.14	18:11:00	178400	178420	178370	178380	793	5350	0
2026.07.14	18:12:00	178385	178410	178380	178400	539	3750	0
2026.07.14	18:13:00	178400	178410	178320	178355	1192	12188	0
2026.07.14	18:14:00	178355	178405	178350	178375	940	8625	0
2026.07.14	18:15:00	178375	178395	178330	178340	1114	7964	0
2026.07.14	18:16:00	178335	178345	178305	178310	850	5358	0
2026.07.14	18:17:00	178305	178315	178300	178300	401	2747	0
2026.07.14	18:18:00	178305	178355	178285	178300	751	5963	0
2026.07.14	18:19:00	178300	178340	178280	178295	652	6573	0
2026.07.14	18:20:00	178295	178325	178265	178305	443	3964	0
2026.07.14	18:21:00	178305	178310	178260	178260	222	2231	0
2026.07.14	18:22:00	178260	178305	178260	178280	444	2817	0
2026.07.14	18:23:00	178285	178305	178270	178275	243	1372	0
2026.07.14	18:24:00	178275	178305	178265	178285	226	2333	0
2026.07.14	18:31:00	178200	178200	178200	178200	62	21709	0
2026.07.15	09:02:00	178050	178050	177660	177860	29314	126644	1
2026.07.15	09:03:00	177860	177915	177610	177715	46781	110186	1
2026.07.15	09:04:00	177710	177800	177500	177515	34883	81376	1
2026.07.15	09:05:00	177515	177525	177190	177320	44470	125349	1
2026.07.15	09:06:00	177320	177345	177060	177140	30086	88311	1
2026.07.15	09:07:00	177140	177270	177100	177150	22022	66117	1
2026.07.15	09:08:00	177150	177170	176980	177075	24336	75625	1
2026.07.15	09:09:00	177070	177655	177055	177600	45719	145853	1
2026.07.15	09:10:00	177600	177840	177515	177765	35456	111625	1
2026.07.15	09:11:00	177760	177990	177645	177875	32401	100136	1
2026.07.15	09:12:00	177875	177995	177790	177795	20025	58468	1
2026.07.15	09:13:00	177800	177910	177765	177845	14481	42529	1
2026.07.15	09:14:00	177845	177875	177815	177855	5563	16102	1
2026.07.15	09:15:00	177850	177870	177775	177800	10265	31449	1
2026.07.15	09:16:00	177800	177805	177685	177775	17205	53066	1
2026.07.15	09:17:00	177775	177895	177765	177805	17767	54905	1
2026.07.15	09:18:00	177800	177845	177760	177765	6575	20327	1
2026.07.15	09:19:00	177765	177920	177745	177870	13136	37752	1
2026.07.15	09:20:00	177865	177905	177790	177830	10446	30108	1
2026.07.15	09:21:00	177830	177955	177825	177950	9223	27819	1
2026.07.15	09:22:00	177945	178125	177930	178070	26374	83254	1
2026.07.15	09:23:00	178070	178135	177980	178025	13721	43705	1
2026.07.15	09:24:00	178025	178030	177845	177865	15351	46471	1
2026.07.15	09:25:00	177865	177935	177855	177915	9395	31985	1
2026.07.15	09:26:00	177915	177945	177860	177875	5392	17742	1
2026.07.15	09:27:00	177875	178000	177870	177945	8507	25101	1
2026.07.15	09:28:00	177950	178100	177950	178085	10900	31459	1
2026.07.15	09:29:00	178085	178110	177980	178015	8040	24456	1
2026.07.15	09:30:00	178015	178275	177950	177970	37908	111810	1
2026.07.15	09:31:00	177970	178045	177775	177960	24445	68666	1
2026.07.15	09:32:00	177965	178115	177940	178060	17128	49132	1
2026.07.15	09:33:00	178060	178125	177955	178055	14555	40668	1
2026.07.15	09:34:00	178055	178155	178040	178135	11875	35460	1
2026.07.15	09:35:00	178140	178140	178065	178105	7214	20995	1
2026.07.15	09:36:00	178105	178225	178060	178190	14780	43573	1
2026.07.15	09:37:00	178195	178370	178180	178345	21232	64683	1
2026.07.15	09:38:00	178345	178460	178325	178430	17660	57159	1
2026.07.15	09:39:00	178425	178430	178335	178390	12254	38363	1
2026.07.15	09:40:00	178390	178485	178350	178390	15430	51131	1
2026.07.15	09:41:00	178395	178515	178385	178420	13646	43980	1
2026.07.15	09:42:00	178420	178535	178395	178520	12293	38284	1
2026.07.15	09:43:00	178520	178575	178500	178530	12652	43334	1
2026.07.15	09:44:00	178530	178560	178450	178525	11283	35317	1
2026.07.15	09:45:00	178530	178615	178515	178565	13451	44412	1
2026.07.15	09:46:00	178565	178630	178525	178560	11648	38754	1
2026.07.15	09:47:00	178560	178595	178530	178575	5498	18013	1
2026.07.15	09:48:00	178575	178665	178565	178610	13164	42363	1
2026.07.15	09:49:00	178610	178610	178500	178515	14583	44745	1
2026.07.15	09:50:00	178510	178570	178415	178425	20401	62403	1
2026.07.15	09:51:00	178430	178470	178370	178395	15300	50024	1
2026.07.15	09:52:00	178395	178470	178385	178425	8517	27133	1
2026.07.15	09:53:00	178425	178450	178345	178385	9563	29535	1
2026.07.15	09:54:00	178385	178455	178380	178435	6235	21340	1
2026.07.15	09:55:00	178440	178550	178425	178515	16841	50168	1
2026.07.15	09:56:00	178515	178520	178460	178490	5977	20422	1
2026.07.15	09:57:00	178495	178495	178315	178335	16453	49997	1
2026.07.15	09:58:00	178335	178435	178325	178410	10895	36528	1
2026.07.15	09:59:00	178410	178435	178345	178425	7034	23935	1
2026.07.15	10:00:00	178425	178500	178105	178115	37413	120991	1
2026.07.15	10:01:00	178115	178125	177960	177965	26707	94501	1
2026.07.15	10:02:00	177965	177980	177790	177915	32512	103336	1
2026.07.15	10:03:00	177920	178215	177880	178185	31974	100523	1
2026.07.15	10:04:00	178185	178230	178065	178200	17491	55172	1
2026.07.15	10:05:00	178195	178325	178145	178305	17946	53727	1
2026.07.15	10:06:00	178305	178410	178300	178355	18884	62110	1
2026.07.15	10:07:00	178360	178415	178185	178225	19969	62754	1
2026.07.15	10:08:00	178220	178330	178125	178270	20383	63087	1
2026.07.15	10:09:00	178275	178320	178220	178255	10173	36651	1
2026.07.15	10:10:00	178250	178265	178055	178100	23767	74645	1
2026.07.15	10:11:00	178105	178235	178075	178160	14907	48114	1
2026.07.15	10:12:00	178160	178190	178090	178160	10583	36549	1
2026.07.15	10:13:00	178160	178265	177985	178015	20134	60823	1
2026.07.15	10:14:00	178015	178050	177675	177695	33690	109750	1
2026.07.15	10:15:00	177695	177795	177640	177665	23351	74467	1
2026.07.15	10:16:00	177665	177930	177620	177795	33193	107811	1
2026.07.15	10:17:00	177790	177875	177750	177870	10561	34370	1
2026.07.15	10:18:00	177875	177955	177840	177920	13045	38278	1
2026.07.15	10:19:00	177920	178015	177820	177915	21996	71684	1
2026.07.15	10:20:00	177915	178175	177915	178100	27362	90444	1
2026.07.15	10:21:00	178100	178135	178000	178075	15379	48144	1
2026.07.15	10:22:00	178075	178135	178020	178040	10524	33995	1
2026.07.15	10:23:00	178040	178115	178015	178085	6447	20919	1
2026.07.15	10:24:00	178085	178140	178015	178025	8261	25778	1
2026.07.15	10:25:00	178030	178120	177905	177935	19406	58054	1
2026.07.15	10:26:00	177940	177955	177750	177810	23780	75186	1
2026.07.15	10:27:00	177810	178010	177780	177960	22381	74235	1
2026.07.15	10:28:00	177960	178000	177830	177850	12480	42067	1
2026.07.15	10:29:00	177845	177930	177800	177890	10874	34630	1
2026.07.15	10:30:00	177890	178075	177865	178045	24490	76889	1
2026.07.15	10:31:00	178045	178160	177945	177960	26870	82990	1
2026.07.15	10:32:00	177960	178025	177920	177985	9559	30550	1
2026.07.15	10:33:00	177990	178115	177940	177970	14001	43519	1
2026.07.15	10:34:00	177970	177995	177785	177835	21072	66431	1
2026.07.15	10:35:00	177835	177835	177590	177665	34822	120515	1
2026.07.15	10:36:00	177665	177710	177605	177635	12793	44699	1
2026.07.15	10:37:00	177640	177705	177555	177570	13572	44464	1
2026.07.15	10:38:00	177570	177695	177570	177675	10420	33205	1
2026.07.15	10:39:00	177675	177770	177620	177635	16997	55012	1
2026.07.15	10:40:00	177635	177780	177600	177735	15684	53900	1
2026.07.15	10:41:00	177730	177755	177575	177615	14514	55774	1
2026.07.15	10:42:00	177620	177700	177605	177680	7346	25153	1
2026.07.15	10:43:00	177680	177705	177650	177655	3590	12300	1
2026.07.15	10:44:00	177655	177715	177430	177455	23778	78514	1
2026.07.15	10:45:00	177450	177600	177430	177535	16520	55202	1
2026.07.15	10:46:00	177535	177580	177460	177465	9167	29352	1
2026.07.15	10:47:00	177460	177535	177375	177425	16904	52224	1
2026.07.15	10:48:00	177420	177590	177365	177490	21683	74447	1
2026.07.15	10:49:00	177485	177560	177420	177490	11706	38327	1
2026.07.15	10:50:00	177490	177535	177430	177460	8372	27184	1
2026.07.15	10:51:00	177460	177545	177395	177495	10775	34767	1
2026.07.15	10:52:00	177495	177665	177470	177635	16812	51726	1
2026.07.15	10:53:00	177635	177735	177585	177695	13440	44758	1
2026.07.15	10:54:00	177700	177715	177570	177595	10481	37366	1
2026.07.15	10:55:00	177600	177775	177550	177755	15706	52009	1
2026.07.15	10:56:00	177755	177850	177740	177770	17781	63739	1
2026.07.15	10:57:00	177775	177815	177720	177800	9127	29943	1
2026.07.15	10:58:00	177805	177895	177760	177820	16011	53344	1
2026.07.15	10:59:00	177815	177850	177750	177755	7294	27047	1
2026.07.15	11:00:00	177750	177825	177650	177765	16711	54603	1
2026.07.15	11:01:00	177765	177895	177760	177780	16518	58556	1
2026.07.15	11:02:00	177780	177830	177715	177825	8137	26363	1
2026.07.15	11:03:00	177820	177840	177780	177815	4909	15385	1
2026.07.15	11:04:00	177820	177865	177775	177815	6984	23073	1
2026.07.15	11:05:00	177820	177845	177785	177830	5343	18090	1
2026.07.15	11:06:00	177830	177865	177705	177780	11102	34683	1
2026.07.15	11:07:00	177785	177845	177730	177820	8145	29036	1
2026.07.15	11:08:00	177820	177830	177725	177755	6161	20231	1
2026.07.15	11:09:00	177750	177820	177715	177810	7754	29364	1
2026.07.15	11:10:00	177810	177845	177730	177770	8375	30127	1
2026.07.15	11:11:00	177770	177945	177735	177910	19118	70332	1
2026.07.15	11:12:00	177915	178025	177905	178005	14354	47586	1
2026.07.15	11:13:00	178005	178080	177935	177990	15031	52181	1
2026.07.15	11:14:00	177990	178005	177945	177950	6201	24273	1
2026.07.15	11:15:00	177950	178035	177940	177990	7793	27715	1
2026.07.15	11:16:00	177985	178050	177960	177960	7119	25497	1
2026.07.15	11:17:00	177960	178025	177925	177960	7130	24171	1
2026.07.15	11:18:00	177955	177965	177820	177870	15792	52655	1
2026.07.15	11:19:00	177860	177895	177710	177730	14810	51542	1
2026.07.15	11:20:00	177725	177740	177630	177635	16349	57015	1
2026.07.15	11:21:00	177635	177790	177600	177770	19562	68854	1
2026.07.15	11:22:00	177765	177800	177690	177700	10031	37199	1
2026.07.15	11:23:00	177700	177705	177495	177525	20694	76661	1
2026.07.15	11:24:00	177525	177565	177350	177400	24266	93838	1
2026.07.15	11:25:00	177405	177430	177355	177415	9298	34683	1
2026.07.15	11:26:00	177415	177535	177405	177520	15144	52867	1
2026.07.15	11:27:00	177520	177560	177465	177550	9604	33793	1
2026.07.15	11:28:00	177550	177635	177525	177565	14108	49102	1
2026.07.15	11:29:00	177565	177575	177505	177525	6099	22237	1
2026.07.15	11:30:00	177525	177600	177500	177580	8627	33660	1
2026.07.15	11:31:00	177580	177605	177525	177530	6150	22902	1
2026.07.15	11:32:00	177530	177620	177455	177615	12251	43778	1
2026.07.15	11:33:00	177615	177740	177605	177705	15615	54267	1
2026.07.15	11:34:00	177710	177780	177690	177725	10514	40482	1
2026.07.15	11:35:00	177725	177815	177715	177755	9662	33027	1
2026.07.15	11:36:00	177750	177795	177725	177725	6154	23549	1
2026.07.15	11:37:00	177725	177830	177705	177805	8846	31319	1
2026.07.15	11:38:00	177805	177915	177805	177895	14617	56328	1
2026.07.15	11:39:00	177895	177905	177805	177825	8194	29572	1
2026.07.15	11:40:00	177825	177835	177735	177790	10878	37553	1
2026.07.15	11:41:00	177785	177795	177680	177720	9947	33810	1
2026.07.15	11:42:00	177720	177740	177580	177625	15375	56732	1
2026.07.15	11:43:00	177620	177725	177595	177685	10985	41206	1
2026.07.15	11:44:00	177685	177720	177635	177655	5039	17699	1
2026.07.15	11:45:00	177650	177720	177610	177610	7523	27382	1
2026.07.15	11:46:00	177615	177620	177530	177545	12104	45283	1
2026.07.15	11:47:00	177545	177620	177545	177585	6443	24768	1
2026.07.15	11:48:00	177585	177745	177575	177700	11768	39361	1
2026.07.15	11:49:00	177705	177805	177685	177765	11150	43738	1
2026.07.15	11:50:00	177765	177815	177760	177805	7209	28603	1
2026.07.15	11:51:00	177800	177860	177785	177845	6924	23637	1
2026.07.15	11:52:00	177845	177910	177805	177810	12036	46620	1
2026.07.15	11:53:00	177815	177835	177770	177770	6988	25299	1
2026.07.15	11:54:00	177775	177855	177765	177825	6497	24066	1
2026.07.15	11:55:00	177825	177835	177720	177745	9876	33499	1
2026.07.15	11:56:00	177745	177840	177720	177820	8346	31689	1
2026.07.15	11:57:00	177820	177980	177815	177915	20581	82582	1
2026.07.15	11:58:00	177920	177975	177855	177860	8858	33227	1
2026.07.15	11:59:00	177860	177915	177830	177885	6336	25233	1
2026.07.15	12:00:00	177885	177955	177885	177910	6865	25475	1
2026.07.15	12:01:00	177915	177995	177895	177920	6958	24543	1
2026.07.15	12:02:00	177920	177960	177905	177945	3514	13478	1
2026.07.15	12:03:00	177945	177950	177870	177915	5437	18655	1
2026.07.15	12:04:00	177915	177965	177905	177955	4001	17463	1
2026.07.15	12:05:00	177955	178030	177935	178025	9932	37284	1
2026.07.15	12:06:00	178020	178130	177990	178085	12994	44414	1
2026.07.15	12:07:00	178085	178125	178055	178095	7694	30754	1
2026.07.15	12:08:00	178095	178110	178070	178075	3748	13867	1
2026.07.15	12:09:00	178075	178080	177945	177955	11438	38738	1
2026.07.15	12:10:00	177955	177970	177860	177895	13490	48229	1
2026.07.15	12:11:00	177900	177930	177880	177925	4368	17536	1
2026.07.15	12:12:00	177925	177995	177895	177945	9477	35320	1
2026.07.15	12:13:00	177945	177985	177845	177900	10143	37974	1
2026.07.15	12:14:00	177900	177925	177830	177835	6695	24873	1
2026.07.15	12:15:00	177835	177850	177755	177765	10767	38325	1
2026.07.15	12:16:00	177765	177820	177745	177760	5916	21267	1
2026.07.15	12:17:00	177755	177880	177720	177875	11504	40788	1
2026.07.15	12:18:00	177880	177940	177865	177915	10248	39951	1
2026.07.15	12:19:00	177925	177940	177900	177910	3959	17410	1
2026.07.15	12:20:00	177915	177920	177795	177830	8928	32947	1
2026.07.15	12:21:00	177835	177860	177795	177815	4825	19190	1
2026.07.15	12:22:00	177820	177830	177680	177695	12813	43063	1
2026.07.15	12:23:00	177690	177700	177595	177620	9567	33248	1
2026.07.15	12:24:00	177615	177675	177575	177665	9668	37007	1
2026.07.15	12:25:00	177665	177725	177650	177710	9529	40497	1
2026.07.15	12:26:00	177710	177725	177655	177690	5121	19979	1
2026.07.15	12:27:00	177690	177715	177645	177715	3992	13701	1
2026.07.15	12:28:00	177710	177745	177680	177690	5723	22169	1
2026.07.15	12:29:00	177685	177720	177655	177685	3779	13729	1
2026.07.15	12:30:00	177690	177690	177545	177565	11552	41126	1
2026.07.15	12:31:00	177560	177575	177480	177525	10929	39801	1
2026.07.15	12:32:00	177525	177530	177460	177515	5707	21308	1
2026.07.15	12:33:00	177515	177520	177460	177470	4215	17683	1
2026.07.15	12:34:00	177470	177550	177460	177490	7904	31486	1
2026.07.15	12:35:00	177495	177530	177450	177490	7230	29587	1
2026.07.15	12:36:00	177490	177540	177460	177475	5535	21438	1
2026.07.15	12:37:00	177475	177505	177455	177470	3092	11432	1
2026.07.15	12:38:00	177470	177530	177435	177505	8817	34338	1
2026.07.15	12:39:00	177500	177515	177480	177490	2313	9490	1
2026.07.15	12:40:00	177495	177510	177460	177470	2863	12779	1
2026.07.15	12:41:00	177475	177490	177445	177460	2696	9831	1
2026.07.15	12:42:00	177455	177465	177390	177420	8465	32808	1
2026.07.15	12:43:00	177420	177470	177410	177460	5543	19842	1
2026.07.15	12:44:00	177455	177465	177425	177440	2213	8460	1
2026.07.15	12:45:00	177445	177465	177410	177460	3551	12758	1
2026.07.15	12:46:00	177465	177500	177450	177465	6033	22494	1
2026.07.15	12:47:00	177460	177465	177405	177425	3759	13797	1
2026.07.15	12:48:00	177420	177480	177415	177450	3134	11382	1
2026.07.15	12:49:00	177450	177545	177450	177505	8489	30168	1
2026.07.15	12:50:00	177505	177530	177475	177500	4374	18182	1
2026.07.15	12:51:00	177500	177520	177450	177490	4450	21331	1
2026.07.15	12:52:00	177485	177520	177480	177505	2869	10941	1
2026.07.15	12:53:00	177505	177555	177505	177525	5282	18403	1
2026.07.15	12:54:00	177525	177575	177515	177555	4457	15869	1
2026.07.15	12:55:00	177555	177570	177495	177510	4731	17019	1
2026.07.15	12:56:00	177510	177520	177455	177455	4773	17213	1
2026.07.15	12:57:00	177455	177505	177430	177440	5595	18406	1
2026.07.15	12:58:00	177435	177445	177410	177430	5557	22388	1
2026.07.15	12:59:00	177430	177500	177415	177480	5158	19055	1
2026.07.15	13:00:00	177475	177560	177460	177510	8159	29079	1
2026.07.15	13:01:00	177510	177510	177440	177445	4881	16877	1
2026.07.15	13:02:00	177450	177480	177440	177475	2217	8438	1
2026.07.15	13:03:00	177470	177480	177370	177395	9972	32842	1
2026.07.15	13:04:00	177395	177440	177375	177430	4308	15572	1
2026.07.15	13:05:00	177430	177450	177400	177430	3401	12903	1
2026.07.15	13:06:00	177430	177430	177390	177405	2715	12216	1
2026.07.15	13:07:00	177400	177470	177390	177440	5394	21442	1
2026.07.15	13:08:00	177440	177465	177365	177395	5187	21351	1
2026.07.15	13:09:00	177395	177440	177375	177400	4076	17160	1
2026.07.15	13:10:00	177400	177440	177395	177435	2435	7776	1
2026.07.15	13:11:00	177435	177485	177415	177475	4838	17434	1
2026.07.15	13:12:00	177475	177530	177435	177530	6032	20253	1
2026.07.15	13:13:00	177525	177550	177475	177485	5577	20885	1
2026.07.15	13:14:00	177485	177495	177330	177345	12653	44098	1
2026.07.15	13:15:00	177345	177400	177310	177365	10397	38162	1
2026.07.15	13:16:00	177360	177385	177330	177340	3115	11243	1
2026.07.15	13:17:00	177335	177375	177320	177360	3527	14389	1
2026.07.15	13:18:00	177365	177415	177360	177410	4895	19514	1
2026.07.15	13:19:00	177410	177415	177365	177390	2423	9424	1
2026.07.15	13:20:00	177390	177415	177340	177350	4310	16158	1
2026.07.15	13:21:00	177345	177365	177330	177350	2991	12058	1
2026.07.15	13:22:00	177355	177415	177350	177385	4619	19700	1
2026.07.15	13:23:00	177380	177390	177350	177370	2358	9981	1
2026.07.15	13:24:00	177365	177375	177265	177280	12177	49372	1
2026.07.15	13:25:00	177280	177340	177270	177300	5606	21201	1
2026.07.15	13:26:00	177300	177305	177225	177240	8049	28972	1
2026.07.15	13:27:00	177240	177275	177220	177225	4373	16781	1
2026.07.15	13:28:00	177220	177270	177205	177260	4369	15005	1
2026.07.15	13:29:00	177265	177310	177255	177310	4719	18346	1
2026.07.15	13:30:00	177305	177365	177305	177365	7791	28063	1
2026.07.15	13:31:00	177360	177365	177260	177285	6098	21816	1
2026.07.15	13:32:00	177285	177365	177280	177350	5101	19204	1
2026.07.15	13:33:00	177350	177360	177305	177320	2731	10667	1
2026.07.15	13:34:00	177325	177350	177270	177285	3642	12858	1
2026.07.15	13:35:00	177280	177305	177245	177285	3940	14864	1
2026.07.15	13:36:00	177285	177305	177275	177295	2519	10300	1
2026.07.15	13:37:00	177295	177325	177275	177320	2468	9909	1
2026.07.15	13:38:00	177320	177355	177300	177335	4133	15788	1
2026.07.15	13:39:00	177330	177340	177255	177260	4076	16087	1
2026.07.15	13:40:00	177260	177285	177255	177270	2535	9505	1
2026.07.15	13:41:00	177265	177315	177260	177295	2739	10432	1
2026.07.15	13:42:00	177290	177330	177285	177325	1972	7821	1
2026.07.15	13:43:00	177320	177350	177295	177320	3551	13926	1
2026.07.15	13:44:00	177315	177335	177285	177330	2219	9135	1
2026.07.15	13:45:00	177325	177370	177325	177350	5379	19705	1
2026.07.15	13:46:00	177350	177555	177340	177450	22693	92011	1
2026.07.15	13:47:00	177450	177455	177355	177365	7722	28366	1
2026.07.15	13:48:00	177370	177425	177360	177400	4373	16827	1
2026.07.15	13:49:00	177400	177425	177395	177400	2360	9847	1
2026.07.15	13:50:00	177395	177440	177390	177430	3124	11391	1
2026.07.15	13:51:00	177430	177440	177410	177415	2140	7703	1
2026.07.15	13:52:00	177415	177455	177415	177430	2805	10490	1
2026.07.15	13:53:00	177430	177460	177415	177420	2111	7186	1
2026.07.15	13:54:00	177420	177430	177330	177340	8975	32499	1
2026.07.15	13:55:00	177340	177360	177260	177270	9453	32491	1
2026.07.15	13:56:00	177265	177275	177110	177145	16408	58781	1
2026.07.15	13:57:00	177140	177160	177065	177075	9326	35104	1
2026.07.15	13:58:00	177080	177110	177035	177085	9894	37258	1
2026.07.15	13:59:00	177085	177165	177080	177150	7076	25424	1
2026.07.15	14:00:00	177145	177290	177140	177265	13521	47597	1
2026.07.15	14:01:00	177265	177275	177225	177240	5418	19061	1
2026.07.15	14:02:00	177240	177250	177210	177230	3652	13507	1
2026.07.15	14:03:00	177225	177265	177220	177265	2802	10264	1
2026.07.15	14:04:00	177260	177285	177260	177275	2388	8259	1
2026.07.15	14:05:00	177275	177300	177245	177250	4482	16021	1
2026.07.15	14:06:00	177250	177305	177230	177265	4628	17425	1
2026.07.15	14:07:00	177260	177365	177255	177340	7136	24078	1
2026.07.15	14:08:00	177335	177405	177310	177355	8284	32941	1
2026.07.15	14:09:00	177355	177360	177310	177320	4040	17157	1
2026.07.15	14:10:00	177320	177350	177310	177330	2440	9815	1
2026.07.15	14:11:00	177325	177340	177285	177320	4091	15427	1
2026.07.15	14:12:00	177315	177325	177275	177285	3304	12808	1
2026.07.15	14:13:00	177285	177305	177250	177265	4767	17866	1
2026.07.15	14:14:00	177260	177265	177205	177210	5898	19919	1
2026.07.15	14:15:00	177210	177245	177175	177200	6605	23692	1
2026.07.15	14:16:00	177195	177235	177150	177175	5707	23385	1
2026.07.15	14:17:00	177175	177265	177170	177240	6338	22214	1
2026.07.15	14:18:00	177240	177280	177205	177265	4939	17943	1
2026.07.15	14:19:00	177260	177340	177230	177320	7425	27692	1
2026.07.15	14:20:00	177320	177345	177250	177250	6095	23773	1
2026.07.15	14:21:00	177250	177285	177240	177255	2676	10402	1
2026.07.15	14:22:00	177255	177290	177250	177270	1890	7370	1
2026.07.15	14:23:00	177265	177305	177255	177265	2256	8079	1
2026.07.15	14:24:00	177265	177300	177245	177290	2535	9691	1
2026.07.15	14:25:00	177290	177330	177280	177310	3001	12220	1
2026.07.15	14:26:00	177310	177385	177310	177355	5927	19711	1
2026.07.15	14:27:00	177355	177365	177280	177335	5503	21090	1
2026.07.15	14:28:00	177335	177360	177325	177350	2306	9094	1
2026.07.15	14:29:00	177350	177540	177345	177515	16976	71515	1
2026.07.15	14:30:00	177515	177625	177495	177535	16197	61996	1
2026.07.15	14:31:00	177535	177570	177505	177565	5597	23864	1
2026.07.15	14:32:00	177565	177575	177510	177555	3898	15167	1
2026.07.15	14:33:00	177560	177645	177540	177620	9751	44307	1
2026.07.15	14:34:00	177620	177625	177555	177580	5028	21816	1
2026.07.15	14:35:00	177575	177715	177560	177695	10111	40810	1
2026.07.15	14:36:00	177695	177705	177615	177630	7477	27672	1
2026.07.15	14:37:00	177630	177665	177620	177645	3241	12830	1
2026.07.15	14:38:00	177645	177740	177640	177715	6443	26164	1
2026.07.15	14:39:00	177715	177725	177650	177685	5163	19262	1
2026.07.15	14:40:00	177690	177695	177635	177650	4722	18669	1
2026.07.15	14:41:00	177650	177705	177625	177665	5095	19839	1
2026.07.15	14:42:00	177665	177725	177645	177715	5015	20023	1
2026.07.15	14:43:00	177710	177740	177695	177715	3271	13230	1
2026.07.15	14:44:00	177715	177770	177705	177755	5864	23857	1
2026.07.15	14:45:00	177755	177785	177735	177770	5058	19465	1
2026.07.15	14:46:00	177770	177910	177765	177890	14560	53274	1
2026.07.15	14:47:00	177890	177945	177870	177875	9269	37265	1
2026.07.15	14:48:00	177870	177895	177840	177850	5579	23551	1
2026.07.15	14:49:00	177850	177930	177845	177920	4913	19796	1
2026.07.15	14:50:00	177925	177935	177875	177875	4426	16222	1
2026.07.15	14:51:00	177875	177880	177795	177820	9555	34676	1
2026.07.15	14:52:00	177820	177885	177805	177875	4812	19487	1
2026.07.15	14:53:00	177880	177900	177840	177840	3825	14183	1
2026.07.15	14:54:00	177840	177865	177810	177835	3148	11727	1
2026.07.15	14:55:00	177835	177860	177810	177845	2757	11257	1
2026.07.15	14:56:00	177845	177870	177815	177840	2516	10688	1
2026.07.15	14:57:00	177840	177850	177795	177820	4124	18528	1
2026.07.15	14:58:00	177820	177885	177815	177840	3323	13124	1
2026.07.15	14:59:00	177835	177855	177815	177825	2062	8687	1
2026.07.15	15:00:00	177825	177835	177780	177780	5573	19382	1
2026.07.15	15:01:00	177780	177850	177690	177715	12206	45506	1
2026.07.15	15:02:00	177720	177750	177685	177745	5306	19079	1
2026.07.15	15:03:00	177740	177790	177725	177780	5672	23190	1
2026.07.15	15:04:00	177775	177810	177765	177770	3545	14226	1
2026.07.15	15:05:00	177775	177820	177760	177795	4048	15631	1
2026.07.15	15:06:00	177795	177845	177790	177830	4563	17902	1
2026.07.15	15:07:00	177825	177885	177815	177840	6017	23148	1
2026.07.15	15:08:00	177845	177895	177840	177855	4931	19253	1
2026.07.15	15:09:00	177855	177870	177835	177850	2393	9921	1
2026.07.15	15:10:00	177845	177870	177835	177845	2239	8428	1
2026.07.15	15:11:00	177840	177870	177830	177850	1934	7730	1
2026.07.15	15:12:00	177845	177940	177825	177920	8465	33596	1
2026.07.15	15:13:00	177920	177955	177880	177895	5996	21049	1
2026.07.15	15:14:00	177900	177905	177860	177860	3259	12970	1
2026.07.15	15:15:00	177860	177880	177835	177875	4025	14221	1
2026.07.15	15:16:00	177875	177895	177845	177875	2899	11116	1
2026.07.15	15:17:00	177875	177945	177875	177915	4923	18241	1
2026.07.15	15:18:00	177910	177915	177860	177890	4023	14731	1
2026.07.15	15:19:00	177890	177915	177855	177865	2990	12204	1
2026.07.15	15:20:00	177865	177895	177850	177865	2795	9297	1
2026.07.15	15:21:00	177865	177905	177850	177885	2987	12176	1
2026.07.15	15:22:00	177890	177900	177825	177830	3915	12851	1
2026.07.15	15:23:00	177835	177865	177795	177805	6123	24586	1
2026.07.15	15:24:00	177800	177815	177775	177785	4312	15509	1
2026.07.15	15:25:00	177780	177835	177780	177815	3310	13095	1
2026.07.15	15:26:00	177815	177870	177815	177855	4246	15524	1
2026.07.15	15:27:00	177850	177885	177850	177860	2988	12635	1
2026.07.15	15:28:00	177865	177915	177855	177885	3525	12729	1
2026.07.15	15:29:00	177890	177970	177875	177930	6994	25849	1
2026.07.15	15:30:00	177930	177980	177930	177960	5352	21924	1
2026.07.15	15:31:00	177960	178025	177955	178010	7413	28582	1
2026.07.15	15:32:00	178015	178040	178000	178035	5086	20834	1
2026.07.15	15:33:00	178040	178050	178010	178025	3933	15007	1
2026.07.15	15:34:00	178030	178035	177980	177990	4447	15943	1
2026.07.15	15:35:00	177990	177990	177875	177885	11637	42410	1
2026.07.15	15:36:00	177885	177895	177825	177840	6245	22829	1
2026.07.15	15:37:00	177840	177865	177830	177845	3112	11507	1
2026.07.15	15:38:00	177845	177895	177845	177855	4166	16358	1
2026.07.15	15:39:00	177855	177865	177835	177845	2105	7335	1
2026.07.15	15:40:00	177845	177880	177830	177855	2741	9514	1
2026.07.15	15:41:00	177855	177915	177835	177860	5208	18415	1
2026.07.15	15:42:00	177860	177875	177840	177845	1546	6005	1
2026.07.15	15:43:00	177845	177870	177830	177855	2440	10423	1
2026.07.15	15:44:00	177855	177870	177830	177855	1497	5761	1
2026.07.15	15:45:00	177850	177905	177845	177890	3329	12511	1
2026.07.15	15:46:00	177890	177920	177815	177850	4947	19202	1
2026.07.15	15:47:00	177855	177905	177845	177880	4295	20738	1
2026.07.15	15:48:00	177875	177890	177815	177835	3515	14844	1
2026.07.15	15:49:00	177830	177875	177820	177855	2365	9777	1
2026.07.15	15:50:00	177850	177870	177820	177835	2768	10385	1
2026.07.15	15:51:00	177830	177845	177795	177815	4785	15165	1
2026.07.15	15:52:00	177820	177850	177810	177840	2217	8253	1
2026.07.15	15:53:00	177840	177850	177790	177795	2690	9986	1
2026.07.15	15:54:00	177790	177835	177790	177825	1971	7487	1
2026.07.15	15:55:00	177825	177845	177820	177835	1774	6968	1
2026.07.15	15:56:00	177830	177845	177805	177835	1761	6588	1
2026.07.15	15:57:00	177830	177840	177805	177825	1548	6701	1
2026.07.15	15:58:00	177825	177875	177805	177820	4840	20225	1
2026.07.15	15:59:00	177825	177845	177810	177810	1609	6833	1
2026.07.15	16:00:00	177805	177845	177785	177805	3551	13287	1
2026.07.15	16:01:00	177805	177875	177800	177865	3277	13027	1
2026.07.15	16:02:00	177865	177935	177865	177915	6714	23362	1
2026.07.15	16:03:00	177915	177940	177895	177905	3210	12155	1
2026.07.15	16:04:00	177900	177930	177895	177920	1876	7389	1
2026.07.15	16:05:00	177925	177925	177895	177910	1596	6227	1
2026.07.15	16:06:00	177910	177955	177905	177930	3123	11685	1
2026.07.15	16:07:00	177930	177980	177925	177960	3408	12428	1
2026.07.15	16:08:00	177955	177965	177910	177915	2947	10509	1
2026.07.15	16:09:00	177910	177950	177905	177935	1823	7046	1
2026.07.15	16:10:00	177940	177955	177930	177950	1548	5764	1
2026.07.15	16:11:00	177945	177955	177935	177940	1095	4220	1
2026.07.15	16:12:00	177940	178020	177935	178005	7402	30239	1
2026.07.15	16:13:00	178010	178015	177955	177960	3663	14133	1
2026.07.15	16:14:00	177965	177995	177960	177990	1518	5460	1
2026.07.15	16:15:00	177990	178030	177980	178025	3871	15023	1
2026.07.15	16:16:00	178020	178025	177990	178005	2141	7612	1
2026.07.15	16:17:00	178010	178020	177995	178005	1203	4473	1
2026.07.15	16:18:00	178005	178065	178005	178055	4645	15909	1
2026.07.15	16:19:00	178060	178075	178045	178055	3275	12929	1
2026.07.15	16:20:00	178055	178060	178010	178035	4529	17619	1
2026.07.15	16:21:00	178035	178075	178020	178050	2785	11949	1
2026.07.15	16:22:00	178050	178065	178045	178050	1485	6306	1
2026.07.15	16:23:00	178050	178080	178045	178060	2515	9004	1
2026.07.15	16:24:00	178065	178065	177960	177960	7831	27246	1
2026.07.15	16:25:00	177965	177975	177935	177955	4364	15609	1
2026.07.15	16:26:00	177950	177990	177950	177965	3429	13811	1
2026.07.15	16:27:00	177960	178015	177960	177985	3469	13267	1
2026.07.15	16:28:00	177985	177995	177970	177970	1297	4501	1
2026.07.15	16:29:00	177970	178010	177965	177995	1925	7682	1
2026.07.15	16:30:00	177995	178005	177965	177980	1826	7214	1
2026.07.15	16:31:00	177985	177985	177910	177915	6749	25342	1
2026.07.15	16:32:00	177910	177940	177735	177775	16512	65368	1
2026.07.15	16:33:00	177775	177855	177765	177835	6607	26558	1
2026.07.15	16:34:00	177835	177835	177800	177805	2155	8458	1
2026.07.15	16:35:00	177800	177840	177775	177820	4063	15541	1
2026.07.15	16:36:00	177820	177850	177815	177835	2270	8615	1
2026.07.15	16:37:00	177835	177845	177785	177810	2164	9254	1
2026.07.15	16:38:00	177810	177835	177800	177825	1817	6958	1
2026.07.15	16:39:00	177825	177835	177810	177825	1316	5850	1
2026.07.15	16:40:00	177825	177825	177770	177790	3234	12090	1
2026.07.15	16:41:00	177790	177795	177755	177760	3030	11714	1
2026.07.15	16:42:00	177765	177765	177715	177755	5629	19875	1
2026.07.15	16:43:00	177750	177795	177745	177770	4052	15494	1
2026.07.15	16:44:00	177770	177825	177760	177780	3355	12781	1
2026.07.15	16:45:00	177780	177785	177765	177765	1925	7827	1
2026.07.15	16:46:00	177765	177770	177705	177735	5733	22906	1
2026.07.15	16:47:00	177740	177765	177720	177760	2596	10870	1
2026.07.15	16:48:00	177755	177760	177720	177725	1858	7447	1
2026.07.15	16:49:00	177725	177775	177725	177755	2697	10711	1
2026.07.15	16:50:00	177760	177780	177720	177770	3763	13013	1
2026.07.15	16:51:00	177770	177795	177745	177745	3284	13489	1
2026.07.15	16:52:00	177745	177785	177740	177765	1911	8497	1
2026.07.15	16:53:00	177765	177775	177740	177765	1974	7818	1
2026.07.15	16:54:00	177760	177780	177735	177765	2379	10445	1
2026.07.15	16:55:00	177765	177810	177760	177770	4133	18454	1
2026.07.15	16:56:00	177770	177770	177715	177720	3522	15821	1
2026.07.15	16:57:00	177725	177730	177665	177690	6495	24267	1
2026.07.15	16:58:00	177695	177705	177675	177700	2847	12019	1
2026.07.15	16:59:00	177705	177715	177670	177695	2777	10272	1
2026.07.15	17:00:00	177695	177770	177690	177745	6253	26250	1
2026.07.15	17:01:00	177745	177865	177745	177830	9387	38268	1
2026.07.15	17:02:00	177830	177895	177830	177860	5230	21377	1
2026.07.15	17:03:00	177865	177875	177805	177815	4300	21061	1
2026.07.15	17:04:00	177815	177830	177805	177820	2103	9259	1
2026.07.15	17:05:00	177820	177835	177805	177835	2070	9510	1
2026.07.15	17:06:00	177835	177850	177825	177840	1739	7033	1
2026.07.15	17:07:00	177835	177880	177835	177865	2529	12442	1
2026.07.15	17:08:00	177860	177890	177850	177880	1596	7464	1
2026.07.15	17:09:00	177875	177945	177770	177785	10831	48765	1
2026.07.15	17:10:00	177790	177825	177780	177820	2757	11296	1
2026.07.15	17:11:00	177825	177845	177820	177830	1898	6793	1
2026.07.15	17:12:00	177825	177835	177810	177825	1255	4879	1
2026.07.15	17:13:00	177820	177830	177805	177825	940	3664	1
2026.07.15	17:14:00	177825	177830	177785	177795	1239	5372	1
2026.07.15	17:15:00	177800	177800	177715	177720	5789	24383	1
2026.07.15	17:16:00	177720	177730	177710	177715	1288	4876	1
2026.07.15	17:17:00	177710	177725	177710	177715	944	2923	1
2026.07.15	17:18:00	177720	177730	177705	177725	1016	3785	1
2026.07.15	17:19:00	177720	177750	177720	177745	1644	6058	1
2026.07.15	17:20:00	177740	177750	177705	177715	1488	5700	1
2026.07.15	17:21:00	177720	177720	177635	177675	5003	18243	1
2026.07.15	17:22:00	177675	177720	177660	177700	2404	7934	1
2026.07.15	17:23:00	177705	177710	177670	177690	1533	6568	1
2026.07.15	17:24:00	177685	177690	177665	177680	865	3352	1
2026.07.15	17:25:00	177675	177680	177610	177640	3282	12055	1
2026.07.15	17:26:00	177640	177650	177615	177645	1903	6627	1
2026.07.15	17:27:00	177645	177660	177620	177660	1319	4208	1
2026.07.15	17:28:00	177655	177665	177645	177645	906	2905	1
2026.07.15	17:29:00	177645	177660	177645	177650	556	1662	1
2026.07.15	17:30:00	177650	177710	177645	177700	3432	11863	1
2026.07.15	17:31:00	177695	177705	177680	177680	1428	4773	1
2026.07.15	17:32:00	177680	177695	177680	177690	650	2052	1
2026.07.15	17:33:00	177685	177730	177685	177715	2933	10001	1
2026.07.15	17:34:00	177715	177765	177710	177720	2689	9155	1
2026.07.15	17:35:00	177720	177730	177705	177720	1106	4169	1
2026.07.15	17:36:00	177725	177735	177715	177730	620	2574	1
2026.07.15	17:37:00	177735	177750	177730	177745	956	2928	1
2026.07.15	17:38:00	177740	177745	177725	177735	692	2187	1
2026.07.15	17:39:00	177740	177740	177685	177695	2203	7189	1
2026.07.15	17:40:00	177700	177745	177695	177740	1995	6628	1
2026.07.15	17:41:00	177740	177745	177710	177715	1029	2786	1
2026.07.15	17:42:00	177720	177730	177715	177725	395	967	1
2026.07.15	17:43:00	177725	177740	177720	177720	571	1516	1
2026.07.15	17:44:00	177725	177725	177695	177710	1085	3477	1
2026.07.15	17:45:00	177710	177730	177695	177730	911	2358	1
2026.07.15	17:46:00	177730	177740	177725	177735	618	1598	1
2026.07.15	17:47:00	177740	177740	177725	177725	457	1226	1
2026.07.15	17:48:00	177725	177735	177715	177730	549	1726	1
2026.07.15	17:49:00	177725	177735	177715	177720	516	1562	1
2026.07.15	17:50:00	177720	177740	177715	177725	563	1568	1
2026.07.15	17:51:00	177725	177730	177695	177710	1170	4330	1
2026.07.15	17:52:00	177715	177720	177695	177710	604	2015	1
2026.07.15	17:53:00	177710	177735	177695	177710	862	3150	1
2026.07.15	17:54:00	177710	177735	177705	177705	632	1806	1
2026.07.15	17:55:00	177710	177715	177645	177670	3328	10406	1
2026.07.15	17:56:00	177670	177685	177650	177675	1117	3497	1
2026.07.15	17:57:00	177670	177765	177650	177745	3333	11020	1
2026.07.15	17:58:00	177745	177790	177745	177770	3352	11263	1
2026.07.15	17:59:00	177770	177785	177710	177715	2277	7082	1
2026.07.15	18:00:00	177720	177780	177690	177765	2915	6644	1
2026.07.15	18:01:00	177770	177785	177760	177765	787	2011	1
2026.07.15	18:02:00	177770	177770	177730	177755	1264	3278	1
2026.07.15	18:03:00	177755	177755	177690	177725	1485	4033	1
2026.07.15	18:04:00	177725	177730	177700	177715	747	1848	1
2026.07.15	18:05:00	177720	177720	177670	177700	1441	3398	1
2026.07.15	18:06:00	177700	177760	177690	177760	1985	4798	1
2026.07.15	18:07:00	177760	177765	177740	177740	1357	2827	1
2026.07.15	18:08:00	177740	177775	177740	177745	1312	2950	1
2026.07.15	18:09:00	177750	177775	177735	177765	932	2385	1
2026.07.15	18:10:00	177770	177870	177745	177850	5514	15116	1
2026.07.15	18:11:00	177850	177860	177805	177830	1886	4110	1
2026.07.15	18:12:00	177825	177850	177815	177835	1227	3399	1
2026.07.15	18:13:00	177835	177920	177810	177880	3701	11135	1
2026.07.15	18:14:00	177880	177890	177850	177870	2473	6559	1
2026.07.15	18:15:00	177870	177905	177835	177855	2888	6953	1
2026.07.15	18:16:00	177855	177905	177830	177830	2023	6203	1
2026.07.15	18:17:00	177835	177835	177770	177795	1423	4041	1
2026.07.15	18:18:00	177795	177800	177725	177735	1716	4298	1
2026.07.15	18:19:00	177730	177770	177725	177755	1023	4019	1
2026.07.15	18:20:00	177755	177810	177745	177780	776	2913	1
2026.07.15	18:21:00	177790	177795	177765	177775	237	935	1
2026.07.15	18:22:00	177775	177800	177755	177785	499	1310	1
2026.07.15	18:23:00	177780	177815	177780	177800	444	2223	1
2026.07.15	18:24:00	177810	177920	177770	177920	2421	21863	1
2026.07.16	09:02:00	177505	178400	177505	178090	49326	163780	1
2026.07.16	09:03:00	178090	178375	177980	178315	46204	102900	1
2026.07.16	09:04:00	178310	178625	178140	178590	56475	133684	1
2026.07.16	09:05:00	178590	178635	178200	178240	46623	118435	1
2026.07.16	09:06:00	178240	178680	178235	178570	39869	108493	1
2026.07.16	09:07:00	178570	178765	178500	178530	32675	91804	1
2026.07.16	09:08:00	178530	178625	178150	178175	35354	98919	1
2026.07.16	09:09:00	178175	178345	178125	178285	22909	64176	1
2026.07.16	09:10:00	178290	178295	178000	178005	25168	72246	1
2026.07.16	09:11:00	178000	178020	177890	177970	25688	78253	1
2026.07.16	09:12:00	177975	178040	177920	177970	14121	40448	1
2026.07.16	09:13:00	177975	178065	177960	177980	9201	26034	1
2026.07.16	09:14:00	177975	178040	177960	178040	6277	19379	1
2026.07.16	09:15:00	178040	178225	177995	178110	26934	76062	1
2026.07.16	09:16:00	178110	178150	178050	178120	11266	34081	1
2026.07.16	09:17:00	178120	178185	178050	178110	9718	29846	1
2026.07.16	09:18:00	178105	178150	178010	178085	10667	33113	1
2026.07.16	09:19:00	178085	178145	178025	178095	7886	26034	1
2026.07.16	09:20:00	178100	178115	178040	178090	6696	21069	1
2026.07.16	09:21:00	178085	178085	177805	177890	31481	94069	1
2026.07.16	09:22:00	177890	177960	177885	177930	8584	27833	1
2026.07.16	09:23:00	177935	177970	177795	177835	15798	48403	1
2026.07.16	09:24:00	177830	177895	177805	177840	10902	36191	1
2026.07.16	09:25:00	177845	177865	177690	177710	13300	38855	1
2026.07.16	09:26:00	177715	177770	177660	177695	16442	50921	1
2026.07.16	09:27:00	177700	177755	177680	177755	7292	23119	1
2026.07.16	09:28:00	177755	177800	177600	177660	16104	45716	1
2026.07.16	09:29:00	177665	177725	177620	177705	7902	24465	1
2026.07.16	09:30:00	177705	177770	177585	177635	14903	46997	1
2026.07.16	09:31:00	177635	177670	177555	177580	9253	29322	1
2026.07.16	09:32:00	177575	177595	177420	177460	21607	69897	1
2026.07.16	09:33:00	177455	177595	177450	177575	15768	48421	1
2026.07.16	09:34:00	177575	177665	177520	177635	17506	54329	1
2026.07.16	09:35:00	177635	177670	177535	177585	11348	38067	1
2026.07.16	09:36:00	177590	177630	177535	177585	8050	25646	1
2026.07.16	09:37:00	177580	177600	177500	177535	10776	34128	1
2026.07.16	09:38:00	177530	177645	177530	177630	9641	28579	1
2026.07.16	09:39:00	177630	177650	177565	177590	6995	21289	1
2026.07.16	09:40:00	177590	177695	177585	177630	12368	36830	1
2026.07.16	09:41:00	177635	177660	177575	177630	7770	25067	1
2026.07.16	09:42:00	177630	177680	177625	177645	4871	15763	1
2026.07.16	09:43:00	177640	177680	177385	177485	30903	93644	1
2026.07.16	09:44:00	177490	177545	177430	177495	12906	38904	1
2026.07.16	09:45:00	177495	177535	177405	177410	10454	32444	1
2026.07.16	09:46:00	177405	177490	177405	177475	6736	21966	1
2026.07.16	09:47:00	177475	177655	177455	177600	21109	63607	1
2026.07.16	09:48:00	177600	177610	177525	177555	8284	26928	1
2026.07.16	09:49:00	177550	177600	177510	177595	7839	24445	1
2026.07.16	09:50:00	177590	177625	177510	177535	9611	32094	1
2026.07.16	09:51:00	177535	177565	177370	177440	20870	61770	1
2026.07.16	09:52:00	177435	177495	177415	177440	8366	27393	1
2026.07.16	09:53:00	177440	177510	177405	177480	7973	26236	1
2026.07.16	09:54:00	177480	177490	177345	177395	11920	37232	1
2026.07.16	09:55:00	177390	177475	177375	177425	9265	30583	1
2026.07.16	09:56:00	177430	177435	177320	177370	10759	33592	1
2026.07.16	09:57:00	177375	177400	177325	177345	8159	25943	1
2026.07.16	09:58:00	177345	177380	177240	177315	14864	44816	1
2026.07.16	09:59:00	177315	177355	177290	177305	7653	24371	1
2026.07.16	10:00:00	177310	177365	177055	177065	33609	110252	1
2026.07.16	10:01:00	177065	177095	176890	176935	42853	145009	1
2026.07.16	10:02:00	176940	176970	176890	176940	11375	39266	1
2026.07.16	10:03:00	176935	177050	176860	177005	19959	59544	1
2026.07.16	10:04:00	177005	177170	176990	177130	22943	73097	1
2026.07.16	10:05:00	177130	177135	176950	177060	18615	59153	1
2026.07.16	10:06:00	177055	177115	176580	176805	50808	162273	1
2026.07.16	10:07:00	176810	176825	176755	176795	11034	36064	1
2026.07.16	10:08:00	176795	176805	176670	176715	17088	53098	1
2026.07.16	10:09:00	176715	176915	176715	176865	17856	54482	1
2026.07.16	10:10:00	176865	176885	176735	176775	15018	45277	1
2026.07.16	10:11:00	176780	176835	176700	176800	14177	46126	1
2026.07.16	10:12:00	176800	176845	176715	176820	10631	33741	1
2026.07.16	10:13:00	176820	176845	176730	176770	9342	31692	1
2026.07.16	10:14:00	176765	176935	176740	176900	14924	44596	1
2026.07.16	10:15:00	176895	177085	176825	177015	31198	104119	1
2026.07.16	10:16:00	177015	177030	176760	176795	27218	89195	1
2026.07.16	10:17:00	176795	176915	176790	176870	10341	33032	1
2026.07.16	10:18:00	176870	176880	176780	176815	8417	25906	1
2026.07.16	10:19:00	176815	176815	176685	176720	16312	51700	1
2026.07.16	10:20:00	176720	176750	176605	176640	24128	82412	1
2026.07.16	10:21:00	176635	176650	176555	176600	19590	70994	1
2026.07.16	10:22:00	176600	176795	176580	176730	26590	89275	1
2026.07.16	10:23:00	176730	176785	176635	176685	18179	68116	1
2026.07.16	10:24:00	176680	176820	176630	176680	17159	58225	1
2026.07.16	10:25:00	176675	176870	176650	176800	16887	54347	1
2026.07.16	10:26:00	176800	176800	176705	176775	10877	34711	1
2026.07.16	10:27:00	176775	176785	176625	176655	13518	46386	1
2026.07.16	10:28:00	176655	176720	176550	176635	16713	55712	1
2026.07.16	10:29:00	176640	176690	176585	176610	8654	27904	1
2026.07.16	10:30:00	176610	176650	176210	176240	46993	155533	1
2026.07.16	10:31:00	176235	176375	176130	176170	36965	123891	1
2026.07.16	10:32:00	176175	176200	175905	176000	39172	136216	1
2026.07.16	10:33:00	176005	176005	175640	175760	40322	142840	1
2026.07.16	10:34:00	175755	175805	175610	175680	22820	79269	1
2026.07.16	10:35:00	175680	175775	175580	175775	24362	78689	1
2026.07.16	10:36:00	175775	175875	175540	175695	39254	128357	1
2026.07.16	10:37:00	175690	175765	175635	175650	13077	41618	1
2026.07.16	10:38:00	175650	175680	175510	175635	22597	74922	1
2026.07.16	10:39:00	175635	175675	175560	175630	14325	59983	1
2026.07.16	10:40:00	175625	175730	175605	175645	15029	50599	1
2026.07.16	10:41:00	175645	175755	175595	175665	14984	49267	1
2026.07.16	10:42:00	175665	175710	175620	175625	8906	31593	1
2026.07.16	10:43:00	175625	175720	175515	175675	21423	70958	1
2026.07.16	10:44:00	175680	175705	175410	175435	26549	90035	1
2026.07.16	10:45:00	175435	175535	175435	175520	12130	41675	1
2026.07.16	10:46:00	175520	175560	175455	175540	11209	38707	1
2026.07.16	10:47:00	175540	175605	175475	175525	12903	44702	1
2026.07.16	10:48:00	175520	175525	175435	175480	9762	33911	1
2026.07.16	10:49:00	175480	175565	175415	175545	12976	45087	1
2026.07.16	10:50:00	175550	175795	175525	175735	26413	86844	1
2026.07.16	10:51:00	175740	175745	175610	175705	13983	49295	1
2026.07.16	10:52:00	175705	175740	175610	175630	10252	35438	1
2026.07.16	10:53:00	175625	175660	175580	175605	8093	28949	1
2026.07.16	10:54:00	175605	175775	175555	175640	17139	57531	1
2026.07.16	10:55:00	175640	175685	175485	175500	17507	56615	1
2026.07.16	10:56:00	175505	175565	175480	175550	9662	34201	1
2026.07.16	10:57:00	175545	175570	175455	175475	11126	38012	1
2026.07.16	10:58:00	175475	175570	175440	175550	10449	35811	1
2026.07.16	10:59:00	175550	175715	175550	175705	14608	47569	1
2026.07.16	11:00:00	175700	175885	175650	175885	23335	78457	1
2026.07.16	11:01:00	175885	176150	175810	176110	32099	117000	1
2026.07.16	11:02:00	176110	176130	176040	176110	14330	50932	1
2026.07.16	11:03:00	176110	176195	176015	176065	19235	66809	1
2026.07.16	11:04:00	176060	176065	175950	176040	13571	46072	1
2026.07.16	11:05:00	176045	176155	176015	176140	13141	47266	1
2026.07.16	11:06:00	176145	176150	176000	176100	11500	38755	1
2026.07.16	11:07:00	176100	176205	176080	176155	13700	46851	1
2026.07.16	11:08:00	176155	176255	176125	176220	13540	46075	1
2026.07.16	11:09:00	176215	176335	176165	176300	14459	51523	1
2026.07.16	11:10:00	176300	176410	176290	176345	15300	56023	1
2026.07.16	11:11:00	176345	176485	176330	176380	16771	61173	1
2026.07.16	11:12:00	176380	176425	176265	176305	15616	54140	1
2026.07.16	11:13:00	176310	176430	176285	176360	10956	38279	1
2026.07.16	11:14:00	176360	176415	176330	176390	6656	24416	1
2026.07.16	11:15:00	176390	176415	176225	176225	13640	44481	1
2026.07.16	11:16:00	176225	176270	176115	176170	19587	67505	1
2026.07.16	11:17:00	176170	176180	176040	176120	14485	52200	1
2026.07.16	11:18:00	176125	176285	176110	176230	15369	51417	1
2026.07.16	11:19:00	176235	176360	176210	176310	10665	35024	1
2026.07.16	11:20:00	176310	176355	176110	176175	19171	65018	1
2026.07.16	11:21:00	176175	176190	176070	176135	10432	36611	1
2026.07.16	11:22:00	176130	176200	176120	176165	7025	24928	1
2026.07.16	11:23:00	176165	176190	176075	176150	7581	26927	1
2026.07.16	11:24:00	176155	176190	176090	176150	7184	24366	1
2026.07.16	11:25:00	176145	176180	176095	176140	5356	19352	1
2026.07.16	11:26:00	176145	176165	176090	176090	5112	18070	1
2026.07.16	11:27:00	176090	176295	176070	176255	16547	59021	1
2026.07.16	11:28:00	176260	176350	176230	176300	9767	34846	1
2026.07.16	11:29:00	176305	176340	176245	176320	6947	25312	1
2026.07.16	11:30:00	176320	176340	176155	176250	14067	47655	1
2026.07.16	11:31:00	176245	176315	176185	176200	7619	25055	1
2026.07.16	11:32:00	176200	176250	176160	176240	8005	27030	1
2026.07.16	11:33:00	176245	176250	176170	176205	5612	22450	1
2026.07.16	11:34:00	176205	176330	176180	176250	10555	37624	1
2026.07.16	11:35:00	176250	176290	176225	176235	4453	15618	1
2026.07.16	11:36:00	176235	176310	176180	176215	8557	28061	1
2026.07.16	11:37:00	176220	176280	176180	176210	5912	20561	1
2026.07.16	11:38:00	176215	176295	176155	176290	9306	31822	1
2026.07.16	11:39:00	176290	176305	176190	176270	7574	28706	1
2026.07.16	11:40:00	176275	176330	176215	176250	10263	37035	1
2026.07.16	11:41:00	176250	176325	176210	176220	8476	36284	1
2026.07.16	11:42:00	176220	176290	176195	176265	4993	17601	1
2026.07.16	11:43:00	176270	176475	176255	176440	19314	66252	1
2026.07.16	11:44:00	176440	176500	176400	176450	9021	30013	1
2026.07.16	11:45:00	176455	176555	176420	176550	14629	54350	1
2026.07.16	11:46:00	176550	176575	176510	176545	8912	33257	1
2026.07.16	11:47:00	176550	176605	176515	176570	9730	33269	1
2026.07.16	11:48:00	176570	176605	176455	176495	11634	39424	1
2026.07.16	11:49:00	176500	176670	176490	176640	15103	54045	1
2026.07.16	11:50:00	176645	176735	176620	176660	14783	53971	1
2026.07.16	11:51:00	176660	176785	176650	176720	13493	49354	1
2026.07.16	11:52:00	176720	176785	176705	176745	7352	26562	1
2026.07.16	11:53:00	176745	176870	176730	176845	14324	55239	1
2026.07.16	11:54:00	176850	176860	176770	176790	8841	33517	1
2026.07.16	11:55:00	176790	176790	176565	176595	22771	86931	1
2026.07.16	11:56:00	176600	176620	176490	176515	10693	38273	1
2026.07.16	11:57:00	176505	176580	176470	176565	10125	39298	1
2026.07.16	11:58:00	176565	176700	176555	176685	12908	43053	1
2026.07.16	11:59:00	176690	176700	176600	176635	7353	28905	1
2026.07.16	12:00:00	176630	176650	176435	176490	18277	65055	1
2026.07.16	12:01:00	176490	176530	176435	176515	6835	25747	1
2026.07.16	12:02:00	176515	176565	176480	176505	7502	29809	1
2026.07.16	12:03:00	176505	176540	176415	176525	10847	39906	1
2026.07.16	12:04:00	176525	176645	176525	176595	12179	45280	1
2026.07.16	12:05:00	176590	176605	176515	176555	6986	27304	1
2026.07.16	12:06:00	176550	176555	176375	176440	16440	58856	1
2026.07.16	12:07:00	176440	176480	176340	176380	10688	39796	1
2026.07.16	12:08:00	176375	176445	176355	176390	7880	30581	1
2026.07.16	12:09:00	176390	176570	176375	176560	12382	44594	1
2026.07.16	12:10:00	176565	176605	176535	176575	9001	33597	1
2026.07.16	12:11:00	176575	176635	176560	176620	6104	21390	1
2026.07.16	12:12:00	176625	176630	176540	176565	7270	24222	1
2026.07.16	12:13:00	176565	176610	176420	176435	9812	38883	1
2026.07.16	12:14:00	176430	176495	176410	176490	6940	24737	1
2026.07.16	12:15:00	176490	176595	176480	176535	8192	26567	1
2026.07.16	12:16:00	176530	176565	176480	176515	4682	16616	1
2026.07.16	12:17:00	176510	176560	176510	176525	3208	9355	1
2026.07.16	12:18:00	176530	176535	176490	176515	2488	7957	1
2026.07.16	12:19:00	176520	176545	176470	176490	4225	15259	1
2026.07.16	12:20:00	176490	176520	176455	176510	5258	19209	1
2026.07.16	12:21:00	176510	176695	176505	176635	14820	50911	1
2026.07.16	12:22:00	176635	176670	176610	176635	5779	21035	1
2026.07.16	12:23:00	176635	176655	176580	176605	5400	18643	1
2026.07.16	12:24:00	176605	176690	176590	176660	5289	17176	1
2026.07.16	12:25:00	176660	176735	176650	176680	8540	30605	1
2026.07.16	12:26:00	176680	176700	176645	176645	4557	16001	1
2026.07.16	12:27:00	176650	176815	176645	176800	12511	41865	1
2026.07.16	12:28:00	176800	176805	176710	176760	8009	27362	1
2026.07.16	12:29:00	176755	176765	176635	176655	8543	31050	1
2026.07.16	12:30:00	176655	176660	176520	176570	13192	44206	1
2026.07.16	12:31:00	176575	176585	176510	176525	6263	25382	1
2026.07.16	12:32:00	176520	176605	176490	176605	8578	30784	1
2026.07.16	12:33:00	176605	176640	176580	176640	4840	15991	1
2026.07.16	12:34:00	176640	176670	176600	176640	5532	18695	1
2026.07.16	12:35:00	176640	176680	176615	176630	4510	15121	1
2026.07.16	12:36:00	176630	176690	176580	176685	7317	25263	1
2026.07.16	12:37:00	176690	176755	176660	176705	8442	33220	1
2026.07.16	12:38:00	176705	176745	176705	176725	3440	13741	1
2026.07.16	12:39:00	176725	176850	176725	176800	11067	41298	1
2026.07.16	12:40:00	176800	176815	176765	176770	5864	23323	1
2026.07.16	12:41:00	176770	176820	176740	176760	5067	17998	1
2026.07.16	12:42:00	176760	176780	176750	176760	2811	9178	1
2026.07.16	12:43:00	176755	176765	176620	176630	10821	37535	1
2026.07.16	12:44:00	176635	176700	176625	176685	5684	20370	1
2026.07.16	12:45:00	176680	176705	176655	176680	3353	12613	1
2026.07.16	12:46:00	176670	176690	176630	176640	2989	10876	1
2026.07.16	12:47:00	176640	176675	176580	176605	6522	24315	1
2026.07.16	12:48:00	176605	176655	176605	176620	3417	13171	1
2026.07.16	12:49:00	176620	176735	176600	176715	7976	28837	1
2026.07.16	12:50:00	176710	176815	176710	176800	8079	27784	1
2026.07.16	12:51:00	176800	176830	176765	176815	5468	18880	1
2026.07.16	12:52:00	176815	176835	176780	176780	4153	15617	1
2026.07.16	12:53:00	176785	176805	176715	176750	7453	27131	1
2026.07.16	12:54:00	176745	176805	176735	176800	4192	16862	1
2026.07.16	12:55:00	176800	176800	176765	176770	2407	8964	1
2026.07.16	12:56:00	176765	176790	176710	176730	4276	16047	1
2026.07.16	12:57:00	176730	176760	176715	176730	3390	13579	1
2026.07.16	12:58:00	176730	176740	176675	176700	5354	18494	1
2026.07.16	12:59:00	176700	176740	176695	176720	2410	8650	1
2026.07.16	13:00:00	176720	176775	176680	176700	6934	27996	1
2026.07.16	13:01:00	176700	176715	176655	176675	4949	16881	1
2026.07.16	13:02:00	176675	176690	176595	176645	7297	24570	1
2026.07.16	13:03:00	176650	176650	176550	176555	7173	26817	1
2026.07.16	13:04:00	176560	176595	176480	176505	11219	40347	1
2026.07.16	13:05:00	176505	176520	176415	176425	10193	36009	1
2026.07.16	13:06:00	176425	176535	176420	176490	8863	33288	1
2026.07.16	13:07:00	176490	176510	176430	176440	5132	20554	1
2026.07.16	13:08:00	176445	176505	176430	176485	4643	17501	1
2026.07.16	13:09:00	176490	176540	176460	176510	5456	21209	1
2026.07.16	13:10:00	176515	176515	176450	176475	4123	15360	1
2026.07.16	13:11:00	176475	176485	176395	176400	5513	20216	1
2026.07.16	13:12:00	176405	176455	176395	176425	6649	27302	1
2026.07.16	13:13:00	176425	176465	176395	176440	4506	19385	1
2026.07.16	13:14:00	176445	176450	176385	176430	3845	12702	1
2026.07.16	13:15:00	176430	176430	176325	176370	9788	36695	1
2026.07.16	13:16:00	176370	176450	176370	176435	6328	24661	1
2026.07.16	13:17:00	176430	176445	176410	176410	2510	10028	1
2026.07.16	13:18:00	176410	176455	176380	176420	3987	15596	1
2026.07.16	13:19:00	176425	176455	176335	176365	6240	24811	1
2026.07.16	13:20:00	176360	176365	176195	176230	19919	73301	1
2026.07.16	13:21:00	176230	176280	176195	176275	7239	27692	1
2026.07.16	13:22:00	176275	176295	176225	176255	4994	19829	1
2026.07.16	13:23:00	176250	176315	176245	176255	4735	16879	1
2026.07.16	13:24:00	176260	176305	176250	176265	2794	10057	1
2026.07.16	13:25:00	176270	176280	176210	176280	4640	17093	1
2026.07.16	13:26:00	176280	176320	176255	176270	5049	19270	1
2026.07.16	13:27:00	176270	176320	176270	176320	2661	9794	1
2026.07.16	13:28:00	176315	176340	176300	176310	3637	13093	1
2026.07.16	13:29:00	176310	176330	176265	176305	3833	14919	1
2026.07.16	13:30:00	176310	176365	176305	176350	6829	26467	1
2026.07.16	13:31:00	176345	176355	176285	176295	4067	16054	1
2026.07.16	13:32:00	176295	176345	176285	176325	3017	11267	1
2026.07.16	13:33:00	176330	176350	176285	176300	3280	13500	1
2026.07.16	13:34:00	176300	176325	176285	176305	1872	7461	1
2026.07.16	13:35:00	176310	176395	176295	176350	6592	24722	1
2026.07.16	13:36:00	176350	176365	176290	176350	4811	18300	1
2026.07.16	13:37:00	176355	176400	176320	176370	4399	16736	1
2026.07.16	13:38:00	176370	176410	176355	176360	3865	15110	1
2026.07.16	13:39:00	176360	176390	176325	176360	4180	16939	1
2026.07.16	13:40:00	176365	176390	176330	176365	2823	10869	1
2026.07.16	13:41:00	176370	176380	176300	176310	4687	16665	1
2026.07.16	13:42:00	176310	176315	176275	176300	4493	16616	1
2026.07.16	13:43:00	176300	176320	176290	176310	1871	7835	1
2026.07.16	13:44:00	176310	176375	176305	176360	4227	15807	1
2026.07.16	13:45:00	176355	176375	176250	176265	6841	24541	1
2026.07.16	13:46:00	176270	176280	176175	176190	9767	40714	1
2026.07.16	13:47:00	176185	176190	176080	176160	13273	51267	1
2026.07.16	13:48:00	176155	176205	176140	176200	5095	19227	1
2026.07.16	13:49:00	176200	176210	176130	176175	4733	19875	1
2026.07.16	13:50:00	176170	176185	176100	176120	5708	23652	1
2026.07.16	13:51:00	176120	176220	176110	176170	6391	24264	1
2026.07.16	13:52:00	176175	176195	176135	176175	3216	12265	1
2026.07.16	13:53:00	176180	176190	176155	176170	1672	6806	1
2026.07.16	13:54:00	176170	176190	176140	176165	2329	8853	1
2026.07.16	13:55:00	176165	176215	176125	176135	5060	18753	1
2026.07.16	13:56:00	176135	176145	176070	176105	7657	29923	1
2026.07.16	13:57:00	176105	176130	176095	176130	2485	9757	1
2026.07.16	13:58:00	176130	176140	176060	176115	5570	22471	1
2026.07.16	13:59:00	176115	176135	176100	176105	2282	9234	1
2026.07.16	14:00:00	176105	176145	176085	176090	3808	14104	1
2026.07.16	14:01:00	176085	176095	176040	176045	7027	25027	1
2026.07.16	14:02:00	176045	176060	175990	176010	8569	32013	1
2026.07.16	14:03:00	176015	176040	175980	176015	5049	20120	1
2026.07.16	14:04:00	176020	176050	175965	176030	5806	20575	1
2026.07.16	14:05:00	176025	176025	175915	175920	9326	33828	1
2026.07.16	14:06:00	175920	175930	175805	175845	14191	55398	1
2026.07.16	14:07:00	175850	175860	175770	175830	10581	45475	1
2026.07.16	14:08:00	175830	175855	175710	175735	10552	44667	1
2026.07.16	14:09:00	175740	175745	175620	175680	13982	57026	1
2026.07.16	14:10:00	175685	175790	175675	175770	10593	46155	1
2026.07.16	14:11:00	175770	175790	175685	175730	6997	27900	1
2026.07.16	14:12:00	175735	175825	175725	175775	9577	39115	1
2026.07.16	14:13:00	175775	175815	175715	175715	6228	26954	1
2026.07.16	14:14:00	175715	175785	175620	175625	10277	41675	1
2026.07.16	14:15:00	175630	175735	175535	175715	18218	71782	1
2026.07.16	14:16:00	175715	175720	175630	175695	6636	28285	1
2026.07.16	14:17:00	175690	175705	175660	175670	2973	12894	1
2026.07.16	14:18:00	175675	175695	175620	175655	4396	17241	1
2026.07.16	14:19:00	175660	175695	175650	175675	2899	10919	1
2026.07.16	14:20:00	175675	175710	175650	175665	3992	14500	1
2026.07.16	14:21:00	175665	175680	175570	175650	7933	29806	1
2026.07.16	14:22:00	175650	175685	175610	175660	4205	16997	1
2026.07.16	14:23:00	175660	175690	175640	175675	2753	11250	1
2026.07.16	14:24:00	175675	175725	175665	175690	5325	20913	1
2026.07.16	14:25:00	175685	175760	175665	175700	7322	27491	1
2026.07.16	14:26:00	175705	175750	175690	175725	3533	15065	1
2026.07.16	14:27:00	175720	175745	175670	175740	3452	13106	1
2026.07.16	14:28:00	175740	175745	175650	175675	4540	18843	1
2026.07.16	14:29:00	175680	175715	175665	175710	3007	12400	1
2026.07.16	14:30:00	175710	175780	175705	175735	6191	23798	1
2026.07.16	14:31:00	175740	175780	175730	175770	2962	10989	1
2026.07.16	14:32:00	175770	175790	175740	175755	3351	13120	1
2026.07.16	14:33:00	175755	175785	175750	175765	1984	8644	1
2026.07.16	14:34:00	175760	175770	175715	175725	2971	11174	1
2026.07.16	14:35:00	175730	175800	175725	175775	3723	14664	1
2026.07.16	14:36:00	175770	175790	175735	175755	2545	9160	1
2026.07.16	14:37:00	175750	175770	175710	175725	3706	13694	1
2026.07.16	14:38:00	175720	175735	175670	175715	6389	23634	1
2026.07.16	14:39:00	175715	175720	175660	175690	3709	15163	1
2026.07.16	14:40:00	175690	175710	175545	175585	11458	45709	1
2026.07.16	14:41:00	175580	175635	175550	175590	6465	27408	1
2026.07.16	14:42:00	175590	175660	175560	175560	7304	30305	1
2026.07.16	14:43:00	175565	175615	175550	175600	3747	15072	1
2026.07.16	14:44:00	175600	175635	175590	175620	3091	13804	1
2026.07.16	14:45:00	175625	175640	175590	175615	3585	13846	1
2026.07.16	14:46:00	175615	175660	175600	175645	3238	11522	1
2026.07.16	14:47:00	175645	175705	175640	175685	5639	21632	1
2026.07.16	14:48:00	175690	175700	175665	175695	2407	8989	1
2026.07.16	14:49:00	175695	175740	175690	175715	4908	16736	1
2026.07.16	14:50:00	175715	175730	175700	175705	2246	7732	1
2026.07.16	14:51:00	175705	175750	175700	175715	3612	13223	1
2026.07.16	14:52:00	175710	175725	175690	175710	3070	12973	1
2026.07.16	14:53:00	175715	175760	175715	175725	3927	15687	1
2026.07.16	14:54:00	175725	175735	175565	175585	10657	38414	1
2026.07.16	14:55:00	175580	175595	175425	175465	16152	65828	1
2026.07.16	14:56:00	175465	175470	175355	175445	12042	47951	1
2026.07.16	14:57:00	175445	175450	175370	175400	6144	26976	1
2026.07.16	14:58:00	175400	175455	175390	175420	6017	22782	1
2026.07.16	14:59:00	175420	175465	175410	175450	3669	12051	1
2026.07.16	15:00:00	175455	175475	175325	175405	12875	48222	1
2026.07.16	15:01:00	175405	175420	175345	175390	5238	18312	1
2026.07.16	15:02:00	175390	175415	175360	175410	3830	13567	1
2026.07.16	15:03:00	175415	175415	175375	175390	2743	9949	1
2026.07.16	15:04:00	175385	175405	175350	175360	3265	12865	1
2026.07.16	15:05:00	175365	175365	175200	175235	16417	63819	1
2026.07.16	15:06:00	175230	175250	175160	175240	11335	46924	1
2026.07.16	15:07:00	175240	175275	175235	175270	5092	20879	1
2026.07.16	15:08:00	175270	175325	175265	175300	6440	23554	1
2026.07.16	15:09:00	175295	175330	175265	175270	4647	18633	1
2026.07.16	15:10:00	175275	175340	175265	175305	4789	18483	1
2026.07.16	15:11:00	175305	175395	175305	175375	7717	28628	1
2026.07.16	15:12:00	175380	175465	175365	175430	8848	34328	1
2026.07.16	15:13:00	175430	175545	175415	175535	9460	36665	1
2026.07.16	15:14:00	175540	175555	175490	175510	5762	24566	1
2026.07.16	15:15:00	175515	175520	175450	175495	6340	24679	1
2026.07.16	15:16:00	175490	175530	175490	175520	3613	13923	1
2026.07.16	15:17:00	175520	175560	175505	175540	3976	15469	1
2026.07.16	15:18:00	175540	175540	175470	175480	5468	19567	1
2026.07.16	15:19:00	175475	175520	175470	175485	3203	13566	1
2026.07.16	15:20:00	175490	175520	175430	175500	5780	22083	1
2026.07.16	15:21:00	175500	175550	175495	175545	3354	14872	1
2026.07.16	15:22:00	175540	175575	175510	175540	5779	21745	1
2026.07.16	15:23:00	175540	175550	175475	175495	4875	20388	1
2026.07.16	15:24:00	175500	175525	175480	175485	2496	10621	1
2026.07.16	15:25:00	175485	175505	175460	175470	3741	15063	1
2026.07.16	15:26:00	175470	175495	175465	175475	2104	8231	1
2026.07.16	15:27:00	175475	175480	175405	175435	7786	30553	1
2026.07.16	15:28:00	175435	175460	175400	175435	4416	22438	1
2026.07.16	15:29:00	175430	175445	175410	175420	2469	9703	1
2026.07.16	15:30:00	175420	175430	175365	175400	7085	25665	1
2026.07.16	15:31:00	175405	175415	175285	175300	8922	30355	1
2026.07.16	15:32:00	175300	175320	175265	175270	6991	25410	1
2026.07.16	15:33:00	175265	175340	175260	175305	6338	23485	1
2026.07.16	15:34:00	175300	175320	175265	175290	3213	11700	1
2026.07.16	15:35:00	175285	175325	175280	175305	3083	12930	1
2026.07.16	15:36:00	175305	175315	175280	175295	2769	11056	1
2026.07.16	15:37:00	175295	175340	175275	175310	4143	15981	1
2026.07.16	15:38:00	175315	175340	175300	175325	2442	9984	1
2026.07.16	15:39:00	175325	175350	175305	175325	3040	13422	1
2026.07.16	15:40:00	175320	175335	175280	175320	3812	14425	1
2026.07.16	15:41:00	175325	175335	175295	175310	1866	7870	1
2026.07.16	15:42:00	175315	175385	175285	175360	8790	34721	1
2026.07.16	15:43:00	175360	175380	175335	175365	4490	19710	1
2026.07.16	15:44:00	175365	175385	175345	175380	2574	10112	1
2026.07.16	15:45:00	175375	175475	175355	175425	9114	36326	1
2026.07.16	15:46:00	175430	175445	175385	175390	5473	22948	1
2026.07.16	15:47:00	175390	175430	175370	175420	4218	17817	1
2026.07.16	15:48:00	175420	175475	175400	175410	4169	17632	1
2026.07.16	15:49:00	175415	175495	175405	175455	4420	18282	1
2026.07.16	15:50:00	175450	175530	175450	175495	7150	26642	1
2026.07.16	15:51:00	175495	175505	175420	175420	5865	23517	1
2026.07.16	15:52:00	175420	175430	175355	175415	8360	31730	1
2026.07.16	15:53:00	175420	175435	175390	175415	2888	13031	1
2026.07.16	15:54:00	175415	175430	175385	175385	1940	7712	1
2026.07.16	15:55:00	175385	175390	175325	175360	6344	25726	1
2026.07.16	15:56:00	175360	175380	175340	175375	3069	11537	1
2026.07.16	15:57:00	175380	175390	175365	175375	2390	8975	1
2026.07.16	15:58:00	175380	175400	175350	175390	2572	10665	1
2026.07.16	15:59:00	175390	175400	175370	175390	1820	6738	1
2026.07.16	16:00:00	175395	175430	175330	175395	5818	22868	1
2026.07.16	16:01:00	175400	175425	175345	175420	4459	17997	1
2026.07.16	16:02:00	175420	175435	175390	175400	2839	12398	1
2026.07.16	16:03:00	175405	175410	175380	175400	1763	5780	1
2026.07.16	16:04:00	175400	175410	175365	175370	1968	7913	1
2026.07.16	16:05:00	175370	175375	175330	175360	3420	12583	1
2026.07.16	16:06:00	175360	175375	175305	175340	4169	14611	1
2026.07.16	16:07:00	175340	175345	175260	175290	7570	30921	1
2026.07.16	16:08:00	175295	175305	175265	175285	3769	16158	1
2026.07.16	16:09:00	175280	175295	175260	175295	2755	10963	1
2026.07.16	16:10:00	175290	175320	175285	175315	3264	13924	1
2026.07.16	16:11:00	175315	175315	175280	175310	2022	9602	1
2026.07.16	16:12:00	175310	175345	175300	175330	3505	13676	1
2026.07.16	16:13:00	175330	175350	175310	175315	2412	9715	1
2026.07.16	16:14:00	175310	175325	175285	175325	2947	13199	1
2026.07.16	16:15:00	175325	175365	175310	175350	3554	13647	1
2026.07.16	16:16:00	175350	175400	175350	175400	5297	20981	1
2026.07.16	16:17:00	175395	175410	175380	175380	3086	12912	1
2026.07.16	16:18:00	175385	175420	175375	175415	2503	10017	1
2026.07.16	16:19:00	175410	175435	175380	175405	3793	15471	1
2026.07.16	16:20:00	175400	175445	175390	175400	3888	14306	1
2026.07.16	16:21:00	175395	175425	175385	175400	2975	12708	1
2026.07.16	16:22:00	175400	175425	175370	175385	2857	12053	1
2026.07.16	16:23:00	175390	175395	175340	175360	3654	13731	1
2026.07.16	16:24:00	175360	175360	175335	175340	2433	9624	1
2026.07.16	16:25:00	175340	175345	175295	175295	4508	16397	1
2026.07.16	16:26:00	175300	175310	175270	175280	4306	16100	1
2026.07.16	16:27:00	175285	175335	175280	175330	3989	16037	1
2026.07.16	16:28:00	175330	175350	175315	175335	2483	9657	1
2026.07.16	16:29:00	175335	175360	175325	175345	2290	9016	1
2026.07.16	16:30:00	175345	175345	175310	175335	2595	9993	1
2026.07.16	16:31:00	175335	175355	175285	175300	4389	18957	1
2026.07.16	16:32:00	175300	175340	175295	175335	2201	7800	1
2026.07.16	16:33:00	175330	175335	175210	175240	8742	35462	1
2026.07.16	16:34:00	175240	175260	175205	175245	5347	21829	1
2026.07.16	16:35:00	175240	175265	175215	175235	3464	14995	1
2026.07.16	16:36:00	175235	175275	175235	175270	2790	9714	1
2026.07.16	16:37:00	175270	175310	175265	175305	4171	15804	1
2026.07.16	16:38:00	175305	175340	175300	175325	3530	12347	1
2026.07.16	16:39:00	175325	175330	175305	175320	1771	6319	1
2026.07.16	16:40:00	175315	175330	175300	175325	2382	10745	1
2026.07.16	16:41:00	175320	175345	175315	175335	2593	10638	1
2026.07.16	16:42:00	175335	175360	175325	175350	2321	8301	1
2026.07.16	16:43:00	175350	175355	175325	175340	1614	5896	1
2026.07.16	16:44:00	175345	175345	175255	175270	5583	23193	1
2026.07.16	16:45:00	175270	175285	175245	175275	3557	14926	1
2026.07.16	16:46:00	175270	175275	175240	175250	2780	11442	1
2026.07.16	16:47:00	175245	175275	175235	175270	2379	9565	1
2026.07.16	16:48:00	175265	175280	175220	175240	3640	17350	1
2026.07.16	16:49:00	175235	175265	175210	175260	3793	14830	1
2026.07.16	16:50:00	175260	175285	175245	175270	3796	16829	1
2026.07.16	16:51:00	175265	175305	175260	175290	4060	17649	1
2026.07.16	16:52:00	175290	175325	175270	175305	3329	11475	1
2026.07.16	16:53:00	175300	175345	175295	175340	2801	10113	1
2026.07.16	16:54:00	175340	175350	175325	175345	3524	14844	1
2026.07.16	16:55:00	175350	175405	175340	175370	7968	32367	1
2026.07.16	16:56:00	175375	175380	175320	175370	5418	23373	1
2026.07.16	16:57:00	175370	175390	175350	175370	2439	10810	1
2026.07.16	16:58:00	175370	175395	175360	175380	2097	8046	1
2026.07.16	16:59:00	175385	175450	175380	175435	6666	26167	1
2026.07.16	17:00:00	175435	175460	175365	175365	7109	31593	1
2026.07.16	17:01:00	175370	175460	175350	175445	5846	23066	1
2026.07.16	17:02:00	175440	175470	175435	175465	3312	11996	1
2026.07.16	17:03:00	175470	175470	175440	175450	2041	8591	1
2026.07.16	17:04:00	175450	175520	175440	175510	5487	21543	1
2026.07.16	17:05:00	175510	175520	175445	175455	4669	17257	1
2026.07.16	17:06:00	175460	175470	175350	175355	7324	30243	1
2026.07.16	17:07:00	175355	175420	175355	175415	3267	13231	1
2026.07.16	17:08:00	175415	175425	175395	175405	1312	4088	1
2026.07.16	17:09:00	175410	175415	175380	175405	1690	7106	1
2026.07.16	17:10:00	175405	175415	175390	175400	1137	4325	1
2026.07.16	17:11:00	175400	175405	175370	175405	2198	8796	1
2026.07.16	17:12:00	175400	175425	175395	175400	2144	9746	1
2026.07.16	17:13:00	175405	175405	175375	175385	1524	6830	1
2026.07.16	17:14:00	175385	175395	175310	175335	4888	17638	1
2026.07.16	17:15:00	175335	175345	175310	175320	2901	11260	1
2026.07.16	17:16:00	175320	175350	175310	175350	2247	9118	1
2026.07.16	17:17:00	175350	175365	175340	175355	1381	5413	1
2026.07.16	17:18:00	175355	175355	175330	175335	974	3338	1
2026.07.16	17:19:00	175335	175340	175325	175325	938	3369	1
2026.07.16	17:20:00	175325	175340	175265	175290	3911	13328	1
2026.07.16	17:21:00	175285	175290	175260	175265	2282	9265	1
2026.07.16	17:22:00	175265	175300	175265	175295	1839	6566	1
2026.07.16	17:23:00	175300	175310	175275	175300	1718	6544	1
2026.07.16	17:24:00	175295	175305	175275	175285	967	3787	1
2026.07.16	17:25:00	175285	175300	175270	175295	1395	4992	1
2026.07.16	17:26:00	175290	175300	175275	175285	849	2821	1
2026.07.16	17:27:00	175280	175305	175275	175290	857	2490	1
2026.07.16	17:28:00	175285	175305	175275	175280	908	3127	1
2026.07.16	17:29:00	175280	175290	175260	175265	1239	3936	1
2026.07.16	17:30:00	175265	175275	175130	175150	9290	31404	1
2026.07.16	17:31:00	175150	175170	175100	175135	5504	21015	1
2026.07.16	17:32:00	175135	175185	175120	175180	3888	13697	1
2026.07.16	17:33:00	175180	175190	175160	175180	1852	6781	1
2026.07.16	17:34:00	175185	175195	175170	175180	1281	4385	1
2026.07.16	17:35:00	175185	175195	175155	175165	1543	5425	1
2026.07.16	17:36:00	175165	175255	175165	175240	4734	16359	1
2026.07.16	17:37:00	175245	175300	175245	175275	4748	17107	1
2026.07.16	17:38:00	175280	175290	175265	175275	1235	4462	1
2026.07.16	17:39:00	175275	175290	175265	175280	925	3629	1
2026.07.16	17:40:00	175280	175335	175275	175320	2849	10378	1
2026.07.16	17:41:00	175320	175330	175280	175290	2604	7746	1
2026.07.16	17:42:00	175290	175300	175245	175270	3393	9982	1
2026.07.16	17:43:00	175270	175275	175230	175265	2378	7975	1
2026.07.16	17:44:00	175270	175280	175260	175280	1059	4112	1
2026.07.16	17:45:00	175275	175285	175255	175265	1252	4203	1
2026.07.16	17:46:00	175265	175320	175255	175310	2982	9272	1
2026.07.16	17:47:00	175315	175325	175300	175310	1065	3175	1
2026.07.16	17:48:00	175310	175325	175295	175310	1222	3934	1
2026.07.16	17:49:00	175305	175335	175300	175325	1469	5171	1
2026.07.16	17:50:00	175330	175365	175255	175270	5527	16803	1
2026.07.16	17:51:00	175270	175285	175240	175245	1670	5402	1
2026.07.16	17:52:00	175245	175270	175205	175260	4157	13347	1
2026.07.16	17:53:00	175250	175270	175220	175220	1600	5687	1
2026.07.16	17:54:00	175225	175265	175220	175260	1167	4380	1
2026.07.16	17:55:00	175260	175300	175255	175285	1930	6079	1
2026.07.16	17:56:00	175290	175300	175280	175295	871	2825	1
2026.07.16	17:57:00	175290	175295	175250	175265	1283	4211	1
2026.07.16	17:58:00	175270	175275	175255	175270	485	1604	1
2026.07.16	17:59:00	175265	175275	175250	175275	730	2696	1
2026.07.16	18:00:00	175270	175290	175220	175260	2569	7357	1
2026.07.16	18:01:00	175255	175270	175245	175260	585	1420	1
2026.07.16	18:02:00	175260	175270	175255	175260	468	1000	1
2026.07.16	18:03:00	175265	175270	175235	175250	804	1967	1
2026.07.16	18:04:00	175250	175260	175230	175245	937	2237	1
2026.07.16	18:05:00	175250	175270	175245	175260	776	1995	1
2026.07.16	18:06:00	175255	175260	175240	175255	965	2095	1
2026.07.16	18:07:00	175250	175255	175185	175230	2582	7319	1
2026.07.16	18:08:00	175230	175230	175180	175195	1487	4116	1
2026.07.16	18:09:00	175190	175220	175180	175220	1702	4342	1
2026.07.16	18:10:00	175215	175220	175180	175195	1373	4005	1
2026.07.16	18:11:00	175195	175220	175190	175205	1301	3042	1
2026.07.16	18:12:00	175200	175205	175180	175190	1211	2880	1
2026.07.16	18:13:00	175190	175205	175175	175175	1186	3187	1
2026.07.16	18:14:00	175180	175200	175165	175185	2217	6100	1
2026.07.16	18:15:00	175180	175215	175150	175180	4438	11005	1
2026.07.16	18:16:00	175185	175250	175180	175235	2619	6674	1
2026.07.16	18:17:00	175230	175250	175210	175210	1171	3391	1
2026.07.16	18:18:00	175215	175255	175205	175250	1057	3193	1
2026.07.16	18:19:00	175250	175270	175195	175215	2029	6147	1
2026.07.16	18:20:00	175210	175245	175210	175235	990	2331	1
2026.07.16	18:21:00	175235	175250	175220	175225	586	1392	1
2026.07.16	18:22:00	175225	175225	175175	175195	1332	2849	1
2026.07.16	18:23:00	175195	175195	175165	175170	844	2182	1
2026.07.16	18:24:00	175170	175255	175140	175255	2597	24453	1
2026.07.17	09:03:00	174550	175180	174515	175165	61023	192738	1
2026.07.17	09:04:00	175160	175650	175150	175305	73970	181464	1
2026.07.17	09:05:00	175305	175555	175190	175315	41044	116714	1
2026.07.17	09:06:00	175310	175605	175310	175350	33643	94298	1
2026.07.17	09:07:00	175350	175550	175300	175360	26005	73170	1
2026.07.17	09:08:00	175365	175370	175085	175115	31324	85023	1
2026.07.17	09:09:00	175120	175170	174930	175135	35153	99177	1
2026.07.17	09:10:00	175135	175380	175105	175315	28667	79735	1
2026.07.17	09:11:00	175315	175350	175235	175315	13358	38878	1
2026.07.17	09:12:00	175320	175345	175200	175265	12659	36618	1
2026.07.17	09:13:00	175270	175360	175180	175310	17461	51994	1
2026.07.17	09:14:00	175310	175375	175285	175315	8981	25600	1
2026.07.17	09:15:00	175320	175450	175285	175375	19342	55185	1
2026.07.17	09:16:00	175370	175480	175345	175440	14034	41912	1
2026.07.17	09:17:00	175445	175460	175245	175245	18739	54325	1
2026.07.17	09:18:00	175245	175265	175140	175195	20707	62599	1
2026.07.17	09:19:00	175190	175220	175110	175195	12172	37369	1
2026.07.17	09:20:00	175195	175205	174985	175035	23665	72443	1
2026.07.17	09:21:00	175030	175250	175030	175175	24773	73696	1
2026.07.17	09:22:00	175175	175200	175095	175180	10825	34694	1
2026.07.17	09:23:00	175185	175195	175015	175075	13039	41805	1
2026.07.17	09:24:00	175075	175090	175010	175060	8516	27650	1
2026.07.17	09:25:00	175055	175115	174940	175005	19765	58962	1
2026.07.17	09:26:00	175010	175140	175000	175095	14313	44646	1
2026.07.17	09:27:00	175090	175115	175015	175090	7766	24692	1
2026.07.17	09:28:00	175085	175135	175055	175055	5093	17196	1
2026.07.17	09:29:00	175060	175100	175020	175055	4598	13693	1
2026.07.17	09:30:00	175050	175065	175000	175005	7183	21548	1
2026.07.17	09:31:00	175010	175190	174980	175065	22258	70398	1
2026.07.17	09:32:00	175065	175080	174975	174990	11470	36998	1
2026.07.17	09:33:00	174995	175090	174990	175040	10027	32683	1
2026.07.17	09:34:00	175040	175080	174960	175020	11259	36958	1
2026.07.17	09:35:00	175025	175065	174875	174965	18696	56080	1
2026.07.17	09:36:00	174960	175005	174920	174965	9888	34413	1
2026.07.17	09:37:00	174965	175000	174905	174960	9532	32228	1
2026.07.17	09:38:00	174965	175175	174960	175140	22448	71945	1
2026.07.17	09:39:00	175140	175145	175055	175075	8088	23662	1
2026.07.17	09:40:00	175075	175175	175050	175165	7777	23855	1
2026.07.17	09:41:00	175165	175245	175160	175215	17470	56043	1
2026.07.17	09:42:00	175215	175240	175095	175220	17398	56012	1
2026.07.17	09:43:00	175220	175440	175195	175390	34974	111729	1
2026.07.17	09:44:00	175390	175390	175305	175315	10674	33690	1
2026.07.17	09:45:00	175320	175360	175260	175360	12012	38505	1
2026.07.17	09:46:00	175355	175405	175305	175320	11608	36343	1
2026.07.17	09:47:00	175320	175370	175300	175305	5500	20166	1
2026.07.17	09:48:00	175310	175335	175270	175310	6552	21628	1
2026.07.17	09:49:00	175310	175370	175275	175320	6595	22321	1
2026.07.17	09:50:00	175320	175390	175260	175365	8672	27382	1
2026.07.17	09:51:00	175360	175385	175290	175315	6749	22088	1
2026.07.17	09:52:00	175315	175405	175310	175360	6344	19888	1
2026.07.17	09:53:00	175355	175460	175335	175380	11445	35215	1
2026.07.17	09:54:00	175375	175405	175355	175395	4240	13538	1
2026.07.17	09:55:00	175390	175440	175325	175380	9867	31985	1
2026.07.17	09:56:00	175380	175395	175325	175345	4395	14612	1
2026.07.17	09:57:00	175345	175375	175300	175325	6994	21539	1
2026.07.17	09:58:00	175330	175350	175180	175195	18154	55054	1
2026.07.17	09:59:00	175200	175295	175170	175295	11730	40088	1
2026.07.17	10:00:00	175290	175390	175085	175275	45014	153494	1
2026.07.17	10:01:00	175275	175280	174945	175040	39884	130755	1
2026.07.17	10:02:00	175040	175140	174965	175020	19263	59844	1
2026.07.17	10:03:00	175020	175260	175010	175200	22026	68427	1
2026.07.17	10:04:00	175200	175335	175090	175285	22453	72028	1
2026.07.17	10:05:00	175285	175355	175215	175275	16097	52832	1
2026.07.17	10:06:00	175275	175370	175265	175310	12972	41791	1
2026.07.17	10:07:00	175310	175330	175235	175275	9408	31961	1
2026.07.17	10:08:00	175275	175315	175070	175130	23645	79447	1
2026.07.17	10:09:00	175130	175300	175070	175265	18484	62559	1
2026.07.17	10:10:00	175270	175365	175185	175205	23059	78828	1
2026.07.17	10:11:00	175205	175260	175090	175130	18712	66292	1
2026.07.17	10:12:00	175130	175220	175090	175180	11454	39680	1
2026.07.17	10:13:00	175185	175235	175155	175200	6998	22733	1
2026.07.17	10:14:00	175200	175350	175160	175180	16170	49338	1
2026.07.17	10:15:00	175175	175230	175110	175145	12206	39074	1
2026.07.17	10:16:00	175145	175475	175120	175435	35383	129215	1
2026.07.17	10:17:00	175435	175440	175325	175370	17211	61021	1
2026.07.17	10:18:00	175370	175425	175320	175350	9406	33501	1
2026.07.17	10:19:00	175355	175400	175255	175260	10880	36274	1
2026.07.17	10:20:00	175265	175270	175130	175165	16079	53280	1
2026.07.17	10:21:00	175165	175165	175005	175015	17978	63871	1
2026.07.17	10:22:00	175010	175070	174880	174945	25264	88897	1
2026.07.17	10:23:00	174945	175060	174920	175020	17760	56731	1
2026.07.17	10:24:00	175015	175070	174790	174810	26152	89690	1
2026.07.17	10:25:00	174805	174975	174805	174925	17396	58278	1
2026.07.17	10:26:00	174925	175270	174900	175250	33614	114331	1
2026.07.17	10:27:00	175245	175270	175125	175175	16672	55043	1
2026.07.17	10:28:00	175180	175375	175165	175280	22728	71863	1
2026.07.17	10:29:00	175275	175295	175170	175235	12775	42765	1
2026.07.17	10:30:00	175230	175255	175060	175195	27171	87228	1
2026.07.17	10:31:00	175190	175355	175140	175315	25423	81792	1
2026.07.17	10:32:00	175315	175470	175305	175425	26532	88878	1
2026.07.17	10:33:00	175420	175650	175370	175550	33616	111299	1
2026.07.17	10:34:00	175545	175550	175380	175390	18548	59218	1
2026.07.17	10:35:00	175390	175540	175210	175240	31953	104811	1
2026.07.17	10:36:00	175240	175415	175130	175140	30270	99357	1
2026.07.17	10:37:00	175135	175370	175135	175275	23352	75823	1
2026.07.17	10:38:00	175275	175310	175175	175245	13221	46617	1
2026.07.17	10:39:00	175240	175275	175110	175165	17297	54244	1
2026.07.17	10:40:00	175160	175530	175145	175455	30996	101169	1
2026.07.17	10:41:00	175450	175540	175345	175495	18592	62571	1
2026.07.17	10:42:00	175500	175505	175320	175340	15788	52087	1
2026.07.17	10:43:00	175335	175430	175325	175345	8423	28155	1
2026.07.17	10:44:00	175345	175350	175160	175250	17259	54217	1
2026.07.17	10:45:00	175255	175330	175120	175250	19316	63482	1
2026.07.17	10:46:00	175250	175320	175100	175185	14511	46704	1
2026.07.17	10:47:00	175185	175285	175165	175235	8103	25984	1
2026.07.17	10:48:00	175235	175275	175170	175255	7486	24411	1
2026.07.17	10:49:00	175260	175450	175250	175425	19715	66603	1
2026.07.17	10:50:00	175425	175530	175415	175485	14385	47701	1
2026.07.17	10:51:00	175480	175505	175260	175300	19580	63636	1
2026.07.17	10:52:00	175305	175440	175280	175420	12346	43633	1
2026.07.17	10:53:00	175420	175580	175400	175570	17350	59865	1
2026.07.17	10:54:00	175570	175695	175475	175565	26443	93316	1
2026.07.17	10:55:00	175565	175775	175545	175705	26328	89754	1
2026.07.17	10:56:00	175705	175770	175635	175670	13862	51605	1
2026.07.17	10:57:00	175675	175755	175600	175735	13715	49884	1
2026.07.17	10:58:00	175735	175890	175700	175815	21053	77313	1
2026.07.17	10:59:00	175820	175820	175695	175755	11986	44445	1
2026.07.17	11:00:00	175765	175795	175555	175640	21883	78447	1
2026.07.17	11:01:00	175640	175670	175430	175495	20095	73146	1
2026.07.17	11:02:00	175495	175650	175490	175585	14267	50573	1
2026.07.17	11:03:00	175590	175600	175465	175520	13020	44551	1
2026.07.17	11:04:00	175520	175590	175480	175510	7931	26695	1
2026.07.17	11:05:00	175505	175580	175340	175345	18431	60623	1
2026.07.17	11:06:00	175350	175440	175300	175385	15459	55812	1
2026.07.17	11:07:00	175385	175415	175340	175345	6261	21928	1
2026.07.17	11:08:00	175350	175390	175275	175290	9623	35074	1
2026.07.17	11:09:00	175290	175320	175215	175265	14190	49184	1
2026.07.17	11:10:00	175265	175285	175155	175195	14241	48329	1
2026.07.17	11:11:00	175195	175220	175075	175215	18843	64907	1
2026.07.17	11:12:00	175215	175230	175155	175205	8472	30511	1
2026.07.17	11:13:00	175205	175345	175180	175255	17031	55418	1
2026.07.17	11:14:00	175250	175270	175170	175240	10478	39197	1
2026.07.17	11:15:00	175245	175410	175230	175390	18710	64487	1
2026.07.17	11:16:00	175390	175430	175295	175345	13073	44884	1
2026.07.17	11:17:00	175340	175400	175280	175315	10036	35883	1
2026.07.17	11:18:00	175315	175380	175270	175360	6185	21289	1
2026.07.17	11:19:00	175360	175365	175270	175300	5350	18767	1
2026.07.17	11:20:00	175300	175535	175265	175440	21704	72302	1
2026.07.17	11:21:00	175445	175455	175370	175375	9316	34424	1
2026.07.17	11:22:00	175375	175430	175310	175330	8611	29336	1
2026.07.17	11:23:00	175335	175415	175330	175405	5733	20157	1
2026.07.17	11:24:00	175405	175405	175300	175355	5710	20577	1
2026.07.17	11:25:00	175360	175420	175350	175405	5343	18937	1
2026.07.17	11:26:00	175400	175435	175325	175415	6209	21922	1
2026.07.17	11:27:00	175420	175465	175365	175385	7093	25233	1
2026.07.17	11:28:00	175385	175495	175355	175470	7833	27470	1
2026.07.17	11:29:00	175465	175480	175385	175395	5816	21884	1
2026.07.17	11:30:00	175395	175470	175325	175390	10871	37745	1
2026.07.17	11:31:00	175390	175445	175315	175350	6704	24369	1
2026.07.17	11:32:00	175355	175425	175335	175365	6015	22360	1
2026.07.17	11:33:00	175365	175485	175350	175465	7592	25849	1
2026.07.17	11:34:00	175465	175495	175385	175385	6820	24774	1
2026.07.17	11:35:00	175385	175470	175380	175460	4901	18179	1
2026.07.17	11:36:00	175460	175550	175400	175430	13203	44459	1
2026.07.17	11:37:00	175425	175455	175385	175440	3703	13261	1
2026.07.17	11:38:00	175445	175595	175430	175540	12313	41412	1
2026.07.17	11:39:00	175540	175570	175500	175520	5068	16663	1
2026.07.17	11:40:00	175520	175520	175370	175400	11275	40512	1
2026.07.17	11:41:00	175395	175450	175360	175415	6767	25952	1
2026.07.17	11:42:00	175415	175505	175410	175460	7270	27369	1
2026.07.17	11:43:00	175455	175455	175370	175425	6341	24532	1
2026.07.17	11:44:00	175430	175450	175380	175400	3204	12355	1
2026.07.17	11:45:00	175395	175555	175370	175540	11316	42932	1
2026.07.17	11:46:00	175535	175685	175510	175685	14590	49500	1
2026.07.17	11:47:00	175685	175785	175665	175690	15997	54952	1
2026.07.17	11:48:00	175690	175735	175630	175645	9970	35406	1
2026.07.17	11:49:00	175645	175695	175625	175685	4954	17815	1
2026.07.17	11:50:00	175690	175745	175635	175715	7897	30018	1
2026.07.17	11:51:00	175715	175725	175605	175685	7673	26703	1
2026.07.17	11:52:00	175690	175770	175675	175695	8852	31895	1
2026.07.17	11:53:00	175690	175745	175590	175615	9042	34326	1
2026.07.17	11:54:00	175620	175700	175580	175680	8320	32209	1
2026.07.17	11:55:00	175680	175765	175640	175735	8697	32977	1
2026.07.17	11:56:00	175735	175755	175670	175680	5774	22371	1
2026.07.17	11:57:00	175685	175725	175610	175625	6543	23987	1
2026.07.17	11:58:00	175625	175655	175585	175595	5705	20015	1
2026.07.17	11:59:00	175600	175730	175590	175675	7774	30075	1
2026.07.17	12:00:00	175670	175715	175550	175570	13107	46562	1
2026.07.17	12:01:00	175570	175585	175520	175545	7093	28216	1
2026.07.17	12:02:00	175545	175595	175475	175575	11280	39455	1
2026.07.17	12:03:00	175580	175665	175570	175620	8423	31872	1
2026.07.17	12:04:00	175620	175700	175580	175635	8067	30986	1
2026.07.17	12:05:00	175635	175765	175635	175740	8643	32293	1
2026.07.17	12:06:00	175735	175760	175650	175665	7399	27781	1
2026.07.17	12:07:00	175670	175740	175665	175705	3410	11806	1
2026.07.17	12:08:00	175710	175780	175695	175725	6440	21690	1
2026.07.17	12:09:00	175725	175745	175680	175720	3938	14663	1
2026.07.17	12:10:00	175720	175825	175715	175780	12508	45552	1
2026.07.17	12:11:00	175780	175795	175735	175765	4396	16191	1
2026.07.17	12:12:00	175765	175785	175720	175740	5027	20185	1
2026.07.17	12:13:00	175740	175770	175680	175710	5654	20833	1
2026.07.17	12:14:00	175710	175770	175655	175760	7003	25736	1
2026.07.17	12:15:00	175760	175795	175725	175730	5743	21294	1
2026.07.17	12:16:00	175735	175755	175700	175725	3201	12531	1
2026.07.17	12:17:00	175725	175790	175685	175715	5162	19761	1
2026.07.17	12:18:00	175715	175835	175700	175820	6504	23158	1
2026.07.17	12:19:00	175815	175915	175805	175865	12487	44006	1
2026.07.17	12:20:00	175865	175900	175825	175880	7335	28575	1
2026.07.17	12:21:00	175880	175950	175865	175905	9402	36760	1
2026.07.17	12:22:00	175905	175965	175865	175865	7802	28456	1
2026.07.17	12:23:00	175865	175895	175805	175820	8812	33123	1
2026.07.17	12:24:00	175820	175870	175775	175845	7362	27517	1
2026.07.17	12:25:00	175845	175940	175830	175870	8059	32719	1
2026.07.17	12:26:00	175870	175975	175850	175960	7834	28988	1
2026.07.17	12:27:00	175960	175980	175930	175950	5165	19616	1
2026.07.17	12:28:00	175955	175980	175940	175970	2918	11156	1
2026.07.17	12:29:00	175965	175980	175940	175955	3103	12629	1
2026.07.17	12:30:00	175950	176010	175935	176000	9469	34626	1
2026.07.17	12:31:00	175995	176010	175955	175970	4169	16708	1
2026.07.17	12:32:00	175970	176035	175890	175970	15364	62355	1
2026.07.17	12:33:00	175970	176035	175965	175995	4505	17380	1
2026.07.17	12:34:00	176000	176000	175865	175885	10278	36588	1
2026.07.17	12:35:00	175885	175935	175845	175925	6762	25081	1
2026.07.17	12:36:00	175930	175960	175905	175910	5412	20988	1
2026.07.17	12:37:00	175910	175950	175900	175930	2330	7972	1
2026.07.17	12:38:00	175930	175950	175880	175905	3659	14428	1
2026.07.17	12:39:00	175910	175950	175885	175905	2821	11619	1
2026.07.17	12:40:00	175900	175945	175885	175905	2879	13032	1
2026.07.17	12:41:00	175905	175920	175850	175885	3997	15274	1
2026.07.17	12:42:00	175880	175895	175805	175870	7323	25647	1
2026.07.17	12:43:00	175870	175880	175825	175835	3533	12663	1
2026.07.17	12:44:00	175835	175845	175785	175820	6198	23323	1
2026.07.17	12:45:00	175825	175830	175750	175765	7200	25562	1
2026.07.17	12:46:00	175770	175850	175740	175840	8106	30513	1
2026.07.17	12:47:00	175840	175840	175795	175825	2809	10594	1
2026.07.17	12:48:00	175820	175835	175790	175795	2722	10026	1
2026.07.17	12:49:00	175790	175840	175785	175840	2406	8840	1
2026.07.17	12:50:00	175840	175860	175790	175845	4999	19704	1
2026.07.17	12:51:00	175840	175920	175840	175900	8900	33025	1
2026.07.17	12:52:00	175895	175935	175880	175925	5200	20363	1
2026.07.17	12:53:00	175920	175945	175870	175870	5063	18651	1
2026.07.17	12:54:00	175870	175900	175865	175895	2390	9863	1
2026.07.17	12:55:00	175900	175975	175860	175970	6422	22952	1
2026.07.17	12:56:00	175965	175990	175945	175970	4779	17963	1
2026.07.17	12:57:00	175975	175990	175945	175980	3225	11473	1
2026.07.17	12:58:00	175975	176065	175970	176035	9224	33860	1
2026.07.17	12:59:00	176035	176045	175940	175955	7318	28305	1
2026.07.17	13:00:00	175950	176010	175940	175985	4005	16974	1
2026.07.17	13:01:00	175990	176020	175885	175940	11912	49674	1
2026.07.17	13:02:00	175940	176010	175930	175950	5987	24306	1
2026.07.17	13:03:00	175950	175950	175850	175880	8362	32671	1
2026.07.17	13:04:00	175885	175935	175865	175895	4348	18275	1
2026.07.17	13:05:00	175895	175900	175805	175825	7371	28915	1
2026.07.17	13:06:00	175830	175850	175765	175825	7301	28549	1
2026.07.17	13:07:00	175825	175860	175785	175815	5040	22193	1
2026.07.17	13:08:00	175820	175875	175790	175865	3834	15070	1
2026.07.17	13:09:00	175865	176025	175855	176000	12580	49590	1
2026.07.17	13:10:00	176005	176005	175930	175930	6208	23170	1
2026.07.17	13:11:00	175935	175970	175915	175925	4151	17953	1
2026.07.17	13:12:00	175925	175935	175860	175870	5619	22665	1
2026.07.17	13:13:00	175870	175875	175810	175835	4740	17933	1
2026.07.17	13:14:00	175835	175835	175745	175785	7428	29099	1
2026.07.17	13:15:00	175780	175800	175715	175720	7676	27036	1
2026.07.17	13:16:00	175720	175745	175635	175660	11203	39460	1
2026.07.17	13:17:00	175660	175725	175660	175690	5769	25938	1
2026.07.17	13:18:00	175695	175735	175660	175670	4429	15972	1
2026.07.17	13:19:00	175665	175690	175585	175645	8153	32219	1
2026.07.17	13:20:00	175645	175650	175595	175600	4564	19698	1
2026.07.17	13:21:00	175600	175610	175510	175530	9563	38204	1
2026.07.17	13:22:00	175525	175535	175485	175495	6330	26390	1
2026.07.17	13:23:00	175495	175560	175490	175545	5390	22514	1
2026.07.17	13:24:00	175540	175550	175475	175500	4578	19329	1
2026.07.17	13:25:00	175505	175510	175435	175460	6486	26454	1
2026.07.17	13:26:00	175465	175480	175415	175470	6831	27524	1
2026.07.17	13:27:00	175470	175500	175450	175475	3910	15440	1
2026.07.17	13:28:00	175480	175525	175470	175485	6562	27332	1
2026.07.17	13:29:00	175485	175515	175455	175485	3632	14482	1
2026.07.17	13:30:00	175485	175500	175440	175465	3605	14689	1
2026.07.17	13:31:00	175460	175500	175445	175480	2834	12454	1
2026.07.17	13:32:00	175475	175480	175310	175385	15553	59475	1
2026.07.17	13:33:00	175385	175415	175365	175380	4471	19671	1
2026.07.17	13:34:00	175380	175390	175355	175390	2700	10971	1
2026.07.17	13:35:00	175385	175410	175305	175315	6935	28565	1
2026.07.17	13:36:00	175310	175345	175285	175320	5849	22004	1
2026.07.17	13:37:00	175315	175335	175275	175320	5303	22357	1
2026.07.17	13:38:00	175320	175365	175275	175325	5868	23230	1
2026.07.17	13:39:00	175325	175335	175310	175330	1838	6749	1
2026.07.17	13:40:00	175335	175360	175305	175350	3330	12846	1
2026.07.17	13:41:00	175355	175360	175330	175345	2359	10162	1
2026.07.17	13:42:00	175345	175380	175340	175360	3319	12326	1
2026.07.17	13:43:00	175355	175460	175355	175435	10557	41389	1
2026.07.17	13:44:00	175435	175480	175420	175460	4865	20662	1
2026.07.17	13:45:00	175465	175530	175445	175470	9173	35413	1
2026.07.17	13:46:00	175470	175505	175460	175490	2730	11318	1
2026.07.17	13:47:00	175490	175510	175445	175500	4236	16868	1
2026.07.17	13:48:00	175505	175550	175480	175540	5435	21738	1
2026.07.17	13:49:00	175535	175570	175525	175550	4141	15084	1
2026.07.17	13:50:00	175550	175565	175465	175480	6967	30306	1
2026.07.17	13:51:00	175475	175515	175460	175490	4075	17285	1
2026.07.17	13:52:00	175495	175500	175445	175490	4152	17039	1
2026.07.17	13:53:00	175490	175545	175460	175465	5243	20484	1
2026.07.17	13:54:00	175470	175505	175455	175470	2784	11603	1
2026.07.17	13:55:00	175470	175475	175385	175425	9438	34812	1
2026.07.17	13:56:00	175430	175435	175375	175395	3770	14181	1
2026.07.17	13:57:00	175390	175400	175325	175350	6561	24844	1
2026.07.17	13:58:00	175350	175385	175340	175365	3677	15234	1
2026.07.17	13:59:00	175365	175390	175355	175385	1906	8104	1
2026.07.17	14:00:00	175380	175410	175350	175395	4411	17303	1
2026.07.17	14:01:00	175395	175515	175375	175470	10521	41946	1
2026.07.17	14:02:00	175470	175485	175415	175455	4217	18353	1
2026.07.17	14:03:00	175450	175480	175405	175465	3932	16311	1
2026.07.17	14:04:00	175465	175465	175415	175460	2099	7777	1
2026.07.17	14:05:00	175465	175500	175430	175480	3837	16289	1
2026.07.17	14:06:00	175475	175535	175460	175520	5097	18759	1
2026.07.17	14:07:00	175525	175530	175420	175435	5279	20807	1
2026.07.17	14:08:00	175430	175490	175420	175480	2723	12323	1
2026.07.17	14:09:00	175485	175535	175470	175525	3675	14622	1
2026.07.17	14:10:00	175530	175550	175475	175490	5251	22225	1
2026.07.17	14:11:00	175485	175500	175445	175455	3370	13749	1
2026.07.17	14:12:00	175460	175485	175370	175385	7357	26880	1
2026.07.17	14:13:00	175390	175405	175365	175375	3084	12942	1
2026.07.17	14:14:00	175375	175400	175355	175360	3196	12437	1
2026.07.17	14:15:00	175355	175400	175345	175375	4892	20994	1
2026.07.17	14:16:00	175380	175430	175370	175425	3814	14346	1
2026.07.17	14:17:00	175425	175435	175375	175390	3772	15787	1
2026.07.17	14:18:00	175390	175430	175385	175410	1918	8265	1
2026.07.17	14:19:00	175415	175450	175360	175390	5170	20205	1
2026.07.17	14:20:00	175395	175430	175355	175415	3550	14167	1
2026.07.17	14:21:00	175410	175440	175395	175410	1911	8272	1
2026.07.17	14:22:00	175410	175450	175400	175410	2602	10947	1
2026.07.17	14:23:00	175410	175425	175365	175390	2959	12780	1
2026.07.17	14:24:00	175390	175410	175365	175395	1911	8172	1
2026.07.17	14:25:00	175400	175425	175380	175420	2045	8185	1
2026.07.17	14:26:00	175415	175430	175370	175390	1984	8396	1
2026.07.17	14:27:00	175390	175465	175380	175450	4073	15475	1
2026.07.17	14:28:00	175455	175470	175415	175420	3203	12460	1
2026.07.17	14:29:00	175415	175440	175385	175420	1966	7526	1
2026.07.17	14:30:00	175415	175440	175410	175435	1339	5275	1
2026.07.17	14:31:00	175430	175450	175425	175425	1430	5818	1
2026.07.17	14:32:00	175425	175440	175385	175400	2588	10868	1
2026.07.17	14:33:00	175400	175445	175395	175430	2153	10243	1
2026.07.17	14:34:00	175425	175535	175405	175505	8032	34631	1
2026.07.17	14:35:00	175505	175515	175405	175415	5865	24440	1
2026.07.17	14:36:00	175410	175435	175350	175360	7205	28026	1
2026.07.17	14:37:00	175365	175375	175340	175355	3585	13852	1
2026.07.17	14:38:00	175360	175360	175325	175330	3237	13195	1
2026.07.17	14:39:00	175330	175340	175295	175315	5145	25377	1
2026.07.17	14:40:00	175315	175325	175185	175235	13109	48439	1
2026.07.17	14:41:00	175240	175250	175200	175240	3664	14793	1
2026.07.17	14:42:00	175245	175250	175210	175215	2333	9749	1
2026.07.17	14:43:00	175215	175265	175210	175235	4038	15848	1
2026.07.17	14:44:00	175235	175240	175200	175220	2223	9319	1
2026.07.17	14:45:00	175215	175285	175205	175275	5692	23168	1
2026.07.17	14:46:00	175270	175305	175270	175280	4082	16929	1
2026.07.17	14:47:00	175285	175305	175255	175260	2852	12056	1
2026.07.17	14:48:00	175260	175280	175220	175235	4110	17946	1
2026.07.17	14:49:00	175240	175360	175235	175345	7593	26821	1
2026.07.17	14:50:00	175345	175380	175290	175300	6778	25934	1
2026.07.17	14:51:00	175300	175325	175265	175270	3474	13193	1
2026.07.17	14:52:00	175270	175290	175250	175270	3939	15766	1
2026.07.17	14:53:00	175265	175325	175260	175310	3129	12570	1
2026.07.17	14:54:00	175315	175335	175235	175245	4866	19924	1
2026.07.17	14:55:00	175245	175280	175220	175265	4273	17258	1
2026.07.17	14:56:00	175260	175270	175220	175235	2793	11248	1
2026.07.17	14:57:00	175240	175275	175220	175250	2855	12389	1
2026.07.17	14:58:00	175255	175255	175165	175220	7821	32905	1
2026.07.17	14:59:00	175225	175245	175040	175055	15709	66766	1
2026.07.17	15:00:00	175060	175070	174945	174965	13503	60869	1
2026.07.17	15:01:00	174970	175025	174940	174980	6423	25396	1
2026.07.17	15:02:00	174985	175040	174955	175030	6152	22125	1
2026.07.17	15:03:00	175025	175050	174965	175025	5367	20173	1
2026.07.17	15:04:00	175025	175040	174970	175005	3948	16044	1
2026.07.17	15:05:00	175005	175005	174950	174980	4295	15865	1
2026.07.17	15:06:00	174980	174990	174905	174945	7947	30342	1
2026.07.17	15:07:00	174945	174975	174920	174965	5297	23067	1
2026.07.17	15:08:00	174965	175030	174940	174995	5755	21353	1
2026.07.17	15:09:00	175000	175005	174940	174965	4020	16572	1
2026.07.17	15:10:00	174960	175035	174955	174985	5174	20475	1
2026.07.17	15:11:00	174980	174995	174940	174975	4081	18197	1
2026.07.17	15:12:00	174975	174975	174935	174940	2050	7499	1
2026.07.17	15:13:00	174940	174945	174875	174910	6696	24388	1
2026.07.17	15:14:00	174910	174925	174865	174885	6066	21139	1
2026.07.17	15:15:00	174885	174965	174865	174905	7342	26954	1
2026.07.17	15:16:00	174905	174945	174885	174935	3018	11144	1
2026.07.17	15:17:00	174935	174995	174935	174980	5636	21690	1
2026.07.17	15:18:00	174980	175065	174975	174995	10561	41150	1
2026.07.17	15:19:00	174990	175000	174930	174975	6584	25360	1
2026.07.17	15:20:00	174975	174990	174955	174970	2092	8277	1
2026.07.17	15:21:00	174970	174995	174930	174955	3017	10922	1
2026.07.17	15:22:00	174955	174985	174915	174930	3825	14772	1
2026.07.17	15:23:00	174930	174975	174910	174955	3249	12229	1
2026.07.17	15:24:00	174960	174965	174930	174945	1734	6620	1
2026.07.17	15:25:00	174945	174955	174910	174925	2127	8283	1
2026.07.17	15:26:00	174920	174960	174915	174945	2176	9203	1
2026.07.17	15:27:00	174945	174945	174910	174925	1869	7241	1
2026.07.17	15:28:00	174920	174950	174910	174935	1678	6137	1
2026.07.17	15:29:00	174930	174940	174905	174930	1914	7848	1
2026.07.17	15:30:00	174930	174990	174900	174945	5475	22070	1
2026.07.17	15:31:00	174945	174970	174905	174905	2916	12745	1
2026.07.17	15:32:00	174905	174930	174890	174895	3944	15192	1
2026.07.17	15:33:00	174895	174925	174885	174905	2724	11065	1
2026.07.17	15:34:00	174905	174905	174815	174845	9782	37568	1
2026.07.17	15:35:00	174840	174870	174810	174835	4853	20793	1
2026.07.17	15:36:00	174830	174925	174825	174905	7054	28784	1
2026.07.17	15:37:00	174910	174935	174895	174915	3491	13842	1
2026.07.17	15:38:00	174910	174920	174865	174910	3516	13400	1
2026.07.17	15:39:00	174910	174925	174890	174910	1575	6959	1
2026.07.17	15:40:00	174910	174940	174880	174885	3853	17179	1
2026.07.17	15:41:00	174880	174930	174880	174930	1751	6874	1
2026.07.17	15:42:00	174930	174955	174900	174905	3775	13211	1
2026.07.17	15:43:00	174905	174915	174865	174885	3580	14015	1
2026.07.17	15:44:00	174885	174945	174880	174930	2943	12028	1
2026.07.17	15:45:00	174930	174945	174885	174915	2836	11957	1
2026.07.17	15:46:00	174920	174930	174895	174930	1512	5478	1
2026.07.17	15:47:00	174925	174935	174890	174900	1389	5510	1
2026.07.17	15:48:00	174905	174920	174870	174890	2873	10733	1
2026.07.17	15:49:00	174885	174900	174870	174880	1850	6613	1
2026.07.17	15:50:00	174880	174910	174845	174885	4124	15783	1
2026.07.17	15:51:00	174890	174915	174875	174895	1841	7221	1
2026.07.17	15:52:00	174890	174945	174875	174920	2362	8422	1
2026.07.17	15:53:00	174925	174985	174920	174950	5892	20420	1
2026.07.17	15:54:00	174955	174955	174905	174940	3389	13484	1
2026.07.17	15:55:00	174940	174975	174935	174950	2288	8190	1
2026.07.17	15:56:00	174950	174950	174920	174935	1700	6255	1
2026.07.17	15:57:00	174930	174960	174915	174925	2319	8933	1
2026.07.17	15:58:00	174925	174945	174920	174930	998	3155	1
2026.07.17	15:59:00	174930	174955	174925	174925	1293	5115	1
2026.07.17	16:00:00	174920	174985	174885	174910	7020	27069	1
2026.07.17	16:01:00	174910	174925	174885	174905	2310	8941	1
2026.07.17	16:02:00	174905	174915	174890	174905	1481	5787	1
2026.07.17	16:03:00	174900	174915	174860	174880	3528	13598	1
2026.07.17	16:04:00	174880	174885	174835	174855	3594	13529	1
2026.07.17	16:05:00	174860	174900	174835	174890	4013	16290	1
2026.07.17	16:06:00	174890	174900	174840	174860	2328	9384	1
2026.07.17	16:07:00	174860	174865	174835	174850	1919	7867	1
2026.07.17	16:08:00	174845	174855	174830	174850	2186	7876	1
2026.07.17	16:09:00	174850	174870	174835	174845	1681	6249	1
2026.07.17	16:10:00	174845	174895	174840	174875	3393	11922	1
2026.07.17	16:11:00	174875	174915	174870	174905	3440	13750	1
2026.07.17	16:12:00	174900	174910	174880	174890	1452	5978	1
2026.07.17	16:13:00	174885	174895	174850	174865	2116	9216	1
2026.07.17	16:14:00	174865	174870	174840	174840	2063	8786	1
2026.07.17	16:15:00	174845	174860	174800	174805	6129	23678	1
2026.07.17	16:16:00	174810	174830	174765	174785	6135	23373	1
2026.07.17	16:17:00	174780	174795	174740	174760	5483	21689	1
2026.07.17	16:18:00	174765	174820	174760	174795	4871	20024	1
2026.07.17	16:19:00	174795	174845	174785	174835	3933	15653	1
2026.07.17	16:20:00	174835	174850	174805	174825	2888	11379	1
2026.07.17	16:21:00	174830	174830	174765	174780	3501	14724	1
2026.07.17	16:22:00	174775	174800	174775	174795	1562	5208	1
2026.07.17	16:23:00	174795	174805	174755	174775	3296	13433	1
2026.07.17	16:24:00	174780	174835	174770	174795	3501	14514	1
2026.07.17	16:25:00	174790	174805	174760	174800	2077	8049	1
2026.07.17	16:26:00	174800	174825	174775	174805	2121	7747	1
2026.07.17	16:27:00	174805	174940	174800	174920	10641	43704	1
2026.07.17	16:28:00	174915	174970	174910	174950	6228	26835	1
2026.07.17	16:29:00	174945	175070	174945	175055	10545	44570	1
2026.07.17	16:30:00	175055	175100	175010	175015	10380	47147	1
2026.07.17	16:31:00	175020	175045	175000	175040	4095	16309	1
2026.07.17	16:32:00	175040	175050	174955	174975	5366	21274	1
2026.07.17	16:33:00	174975	175030	174975	175025	3344	16231	1
2026.07.17	16:34:00	175020	175040	174985	175010	2027	7303	1
2026.07.17	16:35:00	175015	175030	174975	175020	2683	11560	1
2026.07.17	16:36:00	175025	175065	175005	175040	4480	19977	1
2026.07.17	16:37:00	175040	175075	175015	175030	3271	13911	1
2026.07.17	16:38:00	175030	175050	174995	175020	3107	12048	1
2026.07.17	16:39:00	175025	175025	174995	175005	1887	8133	1
2026.07.17	16:40:00	175015	175085	174990	175075	4521	19242	1
2026.07.17	16:41:00	175075	175170	175050	175140	9330	35715	1
2026.07.17	16:42:00	175140	175145	175085	175140	4807	20025	1
2026.07.17	16:43:00	175135	175185	175135	175180	3746	13987	1
2026.07.17	16:44:00	175180	175215	175160	175185	5784	22801	1
2026.07.17	16:45:00	175190	175225	175180	175185	4498	17821	1
2026.07.17	16:46:00	175185	175215	175160	175180	4020	17206	1
2026.07.17	16:47:00	175185	175210	175180	175200	2102	8313	1
2026.07.17	16:48:00	175200	175205	175155	175165	2883	11408	1
2026.07.17	16:49:00	175160	175195	175140	175190	3716	15040	1
2026.07.17	16:50:00	175190	175215	175145	175175	3965	16403	1
2026.07.17	16:51:00	175170	175225	175170	175205	3528	12992	1
2026.07.17	16:52:00	175205	175275	175180	175195	7049	27102	1
2026.07.17	16:53:00	175195	175225	175180	175215	2528	10291	1
2026.07.17	16:54:00	175220	175255	175195	175255	3050	13716	1
2026.07.17	16:55:00	175250	175255	175180	175220	4129	17691	1
2026.07.17	16:56:00	175225	175335	175220	175320	9450	42252	1
2026.07.17	16:57:00	175320	175335	175300	175315	3583	15321	1
2026.07.17	16:58:00	175310	175325	175275	175305	3258	13172	1
2026.07.17	16:59:00	175305	175315	175215	175230	6242	25648	1
2026.07.17	17:00:00	175225	175250	175125	175165	10027	38693	1
2026.07.17	17:01:00	175170	175265	175160	175245	5576	21006	1
2026.07.17	17:02:00	175240	175260	175215	175245	2355	9272	1
2026.07.17	17:03:00	175245	175260	175225	175260	1647	7105	1
2026.07.17	17:04:00	175255	175270	175235	175260	1735	7490	1
2026.07.17	17:05:00	175260	175275	175250	175255	1748	6163	1
2026.07.17	17:06:00	175255	175265	175190	175190	3866	17389	1
2026.07.17	17:07:00	175195	175200	175160	175190	3411	14748	1
2026.07.17	17:08:00	175185	175215	175180	175195	1581	6813	1
2026.07.17	17:09:00	175200	175220	175190	175215	1327	6655	1
2026.07.17	17:10:00	175210	175220	175155	175165	2585	10595	1
2026.07.17	17:11:00	175165	175195	175165	175190	1152	4064	1
2026.07.17	17:12:00	175185	175190	175140	175155	2331	8360	1
2026.07.17	17:13:00	175160	175185	175155	175180	1188	3827	1
2026.07.17	17:14:00	175180	175205	175170	175185	1439	5425	1
2026.07.17	17:15:00	175185	175200	175175	175185	855	3195	1
2026.07.17	17:16:00	175180	175195	175155	175190	1434	5584	1
2026.07.17	17:17:00	175190	175190	175165	175170	615	2611	1
2026.07.17	17:18:00	175175	175235	175140	175185	3760	16216	1
2026.07.17	17:19:00	175180	175220	175170	175205	1819	8039	1
2026.07.17	17:20:00	175210	175220	175190	175205	1017	3307	1
2026.07.17	17:21:00	175205	175215	175190	175200	577	1950	1
2026.07.17	17:22:00	175200	175210	175185	175200	888	3418	1
2026.07.17	17:23:00	175195	175220	175175	175180	1346	5504	1
2026.07.17	17:24:00	175175	175200	175155	175190	1681	6422	1
2026.07.17	17:25:00	175190	175200	175155	175165	1364	5769	1
2026.07.17	17:26:00	175165	175185	175160	175185	662	2337	1
2026.07.17	17:27:00	175185	175200	175175	175190	884	3310	1
2026.07.17	17:28:00	175185	175200	175180	175185	594	2193	1
2026.07.17	17:29:00	175190	175190	175165	175180	1165	4321	1
2026.07.17	17:30:00	175175	175200	175150	175175	1683	6633	1
2026.07.17	17:31:00	175175	175180	175160	175165	506	1489	1
2026.07.17	17:32:00	175165	175170	175130	175135	1924	7365	1
2026.07.17	17:33:00	175140	175165	175135	175155	1207	4592	1
2026.07.17	17:34:00	175160	175190	175140	175145	1765	7336	1
2026.07.17	17:35:00	175140	175140	175015	175035	7438	26901	1
2026.07.17	17:36:00	175035	175040	174935	174945	5533	23148	1
2026.07.17	17:37:00	174945	174975	174935	174960	2081	8734	1
2026.07.17	17:38:00	174965	174985	174950	174960	1425	5024	1
2026.07.17	17:39:00	174955	174985	174955	174975	1000	4487	1
2026.07.17	17:40:00	174970	175000	174955	174990	2001	6820	1
2026.07.17	17:41:00	174995	175005	174960	174980	1248	4418	1
2026.07.17	17:42:00	174980	174990	174970	174975	575	2137	1
2026.07.17	17:43:00	174975	174985	174900	174920	3986	14759	1
2026.07.17	17:44:00	174920	174930	174910	174930	1095	3950	1
2026.07.17	17:45:00	174925	174945	174920	174935	1008	3133	1
2026.07.17	17:46:00	174925	174965	174925	174950	1550	5067	1
2026.07.17	17:47:00	174955	174955	174910	174935	1125	4077	1
2026.07.17	17:48:00	174930	174955	174925	174950	614	2175	1
2026.07.17	17:49:00	174945	175000	174945	174975	2562	8463	1
2026.07.17	17:50:00	174980	174985	174925	174955	2115	6979	1
2026.07.17	17:51:00	174955	174980	174945	174960	663	2227	1
2026.07.17	17:52:00	174965	174975	174945	174965	591	2038	1
2026.07.17	17:53:00	174965	175055	174960	175040	4435	15382	1
2026.07.17	17:54:00	175035	175080	175025	175040	2247	10246	1
2026.07.17	17:55:00	175035	175045	174965	174980	2422	8611	1
2026.07.17	17:56:00	174975	174985	174905	174935	3366	12468	1
2026.07.17	17:57:00	174930	174940	174910	174920	991	4334	1
2026.07.17	17:58:00	174920	174955	174870	174900	2902	12943	1
2026.07.17	17:59:00	174900	174945	174875	174935	1605	7020	1
2026.07.17	18:00:00	174935	175000	174900	174980	2531	7261	1
2026.07.17	18:01:00	174985	174990	174915	174930	1388	4283	1
2026.07.17	18:02:00	174930	174980	174880	174965	2737	8196	1
2026.07.17	18:03:00	174970	174985	174950	174955	738	2197	1
2026.07.17	18:04:00	174955	174960	174910	174930	923	2728	1
2026.07.17	18:05:00	174925	174975	174910	174935	1127	2950	1
2026.07.17	18:06:00	174930	175040	174930	174995	2524	8379	1
2026.07.17	18:07:00	174990	174995	174945	174960	1143	3470	1
2026.07.17	18:08:00	174965	174970	174930	174945	800	2560	1
2026.07.17	18:09:00	174940	174990	174940	174975	768	2304	1
2026.07.17	18:10:00	174975	174975	174940	174965	632	2179	1
2026.07.17	18:11:00	174970	174970	174915	174920	848	2983	1
2026.07.17	18:12:00	174920	174950	174900	174925	1195	3786	1
2026.07.17	18:13:00	174925	175010	174920	174990	1915	6924	1
2026.07.17	18:14:00	175000	175050	174950	175040	2165	7951	1
2026.07.17	18:15:00	175045	175085	175025	175040	2436	8313	1
2026.07.17	18:16:00	175035	175040	174970	175010	1434	4570	1
2026.07.17	18:17:00	175010	175025	174985	175015	620	2133	1
2026.07.17	18:18:00	175005	175025	174980	174990	592	2046	1
2026.07.17	18:19:00	174985	174990	174925	174975	1112	5017	1
2026.07.17	18:20:00	174975	175000	174965	174995	453	1568	1
2026.07.17	18:21:00	174985	175025	174980	174985	386	1805	1
2026.07.17	18:22:00	174985	175015	174965	175005	463	1842	1
2026.07.17	18:23:00	174995	175075	174995	175070	548	2390	1
2026.07.17	18:24:00	175065	175100	175050	175070	2071	23559	1
2026.07.20	09:02:00	175580	175580	174865	174870	23174	113910	1
2026.07.20	09:03:00	174875	175435	174725	175385	69211	170440	1
2026.07.20	09:04:00	175380	175500	174935	175135	46258	117471	1
2026.07.20	09:05:00	175140	175195	175025	175140	20209	56822	1
2026.07.20	09:06:00	175140	175505	175075	175450	37038	107647	1
2026.07.20	09:07:00	175450	175600	175290	175445	28648	83763	1
2026.07.20	09:08:00	175450	175705	175420	175545	32603	99876	1
2026.07.20	09:09:00	175550	175570	175390	175435	17741	51849	1
2026.07.20	09:10:00	175435	175555	175260	175295	25871	74486	1
2026.07.20	09:11:00	175300	175425	175270	175405	16973	51395	1
2026.07.20	09:12:00	175395	175410	175250	175355	12152	38763	1
2026.07.20	09:13:00	175355	175385	175195	175215	16456	49308	1
2026.07.20	09:14:00	175215	175245	175060	175185	20942	63589	1
2026.07.20	09:15:00	175180	175195	175025	175050	15035	47816	1
2026.07.20	09:16:00	175050	175170	175005	175160	15841	49603	1
2026.07.20	09:17:00	175165	175185	175020	175080	11587	34244	1
2026.07.20	09:18:00	175075	175180	175010	175105	14702	48104	1
2026.07.20	09:19:00	175105	175135	175025	175055	9016	29260	1
2026.07.20	09:20:00	175060	175110	174975	175030	17416	56048	1
2026.07.20	09:21:00	175035	175035	174915	174930	14693	46607	1
2026.07.20	09:22:00	174925	174980	174875	174930	13923	44987	1
2026.07.20	09:23:00	174930	174950	174795	174825	15592	51972	1
2026.07.20	09:24:00	174830	174930	174815	174840	14638	49209	1
2026.07.20	09:25:00	174840	175185	174780	175130	38037	122939	1
2026.07.20	09:26:00	175130	175180	175040	175125	19509	67857	1
2026.07.20	09:27:00	175130	175130	175070	175115	6609	25253	1
2026.07.20	09:28:00	175105	175160	175020	175125	13344	44387	1
2026.07.20	09:29:00	175125	175245	175105	175190	16704	51974	1
2026.07.20	09:30:00	175190	175345	175185	175280	24628	83509	1
2026.07.20	09:31:00	175280	175280	175160	175225	12797	43589	1
2026.07.20	09:32:00	175225	175270	175185	175240	7376	26301	1
2026.07.20	09:33:00	175235	175350	175205	175275	14440	46672	1
2026.07.20	09:34:00	175275	175280	175160	175190	12826	42047	1
2026.07.20	09:35:00	175195	175295	175175	175260	10197	32317	1
2026.07.20	09:36:00	175255	175305	175225	175240	6824	23667	1
2026.07.20	09:37:00	175245	175275	175180	175240	7545	24939	1
2026.07.20	09:38:00	175235	175300	175210	175230	6025	19896	1
2026.07.20	09:39:00	175230	175230	175030	175050	21262	64492	1
2026.07.20	09:40:00	175055	175130	175045	175075	11057	36634	1
2026.07.20	09:41:00	175075	175195	175060	175165	9272	27520	1
2026.07.20	09:42:00	175160	175180	175125	175155	5042	16699	1
2026.07.20	09:43:00	175150	175210	175115	175160	6781	22054	1
2026.07.20	09:44:00	175160	175175	175105	175165	5280	17025	1
2026.07.20	09:45:00	175170	175180	175050	175065	13317	44887	1
2026.07.20	09:46:00	175070	175105	175000	175065	13915	44048	1
2026.07.20	09:47:00	175060	175170	175045	175165	10014	31393	1
2026.07.20	09:48:00	175165	175175	175020	175030	10670	37490	1
2026.07.20	09:49:00	175030	175110	175025	175080	4685	15576	1
2026.07.20	09:50:00	175075	175145	175070	175120	6886	22470	1
2026.07.20	09:51:00	175120	175150	175045	175130	6932	23487	1
2026.07.20	09:52:00	175135	175200	175090	175165	9741	33321	1
2026.07.20	09:53:00	175160	175255	175150	175230	11432	38473	1
2026.07.20	09:54:00	175235	175335	175225	175260	14558	49556	1
2026.07.20	09:55:00	175260	175295	175210	175250	10182	38391	1
2026.07.20	09:56:00	175250	175285	175170	175265	11575	40401	1
2026.07.20	09:57:00	175270	175290	175205	175270	7302	26479	1
2026.07.20	09:58:00	175270	175395	175255	175330	17749	60559	1
2026.07.20	09:59:00	175335	175340	175215	175260	11716	39467	1
2026.07.20	10:00:00	175260	175565	175195	175495	35676	122527	1
2026.07.20	10:01:00	175495	175780	175395	175750	38117	127563	1
2026.07.20	10:02:00	175745	175955	175730	175750	35659	126742	1
2026.07.20	10:03:00	175745	175760	175465	175520	27430	86447	1
2026.07.20	10:04:00	175525	175540	175380	175490	19006	63423	1
2026.07.20	10:05:00	175495	175565	175315	175350	23136	80198	1
2026.07.20	10:06:00	175350	175455	175320	175365	14351	46880	1
2026.07.20	10:07:00	175365	175455	175290	175340	12265	42222	1
2026.07.20	10:08:00	175340	175465	175320	175440	15570	52937	1
2026.07.20	10:09:00	175435	175565	175420	175480	21597	71485	1
2026.07.20	10:10:00	175480	175530	175415	175490	10155	35126	1
2026.07.20	10:11:00	175495	175525	175420	175510	10199	37497	1
2026.07.20	10:12:00	175510	175630	175500	175595	19549	63415	1
2026.07.20	10:13:00	175600	175605	175350	175360	21225	68883	1
2026.07.20	10:14:00	175355	175495	175355	175475	10137	33923	1
2026.07.20	10:15:00	175480	175510	175325	175340	14503	47181	1
2026.07.20	10:16:00	175340	175355	175180	175230	22220	74844	1
2026.07.20	10:17:00	175230	175265	175165	175180	9358	29920	1
2026.07.20	10:18:00	175180	175235	175120	175175	13500	44510	1
2026.07.20	10:19:00	175170	175175	175090	175155	12130	43162	1
2026.07.20	10:20:00	175150	175420	175140	175385	25881	81182	1
2026.07.20	10:21:00	175380	175455	175290	175450	14531	47721	1
2026.07.20	10:22:00	175445	175480	175325	175365	14995	51814	1
2026.07.20	10:23:00	175365	175430	175295	175335	9599	33490	1
2026.07.20	10:24:00	175335	175475	175280	175330	15871	53049	1
2026.07.20	10:25:00	175335	175335	175185	175215	14557	49199	1
2026.07.20	10:26:00	175220	175285	175145	175265	13095	42292	1
2026.07.20	10:27:00	175265	175305	175190	175280	9417	32913	1
2026.07.20	10:28:00	175285	175320	175115	175190	12421	40034	1
2026.07.20	10:29:00	175185	175215	175100	175185	10105	35352	1
2026.07.20	10:30:00	175190	175210	174895	175095	37065	124818	1
2026.07.20	10:31:00	175090	175165	174970	175090	19403	68052	1
2026.07.20	10:32:00	175095	175110	174875	174940	22394	76886	1
2026.07.20	10:33:00	174935	175075	174880	174950	19456	66671	1
2026.07.20	10:34:00	174950	174970	174810	174820	16002	56420	1
2026.07.20	10:35:00	174820	175185	174795	175130	31268	103996	1
2026.07.20	10:36:00	175130	175370	175085	175260	30106	102102	1
2026.07.20	10:37:00	175260	175350	175165	175215	16839	61956	1
2026.07.20	10:38:00	175210	175235	175065	175105	18193	66824	1
2026.07.20	10:39:00	175105	175170	175005	175115	15106	51794	1
2026.07.20	10:40:00	175110	175215	175015	175015	18833	69026	1
2026.07.20	10:41:00	175020	175055	174900	174905	19388	69173	1
2026.07.20	10:42:00	174910	174920	174745	174800	22435	81745	1
2026.07.20	10:43:00	174805	174825	174580	174590	28864	109684	1
2026.07.20	10:44:00	174590	174685	174570	174665	18177	72611	1
2026.07.20	10:45:00	174670	174695	174530	174670	18812	63950	1
2026.07.20	10:46:00	174675	174735	174590	174685	17830	63720	1
2026.07.20	10:47:00	174685	174835	174635	174700	19542	65653	1
2026.07.20	10:48:00	174700	174715	174615	174690	10342	34650	1
2026.07.20	10:49:00	174685	174935	174665	174895	23142	78642	1
2026.07.20	10:50:00	174895	175170	174885	175060	29274	106338	1
2026.07.20	10:51:00	175065	175175	175025	175135	12161	44623	1
2026.07.20	10:52:00	175130	175170	175070	175090	8379	33109	1
2026.07.20	10:53:00	175085	175110	174980	175110	15415	54127	1
2026.07.20	10:54:00	175110	175210	175050	175070	15988	52751	1
2026.07.20	10:55:00	175070	175115	175035	175065	7523	26288	1
2026.07.20	10:56:00	175070	175115	175015	175095	7786	28984	1
2026.07.20	10:57:00	175100	175135	175065	175100	6596	26596	1
2026.07.20	10:58:00	175095	175145	175050	175100	6115	23604	1
2026.07.20	10:59:00	175105	175245	175095	175120	12733	39453	1
2026.07.20	11:00:00	175125	175340	175095	175295	17735	57200	1
2026.07.20	11:01:00	175295	175435	175290	175410	18291	64712	1
2026.07.20	11:02:00	175410	175425	175250	175280	11995	41483	1
2026.07.20	11:03:00	175275	175300	175180	175225	11797	39621	1
2026.07.20	11:04:00	175230	175230	175125	175175	15729	59937	1
2026.07.20	11:05:00	175175	175280	175160	175170	11730	39139	1
2026.07.20	11:06:00	175170	175285	175110	175190	12953	41662	1
2026.07.20	11:07:00	175190	175235	175130	175170	8013	28151	1
2026.07.20	11:08:00	175165	175210	175140	175190	4086	14177	1
2026.07.20	11:09:00	175185	175210	175025	175055	14130	45038	1
2026.07.20	11:10:00	175055	175125	175025	175085	10323	35686	1
2026.07.20	11:11:00	175085	175150	174990	175015	16898	61473	1
2026.07.20	11:12:00	175015	175020	174900	174905	19020	72990	1
2026.07.20	11:13:00	174910	175035	174900	174970	13216	49984	1
2026.07.20	11:14:00	174970	174990	174920	174965	5542	20476	1
2026.07.20	11:15:00	174965	175020	174930	174990	6680	23636	1
2026.07.20	11:16:00	174985	175135	174965	175110	13706	45567	1
2026.07.20	11:17:00	175110	175195	175105	175120	10686	36384	1
2026.07.20	11:18:00	175120	175195	175095	175145	7179	26636	1
2026.07.20	11:19:00	175145	175180	175110	175125	4365	15412	1
2026.07.20	11:20:00	175130	175135	175005	175055	12648	43370	1
2026.07.20	11:21:00	175050	175080	174985	175050	7781	27457	1
2026.07.20	11:22:00	175050	175100	175025	175090	4791	16953	1
2026.07.20	11:23:00	175090	175275	175060	175220	16961	55759	1
2026.07.20	11:24:00	175220	175235	175115	175135	9163	30981	1
2026.07.20	11:25:00	175135	175215	175120	175185	5535	19697	1
2026.07.20	11:26:00	175180	175240	175170	175225	5416	18483	1
2026.07.20	11:27:00	175225	175255	175100	175145	8897	29185	1
2026.07.20	11:28:00	175150	175205	175145	175150	4620	16019	1
2026.07.20	11:29:00	175150	175260	175145	175170	6791	21074	1
2026.07.20	11:30:00	175170	175235	175145	175185	5521	18188	1
2026.07.20	11:31:00	175190	175290	175165	175265	7500	25457	1
2026.07.20	11:32:00	175260	175385	175215	175360	12584	40276	1
2026.07.20	11:33:00	175360	175525	175345	175445	19683	66202	1
2026.07.20	11:34:00	175445	175485	175410	175430	7272	25973	1
2026.07.20	11:35:00	175430	175455	175380	175385	7045	24813	1
2026.07.20	11:36:00	175390	175445	175360	175405	7283	25977	1
2026.07.20	11:37:00	175400	175455	175360	175420	5413	19445	1
2026.07.20	11:38:00	175425	175515	175415	175490	9474	32758	1
2026.07.20	11:39:00	175485	175525	175440	175475	7392	26762	1
2026.07.20	11:40:00	175480	175550	175360	175390	15343	52755	1
2026.07.20	11:41:00	175390	175405	175270	175305	14747	50174	1
2026.07.20	11:42:00	175305	175390	175305	175345	7152	25343	1
2026.07.20	11:43:00	175345	175465	175340	175445	8734	28651	1
2026.07.20	11:44:00	175445	175500	175435	175450	6327	22577	1
2026.07.20	11:45:00	175450	175565	175410	175525	10844	36113	1
2026.07.20	11:46:00	175525	175545	175440	175525	10472	38293	1
2026.07.20	11:47:00	175525	175650	175525	175600	13703	46681	1
2026.07.20	11:48:00	175600	175635	175555	175590	7278	25394	1
2026.07.20	11:49:00	175595	175685	175590	175630	8659	31280	1
2026.07.20	11:50:00	175625	175785	175590	175760	15323	50513	1
2026.07.20	11:51:00	175760	175800	175715	175725	9213	37176	1
2026.07.20	11:52:00	175725	175780	175700	175765	6494	23677	1
2026.07.20	11:53:00	175765	175775	175645	175695	9000	30780	1
2026.07.20	11:54:00	175690	175740	175635	175635	7170	25740	1
2026.07.20	11:55:00	175635	175660	175455	175515	20018	69979	1
2026.07.20	11:56:00	175515	175530	175455	175480	5975	21296	1
2026.07.20	11:57:00	175480	175535	175455	175510	5492	21586	1
2026.07.20	11:58:00	175515	175565	175455	175475	8428	34064	1
2026.07.20	11:59:00	175480	175560	175445	175555	7478	28693	1
2026.07.20	12:00:00	175555	175555	175445	175480	9423	40331	1
2026.07.20	12:01:00	175480	175650	175415	175605	16534	59080	1
2026.07.20	12:02:00	175605	175620	175520	175555	7054	26003	1
2026.07.20	12:03:00	175550	175565	175490	175515	5343	20966	1
2026.07.20	12:04:00	175515	175580	175485	175530	4598	17192	1
2026.07.20	12:05:00	175535	175570	175390	175425	12264	42764	1
2026.07.20	12:06:00	175425	175495	175405	175480	5777	23386	1
2026.07.20	12:07:00	175480	175545	175475	175520	4886	18493	1
2026.07.20	12:08:00	175515	175630	175480	175580	8530	33706	1
2026.07.20	12:09:00	175580	175630	175475	175560	10745	41226	1
2026.07.20	12:10:00	175560	175590	175505	175520	4700	18822	1
2026.07.20	12:11:00	175515	175540	175465	175475	4696	17869	1
2026.07.20	12:12:00	175470	175490	175365	175385	10499	39575	1
2026.07.20	12:13:00	175385	175395	175325	175380	8787	30910	1
2026.07.20	12:14:00	175380	175385	175285	175290	6963	26609	1
2026.07.20	12:15:00	175295	175310	175255	175265	7352	25931	1
2026.07.20	12:16:00	175270	175310	175250	175285	5140	19534	1
2026.07.20	12:17:00	175285	175335	175250	175265	7035	25270	1
2026.07.20	12:18:00	175265	175325	175225	175275	7440	27400	1
2026.07.20	12:19:00	175275	175285	175245	175250	2627	10952	1
2026.07.20	12:20:00	175250	175290	175230	175250	4241	15554	1
2026.07.20	12:21:00	175245	175290	175220	175265	4435	16602	1
2026.07.20	12:22:00	175265	175285	175195	175235	5792	22435	1
2026.07.20	12:23:00	175235	175240	175175	175210	4485	16592	1
2026.07.20	12:24:00	175215	175230	175145	175170	5629	21459	1
2026.07.20	12:25:00	175165	175205	175150	175195	3998	15983	1
2026.07.20	12:26:00	175190	175205	175160	175180	2434	9117	1
2026.07.20	12:27:00	175185	175255	175175	175240	5681	19797	1
2026.07.20	12:28:00	175245	175325	175230	175275	9719	35186	1
2026.07.20	12:29:00	175275	175315	175235	175305	5163	20434	1
2026.07.20	12:30:00	175305	175470	175295	175430	15623	57734	1
2026.07.20	12:31:00	175435	175445	175345	175380	6371	25061	1
2026.07.20	12:32:00	175375	175390	175325	175370	3904	14217	1
2026.07.20	12:33:00	175365	175405	175335	175350	3202	13149	1
2026.07.20	12:34:00	175355	175380	175320	175365	3495	13858	1
2026.07.20	12:35:00	175370	175390	175310	175345	4999	18433	1
2026.07.20	12:36:00	175340	175370	175325	175355	2316	8651	1
2026.07.20	12:37:00	175355	175390	175300	175315	5074	17580	1
2026.07.20	12:38:00	175315	175475	175305	175460	9416	34131	1
2026.07.20	12:39:00	175455	175460	175355	175380	5581	19975	1
2026.07.20	12:40:00	175385	175440	175380	175390	3143	10926	1
2026.07.20	12:41:00	175395	175435	175390	175410	1850	5843	1
2026.07.20	12:42:00	175410	175420	175370	175390	2902	10053	1
2026.07.20	12:43:00	175390	175490	175390	175445	6180	21166	1
2026.07.20	12:44:00	175445	175485	175435	175480	2489	9620	1
2026.07.20	12:45:00	175475	175495	175360	175390	8349	31316	1
2026.07.20	12:46:00	175390	175415	175350	175365	4112	16887	1
2026.07.20	12:47:00	175365	175395	175295	175310	6616	22386	1
2026.07.20	12:48:00	175315	175355	175295	175340	3939	13322	1
2026.07.20	12:49:00	175345	175400	175335	175380	4112	13518	1
2026.07.20	12:50:00	175380	175460	175375	175450	6221	21866	1
2026.07.20	12:51:00	175450	175465	175435	175445	2807	10131	1
2026.07.20	12:52:00	175450	175480	175440	175475	2908	10579	1
2026.07.20	12:53:00	175475	175495	175450	175485	3303	11303	1
2026.07.20	12:54:00	175485	175540	175470	175480	8185	27446	1
2026.07.20	12:55:00	175475	175610	175475	175570	9129	31328	1
2026.07.20	12:56:00	175570	175580	175515	175545	5348	20373	1
2026.07.20	12:57:00	175545	175560	175490	175500	4150	14620	1
2026.07.20	12:58:00	175505	175520	175450	175460	6497	24272	1
2026.07.20	12:59:00	175465	175480	175450	175465	2118	7614	1
2026.07.20	13:00:00	175465	175470	175420	175460	4944	17092	1
2026.07.20	13:01:00	175460	175505	175455	175470	4249	16467	1
2026.07.20	13:02:00	175470	175495	175440	175490	2696	10070	1
2026.07.20	13:03:00	175495	175570	175485	175555	6837	22888	1
2026.07.20	13:04:00	175555	175610	175545	175595	5109	18596	1
2026.07.20	13:05:00	175600	175670	175595	175665	7810	26960	1
2026.07.20	13:06:00	175655	175670	175630	175665	3392	13086	1
2026.07.20	13:07:00	175665	175710	175630	175675	6391	20033	1
2026.07.20	13:08:00	175680	175695	175645	175695	3239	12051	1
2026.07.20	13:09:00	175690	175695	175600	175615	6546	21953	1
2026.07.20	13:10:00	175615	175645	175585	175625	4546	15987	1
2026.07.20	13:11:00	175625	175635	175600	175635	2100	7366	1
2026.07.20	13:12:00	175635	175635	175580	175600	3727	14811	1
2026.07.20	13:13:00	175600	175630	175575	175620	2689	10102	1
2026.07.20	13:14:00	175620	175645	175605	175635	2186	8799	1
2026.07.20	13:15:00	175630	175670	175560	175580	6760	24112	1
2026.07.20	13:16:00	175575	175605	175560	175580	2813	10789	1
2026.07.20	13:17:00	175575	175645	175560	175635	4090	16171	1
2026.07.20	13:18:00	175635	175635	175585	175610	1906	7217	1
2026.07.20	13:19:00	175615	175625	175600	175615	1331	5833	1
2026.07.20	13:20:00	175615	175625	175595	175600	1551	6898	1
2026.07.20	13:21:00	175595	175645	175590	175600	2918	11460	1
2026.07.20	13:22:00	175605	175645	175590	175640	2273	10228	1
2026.07.20	13:23:00	175640	175660	175635	175645	2413	8520	1
2026.07.20	13:24:00	175645	175665	175630	175660	2248	7887	1
2026.07.20	13:25:00	175655	175690	175525	175565	12697	43158	1
2026.07.20	13:26:00	175565	175565	175465	175475	8837	32744	1
2026.07.20	13:27:00	175470	175515	175445	175455	6416	26342	1
2026.07.20	13:28:00	175460	175490	175395	175430	7670	25467	1
2026.07.20	13:29:00	175430	175445	175410	175430	2889	10343	1
2026.07.20	13:30:00	175425	175465	175415	175435	4048	14083	1
2026.07.20	13:31:00	175435	175460	175400	175455	3718	13905	1
2026.07.20	13:32:00	175460	175475	175365	175410	8346	29115	1
2026.07.20	13:33:00	175410	175435	175320	175335	7859	29644	1
2026.07.20	13:34:00	175335	175365	175310	175360	4814	19062	1
2026.07.20	13:35:00	175360	175395	175335	175380	4003	14676	1
2026.07.20	13:36:00	175375	175400	175350	175360	2302	8223	1
2026.07.20	13:37:00	175365	175390	175355	175375	1641	6440	1
2026.07.20	13:38:00	175370	175380	175335	175355	2492	10998	1
2026.07.20	13:39:00	175355	175385	175330	175345	2414	10462	1
2026.07.20	13:40:00	175350	175380	175325	175355	2280	9193	1
2026.07.20	13:41:00	175355	175370	175080	175215	27835	117150	1
2026.07.20	13:42:00	175220	175285	175175	175175	9794	35714	1
2026.07.20	13:43:00	175180	175230	175155	175200	5523	21360	1
2026.07.20	13:44:00	175200	175245	175195	175230	3212	12596	1
2026.07.20	13:45:00	175230	175275	175200	175245	5569	19982	1
2026.07.20	13:46:00	175245	175280	175230	175270	3289	11680	1
2026.07.20	13:47:00	175275	175275	175240	175250	2097	6995	1
2026.07.20	13:48:00	175250	175280	175240	175275	1752	6156	1
2026.07.20	13:49:00	175275	175325	175265	175315	5059	15685	1
2026.07.20	13:50:00	175315	175330	175245	175255	5746	19971	1
2026.07.20	13:51:00	175255	175285	175245	175260	1817	6497	1
2026.07.20	13:52:00	175260	175270	175210	175235	4673	16820	1
2026.07.20	13:53:00	175230	175235	175165	175175	5743	20495	1
2026.07.20	13:54:00	175175	175180	174985	175020	15644	56604	1
2026.07.20	13:55:00	175015	175020	174965	175000	6468	23943	1
2026.07.20	13:56:00	175000	175010	174925	174935	7280	27828	1
2026.07.20	13:57:00	174935	174980	174915	174915	6364	24273	1
2026.07.20	13:58:00	174915	174955	174905	174935	4470	18025	1
2026.07.20	13:59:00	174935	174980	174930	174960	3715	13131	1
2026.07.20	14:00:00	174960	174995	174945	174980	4911	18529	1
2026.07.20	14:01:00	174980	174990	174935	174960	2860	11606	1
2026.07.20	14:02:00	174960	174990	174950	174970	2285	8064	1
2026.07.20	14:03:00	174970	174990	174955	174975	1815	7548	1
2026.07.20	14:04:00	174970	174990	174940	174985	2799	11910	1
2026.07.20	14:05:00	174985	175065	174970	175005	9525	33491	1
2026.07.20	14:06:00	175010	175025	175005	175010	1741	6790	1
2026.07.20	14:07:00	175010	175025	174990	175015	2092	8014	1
2026.07.20	14:08:00	175010	175020	174900	174945	9936	35026	1
2026.07.20	14:09:00	174950	175000	174945	174975	3333	12611	1
2026.07.20	14:10:00	174985	174990	174955	174970	2078	8304	1
2026.07.20	14:11:00	174975	175035	174970	175005	5050	17472	1
2026.07.20	14:12:00	175005	175020	174990	175000	1467	5984	1
2026.07.20	14:13:00	175005	175025	174995	175015	1585	6275	1
2026.07.20	14:14:00	175015	175015	174915	174975	6186	22362	1
2026.07.20	14:15:00	174980	174985	174960	174975	1667	5619	1
2026.07.20	14:16:00	174975	174980	174915	174955	3271	12636	1
2026.07.20	14:17:00	174950	175000	174945	174985	2909	10530	1
2026.07.20	14:18:00	174990	174990	174950	174980	1795	7567	1
2026.07.20	14:19:00	174980	174990	174950	174960	1546	6226	1
2026.07.20	14:20:00	174960	174965	174915	174940	3511	13261	1
2026.07.20	14:21:00	174935	174970	174935	174970	1943	7331	1
2026.07.20	14:22:00	174970	175040	174970	175010	5891	21680	1
2026.07.20	14:23:00	175015	175035	174990	175025	1891	7867	1
2026.07.20	14:24:00	175025	175025	175000	175005	1228	4861	1
2026.07.20	14:25:00	175005	175010	174955	174965	3858	14490	1
2026.07.20	14:26:00	174970	174980	174960	174980	1338	5773	1
2026.07.20	14:27:00	174980	174980	174935	174960	2243	8385	1
2026.07.20	14:28:00	174960	174975	174950	174970	1248	5411	1
2026.07.20	14:29:00	174965	174995	174960	174985	1973	7102	1
2026.07.20	14:30:00	174985	175035	174970	174985	4982	20721	1
2026.07.20	14:31:00	174985	174990	174925	174970	4250	16126	1
2026.07.20	14:32:00	174975	175015	174960	175015	2687	10812	1
2026.07.20	14:33:00	175015	175020	174985	175015	1790	7461	1
2026.07.20	14:34:00	175010	175045	174990	174990	4357	17560	1
2026.07.20	14:35:00	174990	175025	174980	175000	1551	6842	1
2026.07.20	14:36:00	175000	175000	174855	174860	12815	48799	1
2026.07.20	14:37:00	174860	174900	174845	174890	5424	21909	1
2026.07.20	14:38:00	174890	174915	174870	174895	3413	12113	1
2026.07.20	14:39:00	174900	174910	174880	174895	1798	6804	1
2026.07.20	14:40:00	174895	174900	174870	174895	1761	6106	1
2026.07.20	14:41:00	174900	174945	174895	174940	4022	12609	1
2026.07.20	14:42:00	174940	174965	174920	174960	2889	10155	1
2026.07.20	14:43:00	174965	174970	174910	174925	3684	14651	1
2026.07.20	14:44:00	174925	174960	174925	174950	1554	6389	1
2026.07.20	14:45:00	174955	174960	174930	174960	1523	6262	1
2026.07.20	14:46:00	174955	174960	174930	174945	1347	4958	1
2026.07.20	14:47:00	174940	174950	174905	174925	2985	11691	1
2026.07.20	14:48:00	174930	174930	174890	174900	2663	9758	1
2026.07.20	14:49:00	174895	174905	174860	174895	3341	12635	1
2026.07.20	14:50:00	174890	175065	174890	175025	13548	49822	1
2026.07.20	14:51:00	175030	175085	175000	175065	5791	22023	1
2026.07.20	14:52:00	175070	175105	175055	175075	6471	23928	1
2026.07.20	14:53:00	175075	175130	175065	175115	4399	16482	1
2026.07.20	14:54:00	175120	175130	175090	175095	3161	12542	1
2026.07.20	14:55:00	175100	175120	175075	175120	3214	10973	1
2026.07.20	14:56:00	175115	175155	175105	175120	4703	17123	1
2026.07.20	14:57:00	175125	175145	175120	175140	1939	7478	1
2026.07.20	14:58:00	175135	175175	175110	175115	4937	17368	1
2026.07.20	14:59:00	175115	175165	175090	175150	3946	14607	1
2026.07.20	15:00:00	175150	175250	175150	175250	9987	36486	1
2026.07.20	15:01:00	175245	175275	175235	175250	6133	21418	1
2026.07.20	15:02:00	175250	175265	175210	175220	5224	21527	1
2026.07.20	15:03:00	175220	175240	175205	175235	2633	11687	1
2026.07.20	15:04:00	175230	175255	175220	175230	2320	9798	1
2026.07.20	15:05:00	175230	175260	175200	175230	3661	14424	1
2026.07.20	15:06:00	175230	175260	175225	175245	1992	7092	1
2026.07.20	15:07:00	175245	175255	175235	175250	1115	5498	1
2026.07.20	15:08:00	175245	175260	175235	175240	1172	4676	1
2026.07.20	15:09:00	175235	175265	175235	175250	1692	6202	1
2026.07.20	15:10:00	175250	175285	175220	175275	4399	16241	1
2026.07.20	15:11:00	175270	175280	175240	175255	2149	8557	1
2026.07.20	15:12:00	175255	175365	175240	175320	8361	32678	1
2026.07.20	15:13:00	175320	175330	175265	175275	5261	21069	1
2026.07.20	15:14:00	175275	175295	175265	175280	2124	9140	1
2026.07.20	15:15:00	175275	175280	175245	175245	3381	13527	1
2026.07.20	15:16:00	175245	175260	175175	175180	10868	42756	1
2026.07.20	15:17:00	175180	175220	175160	175200	4625	20416	1
2026.07.20	15:18:00	175200	175240	175195	175215	3128	13262	1
2026.07.20	15:19:00	175215	175225	175200	175210	1395	5435	1
2026.07.20	15:20:00	175210	175240	175200	175210	2304	10745	1
2026.07.20	15:21:00	175215	175235	175185	175205	3507	16327	1
2026.07.20	15:22:00	175205	175215	175170	175185	3730	17233	1
2026.07.20	15:23:00	175180	175185	175120	175175	8423	32550	1
2026.07.20	15:24:00	175170	175175	175130	175140	2692	11091	1
2026.07.20	15:25:00	175145	175180	175125	175170	2898	11427	1
2026.07.20	15:26:00	175165	175185	175145	175155	2091	7890	1
2026.07.20	15:27:00	175160	175160	175095	175100	5836	21709	1
2026.07.20	15:28:00	175100	175150	175090	175145	3534	13602	1
2026.07.20	15:29:00	175145	175165	175135	175155	2591	8598	1
2026.07.20	15:30:00	175155	175225	175130	175225	7723	30146	1
2026.07.20	15:31:00	175225	175275	175210	175255	7104	27401	1
2026.07.20	15:32:00	175255	175295	175230	175265	5067	20519	1
2026.07.20	15:33:00	175260	175270	175235	175260	1987	7900	1
2026.07.20	15:34:00	175255	175265	175185	175205	5305	19887	1
2026.07.20	15:35:00	175205	175310	175200	175255	7295	29132	1
2026.07.20	15:36:00	175260	175275	175235	175270	2766	11877	1
2026.07.20	15:37:00	175270	175280	175215	175255	3463	13766	1
2026.07.20	15:38:00	175255	175270	175225	175230	2373	9426	1
2026.07.20	15:39:00	175225	175240	175185	175195	3625	14071	1
2026.07.20	15:40:00	175195	175195	175105	175135	9458	37098	1
2026.07.20	15:41:00	175140	175150	175100	175135	4723	21367	1
2026.07.20	15:42:00	175140	175180	175120	175155	3975	15537	1
2026.07.20	15:43:00	175160	175165	175090	175095	3596	14714	1
2026.07.20	15:44:00	175100	175120	175065	175065	4948	17864	1
2026.07.20	15:45:00	175070	175070	174985	175030	9973	36560	1
2026.07.20	15:46:00	175030	175110	175020	175090	6905	27319	1
2026.07.20	15:47:00	175090	175095	175065	175070	2385	9546	1
2026.07.20	15:48:00	175070	175095	175060	175075	1933	7051	1
2026.07.20	15:49:00	175070	175090	175035	175055	2932	12330	1
2026.07.20	15:50:00	175050	175070	175035	175050	1756	6682	1
2026.07.20	15:51:00	175055	175070	175035	175045	1485	5955	1
2026.07.20	15:52:00	175040	175075	175040	175065	1823	10063	1
2026.07.20	15:53:00	175065	175095	175060	175070	1968	8040	1
2026.07.20	15:54:00	175065	175090	175035	175055	2513	10167	1
2026.07.20	15:55:00	175050	175055	175015	175025	3218	12864	1
2026.07.20	15:56:00	175030	175045	175020	175030	1742	6885	1
2026.07.20	15:57:00	175030	175030	175005	175005	2207	8364	1
2026.07.20	15:58:00	175005	175010	174960	174990	6767	25389	1
2026.07.20	15:59:00	174995	175105	174990	175095	10217	37158	1
2026.07.20	16:00:00	175095	175195	175075	175190	11556	41565	1
2026.07.20	16:01:00	175190	175200	175145	175155	4360	15709	1
2026.07.20	16:02:00	175150	175155	175085	175090	6207	26473	1
2026.07.20	16:03:00	175090	175115	175065	175090	4836	23258	1
2026.07.20	16:04:00	175085	175120	175065	175115	2284	8345	1
2026.07.20	16:05:00	175115	175130	175070	175080	2835	11342	1
2026.07.20	16:06:00	175075	175105	175060	175100	2691	10509	1
2026.07.20	16:07:00	175100	175155	175090	175150	4620	18118	1
2026.07.20	16:08:00	175155	175155	175120	175135	1728	7094	1
2026.07.20	16:09:00	175130	175155	175125	175125	1177	4931	1
2026.07.20	16:10:00	175125	175170	175115	175140	3053	13026	1
2026.07.20	16:11:00	175140	175145	175105	175120	2255	10051	1
2026.07.20	16:12:00	175115	175120	175070	175080	3821	15096	1
2026.07.20	16:13:00	175080	175090	175010	175020	6678	27205	1
2026.07.20	16:14:00	175020	175040	175005	175025	2923	11308	1
2026.07.20	16:15:00	175020	175045	175005	175010	2889	11104	1
2026.07.20	16:16:00	175010	175020	174940	174975	7649	28974	1
2026.07.20	16:17:00	174975	175020	174970	174990	3597	15205	1
2026.07.20	16:18:00	174990	175015	174955	174995	2780	13499	1
2026.07.20	16:19:00	174995	175030	174980	175000	2988	12970	1
2026.07.20	16:20:00	175005	175035	174990	175000	3288	16999	1
2026.07.20	16:21:00	174995	175015	174930	174940	4125	17625	1
2026.07.20	16:22:00	174940	174990	174930	174965	4234	16684	1
2026.07.20	16:23:00	174970	175010	174935	175000	3687	15864	1
2026.07.20	16:24:00	175005	175045	175000	175020	4445	19369	1
2026.07.20	16:25:00	175020	175040	175005	175020	1539	5185	1
2026.07.20	16:26:00	175020	175035	174995	175015	1763	6411	1
2026.07.20	16:27:00	175010	175020	174970	175015	3631	14068	1
2026.07.20	16:28:00	175020	175065	175010	175030	4727	17192	1
2026.07.20	16:29:00	175030	175150	174985	175090	13390	56616	1
2026.07.20	16:30:00	175090	175140	175050	175060	5695	23013	1
2026.07.20	16:31:00	175055	175080	175035	175070	3185	11971	1
2026.07.20	16:32:00	175070	175120	175055	175120	2992	10059	1
2026.07.20	16:33:00	175120	175125	175080	175115	2731	9335	1
2026.07.20	16:34:00	175110	175165	175110	175150	5110	19829	1
2026.07.20	16:35:00	175150	175165	175125	175160	2957	11300	1
2026.07.20	16:36:00	175155	175225	175145	175190	8711	34290	1
2026.07.20	16:37:00	175180	175200	175140	175160	3440	12520	1
2026.07.20	16:38:00	175160	175185	175145	175145	1753	6968	1
2026.07.20	16:39:00	175145	175165	175120	175155	3579	15875	1
2026.07.20	16:40:00	175150	175180	175125	175165	3127	12758	1
2026.07.20	16:41:00	175170	175200	175150	175190	2962	11029	1
2026.07.20	16:42:00	175195	175235	175170	175180	6197	24319	1
2026.07.20	16:43:00	175180	175215	175175	175190	1967	8140	1
2026.07.20	16:44:00	175190	175200	175180	175185	1100	5156	1
2026.07.20	16:45:00	175185	175200	175145	175150	3724	14960	1
2026.07.20	16:46:00	175150	175210	175135	175190	5191	23445	1
2026.07.20	16:47:00	175195	175205	175160	175165	2272	9712	1
2026.07.20	16:48:00	175160	175165	175090	175105	5883	22153	1
2026.07.20	16:49:00	175100	175150	175095	175130	3708	14762	1
2026.07.20	16:50:00	175130	175160	175100	175125	3707	15741	1
2026.07.20	16:51:00	175130	175140	175095	175100	2511	10434	1
2026.07.20	16:52:00	175105	175120	175085	175090	2562	11569	1
2026.07.20	16:53:00	175090	175115	175075	175085	2682	11466	1
2026.07.20	16:54:00	175080	175090	175015	175055	6781	25531	1
2026.07.20	16:55:00	175055	175060	174995	175005	4246	16388	1
2026.07.20	16:56:00	175000	175020	174955	175010	5929	22818	1
2026.07.20	16:57:00	175015	175030	175000	175015	2200	9062	1
2026.07.20	16:58:00	175010	175020	174985	175005	1969	6661	1
2026.07.20	16:59:00	175000	175010	174960	175005	3804	14379	1
2026.07.20	17:00:00	175000	175045	174990	175025	4838	18987	1
2026.07.20	17:01:00	175020	175030	174935	174955	4387	15475	1
2026.07.20	17:02:00	174955	174970	174920	174920	2983	11456	1
2026.07.20	17:03:00	174925	174935	174865	174875	5187	17779	1
2026.07.20	17:04:00	174875	174880	174845	174870	3675	14403	1
2026.07.20	17:05:00	174865	174865	174805	174810	4865	17713	1
2026.07.20	17:06:00	174805	174810	174760	174780	5921	24344	1
2026.07.20	17:07:00	174780	174780	174700	174725	5506	22141	1
2026.07.20	17:08:00	174720	174730	174670	174705	5441	22759	1
2026.07.20	17:09:00	174700	174730	174675	174690	3703	16917	1
2026.07.20	17:10:00	174695	174705	174660	174685	3151	13497	1
2026.07.20	17:11:00	174685	174715	174635	174695	6178	25458	1
2026.07.20	17:12:00	174695	174695	174645	174645	2292	9534	1
2026.07.20	17:13:00	174645	174665	174625	174660	2786	11491	1
2026.07.20	17:14:00	174660	174685	174655	174685	2705	10619	1
2026.07.20	17:15:00	174680	174765	174675	174735	8547	35755	1
2026.07.20	17:16:00	174735	174740	174710	174730	2031	9096	1
2026.07.20	17:17:00	174730	174730	174710	174715	1033	3828	1
2026.07.20	17:18:00	174715	174725	174695	174695	1997	8126	1
2026.07.20	17:19:00	174695	174740	174695	174730	1560	5213	1
2026.07.20	17:20:00	174735	174740	174710	174725	1593	6749	1
2026.07.20	17:21:00	174720	174735	174655	174660	4294	17483	1
2026.07.20	17:22:00	174665	174670	174625	174645	5054	23143	1
2026.07.20	17:23:00	174645	174685	174640	174675	1939	7716	1
2026.07.20	17:24:00	174670	174675	174650	174655	1104	4307	1
2026.07.20	17:25:00	174660	174705	174655	174695	2647	11459	1
2026.07.20	17:26:00	174700	174700	174670	174680	946	3644	1
2026.07.20	17:27:00	174685	174690	174635	174675	2121	9274	1
2026.07.20	17:28:00	174675	174685	174670	174680	517	1709	1
2026.07.20	17:29:00	174680	174695	174655	174670	1024	4466	1
2026.07.20	17:30:00	174675	174705	174670	174680	1967	7673	1
2026.07.20	17:31:00	174685	174700	174680	174695	721	2578	1
2026.07.20	17:32:00	174695	174710	174685	174705	904	3790	1
2026.07.20	17:33:00	174705	174725	174690	174695	1606	7034	1
2026.07.20	17:34:00	174700	174760	174680	174695	4711	20737	1
2026.07.20	17:35:00	174695	174700	174660	174675	2246	8465	1
2026.07.20	17:36:00	174675	174685	174660	174665	988	4217	1
2026.07.20	17:37:00	174665	174680	174655	174670	904	3370	1
2026.07.20	17:38:00	174670	174685	174660	174675	601	1975	1
2026.07.20	17:39:00	174675	174675	174655	174675	717	3202	1
2026.07.20	17:40:00	174670	174680	174660	174660	477	1631	1
2026.07.20	17:41:00	174665	174685	174660	174680	576	1990	1
2026.07.20	17:42:00	174680	174685	174665	174670	537	1921	1
2026.07.20	17:43:00	174675	174715	174670	174680	1799	6314	1
2026.07.20	17:44:00	174680	174705	174670	174700	876	3724	1
2026.07.20	17:45:00	174700	174715	174685	174695	1001	4589	1
2026.07.20	17:46:00	174695	174715	174685	174705	851	3446	1
2026.07.20	17:47:00	174705	174740	174700	174715	2371	8880	1
2026.07.20	17:48:00	174720	174795	174715	174770	4730	16520	1
2026.07.20	17:49:00	174770	174770	174710	174735	2673	8759	1
2026.07.20	17:50:00	174735	174745	174730	174740	811	1977	1
2026.07.20	17:51:00	174735	174740	174690	174740	2016	5966	1
2026.07.20	17:52:00	174740	174755	174730	174740	993	3005	1
2026.07.20	17:53:00	174740	174750	174725	174730	651	2048	1
2026.07.20	17:54:00	174730	174750	174720	174750	746	2859	1
2026.07.20	17:55:00	174750	174755	174730	174735	825	2349	1
2026.07.20	17:56:00	174740	174750	174730	174735	422	1225	1
2026.07.20	17:57:00	174735	174745	174720	174740	621	1926	1
2026.07.20	17:58:00	174740	174740	174725	174735	316	991	1
2026.07.20	17:59:00	174730	174750	174720	174745	691	2397	1
2026.07.20	18:00:00	174745	174750	174720	174720	743	2080	1
2026.07.20	18:01:00	174720	174730	174645	174680	3859	11765	1
2026.07.20	18:02:00	174685	174690	174665	174680	1002	2578	1
2026.07.20	18:03:00	174680	174695	174655	174675	1301	3183	1
2026.07.20	18:04:00	174670	174710	174665	174695	1366	3664	1
2026.07.20	18:05:00	174690	174705	174665	174675	1202	2917	1
2026.07.20	18:06:00	174680	174685	174670	174675	402	1202	1
2026.07.20	18:07:00	174675	174680	174565	174590	7387	21182	1
2026.07.20	18:08:00	174590	174600	174560	174585	1757	4819	1
2026.07.20	18:09:00	174590	174630	174585	174615	2287	5633	1
2026.07.20	18:10:00	174615	174685	174610	174640	3646	9029	1
2026.07.20	18:11:00	174640	174670	174635	174660	1154	2854	1
2026.07.20	18:12:00	174655	174670	174650	174660	943	2260	1
2026.07.20	18:13:00	174660	174680	174655	174665	906	2193	1
2026.07.20	18:14:00	174670	174705	174635	174695	2728	6961	1
2026.07.20	18:15:00	174695	174720	174660	174695	3355	8571	1
2026.07.20	18:16:00	174690	174700	174670	174685	909	2738	1
2026.07.20	18:17:00	174690	174725	174685	174720	865	2940	1
2026.07.20	18:18:00	174725	174735	174720	174725	854	2527	1
2026.07.20	18:19:00	174725	174725	174620	174650	2543	7145	1
2026.07.20	18:20:00	174655	174655	174635	174645	764	1884	1
2026.07.20	18:21:00	174645	174660	174620	174645	560	1471	1
2026.07.20	18:22:00	174650	174655	174610	174635	719	1699	1
2026.07.20	18:23:00	174625	174650	174615	174625	598	1418	1
2026.07.20	18:24:00	174630	174665	174595	174665	2425	23048	1
2026.07.21	09:02:00	175245	175245	174810	174915	38143	141533	1
2026.07.21	09:03:00	174915	175105	174760	174860	55166	127664	1
2026.07.21	09:04:00	174860	174915	174585	174795	52281	131417	1
2026.07.21	09:05:00	174800	174800	174535	174615	33467	95779	1
2026.07.21	09:06:00	174620	174745	174590	174720	15469	40029	1
2026.07.21	09:07:00	174720	174750	174600	174660	14169	38125	1
2026.07.21	09:08:00	174660	174960	174650	174920	35123	102694	1
2026.07.21	09:09:00	174925	174980	174710	174875	27890	82534	1
2026.07.21	09:10:00	174875	175130	174860	175105	35539	101539	1
2026.07.21	09:11:00	175110	175135	174965	175040	15191	47107	1
2026.07.21	09:12:00	175040	175120	174980	175085	12700	41632	1
2026.07.21	09:13:00	175085	175345	175065	175345	29096	88355	1
2026.07.21	09:14:00	175345	175345	175030	175050	26899	80369	1
2026.07.21	09:15:00	175050	175090	174750	174770	33265	100823	1
2026.07.21	09:16:00	174770	174820	174670	174765	21015	66993	1
2026.07.21	09:17:00	174765	174900	174755	174875	19309	57965	1
2026.07.21	09:18:00	174875	174890	174735	174775	14397	47813	1
2026.07.21	09:19:00	174775	174830	174735	174785	6972	23428	1
2026.07.21	09:20:00	174785	174790	174635	174725	18625	57590	1
2026.07.21	09:21:00	174720	174745	174685	174720	6031	20259	1
2026.07.21	09:22:00	174725	174725	174640	174665	7008	20990	1
2026.07.21	09:23:00	174660	174670	174490	174545	26573	87229	1
2026.07.21	09:24:00	174545	174670	174545	174660	16217	52980	1
2026.07.21	09:25:00	174660	174715	174600	174610	13910	45738	1
2026.07.21	09:26:00	174605	174610	174425	174485	23814	74226	1
2026.07.21	09:27:00	174485	174580	174465	174550	10965	31874	1
2026.07.21	09:28:00	174550	174570	174515	174535	5031	14107	1
2026.07.21	09:29:00	174535	174640	174535	174630	10361	26881	1
2026.07.21	09:30:00	174630	174630	174540	174600	8673	26374	1
2026.07.21	09:31:00	174600	174625	174565	174585	4516	14493	1
2026.07.21	09:32:00	174585	174690	174565	174665	14120	41286	1
2026.07.21	09:33:00	174660	174695	174585	174605	9719	30677	1
2026.07.21	09:34:00	174605	174865	174605	174845	23057	68274	1
2026.07.21	09:35:00	174835	174860	174735	174835	18214	61804	1
2026.07.21	09:36:00	174830	174845	174765	174820	8445	29071	1
2026.07.21	09:37:00	174825	174855	174795	174835	6187	22033	1
2026.07.21	09:38:00	174840	174860	174810	174825	4374	15687	1
2026.07.21	09:39:00	174830	174970	174825	174965	17426	54006	1
2026.07.21	09:40:00	174965	175015	174765	174785	28842	88951	1
2026.07.21	09:41:00	174790	174835	174680	174740	19039	58728	1
2026.07.21	09:42:00	174745	174800	174735	174780	6508	21703	1
2026.07.21	09:43:00	174780	174830	174625	174705	18237	53423	1
2026.07.21	09:44:00	174705	174780	174695	174770	7828	24438	1
2026.07.21	09:45:00	174770	174855	174755	174795	14684	43394	1
2026.07.21	09:46:00	174795	174830	174730	174780	9703	31546	1
2026.07.21	09:47:00	174780	174835	174760	174790	6525	21545	1
2026.07.21	09:48:00	174790	174865	174770	174825	8603	27823	1
2026.07.21	09:49:00	174820	174870	174705	174720	13074	39411	1
2026.07.21	09:50:00	174720	174750	174670	174695	9523	28197	1
2026.07.21	09:51:00	174695	174715	174610	174655	9989	30402	1
2026.07.21	09:52:00	174660	174690	174630	174660	6134	20754	1
2026.07.21	09:53:00	174655	174660	174560	174615	12736	38608	1
2026.07.21	09:54:00	174610	174680	174555	174610	11795	39662	1
2026.07.21	09:55:00	174610	174615	174560	174585	6535	21028	1
2026.07.21	09:56:00	174590	174600	174550	174580	5230	17886	1
2026.07.21	09:57:00	174575	174630	174565	174615	7093	22556	1
2026.07.21	09:58:00	174620	174665	174570	174650	7734	24069	1
2026.07.21	09:59:00	174650	174680	174565	174665	8347	25544	1
2026.07.21	10:00:00	174665	174760	174570	174660	33081	108616	1
2026.07.21	10:01:00	174665	174735	174525	174605	19398	61187	1
2026.07.21	10:02:00	174605	174710	174525	174660	16036	55190	1
2026.07.21	10:03:00	174660	174675	174520	174570	16040	52469	1
2026.07.21	10:04:00	174570	174785	174550	174720	22591	72607	1
2026.07.21	10:05:00	174725	174815	174700	174790	11804	37300	1
2026.07.21	10:06:00	174790	174845	174725	174800	14165	45077	1
2026.07.21	10:07:00	174805	174825	174640	174710	18311	57922	1
2026.07.21	10:08:00	174710	174765	174675	174700	8697	29233	1
2026.07.21	10:09:00	174700	174735	174670	174730	6362	23159	1
2026.07.21	10:10:00	174730	174765	174670	174690	8411	28829	1
2026.07.21	10:11:00	174685	174800	174675	174715	10250	33640	1
2026.07.21	10:12:00	174715	174840	174705	174810	9717	31975	1
2026.07.21	10:13:00	174810	174820	174700	174755	7626	26550	1
2026.07.21	10:14:00	174760	174850	174745	174770	12805	43460	1
2026.07.21	10:15:00	174765	174840	174755	174825	9400	34697	1
2026.07.21	10:16:00	174830	174980	174765	174880	24348	75740	1
2026.07.21	10:17:00	174875	174880	174795	174820	10592	37273	1
2026.07.21	10:18:00	174820	174830	174620	174635	29137	99372	1
2026.07.21	10:19:00	174635	174695	174500	174525	26320	96649	1
2026.07.21	10:20:00	174525	174590	174500	174525	18648	70993	1
2026.07.21	10:21:00	174520	174525	174350	174390	29127	91994	1
2026.07.21	10:22:00	174390	174540	174380	174475	23175	77675	1
2026.07.21	10:23:00	174485	174525	174410	174505	11978	42598	1
2026.07.21	10:24:00	174500	174600	174440	174490	20601	66288	1
2026.07.21	10:25:00	174490	174550	174430	174470	11387	37972	1
2026.07.21	10:26:00	174470	174695	174455	174680	23358	79667	1
2026.07.21	10:27:00	174680	174720	174655	174690	12960	48924	1
2026.07.21	10:28:00	174690	174765	174660	174690	14649	51595	1
2026.07.21	10:29:00	174690	174710	174505	174610	20743	65517	1
2026.07.21	10:30:00	174610	174930	174605	174870	39161	133337	1
2026.07.21	10:31:00	174870	175100	174785	174980	40218	138329	1
2026.07.21	10:32:00	174980	175030	174845	174865	21399	75671	1
2026.07.21	10:33:00	174860	174915	174615	174710	29089	96140	1
2026.07.21	10:34:00	174715	174785	174575	174590	21403	74886	1
2026.07.21	10:35:00	174595	174625	174385	174415	33260	115240	1
2026.07.21	10:36:00	174420	174445	174235	174300	30125	104891	1
2026.07.21	10:37:00	174300	174425	174285	174330	27380	93718	1
2026.07.21	10:38:00	174330	174350	174185	174265	22086	72243	1
2026.07.21	10:39:00	174260	174345	174115	174145	24650	80746	1
2026.07.21	10:40:00	174140	174160	174010	174080	32430	109528	1
2026.07.21	10:41:00	174085	174090	173870	173975	29773	102138	1
2026.07.21	10:42:00	173970	174080	173940	174025	16266	53415	1
2026.07.21	10:43:00	174025	174040	173940	173990	10177	32451	1
2026.07.21	10:44:00	173990	174085	173940	174060	16125	54982	1
2026.07.21	10:45:00	174055	174265	174025	174225	33336	107393	1
2026.07.21	10:46:00	174220	174380	174215	174300	22249	74618	1
2026.07.21	10:47:00	174305	174380	174270	174305	13121	45146	1
2026.07.21	10:48:00	174310	174530	174250	174465	25608	85867	1
2026.07.21	10:49:00	174460	174485	174350	174400	20635	73286	1
2026.07.21	10:50:00	174400	174475	174300	174330	17333	56230	1
2026.07.21	10:51:00	174330	174395	174010	174020	32897	110765	1
2026.07.21	10:52:00	174020	174150	173990	174130	17199	59808	1
2026.07.21	10:53:00	174135	174155	174075	174120	6875	21870	1
2026.07.21	10:54:00	174115	174175	174095	174105	9539	32023	1
2026.07.21	10:55:00	174105	174145	174065	174090	8707	30641	1
2026.07.21	10:56:00	174090	174125	174000	174060	12291	38352	1
2026.07.21	10:57:00	174060	174190	174040	174175	12210	39798	1
2026.07.21	10:58:00	174175	174210	174020	174065	13721	45856	1
2026.07.21	10:59:00	174065	174095	174025	174070	6848	24617	1
2026.07.21	11:00:00	174070	174140	174000	174020	13689	48128	1
2026.07.21	11:01:00	174015	174025	173935	174000	16024	51259	1
2026.07.21	11:02:00	174000	174120	173990	174085	12281	42392	1
2026.07.21	11:03:00	174090	174305	174080	174295	23786	79500	1
2026.07.21	11:04:00	174300	174390	174250	174350	14721	53221	1
2026.07.21	11:05:00	174350	174355	174220	174240	16461	56754	1
2026.07.21	11:06:00	174240	174315	174195	174260	11787	40213	1
2026.07.21	11:07:00	174260	174410	174225	174390	13369	41308	1
2026.07.21	11:08:00	174385	174500	174310	174350	20915	72167	1
2026.07.21	11:09:00	174350	174410	174335	174375	6541	24574	1
2026.07.21	11:10:00	174370	174465	174365	174405	8752	30124	1
2026.07.21	11:11:00	174405	174460	174345	174385	7256	23935	1
2026.07.21	11:12:00	174385	174410	174260	174300	14678	47607	1
2026.07.21	11:13:00	174300	174490	174280	174465	16581	56586	1
2026.07.21	11:14:00	174465	174550	174405	174505	13732	45255	1
2026.07.21	11:15:00	174510	174515	174410	174460	10722	37013	1
2026.07.21	11:16:00	174460	174610	174450	174510	16822	56157	1
2026.07.21	11:17:00	174510	174535	174430	174530	10529	34078	1
2026.07.21	11:18:00	174530	174555	174430	174490	10623	36118	1
2026.07.21	11:19:00	174485	174495	174375	174405	11176	35050	1
2026.07.21	11:20:00	174405	174420	174310	174350	13487	43488	1
2026.07.21	11:21:00	174350	174400	174330	174345	5994	21369	1
2026.07.21	11:22:00	174345	174405	174335	174375	5071	16824	1
2026.07.21	11:23:00	174375	174400	174285	174300	7973	25860	1
2026.07.21	11:24:00	174300	174310	174125	174155	18807	61467	1
2026.07.21	11:25:00	174155	174235	174145	174190	11325	38264	1
2026.07.21	11:26:00	174190	174200	174130	174155	7117	26981	1
2026.07.21	11:27:00	174160	174165	174035	174055	14213	50246	1
2026.07.21	11:28:00	174055	174090	174005	174075	9305	33050	1
2026.07.21	11:29:00	174075	174100	174045	174090	5954	21655	1
2026.07.21	11:30:00	174085	174250	174075	174225	17113	52981	1
2026.07.21	11:31:00	174230	174295	174125	174140	15012	51403	1
2026.07.21	11:32:00	174135	174180	174120	174180	5568	20133	1
2026.07.21	11:33:00	174180	174195	174130	174135	4623	16869	1
2026.07.21	11:34:00	174130	174175	174130	174150	3278	12535	1
2026.07.21	11:35:00	174145	174155	173935	173960	20297	69778	1
2026.07.21	11:36:00	173955	173970	173920	173945	7990	29968	1
2026.07.21	11:37:00	173950	173950	173825	173835	15466	53639	1
2026.07.21	11:38:00	173835	173865	173740	173770	16714	63020	1
2026.07.21	11:39:00	173770	173815	173715	173805	10529	39472	1
2026.07.21	11:40:00	173805	173880	173790	173840	11179	36544	1
2026.07.21	11:41:00	173840	173870	173770	173850	7528	28264	1
2026.07.21	11:42:00	173850	173870	173820	173835	4894	18764	1
2026.07.21	11:43:00	173840	173915	173820	173865	8795	30778	1
2026.07.21	11:44:00	173860	173905	173840	173885	5169	18646	1
2026.07.21	11:45:00	173890	173945	173850	173915	8385	27512	1
2026.07.21	11:46:00	173915	173925	173740	173770	16027	55412	1
2026.07.21	11:47:00	173775	173810	173745	173800	5138	17910	1
2026.07.21	11:48:00	173805	173870	173790	173815	9133	31983	1
2026.07.21	11:49:00	173810	173840	173755	173835	6984	25528	1
2026.07.21	11:50:00	173840	173840	173720	173750	9588	32478	1
2026.07.21	11:51:00	173755	173760	173645	173685	14750	51497	1
2026.07.21	11:52:00	173685	173710	173670	173695	5498	20384	1
2026.07.21	11:53:00	173700	173730	173655	173680	7102	25847	1
2026.07.21	11:54:00	173675	173750	173670	173720	5538	17734	1
2026.07.21	11:55:00	173720	173750	173690	173720	4037	14844	1
2026.07.21	11:56:00	173720	173730	173515	173555	21902	79074	1
2026.07.21	11:57:00	173555	173610	173540	173595	8389	28687	1
2026.07.21	11:58:00	173600	173630	173575	173595	4751	17247	1
2026.07.21	11:59:00	173595	173610	173540	173595	4657	16782	1
2026.07.21	12:00:00	173590	173645	173570	173615	6735	23722	1
2026.07.21	12:01:00	173610	173625	173500	173545	10001	37227	1
2026.07.21	12:02:00	173545	173580	173530	173570	4505	19235	1
2026.07.21	12:03:00	173570	173595	173500	173540	6351	23772	1
2026.07.21	12:04:00	173540	173595	173520	173580	4239	16305	1
2026.07.21	12:05:00	173575	173615	173570	173610	4359	15950	1
2026.07.21	12:06:00	173605	173620	173565	173585	4890	18408	1
2026.07.21	12:07:00	173585	173655	173580	173625	6548	23587	1
2026.07.21	12:08:00	173620	173670	173610	173655	4860	17686	1
2026.07.21	12:09:00	173655	173710	173645	173665	7368	27231	1
2026.07.21	12:10:00	173665	173680	173595	173665	8165	29423	1
2026.07.21	12:11:00	173665	173695	173650	173665	3091	12122	1
2026.07.21	12:12:00	173665	173675	173590	173625	6231	24395	1
2026.07.21	12:13:00	173625	173650	173595	173635	2973	11963	1
2026.07.21	12:14:00	173640	173715	173625	173680	6388	21787	1
2026.07.21	12:15:00	173685	173715	173670	173715	3470	13910	1
2026.07.21	12:16:00	173710	173745	173675	173700	6732	23910	1
2026.07.21	12:17:00	173705	173725	173655	173680	4369	16040	1
2026.07.21	12:18:00	173680	173730	173660	173715	3721	13909	1
2026.07.21	12:19:00	173715	173830	173705	173820	12332	43077	1
2026.07.21	12:20:00	173820	173840	173765	173815	7141	25638	1
2026.07.21	12:21:00	173810	173850	173760	173795	7053	25449	1
2026.07.21	12:22:00	173795	173815	173720	173760	8548	33741	1
2026.07.21	12:23:00	173760	173815	173750	173780	3682	15486	1
2026.07.21	12:24:00	173785	173820	173770	173815	2904	11844	1
2026.07.21	12:25:00	173815	173970	173810	173950	16394	64568	1
2026.07.21	12:26:00	173950	173960	173930	173955	3935	15429	1
2026.07.21	12:27:00	173955	173985	173940	173950	5035	19065	1
2026.07.21	12:28:00	173945	174010	173930	173960	6355	23151	1
2026.07.21	12:29:00	173965	173985	173940	173955	3102	10829	1
2026.07.21	12:30:00	173955	174025	173930	174005	6260	23053	1
2026.07.21	12:31:00	174000	174075	173995	174055	8833	32498	1
2026.07.21	12:32:00	174050	174060	173975	174015	6630	26349	1
2026.07.21	12:33:00	174010	174055	173920	173990	9575	33177	1
2026.07.21	12:34:00	173990	174060	173985	174030	5981	23576	1
2026.07.21	12:35:00	174030	174095	174025	174060	7486	26214	1
2026.07.21	12:36:00	174065	174085	174035	174065	2391	9086	1
2026.07.21	12:37:00	174065	174125	174050	174120	6891	24599	1
2026.07.21	12:38:00	174120	174140	174010	174060	9135	37618	1
2026.07.21	12:39:00	174060	174080	174030	174060	3294	14647	1
2026.07.21	12:40:00	174055	174095	174050	174080	3076	10803	1
2026.07.21	12:41:00	174080	174160	174075	174125	7539	24604	1
2026.07.21	12:42:00	174125	174150	174100	174130	2984	11194	1
2026.07.21	12:43:00	174130	174135	174055	174080	5413	18524	1
2026.07.21	12:44:00	174080	174100	174060	174095	2600	7747	1
2026.07.21	12:45:00	174095	174100	174025	174045	5850	17677	1
2026.07.21	12:46:00	174045	174075	174025	174050	3626	12573	1
2026.07.21	12:47:00	174055	174060	174010	174035	4795	16223	1
2026.07.21	12:48:00	174030	174035	174000	174010	3801	13317	1
2026.07.21	12:49:00	174005	174035	173985	174000	4543	14951	1
2026.07.21	12:50:00	174000	174000	173970	173995	4110	13744	1
2026.07.21	12:51:00	174000	174015	173960	173965	4049	14221	1
2026.07.21	12:52:00	173960	173990	173960	173975	2349	8486	1
2026.07.21	12:53:00	173975	174025	173970	173980	4377	15651	1
2026.07.21	12:54:00	173980	174010	173975	173990	1980	7139	1
2026.07.21	12:55:00	173990	174070	173990	174040	7539	24980	1
2026.07.21	12:56:00	174045	174090	174040	174065	4156	14858	1
2026.07.21	12:57:00	174065	174085	174025	174025	3010	8775	1
2026.07.21	12:58:00	174025	174080	174025	174050	2556	9297	1
2026.07.21	12:59:00	174045	174050	173950	173960	9424	33134	1
2026.07.21	13:00:00	173965	174045	173935	174010	8742	34216	1
2026.07.21	13:01:00	174010	174030	173975	174025	2795	9924	1
2026.07.21	13:02:00	174025	174040	174000	174010	2055	7345	1
2026.07.21	13:03:00	174010	174035	174010	174030	1241	4291	1
2026.07.21	13:04:00	174030	174080	174025	174075	4392	15024	1
2026.07.21	13:05:00	174075	174100	174055	174080	4620	15028	1
2026.07.21	13:06:00	174085	174110	174065	174075	3717	12035	1
2026.07.21	13:07:00	174070	174090	174010	174030	5585	19857	1
2026.07.21	13:08:00	174030	174040	173995	174025	3161	11304	1
2026.07.21	13:09:00	174025	174025	173955	173975	4231	15898	1
2026.07.21	13:10:00	173975	174010	173945	174000	4377	16249	1
2026.07.21	13:11:00	173995	174010	173970	173985	1841	6842	1
2026.07.21	13:12:00	173985	174005	173970	173995	1399	5344	1
2026.07.21	13:13:00	173995	174050	173995	174035	4188	14291	1
2026.07.21	13:14:00	174035	174040	174005	174040	2106	7825	1
2026.07.21	13:15:00	174035	174050	174015	174025	2277	9017	1
2026.07.21	13:16:00	174020	174100	174020	174090	5103	17709	1
2026.07.21	13:17:00	174090	174095	174075	174080	1746	6464	1
2026.07.21	13:18:00	174080	174105	174060	174080	3187	11503	1
2026.07.21	13:19:00	174080	174085	174055	174070	1633	5692	1
2026.07.21	13:20:00	174070	174145	174070	174130	6420	22728	1
2026.07.21	13:21:00	174130	174175	174110	174155	5981	19783	1
2026.07.21	13:22:00	174155	174200	174150	174195	6101	21915	1
2026.07.21	13:23:00	174195	174220	174190	174215	4499	15850	1
2026.07.21	13:24:00	174215	174245	174210	174245	4443	16264	1
2026.07.21	13:25:00	174245	174295	174235	174260	8055	29862	1
2026.07.21	13:26:00	174260	174265	174220	174245	5559	18092	1
2026.07.21	13:27:00	174245	174260	174195	174200	5272	18088	1
2026.07.21	13:28:00	174205	174225	174175	174220	3953	13493	1
2026.07.21	13:29:00	174225	174230	174190	174220	2409	9459	1
2026.07.21	13:30:00	174220	174230	174200	174215	2216	8245	1
2026.07.21	13:31:00	174210	174215	174195	174205	1731	5900	1
2026.07.21	13:32:00	174210	174240	174190	174200	3220	12664	1
2026.07.21	13:33:00	174205	174205	174160	174185	4079	14578	1
2026.07.21	13:34:00	174190	174210	174185	174200	1777	6650	1
2026.07.21	13:35:00	174200	174220	174190	174210	1832	7467	1
2026.07.21	13:36:00	174210	174275	174210	174250	6519	23947	1
2026.07.21	13:37:00	174250	174280	174240	174275	2904	10392	1
2026.07.21	13:38:00	174270	174275	174185	174205	6204	24619	1
2026.07.21	13:39:00	174200	174205	174155	174160	5791	19590	1
2026.07.21	13:40:00	174165	174240	174155	174225	5075	18644	1
2026.07.21	13:41:00	174225	174250	174225	174250	2896	11050	1
2026.07.21	13:42:00	174250	174265	174230	174240	2944	11486	1
2026.07.21	13:43:00	174240	174265	174240	174255	1961	6847	1
2026.07.21	13:44:00	174250	174255	174210	174225	2711	10340	1
2026.07.21	13:45:00	174230	174240	174205	174240	2227	8959	1
2026.07.21	13:46:00	174240	174275	174230	174255	2953	11080	1
2026.07.21	13:47:00	174255	174255	174200	174220	3376	12492	1
2026.07.21	13:48:00	174215	174230	174210	174225	1054	3558	1
2026.07.21	13:49:00	174225	174340	174215	174330	10052	35967	1
2026.07.21	13:50:00	174330	174345	174305	174335	4561	16134	1
2026.07.21	13:51:00	174335	174350	174290	174335	4573	15416	1
2026.07.21	13:52:00	174340	174415	174335	174400	9241	34368	1
2026.07.21	13:53:00	174395	174415	174360	174365	4854	18826	1
2026.07.21	13:54:00	174360	174375	174335	174335	4219	16198	1
2026.07.21	13:55:00	174335	174365	174325	174345	3005	11004	1
2026.07.21	13:56:00	174345	174345	174315	174330	3003	11201	1
2026.07.21	13:57:00	174325	174350	174300	174325	3034	12632	1
2026.07.21	13:58:00	174330	174355	174325	174350	1961	7959	1
2026.07.21	13:59:00	174345	174355	174320	174335	1340	5613	1
2026.07.21	14:00:00	174335	174375	174325	174355	3460	14228	1
2026.07.21	14:01:00	174355	174405	174350	174395	4320	15967	1
2026.07.21	14:02:00	174400	174490	174395	174450	12610	48627	1
2026.07.21	14:03:00	174450	174450	174385	174400	5567	20933	1
2026.07.21	14:04:00	174395	174425	174385	174400	2843	11894	1
2026.07.21	14:05:00	174395	174415	174320	174340	8911	34868	1
2026.07.21	14:06:00	174340	174365	174325	174340	3286	14554	1
2026.07.21	14:07:00	174345	174355	174330	174345	2072	8921	1
2026.07.21	14:08:00	174345	174375	174330	174370	3164	12823	1
2026.07.21	14:09:00	174365	174375	174340	174340	1784	6603	1
2026.07.21	14:10:00	174340	174385	174335	174365	2939	11384	1
2026.07.21	14:11:00	174365	174395	174360	174380	2431	9616	1
2026.07.21	14:12:00	174380	174400	174355	174390	2745	11004	1
2026.07.21	14:13:00	174385	174390	174315	174325	4433	15226	1
2026.07.21	14:14:00	174325	174355	174320	174340	2157	8545	1
2026.07.21	14:15:00	174335	174350	174295	174320	5472	18200	1
2026.07.21	14:16:00	174315	174335	174290	174310	3723	13033	1
2026.07.21	14:17:00	174305	174325	174280	174310	3568	13250	1
2026.07.21	14:18:00	174305	174335	174300	174325	2607	9939	1
2026.07.21	14:19:00	174330	174340	174285	174285	3061	12029	1
2026.07.21	14:20:00	174285	174295	174255	174270	5827	20166	1
2026.07.21	14:21:00	174265	174300	174265	174285	2346	8778	1
2026.07.21	14:22:00	174290	174305	174220	174245	6457	22911	1
2026.07.21	14:23:00	174245	174275	174240	174270	2419	9275	1
2026.07.21	14:24:00	174270	174275	174250	174260	1460	5401	1
2026.07.21	14:25:00	174260	174275	174240	174265	1525	5758	1
2026.07.21	14:26:00	174265	174275	174250	174270	1671	6869	1
2026.07.21	14:27:00	174265	174330	174260	174320	7021	28137	1
2026.07.21	14:28:00	174315	174320	174280	174295	3022	11260	1
2026.07.21	14:29:00	174290	174345	174285	174310	2985	10952	1
2026.07.21	14:30:00	174315	174365	174300	174355	5063	19398	1
2026.07.21	14:31:00	174360	174375	174320	174335	4381	17460	1
2026.07.21	14:32:00	174335	174335	174300	174305	3272	12497	1
2026.07.21	14:33:00	174310	174325	174280	174310	3584	13886	1
2026.07.21	14:34:00	174310	174430	174295	174420	8847	34832	1
2026.07.21	14:35:00	174425	174510	174390	174395	17927	71845	1
2026.07.21	14:36:00	174395	174445	174385	174430	5781	23992	1
2026.07.21	14:37:00	174425	174470	174425	174465	3613	13399	1
2026.07.21	14:38:00	174465	174525	174455	174500	7690	31902	1
2026.07.21	14:39:00	174500	174515	174465	174505	4096	16261	1
2026.07.21	14:40:00	174505	174610	174500	174555	13317	51670	1
2026.07.21	14:41:00	174555	174560	174520	174530	3885	14314	1
2026.07.21	14:42:00	174530	174545	174430	174430	10346	36844	1
2026.07.21	14:43:00	174435	174465	174390	174430	5608	20527	1
2026.07.21	14:44:00	174430	174455	174425	174440	3061	12122	1
2026.07.21	14:45:00	174435	174445	174390	174410	3160	12013	1
2026.07.21	14:46:00	174405	174415	174330	174340	9546	38680	1
2026.07.21	14:47:00	174340	174355	174300	174310	4632	17305	1
2026.07.21	14:48:00	174315	174320	174285	174315	4709	18753	1
2026.07.21	14:49:00	174315	174345	174290	174295	4045	16708	1
2026.07.21	14:50:00	174300	174415	174285	174395	10960	46999	1
2026.07.21	14:51:00	174400	174440	174355	174435	7503	32347	1
2026.07.21	14:52:00	174435	174545	174430	174450	14480	56969	1
2026.07.21	14:53:00	174450	174460	174410	174430	5862	25025	1
2026.07.21	14:54:00	174430	174495	174415	174480	4950	21917	1
2026.07.21	14:55:00	174475	174600	174475	174585	10054	41582	1
2026.07.21	14:56:00	174585	174605	174525	174525	8358	33546	1
2026.07.21	14:57:00	174525	174555	174515	174550	3693	15026	1
2026.07.21	14:58:00	174550	174565	174515	174540	2862	11888	1
2026.07.21	14:59:00	174540	174700	174540	174690	19009	80419	1
2026.07.21	15:00:00	174690	174700	174630	174650	8470	34431	1
2026.07.21	15:01:00	174650	174670	174595	174625	6811	24925	1
2026.07.21	15:02:00	174625	174690	174625	174655	5738	22991	1
2026.07.21	15:03:00	174660	174665	174585	174645	6014	23434	1
2026.07.21	15:04:00	174640	174655	174600	174600	2380	9016	1
2026.07.21	15:05:00	174600	174625	174565	174585	4796	17780	1
2026.07.21	15:06:00	174590	174595	174520	174545	6593	24283	1
2026.07.21	15:07:00	174545	174595	174540	174570	3616	13426	1
2026.07.21	15:08:00	174570	174610	174550	174570	3074	11053	1
2026.07.21	15:09:00	174565	174630	174550	174600	5278	20260	1
2026.07.21	15:10:00	174595	174640	174595	174625	3313	11387	1
2026.07.21	15:11:00	174625	174640	174615	174630	1888	6612	1
2026.07.21	15:12:00	174630	174660	174615	174640	3190	11393	1
2026.07.21	15:13:00	174645	174675	174620	174640	4831	20510	1
2026.07.21	15:14:00	174640	174650	174600	174615	2787	9454	1
2026.07.21	15:15:00	174620	174620	174565	174610	6933	23090	1
2026.07.21	15:16:00	174610	174670	174600	174610	5744	21330	1
2026.07.21	15:17:00	174605	174630	174585	174610	2874	11121	1
2026.07.21	15:18:00	174610	174640	174610	174630	1826	7425	1
2026.07.21	15:19:00	174625	174630	174595	174625	1433	5142	1
2026.07.21	15:20:00	174625	174630	174600	174620	1698	6421	1
2026.07.21	15:21:00	174615	174655	174610	174650	2932	11925	1
2026.07.21	15:22:00	174645	174665	174605	174630	3375	14027	1
2026.07.21	15:23:00	174630	174670	174615	174655	2500	9842	1
2026.07.21	15:24:00	174660	174660	174615	174645	2033	7478	1
2026.07.21	15:25:00	174645	174690	174635	174680	3836	15440	1
2026.07.21	15:26:00	174675	174690	174650	174655	2690	9666	1
2026.07.21	15:27:00	174655	174720	174640	174680	6138	21311	1
2026.07.21	15:28:00	174685	174695	174650	174665	3274	13391	1
2026.07.21	15:29:00	174665	174690	174665	174680	1203	4508	1
2026.07.21	15:30:00	174680	174750	174660	174740	8523	35005	1
2026.07.21	15:31:00	174740	174745	174670	174720	5809	24171	1
2026.07.21	15:32:00	174715	174745	174665	174700	5386	21026	1
2026.07.21	15:33:00	174695	174715	174650	174685	4369	16291	1
2026.07.21	15:34:00	174685	174700	174665	174680	2416	8960	1
2026.07.21	15:35:00	174680	174720	174665	174720	2828	10098	1
2026.07.21	15:36:00	174715	174730	174660	174690	3854	16071	1
2026.07.21	15:37:00	174690	174695	174650	174690	2596	10344	1
2026.07.21	15:38:00	174685	174710	174680	174690	1797	6118	1
2026.07.21	15:39:00	174695	174740	174690	174735	3271	11915	1
2026.07.21	15:40:00	174730	174740	174715	174715	2274	8314	1
2026.07.21	15:41:00	174720	174720	174660	174675	4535	16902	1
2026.07.21	15:42:00	174670	174710	174650	174710	3344	11804	1
2026.07.21	15:43:00	174710	174735	174705	174720	2585	9316	1
2026.07.21	15:44:00	174720	174735	174720	174720	1576	5360	1
2026.07.21	15:45:00	174720	174735	174720	174730	1205	4260	1
2026.07.21	15:46:00	174730	174730	174700	174725	1964	7577	1
2026.07.21	15:47:00	174730	174730	174700	174715	1285	4312	1
2026.07.21	15:48:00	174715	174730	174705	174730	1350	5766	1
2026.07.21	15:49:00	174730	174785	174725	174745	7905	28531	1
2026.07.21	15:50:00	174740	174760	174695	174710	5098	19319	1
2026.07.21	15:51:00	174710	174745	174710	174735	2196	9071	1
2026.07.21	15:52:00	174735	174755	174720	174750	1596	6839	1
2026.07.21	15:53:00	174745	174755	174735	174750	1094	3874	1
2026.07.21	15:54:00	174745	174760	174735	174750	1571	7355	1
2026.07.21	15:55:00	174750	174765	174665	174680	6953	27418	1
2026.07.21	15:56:00	174685	174745	174680	174710	4122	16409	1
2026.07.21	15:57:00	174710	174725	174695	174710	1593	6220	1
2026.07.21	15:58:00	174705	174720	174690	174700	1328	5225	1
2026.07.21	15:59:00	174705	174740	174700	174735	1717	6963	1
2026.07.21	16:00:00	174730	174740	174705	174710	1742	7056	1
2026.07.21	16:01:00	174710	174735	174710	174725	1127	4641	1
2026.07.21	16:02:00	174730	174800	174725	174765	8022	31183	1
2026.07.21	16:03:00	174765	174775	174740	174750	2599	9749	1
2026.07.21	16:04:00	174755	174760	174745	174750	1053	3654	1
2026.07.21	16:05:00	174750	174755	174735	174750	1501	5754	1
2026.07.21	16:06:00	174745	174825	174740	174785	7523	30841	1
2026.07.21	16:07:00	174790	174825	174785	174805	2691	11521	1
2026.07.21	16:08:00	174810	174845	174805	174820	4079	13684	1
2026.07.21	16:09:00	174815	174820	174795	174820	1957	7673	1
2026.07.21	16:10:00	174815	174835	174805	174825	2153	9815	1
2026.07.21	16:11:00	174825	174845	174805	174815	2988	11479	1
2026.07.21	16:12:00	174815	174825	174790	174815	2335	9775	1
2026.07.21	16:13:00	174810	174820	174755	174780	4932	19595	1
2026.07.21	16:14:00	174780	174785	174715	174740	5913	25664	1
2026.07.21	16:15:00	174735	174740	174685	174720	5605	21320	1
2026.07.21	16:16:00	174725	174735	174710	174725	2384	10979	1
2026.07.21	16:17:00	174720	174755	174715	174750	2597	11398	1
2026.07.21	16:18:00	174750	174755	174720	174725	1687	6562	1
2026.07.21	16:19:00	174720	174725	174680	174695	3785	16193	1
2026.07.21	16:20:00	174700	174710	174655	174690	4235	14853	1
2026.07.21	16:21:00	174685	174720	174685	174690	2359	10203	1
2026.07.21	16:22:00	174695	174740	174690	174720	3000	13176	1
2026.07.21	16:23:00	174720	174735	174710	174735	1741	7989	1
2026.07.21	16:24:00	174735	174760	174730	174760	2558	10994	1
2026.07.21	16:25:00	174755	174760	174735	174735	1855	7082	1
2026.07.21	16:26:00	174735	174775	174720	174760	5189	24174	1
2026.07.21	16:27:00	174760	174785	174755	174780	2775	11851	1
2026.07.21	16:28:00	174775	174780	174700	174715	4742	20507	1
2026.07.21	16:29:00	174710	174715	174670	174680	3687	16027	1
2026.07.21	16:30:00	174685	174685	174605	174665	9994	41782	1
2026.07.21	16:31:00	174670	174705	174665	174690	3453	16129	1
2026.07.21	16:32:00	174690	174695	174675	174680	1327	5177	1
2026.07.21	16:33:00	174680	174710	174680	174705	2227	10113	1
2026.07.21	16:34:00	174705	174730	174700	174730	3279	13030	1
2026.07.21	16:35:00	174725	174750	174705	174740	3044	15725	1
2026.07.21	16:36:00	174735	174755	174730	174740	1987	8034	1
2026.07.21	16:37:00	174740	174765	174735	174755	2011	8138	1
2026.07.21	16:38:00	174760	174760	174730	174730	1725	7096	1
2026.07.21	16:39:00	174730	174735	174700	174705	3076	13748	1
2026.07.21	16:40:00	174710	174710	174670	174690	4019	16515	1
2026.07.21	16:41:00	174690	174695	174645	174650	3859	15783	1
2026.07.21	16:42:00	174650	174700	174650	174675	3251	15185	1
2026.07.21	16:43:00	174675	174725	174665	174700	3931	18884	1
2026.07.21	16:44:00	174700	174755	174680	174745	3874	17012	1
2026.07.21	16:45:00	174745	174750	174705	174725	2554	10313	1
2026.07.21	16:46:00	174725	174735	174710	174715	1614	7843	1
2026.07.21	16:47:00	174715	174735	174705	174730	1409	6876	1
2026.07.21	16:48:00	174730	174735	174700	174720	1526	6674	1
2026.07.21	16:49:00	174715	174740	174715	174740	1405	5566	1
2026.07.21	16:50:00	174740	174750	174715	174745	1769	7184	1
2026.07.21	16:51:00	174745	174750	174720	174750	1847	6977	1
2026.07.21	16:52:00	174745	174790	174745	174780	5500	21197	1
2026.07.21	16:53:00	174785	174785	174710	174725	4485	17962	1
2026.07.21	16:54:00	174725	174730	174680	174680	4073	17832	1
2026.07.21	16:55:00	174685	174690	174620	174625	6358	27018	1
2026.07.21	16:56:00	174625	174675	174610	174665	5898	25737	1
2026.07.21	16:57:00	174665	174705	174655	174670	3833	15454	1
2026.07.21	16:58:00	174670	174675	174635	174675	2807	13228	1
2026.07.21	16:59:00	174675	174700	174655	174680	3242	14950	1
2026.07.21	17:00:00	174675	174685	174620	174650	4874	21658	1
2026.07.21	17:01:00	174645	174690	174645	174660	2561	11755	1
2026.07.21	17:02:00	174665	174665	174625	174630	1970	9724	1
2026.07.21	17:03:00	174635	174640	174585	174620	4534	16717	1
2026.07.21	17:04:00	174620	174635	174610	174620	1558	7198	1
2026.07.21	17:05:00	174615	174620	174585	174605	2957	12453	1
2026.07.21	17:06:00	174600	174605	174560	174580	3696	14067	1
2026.07.21	17:07:00	174585	174590	174545	174565	3698	15795	1
2026.07.21	17:08:00	174565	174605	174560	174585	2595	9779	1
2026.07.21	17:09:00	174590	174600	174570	174590	1453	5390	1
2026.07.21	17:10:00	174595	174635	174590	174625	3538	14543	1
2026.07.21	17:11:00	174620	174625	174555	174580	2964	10848	1
2026.07.21	17:12:00	174580	174585	174525	174570	4370	18438	1
2026.07.21	17:13:00	174570	174590	174540	174580	2367	11503	1
2026.07.21	17:14:00	174585	174600	174570	174575	1471	6285	1
2026.07.21	17:15:00	174570	174580	174555	174575	1158	4087	1
2026.07.21	17:16:00	174575	174585	174535	174560	2611	11489	1
2026.07.21	17:17:00	174560	174560	174545	174560	686	2575	1
2026.07.21	17:18:00	174555	174590	174555	174575	1724	6859	1
2026.07.21	17:19:00	174580	174590	174565	174575	936	3592	1
2026.07.21	17:20:00	174575	174585	174560	174580	791	2810	1
2026.07.21	17:21:00	174585	174585	174545	174565	1431	5294	1
2026.07.21	17:22:00	174565	174570	174500	174515	4623	18101	1
2026.07.21	17:23:00	174520	174520	174490	174515	1949	7960	1
2026.07.21	17:24:00	174510	174530	174500	174520	1529	6584	1
2026.07.21	17:25:00	174520	174525	174495	174510	1521	6867	1
2026.07.21	17:26:00	174515	174515	174500	174505	878	3015	1
2026.07.21	17:27:00	174510	174510	174495	174500	928	3099	1
2026.07.21	17:28:00	174495	174515	174495	174505	792	2731	1
2026.07.21	17:29:00	174510	174515	174500	174505	849	3121	1
2026.07.21	17:30:00	174505	174560	174500	174545	4559	16752	1
2026.07.21	17:31:00	174540	174555	174535	174535	1492	5136	1
2026.07.21	17:32:00	174540	174545	174530	174540	827	2781	1
2026.07.21	17:33:00	174535	174545	174530	174535	500	1757	1
2026.07.21	17:34:00	174535	174545	174515	174530	1013	3927	1
2026.07.21	17:35:00	174525	174535	174520	174530	464	1640	1
2026.07.21	17:36:00	174530	174535	174525	174535	470	1520	1
2026.07.21	17:37:00	174535	174560	174525	174550	2053	8466	1
2026.07.21	17:38:00	174555	174555	174500	174515	2251	9784	1
2026.07.21	17:39:00	174510	174530	174510	174515	1052	4460	1
2026.07.21	17:40:00	174515	174530	174515	174525	778	2453	1
2026.07.21	17:41:00	174530	174535	174520	174525	593	1906	1
2026.07.21	17:42:00	174520	174525	174500	174520	1397	4418	1
2026.07.21	17:43:00	174515	174525	174505	174520	503	1499	1
2026.07.21	17:44:00	174515	174520	174500	174505	733	2819	1
2026.07.21	17:45:00	174505	174535	174505	174535	1050	3617	1
2026.07.21	17:46:00	174535	174535	174520	174530	908	3496	1
2026.07.21	17:47:00	174535	174585	174530	174540	3861	14065	1
2026.07.21	17:48:00	174540	174560	174540	174555	919	3231	1
2026.07.21	17:49:00	174555	174555	174525	174530	1091	3493	1
2026.07.21	17:50:00	174530	174540	174520	174540	862	3625	1
2026.07.21	17:51:00	174540	174560	174530	174560	1143	4610	1
2026.07.21	17:52:00	174555	174580	174545	174550	1930	7324	1
2026.07.21	17:53:00	174555	174560	174545	174555	624	2015	1
2026.07.21	17:54:00	174550	174565	174545	174560	441	1803	1
2026.07.21	17:55:00	174560	174610	174555	174595	3371	12289	1
2026.07.21	17:56:00	174595	174605	174585	174590	1305	4699	1
2026.07.21	17:57:00	174590	174610	174590	174595	1047	3123	1
2026.07.21	17:58:00	174595	174635	174580	174615	2291	9448	1
2026.07.21	17:59:00	174620	174655	174615	174635	2746	9744	1
2026.07.21	18:00:00	174635	174670	174620	174655	3426	8875	1
2026.07.21	18:01:00	174655	174670	174630	174645	1621	3407	1
2026.07.21	18:02:00	174645	174735	174640	174690	5024	17531	1
2026.07.21	18:03:00	174685	174720	174675	174685	1809	4531	1
2026.07.21	18:04:00	174685	174710	174675	174685	1276	3441	1
2026.07.21	18:05:00	174690	174695	174640	174665	2789	6370	1
2026.07.21	18:06:00	174670	174680	174635	174655	1612	3643	1
2026.07.21	18:07:00	174660	174660	174640	174650	878	1733	1
2026.07.21	18:08:00	174645	174720	174630	174670	2941	6530	1
2026.07.21	18:09:00	174665	174680	174660	174670	600	1299	1
2026.07.21	18:10:00	174670	174700	174670	174675	986	2278	1
2026.07.21	18:11:00	174675	174680	174640	174660	1207	2869	1
2026.07.21	18:12:00	174660	174665	174635	174640	1466	3619	1
2026.07.21	18:13:00	174640	174650	174635	174650	788	2024	1
2026.07.21	18:14:00	174650	174715	174640	174690	3205	8906	1
2026.07.21	18:15:00	174695	174710	174655	174665	2840	7733	1
2026.07.21	18:16:00	174660	174665	174650	174655	938	2585	1
2026.07.21	18:17:00	174655	174670	174610	174610	1968	6220	1
2026.07.21	18:18:00	174610	174640	174610	174640	935	2512	1
2026.07.21	18:19:00	174630	174720	174630	174695	2700	8088	1
2026.07.21	18:20:00	174690	174715	174680	174690	1115	3012	1
2026.07.21	18:21:00	174690	174715	174670	174675	646	2223	1
2026.07.21	18:22:00	174670	174700	174655	174675	741	1937	1
2026.07.21	18:23:00	174675	174695	174650	174670	771	1985	1
2026.07.21	18:24:00	174665	174690	174630	174690	2317	22615	1
2026.07.22	09:03:00	174250	174950	174245	174715	50800	189743	1
2026.07.22	09:04:00	174710	175190	174700	175155	57040	158003	1
2026.07.22	09:05:00	175150	175250	174950	175245	38740	114092	1
2026.07.22	09:06:00	175245	175260	174950	175085	31677	92560	1
2026.07.22	09:07:00	175085	175335	175070	175305	30283	87356	1
2026.07.22	09:08:00	175300	175320	175230	175275	11119	31091	1
2026.07.22	09:09:00	175275	175485	175260	175385	23963	69178	1
2026.07.22	09:10:00	175380	175450	175330	175380	14263	42849	1
2026.07.22	09:11:00	175380	175520	175355	175435	16302	48271	1
2026.07.22	09:12:00	175435	175445	175230	175345	30925	88996	1
2026.07.22	09:13:00	175345	175390	175295	175350	10243	28694	1
2026.07.22	09:14:00	175350	175600	175325	175540	25694	76177	1
2026.07.22	09:15:00	175545	175560	175315	175425	27257	83895	1
2026.07.22	09:16:00	175420	175580	175340	175360	26501	83596	1
2026.07.22	09:17:00	175360	175450	175235	175300	23346	66651	1
2026.07.22	09:18:00	175305	175360	175235	175345	13799	44981	1
2026.07.22	09:19:00	175345	175370	175290	175355	8752	27971	1
2026.07.22	09:20:00	175355	175365	175255	175335	9913	30343	1
2026.07.22	09:21:00	175335	175365	175250	175265	8999	32996	1
2026.07.22	09:22:00	175265	175345	175255	175310	7136	24273	1
2026.07.22	09:23:00	175315	175515	175305	175415	24395	74786	1
2026.07.22	09:24:00	175415	175455	175320	175350	11253	37471	1
2026.07.22	09:25:00	175345	175395	175210	175260	18567	55892	1
2026.07.22	09:26:00	175260	175300	175215	175295	8777	28404	1
2026.07.22	09:27:00	175290	175375	175285	175355	12510	40639	1
2026.07.22	09:28:00	175355	175400	175310	175330	11185	44712	1
2026.07.22	09:29:00	175330	175335	175205	175245	14332	51637	1
2026.07.22	09:30:00	175240	175350	175225	175345	12866	42441	1
2026.07.22	09:31:00	175350	175390	175310	175340	10228	34853	1
2026.07.22	09:32:00	175340	175545	175330	175480	22543	69074	1
2026.07.22	09:33:00	175480	175530	175460	175490	7343	26319	1
2026.07.22	09:34:00	175495	175525	175405	175425	11861	39972	1
2026.07.22	09:35:00	175425	175485	175420	175455	6471	22357	1
2026.07.22	09:36:00	175455	175690	175420	175635	31249	101170	1
2026.07.22	09:37:00	175635	175640	175560	175595	11363	41318	1
2026.07.22	09:38:00	175595	175635	175560	175600	6481	22348	1
2026.07.22	09:39:00	175595	175605	175505	175530	11993	39873	1
2026.07.22	09:40:00	175530	175575	175320	175360	25609	86402	1
2026.07.22	09:41:00	175365	175425	175280	175295	21737	77318	1
2026.07.22	09:42:00	175290	175350	175230	175270	18475	64100	1
2026.07.22	09:43:00	175275	175310	175115	175245	34070	119855	1
2026.07.22	09:44:00	175245	175430	175205	175390	19369	63248	1
2026.07.22	09:45:00	175385	175390	175175	175275	22935	73087	1
2026.07.22	09:46:00	175275	175370	175250	175305	12874	44514	1
2026.07.22	09:47:00	175300	175480	175290	175400	19477	59300	1
2026.07.22	09:48:00	175405	175420	175285	175330	10820	32399	1
2026.07.22	09:49:00	175335	175410	175320	175365	6409	18571	1
2026.07.22	09:50:00	175370	175395	175220	175240	12527	39212	1
2026.07.22	09:51:00	175245	175270	175170	175210	12239	40992	1
2026.07.22	09:52:00	175215	175310	175200	175305	10282	33582	1
2026.07.22	09:53:00	175305	175460	175300	175375	18870	59578	1
2026.07.22	09:54:00	175380	175440	175330	175430	8028	25730	1
2026.07.22	09:55:00	175425	175585	175425	175560	21111	67280	1
2026.07.22	09:56:00	175555	175585	175275	175375	30322	98177	1
2026.07.22	09:57:00	175380	175520	175305	175505	16268	49067	1
2026.07.22	09:58:00	175505	175565	175445	175540	12346	39352	1
2026.07.22	09:59:00	175545	175755	175545	175645	30990	99810	1
2026.07.22	10:00:00	175645	175895	175625	175870	40343	128585	1
2026.07.22	10:01:00	175870	175985	175785	175815	33504	100277	1
2026.07.22	10:02:00	175820	175915	175765	175785	17522	51695	1
2026.07.22	10:03:00	175785	175865	175725	175755	13045	38676	1
2026.07.22	10:04:00	175750	175845	175665	175750	15051	47789	1
2026.07.22	10:05:00	175755	175935	175605	175640	35981	113139	1
2026.07.22	10:06:00	175640	175695	175580	175600	11993	38009	1
2026.07.22	10:07:00	175600	175800	175590	175685	20943	63841	1
2026.07.22	10:08:00	175690	175710	175630	175695	7675	25417	1
2026.07.22	10:09:00	175690	175735	175585	175660	12724	42483	1
2026.07.22	10:10:00	175660	175670	175435	175520	26045	80862	1
2026.07.22	10:11:00	175520	175855	175515	175825	37697	121609	1
2026.07.22	10:12:00	175825	175885	175695	175845	22677	70441	1
2026.07.22	10:13:00	175845	176000	175835	175910	24092	77909	1
2026.07.22	10:14:00	175910	175980	175865	175950	11925	37979	1
2026.07.22	10:15:00	175945	176095	175850	175980	37404	123341	1
2026.07.22	10:16:00	175980	176145	175980	176070	21686	79933	1
2026.07.22	10:17:00	176070	176095	176000	176025	10010	35613	1
2026.07.22	10:18:00	176025	176095	175850	175900	20555	72317	1
2026.07.22	10:19:00	175900	175945	175705	175860	30734	111367	1
2026.07.22	10:20:00	175865	176005	175860	175930	17749	60642	1
2026.07.22	10:21:00	175925	175965	175770	175825	17134	60640	1
2026.07.22	10:22:00	175825	175920	175745	175920	15057	51447	1
2026.07.22	10:23:00	175920	176195	175910	176135	31867	110230	1
2026.07.22	10:24:00	176135	176245	176080	176195	22039	78751	1
2026.07.22	10:25:00	176200	176220	176060	176190	21251	71481	1
2026.07.22	10:26:00	176190	176260	176120	176145	15387	53715	1
2026.07.22	10:27:00	176150	176240	176115	176140	10882	36385	1
2026.07.22	10:28:00	176145	176275	176145	176170	12472	40673	1
2026.07.22	10:29:00	176175	176235	176070	176200	18517	62268	1
2026.07.22	10:30:00	176195	176695	176155	176580	58871	216257	1
2026.07.22	10:31:00	176580	176855	176570	176740	34004	122521	1
2026.07.22	10:32:00	176740	176910	176640	176675	28227	97022	1
2026.07.22	10:33:00	176675	176715	176585	176600	15136	54448	1
2026.07.22	10:34:00	176600	176800	176575	176740	20034	67873	1
2026.07.22	10:35:00	176745	176770	176610	176745	16584	61238	1
2026.07.22	10:36:00	176750	176960	176730	176795	31544	111603	1
2026.07.22	10:37:00	176795	176850	176705	176735	14048	50884	1
2026.07.22	10:38:00	176735	177005	176710	176945	22819	78254	1
2026.07.22	10:39:00	176945	177050	176920	176990	18013	65338	1
2026.07.22	10:40:00	176985	177210	176925	177130	32344	115680	1
2026.07.22	10:41:00	177135	177300	177130	177180	22839	88271	1
2026.07.22	10:42:00	177180	177945	177170	177550	66000	228162	1
2026.07.22	10:43:00	177550	177780	177510	177730	25471	86301	1
2026.07.22	10:44:00	177730	177920	177625	177690	32295	109431	1
2026.07.22	10:45:00	177690	177725	177550	177635	19893	62465	1
2026.07.22	10:46:00	177635	177840	177635	177775	20717	70627	1
2026.07.22	10:47:00	177770	177975	177715	177890	23177	82151	1
2026.07.22	10:48:00	177890	178270	177880	178065	39559	134549	1
2026.07.22	10:49:00	178065	178135	178020	178030	14112	51073	1
2026.07.22	10:50:00	178030	178125	177910	178105	22951	81558	1
2026.07.22	10:51:00	178105	178220	178025	178060	20364	73081	1
2026.07.22	10:52:00	178065	178200	177950	178015	17927	65382	1
2026.07.22	10:53:00	178020	178030	177840	177880	16313	58900	1
2026.07.22	10:54:00	177875	177885	177750	177805	16467	60181	1
2026.07.22	10:55:00	177800	177995	177755	177890	17113	60599	1
2026.07.22	10:56:00	177890	178065	177840	178025	17962	67692	1
2026.07.22	10:57:00	178025	178105	177995	178030	11761	42437	1
2026.07.22	10:58:00	178030	178095	177905	177955	12932	46255	1
2026.07.22	10:59:00	177950	177965	177855	177875	7515	26465	1
2026.07.22	11:00:00	177875	177885	177705	177785	20922	75943	1
2026.07.22	11:01:00	177785	177835	177630	177770	20816	74902	1
2026.07.22	11:02:00	177770	177985	177725	177810	22402	80423	1
2026.07.22	11:03:00	177815	177830	177705	177715	11373	42465	1
2026.07.22	11:04:00	177720	177780	177595	177620	15433	58390	1
2026.07.22	11:05:00	177620	177665	177560	177615	11579	44523	1
2026.07.22	11:06:00	177610	177625	177525	177535	10471	40101	1
2026.07.22	11:07:00	177535	177635	177460	177475	14967	59313	1
2026.07.22	11:08:00	177480	177530	177295	177320	20755	80463	1
2026.07.22	11:09:00	177320	177345	177185	177235	19718	80300	1
2026.07.22	11:10:00	177235	177290	177115	177160	17494	65710	1
2026.07.22	11:11:00	177160	177230	177160	177175	8673	35857	1
2026.07.22	11:12:00	177175	177230	177095	177195	13763	52261	1
2026.07.22	11:13:00	177195	177230	177110	177175	8062	32076	1
2026.07.22	11:14:00	177175	177220	177115	177180	7554	28455	1
2026.07.22	11:15:00	177175	177285	177145	177255	14909	53475	1
2026.07.22	11:16:00	177255	177400	177250	177360	19798	69721	1
2026.07.22	11:17:00	177355	177380	177305	177320	7401	27975	1
2026.07.22	11:18:00	177320	177450	177260	177430	16680	62971	1
2026.07.22	11:19:00	177435	177575	177395	177420	18649	67108	1
2026.07.22	11:20:00	177420	177430	177315	177360	11301	41623	1
2026.07.22	11:21:00	177355	177385	177315	177335	4640	17152	1
2026.07.22	11:22:00	177330	177340	177125	177165	18314	63853	1
2026.07.22	11:23:00	177160	177295	177135	177280	13506	52924	1
2026.07.22	11:24:00	177280	177305	177180	177235	8366	31876	1
2026.07.22	11:25:00	177230	177250	177100	177145	11560	44595	1
2026.07.22	11:26:00	177145	177195	177080	177130	12806	48496	1
2026.07.22	11:27:00	177125	177240	177110	177140	11694	43181	1
2026.07.22	11:28:00	177140	177225	177130	177150	7300	27146	1
2026.07.22	11:29:00	177150	177165	177105	177160	6257	23873	1
2026.07.22	11:30:00	177155	177165	176955	176975	18923	72610	1
2026.07.22	11:31:00	176975	176985	176880	176940	15925	60041	1
2026.07.22	11:32:00	176940	177050	176905	176955	13564	48800	1
2026.07.22	11:33:00	176950	176965	176895	176945	8323	35739	1
2026.07.22	11:34:00	176950	176960	176900	176945	4371	17424	1
2026.07.22	11:35:00	176945	176980	176915	176930	5449	20709	1
2026.07.22	11:36:00	176930	176965	176830	176895	11382	43685	1
2026.07.22	11:37:00	176895	176920	176785	176810	12028	47844	1
2026.07.22	11:38:00	176810	176855	176770	176830	9136	35306	1
2026.07.22	11:39:00	176830	176870	176810	176825	5900	22800	1
2026.07.22	11:40:00	176820	176920	176790	176820	11628	43373	1
2026.07.22	11:41:00	176825	176840	176760	176800	7399	28650	1
2026.07.22	11:42:00	176800	176880	176790	176835	6538	24449	1
2026.07.22	11:43:00	176840	176880	176775	176880	7446	29899	1
2026.07.22	11:44:00	176880	176995	176860	176935	15901	59565	1
2026.07.22	11:45:00	176935	176950	176730	176765	17054	62216	1
2026.07.22	11:46:00	176760	176765	176660	176740	14147	54134	1
2026.07.22	11:47:00	176735	176890	176720	176855	14346	57650	1
2026.07.22	11:48:00	176860	176865	176730	176730	8665	37210	1
2026.07.22	11:49:00	176730	176765	176585	176675	17117	63750	1
2026.07.22	11:50:00	176670	176710	176640	176695	7101	26686	1
2026.07.22	11:51:00	176695	176785	176660	176730	12103	47823	1
2026.07.22	11:52:00	176730	176740	176620	176690	7695	29541	1
2026.07.22	11:53:00	176690	176750	176670	176740	5824	22593	1
2026.07.22	11:54:00	176735	176800	176660	176750	10143	40311	1
2026.07.22	11:55:00	176750	176860	176675	176840	13658	52165	1
2026.07.22	11:56:00	176835	176845	176770	176790	6785	28387	1
2026.07.22	11:57:00	176785	176800	176735	176780	5018	19987	1
2026.07.22	11:58:00	176775	176880	176770	176825	9676	38419	1
2026.07.22	11:59:00	176825	176880	176810	176825	4187	18331	1
2026.07.22	12:00:00	176820	176845	176705	176765	11175	43467	1
2026.07.22	12:01:00	176765	176860	176760	176810	6085	24256	1
2026.07.22	12:02:00	176810	176885	176755	176810	8123	31686	1
2026.07.22	12:03:00	176810	176850	176770	176800	4860	20046	1
2026.07.22	12:04:00	176795	176850	176760	176815	5370	21367	1
2026.07.22	12:05:00	176815	176910	176800	176855	8467	34685	1
2026.07.22	12:06:00	176855	176945	176815	176905	9188	37742	1
2026.07.22	12:07:00	176900	176975	176885	176925	12092	52003	1
2026.07.22	12:08:00	176925	176995	176905	176990	7396	29522	1
2026.07.22	12:09:00	176995	177120	176985	177045	18513	70093	1
2026.07.22	12:10:00	177050	177070	176990	177025	7069	28781	1
2026.07.22	12:11:00	177020	177050	176955	176975	7087	28802	1
2026.07.22	12:12:00	176970	177010	176935	176990	6547	24990	1
2026.07.22	12:13:00	176990	177020	176965	177005	3454	13869	1
2026.07.22	12:14:00	177010	177025	176940	176940	4441	18450	1
2026.07.22	12:15:00	176940	176995	176890	176990	10067	36433	1
2026.07.22	12:16:00	176985	177005	176920	176940	4962	17846	1
2026.07.22	12:17:00	176935	176960	176890	176925	4953	18841	1
2026.07.22	12:18:00	176925	176935	176855	176900	6096	23347	1
2026.07.22	12:19:00	176900	176905	176780	176845	10579	38366	1
2026.07.22	12:20:00	176840	176965	176790	176950	11705	45747	1
2026.07.22	12:21:00	176945	176975	176925	176965	4365	17787	1
2026.07.22	12:22:00	176965	177070	176940	177030	11326	45058	1
2026.07.22	12:23:00	177030	177125	177010	177125	9937	39091	1
2026.07.22	12:24:00	177120	177140	177080	177090	6180	23572	1
2026.07.22	12:25:00	177090	177155	177080	177145	7130	29470	1
2026.07.22	12:26:00	177145	177155	177030	177055	8328	31425	1
2026.07.22	12:27:00	177055	177100	177030	177055	4484	20714	1
2026.07.22	12:28:00	177055	177085	177020	177040	4047	16145	1
2026.07.22	12:29:00	177040	177050	176995	177035	6171	24908	1
2026.07.22	12:30:00	177040	177190	176960	177175	17690	62416	1
2026.07.22	12:31:00	177180	177395	177140	177380	18106	68560	1
2026.07.22	12:32:00	177380	177440	177340	177375	11506	47413	1
2026.07.22	12:33:00	177375	177380	177295	177295	7367	28592	1
2026.07.22	12:34:00	177300	177325	177275	177295	3974	15848	1
2026.07.22	12:35:00	177295	177410	177280	177385	8371	32803	1
2026.07.22	12:36:00	177385	177390	177320	177370	4374	18166	1
2026.07.22	12:37:00	177375	177385	177335	177380	2783	11331	1
2026.07.22	12:38:00	177380	177400	177325	177355	4346	16771	1
2026.07.22	12:39:00	177360	177375	177280	177315	5434	21072	1
2026.07.22	12:40:00	177315	177325	177235	177290	10196	41319	1
2026.07.22	12:41:00	177295	177325	177255	177305	3587	15023	1
2026.07.22	12:42:00	177300	177490	177270	177480	15765	61815	1
2026.07.22	12:43:00	177480	177510	177435	177480	12521	55848	1
2026.07.22	12:44:00	177480	177560	177440	177450	11125	46392	1
2026.07.22	12:45:00	177450	177485	177420	177450	5893	25947	1
2026.07.22	12:46:00	177455	177470	177400	177420	4736	20859	1
2026.07.22	12:47:00	177415	177455	177405	177445	2695	10971	1
2026.07.22	12:48:00	177445	177545	177415	177515	7495	29578	1
2026.07.22	12:49:00	177520	177545	177475	177500	4249	16623	1
2026.07.22	12:50:00	177500	177505	177450	177485	4238	16623	1
2026.07.22	12:51:00	177485	177495	177445	177445	2761	11180	1
2026.07.22	12:52:00	177445	177455	177375	177425	7375	25872	1
2026.07.22	12:53:00	177430	177435	177400	177405	2127	9122	1
2026.07.22	12:54:00	177405	177435	177395	177420	2491	11408	1
2026.07.22	12:55:00	177425	177425	177390	177400	2919	13853	1
2026.07.22	12:56:00	177400	177400	177340	177355	6139	20787	1
2026.07.22	12:57:00	177355	177465	177345	177425	8736	32458	1
2026.07.22	12:58:00	177425	177485	177390	177465	5164	19285	1
2026.07.22	12:59:00	177470	177490	177440	177465	3715	12849	1
2026.07.22	13:00:00	177460	177540	177455	177520	7046	26102	1
2026.07.22	13:01:00	177520	177535	177480	177530	4265	17160	1
2026.07.22	13:02:00	177530	177565	177520	177525	5868	21903	1
2026.07.22	13:03:00	177525	177545	177515	177535	2282	9304	1
2026.07.22	13:04:00	177535	177600	177530	177595	7439	29335	1
2026.07.22	13:05:00	177590	177600	177560	177590	3210	12615	1
2026.07.22	13:06:00	177585	177595	177540	177555	4432	16347	1
2026.07.22	13:07:00	177555	177595	177530	177580	5606	23737	1
2026.07.22	13:08:00	177580	177655	177570	177605	9436	37011	1
2026.07.22	13:09:00	177610	177615	177465	177485	11999	50284	1
2026.07.22	13:10:00	177490	177510	177460	177490	4995	24970	1
2026.07.22	13:11:00	177495	177545	177490	177525	4496	19433	1
2026.07.22	13:12:00	177520	177545	177470	177485	3833	16008	1
2026.07.22	13:13:00	177490	177500	177405	177460	7920	29328	1
2026.07.22	13:14:00	177460	177500	177445	177500	3806	16305	1
2026.07.22	13:15:00	177495	177570	177475	177550	6483	25897	1
2026.07.22	13:16:00	177555	177565	177435	177450	7933	32705	1
2026.07.22	13:17:00	177455	177510	177400	177485	8716	34130	1
2026.07.22	13:18:00	177490	177505	177440	177465	3524	14035	1
2026.07.22	13:19:00	177465	177510	177430	177450	3042	11957	1
2026.07.22	13:20:00	177450	177485	177430	177455	2892	10924	1
2026.07.22	13:21:00	177455	177510	177450	177470	3487	15428	1
2026.07.22	13:22:00	177470	177495	177415	177445	4253	17390	1
2026.07.22	13:23:00	177445	177490	177420	177465	2869	12159	1
2026.07.22	13:24:00	177465	177505	177460	177485	3336	13467	1
2026.07.22	13:25:00	177490	177560	177485	177555	6017	24195	1
2026.07.22	13:26:00	177550	177565	177510	177525	3071	13300	1
2026.07.22	13:27:00	177520	177535	177475	177495	3588	13700	1
2026.07.22	13:28:00	177495	177565	177490	177550	3631	14205	1
2026.07.22	13:29:00	177550	177555	177530	177555	1592	5717	1
2026.07.22	13:30:00	177550	177640	177535	177635	9355	32772	1
2026.07.22	13:31:00	177635	177745	177615	177720	13746	57828	1
2026.07.22	13:32:00	177715	177785	177700	177775	7876	34671	1
2026.07.22	13:33:00	177775	177780	177730	177755	4653	18373	1
2026.07.22	13:34:00	177750	177765	177715	177755	3904	15507	1
2026.07.22	13:35:00	177755	177765	177715	177730	3415	14780	1
2026.07.22	13:36:00	177730	177760	177715	177725	2835	11135	1
2026.07.22	13:37:00	177725	177800	177685	177785	9215	33705	1
2026.07.22	13:38:00	177785	177795	177735	177740	5066	22017	1
2026.07.22	13:39:00	177740	177765	177720	177740	3489	18434	1
2026.07.22	13:40:00	177735	177745	177705	177720	3082	12444	1
2026.07.22	13:41:00	177720	177770	177700	177755	3432	14205	1
2026.07.22	13:42:00	177755	177785	177750	177770	2684	10653	1
2026.07.22	13:43:00	177765	177825	177750	177780	6100	24729	1
2026.07.22	13:44:00	177780	177835	177765	177800	3821	16690	1
2026.07.22	13:45:00	177795	177800	177735	177740	4588	17235	1
2026.07.22	13:46:00	177745	177755	177705	177720	4154	15056	1
2026.07.22	13:47:00	177720	177735	177655	177655	6665	25587	1
2026.07.22	13:48:00	177660	177690	177650	177675	4245	17534	1
2026.07.22	13:49:00	177675	177720	177635	177710	6106	24616	1
2026.07.22	13:50:00	177710	177750	177690	177750	4423	17552	1
2026.07.22	13:51:00	177750	177755	177715	177720	2735	10994	1
2026.07.22	13:52:00	177725	177790	177710	177770	4757	17216	1
2026.07.22	13:53:00	177770	177830	177760	177825	5450	21044	1
2026.07.22	13:54:00	177825	177845	177810	177835	4598	18089	1
2026.07.22	13:55:00	177830	177870	177815	177850	5480	20600	1
2026.07.22	13:56:00	177850	177885	177835	177855	4229	18208	1
2026.07.22	13:57:00	177850	177855	177780	177785	6322	24389	1
2026.07.22	13:58:00	177790	177820	177780	177790	3305	12944	1
2026.07.22	13:59:00	177795	177805	177770	177795	2044	8833	1
2026.07.22	14:00:00	177795	177840	177755	177830	5472	21563	1
2026.07.22	14:01:00	177825	177855	177815	177830	2538	9937	1
2026.07.22	14:02:00	177830	177865	177820	177855	2353	8806	1
2026.07.22	14:03:00	177850	177975	177840	177970	10080	37934	1
2026.07.22	14:04:00	177970	178025	177935	178020	10597	47240	1
2026.07.22	14:05:00	178025	178085	178000	178070	9262	37866	1
2026.07.22	14:06:00	178075	178125	178020	178045	12426	59446	1
2026.07.22	14:07:00	178045	178060	178030	178030	3208	13364	1
2026.07.22	14:08:00	178035	178055	178005	178020	4459	18774	1
2026.07.22	14:09:00	178020	178050	178010	178030	2090	8651	1
2026.07.22	14:10:00	178030	178085	178015	178070	4327	18842	1
2026.07.22	14:11:00	178070	178080	177990	178025	6695	27056	1
2026.07.22	14:12:00	178020	178030	177980	178015	4074	16895	1
2026.07.22	14:13:00	178010	178165	178010	178110	13138	52025	1
2026.07.22	14:14:00	178110	178130	178065	178085	4868	21065	1
2026.07.22	14:15:00	178080	178180	178050	178140	9195	39078	1
2026.07.22	14:16:00	178135	178210	178130	178200	6880	35300	1
2026.07.22	14:17:00	178205	178265	178185	178190	11581	48285	1
2026.07.22	14:18:00	178185	178215	178150	178165	5648	24561	1
2026.07.22	14:19:00	178165	178175	178105	178135	6571	27855	1
2026.07.22	14:20:00	178130	178200	178120	178175	6111	26796	1
2026.07.22	14:21:00	178180	178245	178170	178195	6476	28117	1
2026.07.22	14:22:00	178190	178205	178165	178185	3388	15398	1
2026.07.22	14:23:00	178180	178200	178160	178180	2156	9145	1
2026.07.22	14:24:00	178185	178240	178170	178195	3998	17684	1
2026.07.22	14:25:00	178195	178200	178160	178170	3060	13259	1
2026.07.22	14:26:00	178170	178310	178165	178230	12768	54877	1
2026.07.22	14:27:00	178230	178245	178215	178230	2741	10830	1
2026.07.22	14:28:00	178230	178245	178215	178220	2192	9107	1
2026.07.22	14:29:00	178220	178295	178215	178265	5632	27298	1
2026.07.22	14:30:00	178270	178340	178235	178330	9707	42650	1
2026.07.22	14:31:00	178325	178510	178320	178460	20403	90289	1
2026.07.22	14:32:00	178455	178465	178420	178435	5655	24401	1
2026.07.22	14:33:00	178435	178485	178410	178420	7192	35200	1
2026.07.22	14:34:00	178420	178435	178400	178425	3375	14448	1
2026.07.22	14:35:00	178425	178430	178370	178375	4994	19937	1
2026.07.22	14:36:00	178370	178445	178360	178390	5759	24736	1
2026.07.22	14:37:00	178385	178405	178365	178385	2917	13207	1
2026.07.22	14:38:00	178385	178395	178365	178370	2165	9139	1
2026.07.22	14:39:00	178375	178385	178340	178370	4089	16269	1
2026.07.22	14:40:00	178370	178425	178335	178410	6463	26781	1
2026.07.22	14:41:00	178405	178415	178370	178395	2413	10976	1
2026.07.22	14:42:00	178390	178495	178380	178485	7443	30094	1
2026.07.22	14:43:00	178480	178485	178430	178445	3988	16688	1
2026.07.22	14:44:00	178445	178455	178425	178440	2351	9557	1
2026.07.22	14:45:00	178440	178500	178430	178475	5190	23445	1
2026.07.22	14:46:00	178470	178485	178455	178475	2121	8816	1
2026.07.22	14:47:00	178470	178625	178470	178580	16415	67565	1
2026.07.22	14:48:00	178580	178665	178560	178660	8820	39459	1
2026.07.22	14:49:00	178665	178665	178615	178620	5774	28791	1
2026.07.22	14:50:00	178620	178660	178595	178645	5545	23160	1
2026.07.22	14:51:00	178645	178690	178630	178635	4980	20817	1
2026.07.22	14:52:00	178635	178650	178610	178630	3126	12751	1
2026.07.22	14:53:00	178630	178635	178575	178580	4125	17167	1
2026.07.22	14:54:00	178580	178595	178560	178570	5472	23538	1
2026.07.22	14:55:00	178565	178670	178560	178670	6744	28555	1
2026.07.22	14:56:00	178665	178775	178635	178735	12235	54197	1
2026.07.22	14:57:00	178740	178775	178670	178675	8268	37302	1
2026.07.22	14:58:00	178675	178695	178660	178685	2881	11575	1
2026.07.22	14:59:00	178685	178720	178665	178705	2950	12512	1
2026.07.22	15:00:00	178705	178860	178635	178780	16030	65977	1
2026.07.22	15:01:00	178780	178800	178715	178760	7560	35604	1
2026.07.22	15:02:00	178765	178795	178720	178785	4118	19176	1
2026.07.22	15:03:00	178790	178820	178730	178750	4699	21145	1
2026.07.22	15:04:00	178755	178755	178685	178715	5496	24642	1
2026.07.22	15:05:00	178720	178745	178680	178685	3789	15399	1
2026.07.22	15:06:00	178680	178735	178670	178705	4154	17495	1
2026.07.22	15:07:00	178700	178810	178700	178780	8026	34498	1
2026.07.22	15:08:00	178785	178785	178715	178725	4064	15396	1
2026.07.22	15:09:00	178720	178730	178565	178565	11815	44006	1
2026.07.22	15:10:00	178565	178635	178555	178635	7772	33025	1
2026.07.22	15:11:00	178635	178640	178590	178605	3543	15168	1
2026.07.22	15:12:00	178605	178615	178555	178570	3949	16357	1
2026.07.22	15:13:00	178565	178600	178565	178580	2270	10074	1
2026.07.22	15:14:00	178575	178690	178570	178670	8303	37303	1
2026.07.22	15:15:00	178665	178670	178615	178630	4146	17357	1
2026.07.22	15:16:00	178635	178655	178610	178615	2540	10840	1
2026.07.22	15:17:00	178620	178715	178610	178675	6534	27089	1
2026.07.22	15:18:00	178680	178750	178670	178705	6874	33120	1
2026.07.22	15:19:00	178705	178705	178615	178620	6289	25976	1
2026.07.22	15:20:00	178620	178725	178600	178700	8144	34932	1
2026.07.22	15:21:00	178705	178730	178645	178675	5146	25930	1
2026.07.22	15:22:00	178670	178675	178650	178655	1836	8390	1
2026.07.22	15:23:00	178650	178680	178635	178655	3011	13300	1
2026.07.22	15:24:00	178655	178685	178605	178610	4258	17762	1
2026.07.22	15:25:00	178615	178645	178610	178635	1776	7656	1
2026.07.22	15:26:00	178635	178695	178625	178665	4222	18160	1
2026.07.22	15:27:00	178670	178785	178665	178725	8891	35327	1
2026.07.22	15:28:00	178720	178730	178685	178695	3357	14247	1
2026.07.22	15:29:00	178700	178710	178665	178695	3163	13238	1
2026.07.22	15:30:00	178700	178715	178650	178650	4701	22119	1
2026.07.22	15:31:00	178655	178665	178625	178635	4734	20054	1
2026.07.22	15:32:00	178635	178665	178620	178640	2889	12240	1
2026.07.22	15:33:00	178640	178695	178630	178655	3163	13347	1
2026.07.22	15:34:00	178650	178670	178630	178630	1782	6885	1
2026.07.22	15:35:00	178635	178710	178620	178700	4675	19925	1
2026.07.22	15:36:00	178700	178770	178670	178745	8012	35249	1
2026.07.22	15:37:00	178745	178760	178715	178730	2775	11700	1
2026.07.22	15:38:00	178735	178735	178630	178695	8883	39347	1
2026.07.22	15:39:00	178700	178795	178695	178785	4479	18783	1
2026.07.22	15:40:00	178790	178795	178735	178750	3883	16350	1
2026.07.22	15:41:00	178755	178775	178735	178760	2518	12156	1
2026.07.22	15:42:00	178765	178845	178760	178775	8810	36266	1
2026.07.22	15:43:00	178775	178785	178755	178770	2785	12153	1
2026.07.22	15:44:00	178775	178825	178770	178790	3536	16308	1
2026.07.22	15:45:00	178785	178795	178765	178770	2567	12636	1
2026.07.22	15:46:00	178770	178780	178750	178755	2563	9723	1
2026.07.22	15:47:00	178755	178815	178745	178790	3802	17839	1
2026.07.22	15:48:00	178790	178805	178775	178795	1469	6914	1
2026.07.22	15:49:00	178790	178825	178780	178805	3260	16918	1
2026.07.22	15:50:00	178810	178930	178790	178885	13223	58022	1
2026.07.22	15:51:00	178885	178885	178825	178830	5473	28186	1
2026.07.22	15:52:00	178830	178880	178820	178860	5356	29993	1
2026.07.22	15:53:00	178860	178880	178840	178865	3390	16296	1
2026.07.22	15:54:00	178860	178900	178815	178830	4929	21861	1
2026.07.22	15:55:00	178825	178840	178810	178820	2729	11753	1
2026.07.22	15:56:00	178820	178850	178810	178845	2275	10113	1
2026.07.22	15:57:00	178845	178905	178830	178890	4631	21073	1
2026.07.22	15:58:00	178885	178995	178865	178975	10465	43046	1
2026.07.22	15:59:00	178975	179020	178950	178960	7361	33794	1
2026.07.22	16:00:00	178965	178990	178935	178950	4587	21007	1
2026.07.22	16:01:00	178950	178965	178905	178925	4715	19948	1
2026.07.22	16:02:00	178920	178950	178785	178785	9847	40042	1
2026.07.22	16:03:00	178785	178830	178755	178785	7357	30030	1
2026.07.22	16:04:00	178780	178815	178765	178780	3115	14565	1
2026.07.22	16:05:00	178775	178810	178755	178785	3231	13624	1
2026.07.22	16:06:00	178785	178800	178760	178770	2061	8412	1
2026.07.22	16:07:00	178770	178845	178765	178820	4827	19783	1
2026.07.22	16:08:00	178815	178860	178800	178820	3665	16500	1
2026.07.22	16:09:00	178820	178825	178800	178805	1193	5336	1
2026.07.22	16:10:00	178805	178830	178790	178825	2022	7851	1
2026.07.22	16:11:00	178825	178825	178780	178785	2411	10320	1
2026.07.22	16:12:00	178785	178815	178780	178800	1590	6675	1
2026.07.22	16:13:00	178795	178820	178790	178800	1356	4916	1
2026.07.22	16:14:00	178800	178820	178775	178800	2506	11812	1
2026.07.22	16:15:00	178805	178845	178790	178795	3661	13858	1
2026.07.22	16:16:00	178790	178810	178740	178750	5233	22136	1
2026.07.22	16:17:00	178755	178785	178740	178775	3581	16981	1
2026.07.22	16:18:00	178775	178785	178755	178780	1543	6303	1
2026.07.22	16:19:00	178775	178825	178770	178800	4414	17686	1
2026.07.22	16:20:00	178795	178795	178710	178750	7062	31057	1
2026.07.22	16:21:00	178750	178760	178725	178745	2227	9913	1
2026.07.22	16:22:00	178745	178815	178730	178810	4568	18823	1
2026.07.22	16:23:00	178810	178815	178760	178775	2279	10757	1
2026.07.22	16:24:00	178775	178785	178765	178780	1190	4991	1
2026.07.22	16:25:00	178780	178800	178745	178755	2319	8857	1
2026.07.22	16:26:00	178755	178835	178740	178805	5000	22412	1
2026.07.22	16:27:00	178805	178900	178805	178870	9996	42575	1
2026.07.22	16:28:00	178870	178880	178850	178855	2999	12809	1
2026.07.22	16:29:00	178855	178860	178835	178835	2273	8849	1
2026.07.22	16:30:00	178840	178845	178790	178820	5186	22887	1
2026.07.22	16:31:00	178815	178825	178795	178815	2009	8632	1
2026.07.22	16:32:00	178810	178840	178800	178820	1994	8390	1
2026.07.22	16:33:00	178820	178820	178785	178795	1952	7820	1
2026.07.22	16:34:00	178795	178820	178790	178800	1607	6927	1
2026.07.22	16:35:00	178795	178805	178775	178790	2264	8672	1
2026.07.22	16:36:00	178785	178845	178780	178830	3069	12298	1
2026.07.22	16:37:00	178830	178835	178770	178775	3147	12854	1
2026.07.22	16:38:00	178775	178790	178765	178780	2095	8712	1
2026.07.22	16:39:00	178785	178785	178755	178775	1807	7521	1
2026.07.22	16:40:00	178775	178775	178700	178740	7245	26622	1
2026.07.22	16:41:00	178740	178780	178730	178760	3210	15625	1
2026.07.22	16:42:00	178755	178775	178750	178760	1271	6082	1
2026.07.22	16:43:00	178765	178815	178760	178785	4792	24020	1
2026.07.22	16:44:00	178785	178795	178760	178765	1643	8447	1
2026.07.22	16:45:00	178765	178810	178735	178740	3537	14955	1
2026.07.22	16:46:00	178740	178755	178730	178755	2498	11079	1
2026.07.22	16:47:00	178750	178835	178750	178820	5700	26409	1
2026.07.22	16:48:00	178815	178880	178810	178825	6897	28828	1
2026.07.22	16:49:00	178830	178860	178820	178840	3111	17893	1
2026.07.22	16:50:00	178840	178885	178800	178800	5501	24391	1
2026.07.22	16:51:00	178800	178825	178775	178805	3315	15131	1
2026.07.22	16:52:00	178810	178880	178795	178870	5270	24887	1
2026.07.22	16:53:00	178870	178885	178825	178845	3665	17718	1
2026.07.22	16:54:00	178845	178870	178825	178850	2538	12975	1
2026.07.22	16:55:00	178850	178900	178845	178870	3698	15538	1
2026.07.22	16:56:00	178870	178990	178865	178945	10942	46758	1
2026.07.22	16:57:00	178940	178955	178900	178930	3764	16217	1
2026.07.22	16:58:00	178925	179000	178920	178930	6210	26800	1
2026.07.22	16:59:00	178930	178950	178870	178880	5688	26167	1
2026.07.22	17:00:00	178880	178965	178875	178930	6754	35915	1
2026.07.22	17:01:00	178935	178980	178880	178950	6690	37248	1
2026.07.22	17:02:00	178950	179020	178865	178925	10183	49882	1
2026.07.22	17:03:00	178930	178985	178890	178920	3759	16978	1
2026.07.22	17:04:00	178915	178925	178850	178875	4340	18413	1
2026.07.22	17:05:00	178875	178915	178840	178890	4197	17733	1
2026.07.22	17:06:00	178885	178940	178880	178920	3246	13246	1
2026.07.22	17:07:00	178920	178950	178910	178935	2818	11826	1
2026.07.22	17:08:00	178935	178945	178915	178925	1391	5689	1
2026.07.22	17:09:00	178930	178960	178925	178950	1862	7839	1
2026.07.22	17:10:00	178950	178960	178920	178940	1895	7585	1
2026.07.22	17:11:00	178935	178955	178920	178950	1507	7346	1
2026.07.22	17:12:00	178945	179000	178945	178970	3839	15533	1
2026.07.22	17:13:00	178970	179005	178965	178975	2191	8572	1
2026.07.22	17:14:00	178980	179100	178975	179055	8473	36408	1
2026.07.22	17:15:00	179060	179070	179025	179030	2799	11565	1
2026.07.22	17:16:00	179030	179050	179020	179035	2082	10433	1
2026.07.22	17:17:00	179035	179145	179035	179110	7299	33742	1
2026.07.22	17:18:00	179110	179140	179100	179115	2385	11615	1
2026.07.22	17:19:00	179120	179205	179110	179165	5351	23118	1
2026.07.22	17:20:00	179165	179175	179130	179140	3333	14391	1
2026.07.22	17:21:00	179145	179180	179110	179120	3789	16061	1
2026.07.22	17:22:00	179120	179150	179115	179145	1576	7060	1
2026.07.22	17:23:00	179145	179230	179135	179205	5487	24410	1
2026.07.22	17:24:00	179200	179210	179180	179180	1818	8035	1
2026.07.22	17:25:00	179185	179185	179125	179125	4306	17374	1
2026.07.22	17:26:00	179130	179145	179110	179125	1707	6304	1
2026.07.22	17:27:00	179125	179160	179125	179140	1443	5865	1
2026.07.22	17:28:00	179145	179170	179140	179160	1093	4901	1
2026.07.22	17:29:00	179165	179165	179135	179135	878	3205	1
2026.07.22	17:30:00	179140	179215	179120	179200	4143	18822	1
2026.07.22	17:31:00	179200	179205	179160	179170	1678	6488	1
2026.07.22	17:32:00	179170	179175	179135	179165	1422	5512	1
2026.07.22	17:33:00	179165	179165	179150	179155	628	2463	1
2026.07.22	17:34:00	179150	179165	179145	179150	648	2808	1
2026.07.22	17:35:00	179150	179155	179125	179145	1366	5921	1
2026.07.22	17:36:00	179145	179155	179135	179140	705	2893	1
2026.07.22	17:37:00	179140	179140	179125	179130	776	2533	1
2026.07.22	17:38:00	179130	179145	179120	179145	1055	4128	1
2026.07.22	17:39:00	179140	179215	179135	179190	4024	17563	1
2026.07.22	17:40:00	179195	179195	179135	179135	2899	12475	1
2026.07.22	17:41:00	179140	179145	179030	179050	6340	22690	1
2026.07.22	17:42:00	179045	179080	179040	179065	2669	9217	1
2026.07.22	17:43:00	179065	179075	179055	179060	996	3386	1
2026.07.22	17:44:00	179055	179085	179055	179070	1613	5726	1
2026.07.22	17:45:00	179080	179080	178980	179010	5114	19533	1
2026.07.22	17:46:00	179010	179020	179005	179020	1406	4505	1
2026.07.22	17:47:00	179015	179045	179015	179025	1658	5520	1
2026.07.22	17:48:00	179020	179050	179010	179015	1621	5138	1
2026.07.22	17:49:00	179020	179020	178990	179010	1830	6665	1
2026.07.22	17:50:00	179005	179035	178990	179025	1685	6061	1
2026.07.22	17:51:00	179025	179040	179015	179030	930	3294	1
2026.07.22	17:52:00	179030	179035	179005	179030	1234	4449	1
2026.07.22	17:53:00	179030	179055	179020	179025	1778	6348	1
2026.07.22	17:54:00	179025	179045	179015	179040	799	2728	1
2026.07.22	17:55:00	179035	179050	179020	179020	1253	4363	1
2026.07.22	17:56:00	179025	179050	179020	179025	839	2934	1
2026.07.22	17:57:00	179030	179040	178990	179040	2083	8282	1
2026.07.22	17:58:00	179040	179050	179025	179035	1077	3334	1
2026.07.22	17:59:00	179035	179045	179010	179030	1206	4181	1
2026.07.22	18:00:00	179030	179120	179000	179100	5811	15557	1
2026.07.22	18:01:00	179100	179160	179080	179110	4574	13133	1
2026.07.22	18:02:00	179110	179125	179090	179100	1439	3984	1
2026.07.22	18:03:00	179100	179105	179080	179105	1114	2750	1
2026.07.22	18:04:00	179105	179105	179075	179095	1393	3186	1
2026.07.22	18:05:00	179090	179120	179055	179070	2298	5971	1
2026.07.22	18:06:00	179075	179100	179060	179070	1384	3310	1
2026.07.22	18:07:00	179065	179080	179050	179055	1109	2692	1
2026.07.22	18:08:00	179060	179110	179050	179085	1853	5105	1
2026.07.22	18:09:00	179085	179095	179065	179095	1052	3008	1
2026.07.22	18:10:00	179095	179115	179010	179040	3522	9999	1
2026.07.22	18:11:00	179040	179040	179010	179025	1604	3897	1
2026.07.22	18:12:00	179030	179040	179010	179025	1272	3708	1
2026.07.22	18:13:00	179025	179060	179015	179030	1745	4523	1
2026.07.22	18:14:00	179030	179055	179010	179025	1971	5346	1
2026.07.22	18:15:00	179025	179090	179010	179040	4122	10829	1
2026.07.22	18:16:00	179035	179045	179000	179005	1758	5452	1
2026.07.22	18:17:00	179005	179005	178950	178975	2306	7797	1
2026.07.22	18:18:00	178980	178980	178950	178980	993	2979	1
2026.07.22	18:19:00	178980	179015	178950	179005	2439	7920	1
2026.07.22	18:20:00	179005	179015	178945	178960	1317	5316	1
2026.07.22	18:21:00	178965	178965	178890	178910	1020	4647	1
2026.07.22	18:22:00	178910	178945	178895	178920	690	2732	1
2026.07.22	18:23:00	178920	178990	178915	178950	790	3993	1
2026.07.22	18:24:00	178940	178950	178775	178775	3369	28025	1
2026.07.23	09:02:00	178400	178400	177825	177930	35718	145831	1
2026.07.23	09:03:00	177930	178075	177740	177980	47924	116990	1
2026.07.23	09:04:00	177985	178290	177985	178285	41398	99768	1
2026.07.23	09:05:00	178285	178500	178220	178465	32222	87841	1
2026.07.23	09:06:00	178465	178560	178400	178510	22324	61190	1
2026.07.23	09:07:00	178510	178555	178440	178525	12102	33976	1
2026.07.23	09:08:00	178530	178690	178250	178670	31514	85672	1
2026.07.23	09:09:00	178670	178800	178055	178425	35960	92729	1
2026.07.23	09:10:00	178425	178540	178285	178360	20516	58728	1
2026.07.23	09:11:00	178360	178475	178300	178390	8963	25136	1
2026.07.23	09:12:00	178390	178455	178310	178370	5521	15358	1
2026.07.23	09:13:00	178370	178450	178325	178450	5416	13866	1
2026.07.23	09:14:00	178445	178490	178395	178425	4613	13036	1
2026.07.23	09:15:00	178430	178510	178300	178355	10254	31520	1
2026.07.23	09:16:00	178355	178420	178070	178250	21709	57857	1
2026.07.23	09:17:00	178260	178270	178180	178215	8539	24193	1
2026.07.23	09:18:00	178215	178260	178070	178165	12477	33878	1
2026.07.23	09:19:00	178160	178185	178110	178135	5877	17234	1
2026.07.23	09:20:00	178135	178240	178105	178185	8625	24558	1
2026.07.23	09:21:00	178185	178235	178090	178185	9442	26648	1
2026.07.23	09:22:00	178180	178365	178140	178360	13114	39356	1
2026.07.23	09:23:00	178360	178420	178320	178330	12039	34076	1
2026.07.23	09:24:00	178330	178370	178295	178345	6254	17960	1
2026.07.23	09:25:00	178350	178365	178305	178340	3798	12511	1
2026.07.23	09:26:00	178340	178410	178280	178375	8078	22003	1
2026.07.23	09:27:00	178375	178400	178350	178365	4264	13478	1
2026.07.23	09:28:00	178365	178400	178330	178365	3961	11823	1
2026.07.23	09:29:00	178365	178400	178345	178370	2291	7027	1
2026.07.23	09:30:00	178365	178490	178340	178440	12148	34610	1
2026.07.23	09:31:00	178440	178605	178430	178525	18083	49642	1
2026.07.23	09:32:00	178525	178595	178510	178560	9588	26738	1
2026.07.23	09:33:00	178560	178585	178520	178565	5029	14562	1
2026.07.23	09:34:00	178565	178595	178540	178580	3993	12056	1
2026.07.23	09:35:00	178575	178650	178540	178540	9668	25602	1
2026.07.23	09:36:00	178545	178570	178440	178490	15003	40111	1
2026.07.23	09:37:00	178485	178645	178455	178605	14425	42641	1
2026.07.23	09:38:00	178600	178680	178525	178530	12155	33238	1
2026.07.23	09:39:00	178535	178575	178495	178500	7127	23162	1
2026.07.23	09:40:00	178500	178535	178465	178530	6902	22537	1
2026.07.23	09:41:00	178530	178620	178510	178560	9161	29950	1
2026.07.23	09:42:00	178560	178565	178195	178285	37774	109461	1
2026.07.23	09:43:00	178285	178340	178165	178170	19545	62403	1
2026.07.23	09:44:00	178175	178295	178105	178265	20094	66333	1
2026.07.23	09:45:00	178260	178300	178215	178245	7424	24667	1
2026.07.23	09:46:00	178245	178440	178230	178350	19653	60710	1
2026.07.23	09:47:00	178350	178365	178255	178275	10880	35016	1
2026.07.23	09:48:00	178275	178295	178200	178265	10948	35012	1
2026.07.23	09:49:00	178260	178410	178245	178365	11710	36414	1
2026.07.23	09:50:00	178370	178385	178290	178310	6808	23074	1
2026.07.23	09:51:00	178315	178365	178290	178335	5321	20038	1
2026.07.23	09:52:00	178330	178440	178325	178395	8777	26806	1
2026.07.23	09:53:00	178395	178470	178380	178385	8783	28237	1
2026.07.23	09:54:00	178385	178385	178160	178220	19565	61013	1
2026.07.23	09:55:00	178220	178345	178210	178280	11697	38446	1
2026.07.23	09:56:00	178280	178305	178245	178280	4370	14598	1
2026.07.23	09:57:00	178285	178285	178225	178255	3994	13218	1
2026.07.23	09:58:00	178255	178330	178230	178260	5841	19382	1
2026.07.23	09:59:00	178255	178275	178210	178275	4038	13896	1
2026.07.23	10:00:00	178275	178365	178080	178210	30099	102801	1
2026.07.23	10:01:00	178210	178230	178085	178105	13450	45094	1
2026.07.23	10:02:00	178100	178130	177915	177990	29038	95425	1
2026.07.23	10:03:00	177990	178210	177885	178190	29591	96674	1
2026.07.23	10:04:00	178190	178440	178180	178385	30140	96459	1
2026.07.23	10:05:00	178390	178390	178165	178250	22483	74398	1
2026.07.23	10:06:00	178250	178340	178190	178205	12615	40689	1
2026.07.23	10:07:00	178210	178275	178020	178040	20520	67983	1
2026.07.23	10:08:00	178045	178130	178015	178060	15314	52485	1
2026.07.23	10:09:00	178055	178065	177930	177955	16019	57803	1
2026.07.23	10:10:00	177955	177970	177810	177870	25188	87562	1
2026.07.23	10:11:00	177875	178095	177850	178005	27903	90037	1
2026.07.23	10:12:00	178005	178055	177900	177965	14679	48404	1
2026.07.23	10:13:00	177965	177990	177630	177690	35408	123305	1
2026.07.23	10:14:00	177685	177750	177600	177715	20971	75678	1
2026.07.23	10:15:00	177715	177760	177505	177530	25367	83788	1
2026.07.23	10:16:00	177530	177610	177435	177570	26260	85267	1
2026.07.23	10:17:00	177565	177675	177500	177665	13800	45175	1
2026.07.23	10:18:00	177665	177745	177570	177700	18163	60207	1
2026.07.23	10:19:00	177705	177745	177535	177575	15271	51070	1
2026.07.23	10:20:00	177580	177620	177500	177545	15223	51472	1
2026.07.23	10:21:00	177550	177610	177480	177550	11423	42720	1
2026.07.23	10:22:00	177550	177575	177400	177465	23933	80791	1
2026.07.23	10:23:00	177465	177575	177420	177515	11744	39746	1
2026.07.23	10:24:00	177520	177540	177450	177520	8547	29212	1
2026.07.23	10:25:00	177520	177625	177495	177535	12265	39925	1
2026.07.23	10:26:00	177535	177845	177470	177820	28147	92502	1
2026.07.23	10:27:00	177825	178035	177815	177945	26056	86089	1
2026.07.23	10:28:00	177945	178230	177920	178175	22128	71556	1
2026.07.23	10:29:00	178175	178190	178080	178160	13501	44525	1
2026.07.23	10:30:00	178155	178345	178010	178300	38106	128096	1
2026.07.23	10:31:00	178305	178570	178235	178550	33409	110901	1
2026.07.23	10:32:00	178555	178565	178335	178475	25780	88449	1
2026.07.23	10:33:00	178475	178580	178400	178540	15433	49062	1
2026.07.23	10:34:00	178540	178570	178430	178490	13494	48448	1
2026.07.23	10:35:00	178490	178550	178175	178235	30828	105919	1
2026.07.23	10:36:00	178240	178320	178085	178145	20731	72369	1
2026.07.23	10:37:00	178145	178225	178080	178090	17169	63965	1
2026.07.23	10:38:00	178095	178165	178015	178160	17190	57601	1
2026.07.23	10:39:00	178160	178210	178115	178150	10284	33628	1
2026.07.23	10:40:00	178150	178200	178090	178185	9413	32574	1
2026.07.23	10:41:00	178185	178395	178185	178300	24151	78980	1
2026.07.23	10:42:00	178295	178430	178260	178370	13843	46185	1
2026.07.23	10:43:00	178370	178605	178355	178540	23405	85026	1
2026.07.23	10:44:00	178540	178610	178425	178480	24545	96801	1
2026.07.23	10:45:00	178480	178490	178370	178480	15707	57215	1
2026.07.23	10:46:00	178480	178675	178440	178520	24270	83957	1
2026.07.23	10:47:00	178525	178670	178465	178620	16270	59934	1
2026.07.23	10:48:00	178615	178665	178520	178645	13431	54365	1
2026.07.23	10:49:00	178640	178815	178630	178760	28216	107914	1
2026.07.23	10:50:00	178765	178920	178760	178885	26979	96762	1
2026.07.23	10:51:00	178885	178895	178800	178870	10092	38785	1
2026.07.23	10:52:00	178870	179035	178860	178920	28891	107050	1
2026.07.23	10:53:00	178920	179100	178905	179015	21847	86845	1
2026.07.23	10:54:00	179010	179090	178970	179065	12912	49906	1
2026.07.23	10:55:00	179065	179125	178745	178750	31593	106455	1
2026.07.23	10:56:00	178750	178775	178465	178470	29916	102912	1
2026.07.23	10:57:00	178470	178545	178410	178475	17017	58924	1
2026.07.23	10:58:00	178475	178505	178350	178420	15292	51242	1
2026.07.23	10:59:00	178420	178440	178205	178210	16033	56581	1
2026.07.23	11:00:00	178220	178360	178205	178235	18224	61315	1
2026.07.23	11:01:00	178230	178255	178130	178210	18918	64606	1
2026.07.23	11:02:00	178215	178325	178155	178175	17590	59355	1
2026.07.23	11:03:00	178175	178280	178165	178190	9541	34557	1
2026.07.23	11:04:00	178195	178315	178165	178240	9851	35223	1
2026.07.23	11:05:00	178235	178300	178195	178230	8494	29507	1
2026.07.23	11:06:00	178230	178290	178170	178195	8915	31567	1
2026.07.23	11:07:00	178195	178260	178100	178255	17039	61681	1
2026.07.23	11:08:00	178250	178270	177960	178000	22259	77935	1
2026.07.23	11:09:00	178005	178150	177985	178105	14380	49857	1
2026.07.23	11:10:00	178105	178205	178070	178165	11955	40116	1
